claim_id,policy_id,customer_id,claim_type,incident_date,claim_amount,status,fraud_score,surveyor_id,premium_amount,policy_start_date,kyc_status
1,1905,7357,Property Damage,2025-11-04,45693.04,APPROVED,0,99,99285.76,2023-12-12,VERIFIED
2,11581,1684,Motor Accident,2025-06-13,28254.92,REJECTED,0,56,43737.57,2023-07-24,PENDING
3,17625,4659,Life Claim,2026-04-09,30137.13,PENDING,0,84,48449.63,2024-02-14,PENDING
4,19245,6146,Property Damage,2025-08-07,30724.6,APPROVED,0,89,51526.87,2024-11-05,PENDING
5,18021,1130,Life Claim,2025-10-16,17704.26,REJECTED,0,21,25360.08,2024-12-21,PENDING
6,17254,5867,Health Claim,2025-08-28,115256.17,REJECTED,0,25,74167.52,2024-12-22,PENDING
7,7947,5213,Life Claim,2026-01-11,96402.16,PENDING,0,74,78225.29,2024-07-03,PENDING
8,12122,9702,Property Damage,2026-02-03,32939.45,PENDING,0,61,97580.47,2025-12-15,VERIFIED
9,10668,81,Health Claim,2026-01-10,12264.86,REJECTED,0,14,6272.03,2024-01-11,PENDING
10,6036,9223,Health Claim,2025-06-14,6282.29,REJECTED,0,82,58549.33,2024-03-03,PENDING
11,15625,4189,Property Damage,2026-04-13,17062.74,PENDING,0,63,74936.97,2024-07-14,PENDING
12,19147,4692,Life Claim,2026-04-27,34960.81,PENDING,0,51,77987.35,2023-06-16,PENDING
13,4812,1026,Life Claim,2025-06-02,15476.68,REJECTED,0,64,58333.14,2023-12-24,VERIFIED
14,9185,5887,Motor Accident,2026-02-02,12230.25,APPROVED,0,60,75748.51,2023-06-08,VERIFIED
15,9938,3763,Motor Accident,2026-03-18,1963.68,REJECTED,0,41,7356.86,2025-06-23,PENDING
16,20325,4362,Health Claim,2025-11-14,121679.01,REJECTED,0,66,95828.68,2025-01-29,VERIFIED
17,16641,6626,Motor Accident,2025-10-19,37297.89,APPROVED,0,86,69181.55,2025-04-26,VERIFIED
18,8616,388,Health Claim,2025-12-22,37976.56,APPROVED,0,81,60835.19,2025-11-22,PENDING
19,8754,3895,Health Claim,2025-11-03,35446.37,APPROVED,0,5,88689.78,2025-04-19,PENDING
20,19946,8309,Life Claim,2025-09-25,11075.2,REJECTED,0,12,17145.64,2024-07-28,VERIFIED
21,11271,870,Health Claim,2025-11-14,11110.75,PENDING,0,64,6451.58,2026-05-21,VERIFIED
22,15908,7839,Motor Accident,2025-09-27,12819.06,APPROVED,0,42,29101.75,2023-07-19,VERIFIED
23,10554,2430,Health Claim,2025-09-19,15357.69,APPROVED,0,64,25023.02,2023-06-14,VERIFIED
24,3686,3784,Property Damage,2025-06-11,5266.97,REJECTED,0,9,10487.11,2025-02-13,PENDING
25,2886,7765,Property Damage,2026-04-23,10355.53,PENDING,0,89,22293.37,2023-11-19,VERIFIED
26,23529,8711,Life Claim,2025-06-07,11764.93,REJECTED,0,85,7861.4,2024-05-27,VERIFIED
27,12810,9369,Health Claim,2025-09-02,16290.14,PENDING,0,10,69494.37,2025-09-25,VERIFIED
28,24764,8296,Property Damage,2026-02-08,77375.57,REJECTED,0,6,44105.14,2024-07-26,VERIFIED
29,14283,7617,Motor Accident,2025-06-02,29131.96,REJECTED,0,62,78279.2,2025-02-20,PENDING
30,15413,4383,Motor Accident,2025-06-11,13354.18,APPROVED,0,4,30183.54,2025-03-30,PENDING
31,5298,6831,Motor Accident,2026-02-11,23202.7,REJECTED,0,78,40349.77,2025-10-22,PENDING
32,17098,9888,Life Claim,2025-08-12,3224.23,REJECTED,0,86,23844.16,2023-11-04,VERIFIED
33,18367,1597,Health Claim,2025-06-11,53487.89,APPROVED,0,23,43842.16,2023-07-08,VERIFIED
34,19779,4614,Life Claim,2025-10-18,27320.63,PENDING,0,12,24594.21,2026-02-23,PENDING
35,22083,4213,Health Claim,2026-01-21,5103.52,PENDING,0,66,11588.86,2024-07-23,PENDING
36,2237,2492,Property Damage,2026-05-12,5773.62,APPROVED,0,55,51211.84,2023-12-08,VERIFIED
37,9669,8277,Motor Accident,2026-01-08,22177.31,PENDING,0,47,80003.67,2025-01-16,PENDING
38,22018,8364,Property Damage,2025-09-16,57869.35,APPROVED,0,51,89776.12,2025-03-24,VERIFIED
39,18185,3228,Motor Accident,2025-07-09,11434.79,APPROVED,0,93,52599.91,2023-07-27,PENDING
40,16023,6935,Health Claim,2025-07-06,45897.98,PENDING,0,16,90759.19,2025-08-19,PENDING
41,15753,3612,Property Damage,2025-08-02,91075.19,APPROVED,0,34,85881.66,2025-11-02,VERIFIED
42,23270,2890,Property Damage,2025-07-16,11056.66,APPROVED,0,20,85107.31,2025-03-13,VERIFIED
43,12061,9492,Health Claim,2025-07-27,29706.92,PENDING,0,43,98669.48,2025-08-18,PENDING
44,8907,8480,Motor Accident,2025-08-04,25618.4,REJECTED,0,21,81632.67,2024-12-22,VERIFIED
45,9905,9673,Health Claim,2026-02-11,111308.61,PENDING,0,2,67413.07,2023-06-26,PENDING
46,17030,6639,Health Claim,2026-01-06,26484.01,REJECTED,0,49,69266.01,2024-04-30,VERIFIED
47,5365,7558,Motor Accident,2025-09-04,32989.99,REJECTED,0,45,79328.06,2024-08-21,PENDING
48,11442,8054,Motor Accident,2025-06-02,67784.14,REJECTED,0,76,97208.37,2025-04-19,VERIFIED
49,5800,6931,Motor Accident,2025-06-05,11036.58,APPROVED,0,11,32973.28,2025-04-14,VERIFIED
50,24947,732,Property Damage,2025-11-04,130609.37,REJECTED,0,36,95138.03,2025-10-28,VERIFIED
51,16580,1836,Property Damage,2026-04-30,30505.4,APPROVED,0,68,64372.28,2025-05-10,PENDING
52,22126,4656,Property Damage,2025-11-22,37169.87,REJECTED,0,13,69246.9,2024-09-29,VERIFIED
53,1512,6198,Motor Accident,2026-01-18,140586.4,PENDING,0,79,86922.25,2024-03-02,VERIFIED
54,1401,8808,Life Claim,2026-01-10,1251.61,PENDING,0,81,8270.39,2023-08-03,PENDING
55,7357,3616,Life Claim,2026-04-07,138459.72,APPROVED,0,77,93123.89,2025-05-10,VERIFIED
56,6457,5159,Motor Accident,2025-09-03,8583.23,APPROVED,0,15,16952.27,2023-06-06,VERIFIED
57,6657,1520,Motor Accident,2025-06-09,58871.47,PENDING,0,29,87335.82,2024-06-18,PENDING
58,2221,70,Life Claim,2026-03-06,3408.87,APPROVED,0,20,28529.82,2024-12-24,PENDING
59,24252,3953,Life Claim,2025-08-06,23156.1,PENDING,0,70,53732.07,2024-07-28,PENDING
60,17703,2546,Property Damage,2026-01-04,9961.94,REJECTED,0,63,49112.32,2025-01-21,PENDING
61,23684,9620,Property Damage,2025-08-05,4182.6,REJECTED,0,37,26317.99,2023-06-25,VERIFIED
62,18383,3085,Property Damage,2025-08-07,111562.28,PENDING,0,90,94058.75,2023-11-09,VERIFIED
63,21439,9807,Motor Accident,2026-02-14,145360.13,PENDING,0,76,91830.28,2024-07-09,VERIFIED
64,3144,6237,Life Claim,2025-05-25,1715.29,REJECTED,0,19,8402.57,2023-05-31,PENDING
65,23551,9734,Life Claim,2026-03-03,8798.0,APPROVED,0,47,62180.88,2024-10-17,VERIFIED
66,7909,9276,Motor Accident,2025-07-22,69805.78,REJECTED,0,86,57974.19,2026-01-07,VERIFIED
67,4562,6499,Health Claim,2026-01-07,44455.75,APPROVED,0,73,81678.85,2023-07-02,PENDING
68,21367,5228,Life Claim,2025-06-01,15712.68,APPROVED,0,31,73408.35,2024-01-03,VERIFIED
69,14391,9616,Health Claim,2025-10-24,85908.06,REJECTED,0,55,73359.53,2025-08-14,PENDING
70,22858,6172,Property Damage,2025-11-26,47914.66,APPROVED,0,28,83821.13,2024-02-06,PENDING
71,22231,1955,Property Damage,2025-05-31,17072.99,REJECTED,0,28,13968.78,2023-09-21,VERIFIED
72,8579,4401,Life Claim,2025-07-03,4194.2,APPROVED,0,63,6622.13,2026-01-24,PENDING
73,24778,2989,Motor Accident,2025-06-07,57282.64,APPROVED,0,44,32278.85,2024-03-21,PENDING
74,2488,2880,Property Damage,2025-09-04,15427.85,REJECTED,0,5,44128.18,2025-10-20,PENDING
75,695,4370,Health Claim,2025-10-23,53838.36,APPROVED,0,28,82396.68,2024-10-13,PENDING
76,2950,5035,Health Claim,2026-02-02,80033.32,PENDING,0,62,61028.31,2024-08-09,VERIFIED
77,22458,2363,Property Damage,2025-06-22,15750.98,PENDING,0,24,68408.45,2025-09-10,VERIFIED
78,9786,8108,Life Claim,2026-03-06,11675.37,PENDING,0,98,32108.12,2025-06-24,VERIFIED
79,17759,2593,Life Claim,2025-07-15,60463.68,PENDING,0,29,54041.42,2025-12-16,PENDING
80,18336,7037,Health Claim,2026-04-17,62200.63,PENDING,0,23,33543.16,2025-11-19,PENDING
81,11784,4923,Health Claim,2025-09-09,22699.3,APPROVED,0,74,68616.68,2025-07-02,VERIFIED
82,15170,4554,Motor Accident,2026-04-23,63926.01,PENDING,0,60,54320.32,2023-05-26,VERIFIED
83,23331,5833,Motor Accident,2025-09-28,11043.59,APPROVED,0,94,39346.43,2025-02-04,PENDING
84,18763,8897,Health Claim,2026-02-16,103780.61,REJECTED,0,85,75159.46,2026-01-30,PENDING
85,11912,9119,Life Claim,2025-12-11,136648.04,APPROVED,0,85,91480.99,2024-09-14,VERIFIED
86,5136,450,Motor Accident,2025-11-07,143116.09,REJECTED,0,27,78723.04,2026-05-11,VERIFIED
87,3381,1159,Property Damage,2025-11-09,19355.34,REJECTED,0,49,96573.15,2025-11-28,PENDING
88,3415,5171,Property Damage,2026-03-24,24755.51,APPROVED,0,98,78158.69,2024-07-29,PENDING
89,22875,1027,Life Claim,2025-06-06,3153.98,APPROVED,0,5,5579.88,2024-07-08,PENDING
90,9249,1191,Life Claim,2026-04-29,126602.72,REJECTED,0,2,66966.24,2026-05-22,PENDING
91,13878,7690,Life Claim,2025-12-26,76876.87,PENDING,0,48,44154.6,2024-09-22,VERIFIED
92,12948,6574,Health Claim,2025-12-05,28295.96,REJECTED,0,90,61534.3,2025-11-15,VERIFIED
93,12232,4433,Health Claim,2026-05-19,45949.06,REJECTED,0,33,93632.49,2023-12-13,VERIFIED
94,6377,6886,Motor Accident,2025-10-11,18809.53,PENDING,0,17,76431.66,2025-06-19,VERIFIED
95,8901,8563,Health Claim,2025-08-01,35827.26,PENDING,0,79,33014.55,2023-11-19,VERIFIED
96,14792,681,Life Claim,2025-12-12,24899.22,APPROVED,0,10,38754.2,2026-04-11,PENDING
97,23209,7971,Life Claim,2025-11-05,22276.33,REJECTED,0,24,39050.21,2023-12-05,VERIFIED
98,4001,3636,Property Damage,2026-01-02,10577.84,PENDING,0,88,24944.32,2026-05-09,PENDING
99,7277,6388,Motor Accident,2025-11-21,19873.47,APPROVED,0,85,10687.43,2024-10-25,PENDING
100,11023,3093,Health Claim,2026-05-13,36249.87,REJECTED,0,5,68646.0,2023-09-26,VERIFIED
101,7926,6878,Motor Accident,2026-03-25,90704.5,APPROVED,0,14,67132.45,2023-05-26,PENDING
102,12952,1319,Life Claim,2025-07-29,135982.63,APPROVED,0,21,81990.97,2023-11-18,PENDING
103,24078,4096,Property Damage,2025-09-10,6818.69,REJECTED,0,86,49981.68,2024-03-15,VERIFIED
104,19495,8903,Life Claim,2025-06-30,63614.04,REJECTED,0,19,44217.11,2024-03-13,PENDING
105,24779,1695,Health Claim,2026-02-03,8297.91,PENDING,0,14,24729.67,2023-09-20,VERIFIED
106,5450,2765,Motor Accident,2025-08-24,39843.64,REJECTED,0,10,64039.09,2025-07-19,PENDING
107,19344,9058,Life Claim,2025-06-19,25652.6,PENDING,0,47,39469.13,2024-02-29,VERIFIED
108,8908,8214,Health Claim,2026-02-17,31746.51,PENDING,0,81,27836.89,2026-04-05,PENDING
109,9052,1775,Property Damage,2026-01-08,12639.13,PENDING,0,75,10030.37,2023-09-12,VERIFIED
110,2333,1053,Health Claim,2026-01-06,27021.11,PENDING,0,55,61807.1,2025-02-25,PENDING
111,4840,953,Health Claim,2025-07-30,33864.64,REJECTED,0,19,56504.98,2025-11-10,PENDING
112,17409,4809,Motor Accident,2026-03-30,19266.92,PENDING,0,29,73896.56,2023-11-21,VERIFIED
113,5922,3911,Motor Accident,2026-02-26,30794.92,APPROVED,0,100,16916.36,2025-12-12,PENDING
114,8821,461,Property Damage,2026-05-19,17010.97,REJECTED,0,55,79550.38,2023-06-22,VERIFIED
115,4998,5382,Property Damage,2025-06-29,1934.86,APPROVED,0,56,10081.99,2025-05-09,VERIFIED
116,10834,9705,Life Claim,2025-07-09,7551.04,PENDING,0,14,53897.64,2024-03-27,VERIFIED
117,22502,7951,Property Damage,2025-09-21,24312.62,APPROVED,0,80,85252.18,2026-04-15,PENDING
118,6118,3180,Health Claim,2025-08-16,109976.18,PENDING,0,4,67158.22,2025-11-17,VERIFIED
119,15417,7540,Property Damage,2025-10-26,44600.37,APPROVED,0,39,74494.0,2024-07-19,VERIFIED
120,11635,4688,Motor Accident,2025-06-23,9444.84,REJECTED,0,15,74174.29,2025-09-28,PENDING
121,14225,2769,Life Claim,2025-08-01,72880.72,REJECTED,0,14,53289.03,2024-09-27,PENDING
122,16716,6695,Life Claim,2026-03-21,41996.66,APPROVED,0,54,74108.18,2024-03-24,VERIFIED
123,1695,2194,Motor Accident,2026-01-21,23396.24,PENDING,0,69,15450.13,2023-09-23,PENDING
124,22130,100,Property Damage,2025-09-02,43361.48,REJECTED,0,17,82011.42,2023-08-17,VERIFIED
125,19797,4449,Motor Accident,2026-01-22,51463.73,APPROVED,0,15,48180.52,2023-08-25,VERIFIED
126,23942,8659,Motor Accident,2026-04-06,18207.02,PENDING,0,42,37574.9,2024-07-08,VERIFIED
127,4328,2718,Life Claim,2025-09-04,27022.01,REJECTED,0,10,42964.83,2024-09-18,VERIFIED
128,18024,6408,Property Damage,2026-04-28,14281.05,PENDING,0,68,52642.43,2024-08-11,PENDING
129,7493,5816,Life Claim,2026-03-02,28714.88,PENDING,0,10,74271.14,2024-06-30,PENDING
130,7789,5814,Health Claim,2025-08-04,7063.6,REJECTED,0,11,64852.85,2024-11-29,PENDING
131,24503,4354,Property Damage,2025-08-26,33022.75,APPROVED,0,63,86604.77,2023-06-16,VERIFIED
132,23708,9842,Property Damage,2026-01-10,83366.6,PENDING,0,59,46085.81,2024-02-09,PENDING
133,5756,9175,Motor Accident,2025-12-24,27332.63,APPROVED,0,69,56742.3,2023-12-01,PENDING
134,1906,7748,Property Damage,2025-09-07,41369.78,PENDING,0,16,87184.99,2024-11-07,PENDING
135,15146,4678,Health Claim,2026-01-14,20824.28,PENDING,0,39,54499.98,2024-08-03,VERIFIED
136,8860,1812,Life Claim,2025-06-07,96609.85,PENDING,0,35,82760.55,2023-06-17,PENDING
137,1521,3352,Property Damage,2026-01-02,2129.5,PENDING,0,66,9820.58,2024-04-26,VERIFIED
138,16276,2028,Health Claim,2025-12-30,26087.51,PENDING,0,23,45767.7,2024-07-09,PENDING
139,1288,4257,Motor Accident,2025-10-04,19698.24,APPROVED,0,21,69248.12,2024-01-10,PENDING
140,23955,7814,Motor Accident,2025-08-24,4443.09,PENDING,0,100,9077.5,2023-11-24,VERIFIED
141,896,4303,Health Claim,2025-12-01,15694.63,PENDING,0,48,99940.06,2023-07-01,VERIFIED
142,987,8837,Health Claim,2025-06-06,32442.6,APPROVED,0,51,82511.87,2025-05-09,VERIFIED
143,11619,9394,Life Claim,2026-04-27,16327.21,APPROVED,0,78,83513.28,2026-03-07,VERIFIED
144,8192,1480,Motor Accident,2025-10-28,24912.74,PENDING,0,48,53606.43,2025-03-31,VERIFIED
145,18971,5344,Life Claim,2025-10-06,38098.76,APPROVED,0,67,69410.5,2024-11-13,VERIFIED
146,19017,1480,Property Damage,2025-07-05,57910.36,APPROVED,0,46,89928.16,2023-11-04,PENDING
147,8694,2612,Life Claim,2026-04-05,1084.37,APPROVED,0,5,7904.09,2023-07-06,VERIFIED
148,15392,5409,Life Claim,2026-02-02,28355.39,APPROVED,0,20,52123.19,2025-02-26,VERIFIED
149,12004,1045,Property Damage,2026-02-03,51104.19,REJECTED,0,1,84989.78,2025-05-07,VERIFIED
150,8636,6382,Health Claim,2026-04-26,14436.92,APPROVED,0,1,30256.36,2023-11-10,PENDING
151,23991,9262,Health Claim,2025-05-28,10958.11,APPROVED,0,14,76249.61,2025-08-14,VERIFIED
152,337,2896,Life Claim,2025-08-02,29268.92,PENDING,0,94,95119.64,2025-12-10,PENDING
153,23993,9569,Life Claim,2026-01-16,5107.72,PENDING,0,3,40600.79,2025-10-29,VERIFIED
154,1817,7587,Life Claim,2025-07-01,34322.17,APPROVED,0,5,65503.65,2026-02-28,PENDING
155,4556,6484,Motor Accident,2026-04-08,109944.26,APPROVED,0,37,94138.24,2023-05-28,PENDING
156,12193,3384,Motor Accident,2025-06-25,7259.24,APPROVED,0,75,25819.39,2025-06-04,PENDING
157,11715,405,Property Damage,2025-11-15,2420.57,REJECTED,0,49,11023.32,2025-11-09,VERIFIED
158,13202,3375,Motor Accident,2025-08-20,51303.5,PENDING,0,75,81092.74,2025-12-27,VERIFIED
159,7686,3968,Life Claim,2025-10-20,90323.11,APPROVED,0,1,64103.3,2024-12-09,VERIFIED
160,9046,7521,Health Claim,2025-11-20,50809.63,REJECTED,0,84,87579.04,2025-10-22,PENDING
161,17995,3702,Health Claim,2026-04-20,43433.7,REJECTED,0,70,84494.93,2025-01-04,PENDING
162,19682,889,Property Damage,2026-04-20,5350.28,REJECTED,0,49,11666.58,2025-01-13,VERIFIED
163,21526,3443,Health Claim,2025-06-01,92704.7,PENDING,0,85,84956.33,2024-01-08,PENDING
164,1356,8618,Property Damage,2026-04-28,3816.98,REJECTED,0,80,11742.63,2023-12-12,PENDING
165,12310,8751,Property Damage,2025-09-09,155017.13,REJECTED,0,7,79995.05,2024-08-23,PENDING
166,22490,9863,Motor Accident,2025-12-24,22906.09,PENDING,0,29,49047.63,2025-11-05,PENDING
167,5556,3221,Health Claim,2026-02-26,41316.61,APPROVED,0,38,60720.11,2024-06-09,VERIFIED
168,23303,6546,Health Claim,2026-04-28,25213.73,REJECTED,0,70,21126.63,2024-08-14,PENDING
169,70,9139,Life Claim,2025-07-16,12024.66,PENDING,0,95,23220.45,2026-02-18,PENDING
170,11242,9849,Motor Accident,2026-01-06,33991.18,APPROVED,0,34,28162.78,2023-07-06,PENDING
171,14446,8035,Motor Accident,2026-03-07,26889.91,REJECTED,0,92,82311.58,2026-01-28,PENDING
172,17287,1314,Motor Accident,2026-03-14,8873.84,APPROVED,0,19,56836.48,2025-05-06,VERIFIED
173,24252,2028,Property Damage,2026-04-21,23164.48,REJECTED,0,48,52855.31,2025-05-26,VERIFIED
174,9592,6316,Property Damage,2025-12-08,22978.51,REJECTED,0,100,12990.96,2025-11-11,VERIFIED
175,24363,3728,Health Claim,2025-06-16,29990.9,APPROVED,0,74,52584.89,2025-01-26,VERIFIED
176,5654,3145,Life Claim,2025-11-02,4942.44,REJECTED,0,45,13618.61,2026-05-03,PENDING
177,15300,499,Property Damage,2025-11-20,40753.64,PENDING,0,56,36083.48,2024-11-14,PENDING
178,24668,9465,Health Claim,2025-06-04,149721.48,REJECTED,0,49,90223.91,2024-03-19,PENDING
179,15674,1719,Property Damage,2025-09-25,2482.01,PENDING,0,72,9494.78,2026-03-04,VERIFIED
180,4633,2960,Property Damage,2025-12-31,37012.24,REJECTED,0,29,77584.54,2025-08-26,PENDING
181,13381,1086,Motor Accident,2025-11-16,17133.48,APPROVED,0,52,40039.94,2024-10-13,PENDING
182,20187,4303,Life Claim,2025-09-28,42774.57,REJECTED,0,83,96032.9,2024-05-31,VERIFIED
183,7539,6812,Health Claim,2026-01-09,4690.61,REJECTED,0,4,10277.7,2024-01-05,VERIFIED
184,12580,9484,Life Claim,2026-03-27,104308.13,PENDING,0,95,66280.12,2023-11-14,VERIFIED
185,13814,4164,Motor Accident,2025-09-06,51815.45,PENDING,0,24,79003.07,2025-02-16,VERIFIED
186,4377,8303,Property Damage,2026-03-30,54788.89,REJECTED,0,18,86738.07,2024-11-26,VERIFIED
187,9100,8363,Life Claim,2026-01-05,38823.5,APPROVED,0,91,96873.31,2023-10-19,PENDING
188,18136,5336,Life Claim,2025-07-17,103027.85,PENDING,0,54,59373.19,2025-12-27,VERIFIED
189,28,168,Life Claim,2026-05-10,112320.44,APPROVED,0,60,76692.11,2023-08-14,PENDING
190,20237,660,Health Claim,2026-03-16,13717.98,APPROVED,0,28,21799.27,2025-07-25,VERIFIED
191,1025,5897,Motor Accident,2026-03-15,11009.52,PENDING,0,80,93516.73,2026-03-17,VERIFIED
192,5259,304,Life Claim,2026-01-13,83390.09,PENDING,0,77,54788.13,2025-01-31,VERIFIED
193,19705,9523,Health Claim,2025-06-26,29631.25,APPROVED,0,93,63777.05,2025-08-25,PENDING
194,20121,9298,Property Damage,2025-11-07,3810.11,APPROVED,0,69,8996.36,2025-01-03,PENDING
195,4999,5592,Property Damage,2025-06-16,34500.65,APPROVED,0,24,64067.41,2026-04-19,VERIFIED
196,5974,5283,Life Claim,2026-02-15,15899.65,REJECTED,0,31,22754.63,2023-09-24,PENDING
197,23004,2928,Property Damage,2026-02-08,34043.55,APPROVED,0,69,57731.69,2025-11-18,PENDING
198,22817,1946,Property Damage,2025-07-22,13967.78,REJECTED,0,7,62469.66,2024-02-11,PENDING
199,14191,6808,Motor Accident,2026-02-21,15454.19,REJECTED,0,89,38561.3,2025-05-08,PENDING
200,23551,4649,Life Claim,2026-04-06,13651.33,PENDING,0,73,20522.53,2023-11-13,PENDING
201,20733,666,Motor Accident,2026-04-19,40225.99,REJECTED,0,92,94908.05,2025-12-17,VERIFIED
202,12152,307,Motor Accident,2025-12-16,28658.67,REJECTED,0,11,66835.78,2024-01-04,VERIFIED
203,2049,1857,Motor Accident,2026-04-06,10800.3,APPROVED,0,46,15519.74,2023-09-10,VERIFIED
204,9114,9805,Life Claim,2025-09-29,9245.97,APPROVED,0,75,25604.09,2025-07-20,VERIFIED
205,14877,8806,Life Claim,2025-08-16,12921.7,REJECTED,0,66,25686.55,2026-03-27,VERIFIED
206,18735,708,Property Damage,2025-06-10,6048.34,APPROVED,0,88,27333.66,2024-02-25,PENDING
207,15411,5521,Property Damage,2025-12-02,4912.49,REJECTED,0,62,8305.02,2024-10-07,PENDING
208,4501,3104,Life Claim,2025-12-18,17598.79,REJECTED,0,31,48371.71,2025-04-26,PENDING
209,24436,3955,Health Claim,2026-03-28,15441.17,PENDING,0,57,62716.97,2023-07-13,PENDING
210,2381,710,Motor Accident,2025-08-03,51391.26,REJECTED,0,59,80451.88,2024-04-17,VERIFIED
211,15605,959,Health Claim,2025-11-23,4474.55,APPROVED,0,51,19921.75,2025-09-12,VERIFIED
212,24204,7614,Health Claim,2026-03-22,29347.21,REJECTED,0,78,22787.95,2023-09-03,PENDING
213,18441,8517,Health Claim,2025-12-08,158087.98,APPROVED,0,50,81216.4,2025-07-22,PENDING
214,21192,9141,Motor Accident,2026-04-05,13756.35,REJECTED,0,5,47990.8,2023-09-10,PENDING
215,18664,6944,Life Claim,2025-12-05,116350.03,PENDING,0,27,72613.07,2023-06-14,PENDING
216,3749,1308,Health Claim,2026-03-02,44022.56,PENDING,0,61,35141.65,2025-07-08,VERIFIED
217,8643,446,Property Damage,2025-06-17,11631.07,APPROVED,0,89,99007.19,2026-04-05,PENDING
218,983,4192,Life Claim,2025-12-21,89681.09,PENDING,0,35,55289.24,2025-05-01,PENDING
219,18903,8440,Health Claim,2026-04-09,8544.43,REJECTED,0,8,40162.73,2023-07-11,PENDING
220,19483,4883,Health Claim,2025-09-28,47815.09,PENDING,0,78,25482.25,2024-04-19,PENDING
221,16572,9830,Property Damage,2026-03-16,24120.57,REJECTED,0,51,45462.35,2024-06-05,VERIFIED
222,8383,8443,Life Claim,2026-02-04,10458.19,PENDING,0,94,19873.59,2024-02-19,VERIFIED
223,18117,5107,Health Claim,2025-06-27,15365.72,APPROVED,0,36,34926.69,2024-05-27,PENDING
224,19534,9045,Health Claim,2025-11-22,42819.86,REJECTED,0,1,25332.81,2024-06-23,PENDING
225,5529,3242,Health Claim,2025-08-05,82912.65,PENDING,0,96,80005.94,2025-11-03,VERIFIED
226,12152,7572,Life Claim,2025-12-11,15629.94,REJECTED,0,8,24754.73,2024-05-04,PENDING
227,2709,5573,Health Claim,2025-11-20,105859.65,REJECTED,0,7,92786.84,2025-09-16,PENDING
228,5116,3659,Property Damage,2026-02-09,24024.45,REJECTED,0,73,48584.79,2025-09-20,VERIFIED
229,9100,6939,Motor Accident,2025-11-25,4015.39,PENDING,0,4,18223.57,2024-09-05,PENDING
230,20411,1636,Property Damage,2025-11-24,7598.1,REJECTED,0,82,70797.68,2025-04-07,PENDING
231,2630,4629,Life Claim,2026-04-09,95397.82,REJECTED,0,3,85143.0,2025-01-13,VERIFIED
232,1751,7359,Life Claim,2025-06-22,7411.8,PENDING,0,7,7085.35,2024-12-15,PENDING
233,17562,9835,Property Damage,2025-07-28,12002.91,PENDING,0,92,71732.38,2025-08-08,VERIFIED
234,871,1526,Property Damage,2025-07-29,154898.4,REJECTED,0,89,81465.28,2023-07-28,PENDING
235,40,2335,Motor Accident,2026-01-20,4851.23,PENDING,0,56,8266.6,2023-10-19,PENDING
236,22455,6213,Life Claim,2025-07-20,34367.03,PENDING,0,92,19936.0,2023-10-05,VERIFIED
237,11145,8418,Life Claim,2026-02-01,41382.18,APPROVED,0,41,25844.08,2023-08-05,VERIFIED
238,24109,6567,Health Claim,2025-10-20,33653.86,APPROVED,0,67,71959.36,2026-02-10,VERIFIED
239,4833,148,Health Claim,2025-11-04,78512.45,PENDING,0,9,71523.79,2026-04-08,VERIFIED
240,13072,7702,Life Claim,2025-09-03,6914.52,PENDING,0,3,11508.62,2025-12-12,VERIFIED
241,3293,2584,Property Damage,2025-08-01,34709.43,APPROVED,0,73,70102.71,2024-05-12,VERIFIED
242,15059,6682,Motor Accident,2026-01-21,5087.88,PENDING,0,60,9884.27,2023-08-22,PENDING
243,15391,6748,Health Claim,2026-02-01,13357.3,APPROVED,0,96,55001.18,2025-04-21,VERIFIED
244,18626,8772,Property Damage,2026-01-31,14013.65,APPROVED,0,74,86734.72,2025-08-27,PENDING
245,5408,6399,Health Claim,2025-06-28,7230.2,PENDING,0,55,18514.13,2023-07-24,PENDING
246,2391,1995,Motor Accident,2026-01-04,23580.64,REJECTED,0,32,84676.68,2023-09-25,PENDING
247,15372,5536,Property Damage,2025-06-02,2580.17,REJECTED,0,42,22855.85,2024-08-29,VERIFIED
248,17021,4814,Motor Accident,2025-08-02,6013.21,PENDING,0,70,11362.03,2024-10-13,VERIFIED
249,1419,6175,Motor Accident,2025-12-20,9185.48,APPROVED,0,19,17797.17,2025-11-13,PENDING
250,372,5996,Property Damage,2025-10-17,23297.6,REJECTED,0,6,23209.31,2024-02-20,VERIFIED
251,6371,9016,Life Claim,2026-03-18,34697.62,APPROVED,0,75,65990.5,2024-06-29,PENDING
252,16361,1349,Motor Accident,2026-04-10,32778.48,APPROVED,0,84,31910.82,2024-08-16,PENDING
253,7829,963,Life Claim,2026-03-02,39144.38,REJECTED,0,56,28269.69,2024-03-09,PENDING
254,5971,8675,Life Claim,2025-09-01,6081.9,PENDING,0,98,60179.63,2026-05-14,VERIFIED
255,10662,210,Health Claim,2026-03-01,16799.54,REJECTED,0,31,33191.45,2025-08-31,PENDING
256,22643,467,Life Claim,2026-01-18,5483.46,APPROVED,0,69,8506.47,2025-11-05,PENDING
257,17889,8734,Life Claim,2025-12-08,38352.27,APPROVED,0,74,24207.76,2024-06-06,VERIFIED
258,14715,3284,Motor Accident,2025-12-09,17867.45,APPROVED,0,38,56734.75,2025-10-02,VERIFIED
259,12888,9295,Property Damage,2025-07-20,5268.57,PENDING,0,90,46293.04,2024-05-21,PENDING
260,6626,2899,Motor Accident,2025-10-31,85093.33,REJECTED,0,86,68343.25,2024-11-12,VERIFIED
261,17177,6880,Property Damage,2026-04-05,3204.38,PENDING,0,29,13274.93,2025-02-13,PENDING
262,24859,5951,Life Claim,2026-03-10,10518.21,REJECTED,0,5,98374.92,2025-12-01,VERIFIED
263,14640,1123,Motor Accident,2025-10-05,38170.22,REJECTED,0,74,78547.32,2025-10-19,PENDING
264,17204,9185,Motor Accident,2025-11-13,28344.03,PENDING,0,86,59776.22,2023-08-21,PENDING
265,21409,9652,Property Damage,2026-02-20,7297.07,APPROVED,0,14,29982.3,2023-10-15,VERIFIED
266,14383,7223,Health Claim,2025-07-09,5456.2,REJECTED,0,29,21868.87,2023-10-24,VERIFIED
267,8858,6725,Motor Accident,2025-08-08,30554.08,PENDING,0,59,98727.28,2024-05-14,PENDING
268,14896,9037,Health Claim,2025-09-13,52316.45,PENDING,0,91,84434.67,2024-03-17,PENDING
269,12669,2255,Motor Accident,2025-06-24,28434.19,REJECTED,0,19,44292.82,2023-10-31,PENDING
270,6654,5786,Motor Accident,2026-04-08,41008.25,PENDING,0,15,81653.69,2023-11-17,PENDING
271,20221,781,Motor Accident,2025-12-05,17834.99,APPROVED,0,58,86038.9,2023-12-06,VERIFIED
272,21046,4782,Life Claim,2026-03-07,22255.25,REJECTED,0,49,57139.18,2025-09-12,VERIFIED
273,24739,3671,Life Claim,2025-12-19,155049.35,APPROVED,0,5,87256.31,2024-07-22,PENDING
274,18536,8,Life Claim,2025-08-28,87152.24,APPROVED,0,5,44892.07,2023-12-24,PENDING
275,20132,5384,Property Damage,2025-12-09,15016.87,PENDING,0,29,36812.48,2024-10-07,VERIFIED
276,14141,7966,Motor Accident,2025-10-22,98449.46,REJECTED,0,87,52835.46,2024-11-04,PENDING
277,9591,8884,Motor Accident,2026-01-15,12260.62,PENDING,0,31,6700.07,2024-08-02,PENDING
278,13259,4667,Health Claim,2025-07-10,39906.76,APPROVED,0,87,60882.72,2023-11-05,VERIFIED
279,24584,9697,Life Claim,2026-01-28,51234.25,APPROVED,0,84,81239.09,2025-06-12,VERIFIED
280,17122,2794,Motor Accident,2025-09-10,20502.55,PENDING,0,91,34712.66,2024-01-23,PENDING
281,3566,1939,Health Claim,2025-11-01,52490.24,REJECTED,0,90,99790.98,2024-03-03,PENDING
282,1277,3934,Motor Accident,2025-11-06,10254.46,APPROVED,0,56,20979.0,2025-09-08,VERIFIED
283,5504,7595,Life Claim,2025-12-16,20773.11,APPROVED,0,24,38363.47,2024-05-27,VERIFIED
284,15906,8617,Health Claim,2025-09-03,7491.63,PENDING,0,52,17375.64,2025-10-25,PENDING
285,7549,7221,Life Claim,2025-06-18,41956.94,PENDING,0,47,78061.58,2025-02-10,PENDING
286,6743,7700,Life Claim,2026-05-02,29682.9,APPROVED,0,60,70410.98,2025-08-15,VERIFIED
287,18832,1393,Life Claim,2025-09-24,24174.84,REJECTED,0,31,52124.67,2024-03-24,VERIFIED
288,1380,4912,Property Damage,2025-05-30,142664.97,PENDING,0,62,92083.51,2025-01-08,VERIFIED
289,8166,432,Health Claim,2026-05-10,27842.36,APPROVED,0,74,55568.03,2024-05-23,PENDING
290,20062,3158,Property Damage,2025-10-21,28345.33,APPROVED,0,99,88642.73,2023-08-22,PENDING
291,15128,3430,Property Damage,2025-09-02,19696.93,PENDING,0,23,42099.96,2025-04-28,PENDING
292,7788,9143,Life Claim,2026-03-06,15630.08,APPROVED,0,81,40915.25,2024-11-14,VERIFIED
293,16695,8741,Life Claim,2026-02-20,30122.97,APPROVED,0,83,79626.44,2025-02-13,PENDING
294,6995,9488,Health Claim,2025-05-30,32404.38,PENDING,0,20,92802.61,2024-11-21,PENDING
295,14864,6455,Health Claim,2025-10-29,6949.46,REJECTED,0,51,21099.65,2026-03-29,PENDING
296,826,582,Health Claim,2026-02-19,6873.13,PENDING,0,16,16454.85,2024-08-10,VERIFIED
297,18036,2556,Health Claim,2026-03-27,1409.78,APPROVED,0,78,10710.7,2023-10-15,PENDING
298,11790,7849,Motor Accident,2025-12-01,19847.27,PENDING,0,59,13972.83,2023-11-01,VERIFIED
299,4979,4432,Life Claim,2025-12-09,39661.4,APPROVED,0,76,33325.64,2025-04-25,PENDING
300,5381,1651,Life Claim,2025-08-13,112306.61,PENDING,0,25,66203.93,2024-08-27,PENDING
301,14740,6434,Property Damage,2025-10-02,7395.44,APPROVED,0,10,64997.44,2024-12-02,PENDING
302,21862,2116,Property Damage,2025-06-06,38539.72,PENDING,0,16,99417.38,2023-11-29,VERIFIED
303,11731,8273,Motor Accident,2025-11-23,44332.23,REJECTED,0,98,69134.71,2023-08-31,PENDING
304,2172,8343,Property Damage,2026-02-02,141001.07,APPROVED,0,48,91029.93,2025-07-23,VERIFIED
305,21691,8970,Property Damage,2026-03-08,11782.41,PENDING,0,69,24964.62,2026-02-03,VERIFIED
306,22282,9817,Property Damage,2025-07-05,59485.95,REJECTED,0,69,47861.85,2023-10-03,PENDING
307,16849,882,Health Claim,2026-03-28,52841.75,APPROVED,0,27,78918.57,2025-03-08,VERIFIED
308,15936,9575,Property Damage,2026-03-15,33181.4,REJECTED,0,63,48316.85,2025-04-05,PENDING
309,3978,9243,Health Claim,2025-10-31,10004.85,REJECTED,0,21,20296.42,2024-04-05,VERIFIED
310,13470,9803,Life Claim,2026-02-14,14478.57,PENDING,0,75,64059.79,2025-08-31,PENDING
311,1166,8907,Health Claim,2025-12-27,5723.18,APPROVED,0,41,8935.82,2025-04-13,PENDING
312,2032,8188,Life Claim,2026-05-24,86691.17,REJECTED,0,57,55864.2,2025-05-20,PENDING
313,14645,4489,Property Damage,2025-12-29,54411.96,REJECTED,0,78,48793.2,2025-05-29,PENDING
314,20210,5424,Motor Accident,2025-12-24,57108.06,REJECTED,0,69,94754.44,2024-10-03,PENDING
315,18687,3386,Motor Accident,2025-07-18,54784.43,PENDING,0,17,98217.53,2024-07-23,VERIFIED
316,23149,9657,Property Damage,2026-01-31,39923.79,PENDING,0,9,74830.71,2024-02-06,PENDING
317,12429,6055,Life Claim,2026-02-11,13337.61,REJECTED,0,99,24156.25,2024-12-05,PENDING
318,24808,8693,Life Claim,2025-12-20,113641.03,REJECTED,0,9,62133.72,2024-06-30,PENDING
319,3363,4611,Motor Accident,2026-04-30,80854.77,PENDING,0,32,43889.63,2026-04-22,VERIFIED
320,8473,3,Property Damage,2025-11-13,55773.86,PENDING,0,14,95791.34,2025-01-24,PENDING
321,20014,5284,Life Claim,2025-12-21,3301.19,APPROVED,0,8,21103.96,2024-02-14,PENDING
322,21956,8351,Property Damage,2026-01-09,50023.96,PENDING,0,7,41031.68,2023-12-28,VERIFIED
323,23755,5942,Life Claim,2026-04-16,125045.89,PENDING,0,36,79209.81,2026-04-20,VERIFIED
324,16029,8587,Life Claim,2025-09-30,14366.52,REJECTED,0,36,70363.35,2023-09-30,VERIFIED
325,13532,5076,Life Claim,2025-11-03,36102.44,APPROVED,0,64,51992.78,2024-07-10,VERIFIED
326,6514,246,Health Claim,2026-05-25,23333.9,PENDING,0,49,90694.53,2025-11-12,VERIFIED
327,16943,2607,Property Damage,2025-11-11,17514.95,APPROVED,0,46,30295.26,2023-10-11,VERIFIED
328,17777,7360,Life Claim,2025-08-28,16013.63,PENDING,0,49,78783.51,2025-07-16,VERIFIED
329,10038,3584,Property Damage,2025-09-11,34992.74,REJECTED,0,41,87172.33,2025-07-28,PENDING
330,3666,8807,Health Claim,2026-01-03,8813.23,REJECTED,0,90,44058.74,2025-02-18,VERIFIED
331,22323,8329,Life Claim,2025-06-03,3436.9,APPROVED,0,72,33490.04,2025-09-10,PENDING
332,21344,1413,Life Claim,2025-07-27,7793.55,REJECTED,0,11,70543.49,2025-04-20,PENDING
333,20597,26,Property Damage,2026-01-31,7439.68,APPROVED,0,40,62328.61,2026-03-25,PENDING
334,21005,5000,Property Damage,2026-03-20,72306.26,REJECTED,0,29,47762.77,2023-10-08,PENDING
335,1512,2187,Life Claim,2025-10-20,75328.43,APPROVED,0,26,72148.27,2024-05-28,PENDING
336,15813,5517,Motor Accident,2026-04-12,4751.04,REJECTED,0,4,47147.07,2024-01-20,PENDING
337,16612,522,Health Claim,2025-12-01,19614.96,REJECTED,0,22,89863.95,2025-09-04,PENDING
338,20922,2120,Life Claim,2026-01-07,100978.33,APPROVED,0,87,78632.86,2025-11-24,VERIFIED
339,21089,9702,Property Damage,2026-04-10,149419.05,APPROVED,0,78,95391.21,2023-11-05,PENDING
340,15855,7245,Motor Accident,2026-02-18,31974.18,APPROVED,0,86,56002.75,2023-11-21,VERIFIED
341,18015,3486,Life Claim,2025-10-18,13880.49,REJECTED,0,29,31844.77,2024-10-13,PENDING
342,13445,6895,Motor Accident,2026-01-12,55416.86,REJECTED,0,62,51461.49,2025-06-23,VERIFIED
343,14589,9683,Motor Accident,2026-01-12,16863.35,REJECTED,0,55,30531.08,2023-12-03,PENDING
344,7650,9004,Property Damage,2025-11-04,26628.24,REJECTED,0,95,17565.03,2025-08-03,VERIFIED
345,12629,6381,Property Damage,2026-03-12,39891.71,APPROVED,0,10,83533.56,2025-03-27,PENDING
346,12009,2515,Property Damage,2025-09-16,43603.43,REJECTED,0,92,92797.31,2025-02-21,PENDING
347,9859,6190,Motor Accident,2025-06-23,9346.3,APPROVED,0,80,54458.81,2024-05-01,VERIFIED
348,6114,6426,Motor Accident,2026-04-15,7488.82,PENDING,0,44,57266.16,2024-12-03,VERIFIED
349,3068,5087,Health Claim,2025-08-22,43824.27,REJECTED,0,37,97903.46,2025-05-23,PENDING
350,20122,1477,Property Damage,2026-01-25,23767.58,PENDING,0,24,12334.88,2025-03-27,VERIFIED
351,23662,3204,Property Damage,2026-04-19,1238.88,PENDING,0,11,9845.66,2024-03-18,VERIFIED
352,15349,6912,Life Claim,2026-05-04,23174.76,APPROVED,0,93,76537.05,2024-10-01,PENDING
353,6921,1564,Motor Accident,2026-03-11,5358.85,REJECTED,0,74,14613.54,2026-04-08,VERIFIED
354,22454,9483,Property Damage,2026-02-24,15961.22,PENDING,0,87,26097.57,2023-05-28,VERIFIED
355,24852,6771,Property Damage,2026-04-20,12354.37,PENDING,0,55,77927.58,2025-02-16,PENDING
356,21223,898,Life Claim,2025-09-12,71586.94,PENDING,0,3,60579.16,2026-01-25,PENDING
357,4670,7950,Property Damage,2026-03-02,30846.34,REJECTED,0,33,45998.68,2024-10-01,VERIFIED
358,14878,7401,Health Claim,2026-02-21,14075.86,PENDING,0,68,90649.13,2023-05-27,PENDING
359,21455,4989,Property Damage,2025-11-20,23160.8,PENDING,0,55,85144.63,2025-02-23,PENDING
360,4975,172,Motor Accident,2025-06-07,109371.03,REJECTED,0,20,83224.89,2024-09-07,VERIFIED
361,14829,4637,Life Claim,2025-07-20,6018.22,REJECTED,0,62,9838.02,2024-12-12,PENDING
362,7600,4014,Health Claim,2025-12-07,36241.75,APPROVED,0,91,62356.02,2025-02-19,VERIFIED
363,4358,1779,Property Damage,2026-05-20,33301.04,APPROVED,0,51,20739.47,2026-01-14,PENDING
364,12153,9943,Health Claim,2026-03-03,5209.51,APPROVED,0,1,45039.74,2024-04-17,PENDING
365,2601,9763,Health Claim,2026-05-16,51719.62,REJECTED,0,94,89339.32,2023-11-03,VERIFIED
366,20123,63,Motor Accident,2025-07-11,92727.44,APPROVED,0,63,79111.74,2023-08-20,PENDING
367,13008,3625,Motor Accident,2025-07-14,11548.59,APPROVED,0,66,36930.6,2025-01-07,VERIFIED
368,12268,3932,Health Claim,2025-12-06,23016.84,PENDING,0,32,41336.13,2026-01-05,PENDING
369,24693,9437,Health Claim,2025-10-17,53210.3,APPROVED,0,84,85437.5,2023-06-29,VERIFIED
370,3543,3330,Health Claim,2025-10-01,10770.62,PENDING,0,40,29980.24,2024-09-19,PENDING
371,22938,8090,Health Claim,2026-03-11,62667.59,PENDING,0,92,44373.05,2026-03-30,PENDING
372,9869,743,Health Claim,2026-01-04,20136.41,PENDING,0,1,36140.17,2023-12-02,PENDING
373,9954,4859,Health Claim,2025-12-19,62589.89,APPROVED,0,100,58396.59,2023-10-16,VERIFIED
374,12993,7190,Life Claim,2026-02-27,57074.55,REJECTED,0,95,53537.9,2026-05-22,PENDING
375,23016,2779,Motor Accident,2025-10-21,15238.29,REJECTED,0,36,87921.3,2023-09-07,VERIFIED
376,9982,1117,Life Claim,2026-03-11,70830.83,REJECTED,0,69,38627.37,2025-12-21,VERIFIED
377,8795,8805,Motor Accident,2025-11-25,28077.71,PENDING,0,37,15930.37,2025-11-21,VERIFIED
378,18020,755,Motor Accident,2025-09-12,10942.14,PENDING,0,19,96916.17,2024-12-22,VERIFIED
379,1778,4846,Property Damage,2025-07-03,31582.27,APPROVED,0,24,63460.44,2025-10-07,VERIFIED
380,24634,1924,Health Claim,2025-10-09,54514.49,APPROVED,0,9,97184.12,2024-05-04,PENDING
381,8230,7077,Life Claim,2025-12-16,47496.11,PENDING,0,3,97801.69,2024-12-19,VERIFIED
382,18723,5028,Motor Accident,2025-11-19,65532.44,APPROVED,0,23,97232.26,2024-07-20,VERIFIED
383,1091,6367,Life Claim,2025-09-18,4881.91,PENDING,0,83,14864.91,2024-10-18,PENDING
384,7330,8617,Motor Accident,2025-08-05,1238.89,PENDING,0,58,9330.09,2024-07-17,VERIFIED
385,12280,7277,Health Claim,2026-04-25,4643.17,PENDING,0,64,15178.12,2023-06-29,PENDING
386,24151,9021,Motor Accident,2025-08-13,11792.85,PENDING,0,62,48627.43,2026-04-20,PENDING
387,8463,8821,Property Damage,2026-02-12,25835.84,APPROVED,0,65,46654.92,2023-09-29,PENDING
388,16938,7252,Motor Accident,2026-02-12,16997.58,REJECTED,0,92,9068.01,2026-02-01,PENDING
389,229,702,Property Damage,2025-06-28,37986.41,PENDING,0,12,81231.48,2025-03-05,PENDING
390,12134,1284,Motor Accident,2025-08-23,36246.12,APPROVED,0,51,98602.1,2024-08-23,PENDING
391,448,9755,Property Damage,2025-07-17,37806.78,APPROVED,0,77,86922.69,2025-08-03,PENDING
392,20622,8705,Life Claim,2025-12-21,135224.5,REJECTED,0,2,76354.28,2024-01-02,VERIFIED
393,8444,1823,Health Claim,2026-02-16,7593.84,APPROVED,0,9,23389.69,2024-04-27,VERIFIED
394,1976,8012,Motor Accident,2025-12-08,38976.83,APPROVED,0,97,61324.07,2024-02-29,PENDING
395,22891,2042,Life Claim,2026-05-23,48426.26,PENDING,0,99,91482.86,2023-07-04,PENDING
396,16762,326,Property Damage,2026-05-03,137941.05,APPROVED,0,60,97001.83,2025-09-18,VERIFIED
397,1657,3052,Life Claim,2025-07-19,8027.76,REJECTED,0,19,38011.49,2026-05-01,VERIFIED
398,16160,3867,Motor Accident,2025-06-27,44412.69,APPROVED,0,40,91958.09,2024-04-30,PENDING
399,11957,9437,Life Claim,2025-08-04,9306.37,PENDING,0,11,48069.91,2024-12-20,VERIFIED
400,24418,4987,Property Damage,2025-12-17,6012.16,PENDING,0,55,60106.38,2026-02-03,PENDING
401,2548,4954,Health Claim,2026-03-12,11121.76,REJECTED,0,33,44812.04,2024-11-29,VERIFIED
402,6143,5075,Motor Accident,2025-07-05,17193.98,APPROVED,0,79,37988.04,2023-07-11,VERIFIED
403,22087,4226,Property Damage,2026-03-18,36973.43,APPROVED,0,20,25711.01,2024-06-30,PENDING
404,21076,5005,Health Claim,2025-09-23,50816.22,APPROVED,0,13,96536.18,2025-04-04,VERIFIED
405,12398,138,Health Claim,2026-01-10,3250.17,APPROVED,0,75,11649.23,2025-10-10,VERIFIED
406,15686,6490,Property Damage,2025-08-30,44714.26,APPROVED,0,56,22376.62,2023-11-07,VERIFIED
407,15736,4227,Life Claim,2025-07-21,2339.89,PENDING,0,45,19344.81,2024-09-22,PENDING
408,18601,3637,Health Claim,2026-01-26,6852.48,PENDING,0,18,15696.36,2025-01-20,VERIFIED
409,14486,2909,Health Claim,2026-04-18,8908.14,REJECTED,0,4,53783.56,2025-02-04,VERIFIED
410,15553,9842,Health Claim,2026-03-07,5137.18,APPROVED,0,40,25513.1,2026-03-05,VERIFIED
411,13632,9704,Property Damage,2026-03-14,4662.67,REJECTED,0,18,13773.59,2023-07-08,PENDING
412,2322,3758,Health Claim,2025-11-21,16612.05,PENDING,0,45,35235.31,2025-03-19,VERIFIED
413,19669,2466,Health Claim,2025-10-22,20534.87,APPROVED,0,80,14471.65,2024-04-28,PENDING
414,2552,1487,Health Claim,2026-03-13,16675.98,PENDING,0,54,40699.51,2024-01-21,PENDING
415,10285,6252,Property Damage,2026-03-28,58036.43,REJECTED,0,79,98114.39,2025-10-19,VERIFIED
416,4766,2933,Property Damage,2025-08-04,18400.45,APPROVED,0,32,45147.84,2025-07-27,PENDING
417,21801,5507,Property Damage,2026-05-18,18428.34,REJECTED,0,37,73476.57,2024-07-27,VERIFIED
418,4344,6501,Health Claim,2026-02-22,80695.48,REJECTED,0,46,40700.05,2023-10-05,VERIFIED
419,7842,894,Health Claim,2025-08-17,37046.15,PENDING,0,20,69297.89,2024-10-03,PENDING
420,23465,1197,Motor Accident,2025-08-27,23523.28,REJECTED,0,40,64477.12,2024-09-20,VERIFIED
421,9721,6840,Motor Accident,2026-04-01,19211.72,PENDING,0,27,64822.5,2025-01-31,VERIFIED
422,21646,4412,Property Damage,2025-07-29,73535.58,REJECTED,0,63,43996.36,2024-11-19,PENDING
423,15536,5426,Health Claim,2025-07-30,9448.44,APPROVED,0,99,14895.27,2024-01-11,PENDING
424,11427,657,Life Claim,2025-07-06,28626.21,REJECTED,0,45,77308.4,2023-12-15,PENDING
425,23827,2051,Life Claim,2025-12-05,15655.12,REJECTED,0,58,28229.64,2024-02-22,VERIFIED
426,1757,216,Property Damage,2025-12-26,6679.73,REJECTED,0,72,12641.52,2025-07-05,VERIFIED
427,11736,2889,Property Damage,2026-01-11,11488.55,PENDING,0,83,37249.99,2026-01-28,VERIFIED
428,2840,4101,Property Damage,2026-01-07,44921.3,APPROVED,0,20,72987.85,2025-09-19,VERIFIED
429,17334,8943,Life Claim,2026-05-23,59713.98,APPROVED,0,60,97508.1,2025-08-07,VERIFIED
430,281,4848,Life Claim,2026-01-05,43622.83,APPROVED,0,93,66774.17,2025-01-26,VERIFIED
431,17704,1604,Life Claim,2025-10-08,22093.41,REJECTED,0,59,72054.5,2023-06-23,VERIFIED
432,14823,650,Property Damage,2026-02-25,6114.25,APPROVED,0,28,60511.16,2023-06-01,VERIFIED
433,12684,9936,Life Claim,2025-06-22,28485.2,PENDING,0,28,41910.31,2025-06-06,PENDING
434,15397,868,Property Damage,2026-03-17,36057.58,PENDING,0,32,70455.66,2024-08-21,PENDING
435,22622,6158,Motor Accident,2025-10-31,35722.06,REJECTED,0,57,73764.96,2023-12-04,VERIFIED
436,22800,6488,Property Damage,2026-01-03,7761.43,PENDING,0,47,16343.93,2026-05-12,PENDING
437,22990,6596,Life Claim,2025-09-07,13081.69,APPROVED,0,2,46731.72,2024-01-30,VERIFIED
438,7950,4112,Health Claim,2025-10-29,16204.34,APPROVED,0,67,53394.33,2023-08-31,PENDING
439,16964,2178,Health Claim,2025-07-16,7216.42,REJECTED,0,85,11342.9,2024-02-15,VERIFIED
440,17129,4131,Health Claim,2026-05-01,26630.05,APPROVED,0,93,67985.24,2025-12-15,PENDING
441,16972,7546,Health Claim,2026-04-03,39170.34,PENDING,0,48,78407.67,2023-11-12,VERIFIED
442,23033,4593,Health Claim,2026-03-26,10656.52,APPROVED,0,5,54132.11,2023-06-12,VERIFIED
443,14807,9979,Property Damage,2026-02-02,21649.6,APPROVED,0,40,16424.19,2023-12-30,PENDING
444,13004,1407,Life Claim,2026-02-05,17082.71,REJECTED,0,58,59832.93,2024-09-23,VERIFIED
445,13527,1607,Life Claim,2025-10-05,6933.63,APPROVED,0,51,22538.5,2025-10-02,PENDING
446,10992,6062,Property Damage,2025-06-11,20361.49,APPROVED,0,41,42968.06,2023-08-05,VERIFIED
447,20106,4824,Motor Accident,2025-09-01,1516.84,REJECTED,0,86,8423.35,2024-10-19,PENDING
448,14399,3842,Property Damage,2026-04-29,7387.1,PENDING,0,1,46330.73,2024-01-04,VERIFIED
449,14793,4171,Motor Accident,2025-07-21,25486.38,REJECTED,0,75,83541.44,2024-05-08,VERIFIED
450,14252,8436,Health Claim,2026-04-28,18983.71,APPROVED,0,39,66128.81,2026-03-26,VERIFIED
451,7065,7715,Life Claim,2026-05-02,49664.96,APPROVED,0,10,31550.11,2023-09-20,VERIFIED
452,1217,6554,Property Damage,2025-10-09,9348.94,REJECTED,0,41,72313.27,2024-11-14,VERIFIED
453,21944,8252,Motor Accident,2026-04-19,4162.8,REJECTED,0,73,17990.0,2025-02-14,PENDING
454,10861,7777,Motor Accident,2026-03-22,41118.27,REJECTED,0,23,63766.5,2023-09-20,VERIFIED
455,20946,3679,Property Damage,2025-11-04,43577.56,REJECTED,0,11,83610.43,2024-10-18,VERIFIED
456,21610,7236,Motor Accident,2025-11-24,24520.98,REJECTED,0,91,62686.21,2025-08-12,PENDING
457,13231,8614,Property Damage,2026-02-10,36804.4,REJECTED,0,79,90017.69,2024-01-09,PENDING
458,16596,8599,Health Claim,2026-02-20,46097.33,REJECTED,0,11,74600.19,2026-05-07,VERIFIED
459,20713,2479,Health Claim,2025-12-30,107133.16,REJECTED,0,50,64015.0,2025-06-29,VERIFIED
460,13984,8491,Life Claim,2025-06-05,20417.03,APPROVED,0,20,39147.14,2026-03-20,VERIFIED
461,14813,3542,Life Claim,2025-10-26,18275.46,APPROVED,0,37,34750.23,2024-08-03,PENDING
462,20190,7622,Property Damage,2026-01-26,14527.4,REJECTED,0,41,42486.15,2025-03-24,VERIFIED
463,22583,9198,Health Claim,2026-02-10,7512.05,REJECTED,0,86,26651.42,2023-07-26,PENDING
464,13672,9527,Property Damage,2026-03-28,18375.17,APPROVED,0,29,27770.38,2024-09-30,VERIFIED
465,9830,9224,Health Claim,2025-08-19,22579.32,PENDING,0,9,94829.31,2024-11-06,VERIFIED
466,24362,7930,Health Claim,2025-09-02,127319.56,APPROVED,0,93,98558.63,2023-06-17,VERIFIED
467,9866,1627,Life Claim,2026-05-08,29429.58,APPROVED,0,88,43954.66,2026-03-27,VERIFIED
468,21353,2687,Motor Accident,2026-05-09,46402.15,APPROVED,0,18,81191.2,2025-06-11,VERIFIED
469,9368,1341,Property Damage,2026-01-12,23056.67,APPROVED,0,11,79248.83,2025-06-13,PENDING
470,24709,1894,Life Claim,2026-02-13,7033.69,PENDING,0,78,10485.37,2024-01-07,PENDING
471,4446,855,Health Claim,2026-01-08,21030.36,REJECTED,0,43,51433.3,2025-04-27,VERIFIED
472,2303,3387,Health Claim,2026-03-18,34514.58,APPROVED,0,18,81994.07,2024-05-31,VERIFIED
473,15863,8367,Property Damage,2025-06-11,15307.46,APPROVED,0,89,35853.86,2023-07-27,VERIFIED
474,15045,2434,Property Damage,2026-01-31,34554.08,PENDING,0,49,49587.01,2025-02-05,PENDING
475,3142,1692,Property Damage,2025-11-21,3202.22,PENDING,0,4,22278.97,2025-02-26,PENDING
476,19863,6499,Health Claim,2025-09-26,5689.57,PENDING,0,4,32151.88,2024-07-04,PENDING
477,1888,3941,Property Damage,2025-06-23,94340.6,APPROVED,0,97,49432.0,2026-02-18,VERIFIED
478,22447,4211,Property Damage,2026-01-23,3166.33,PENDING,0,15,19110.58,2023-08-01,PENDING
479,761,6646,Motor Accident,2025-11-28,24066.41,APPROVED,0,6,93036.14,2025-05-04,VERIFIED
480,23600,791,Life Claim,2026-01-09,40559.05,APPROVED,0,52,66938.41,2025-12-09,PENDING
481,18003,8870,Motor Accident,2026-05-16,180900.45,APPROVED,0,27,99999.32,2024-08-25,PENDING
482,16846,3313,Health Claim,2025-06-06,5180.18,APPROVED,0,17,24966.7,2025-03-02,VERIFIED
483,24850,2113,Life Claim,2025-10-08,4780.04,APPROVED,0,99,23748.07,2025-01-10,PENDING
484,21183,3769,Property Damage,2025-07-16,94361.69,APPROVED,0,91,62541.12,2023-09-09,VERIFIED
485,18953,4042,Life Claim,2026-03-26,4011.12,REJECTED,0,25,14271.22,2025-04-22,PENDING
486,18588,432,Health Claim,2025-06-23,18377.06,PENDING,0,62,72823.33,2025-10-27,VERIFIED
487,18235,9142,Health Claim,2026-05-04,9726.58,APPROVED,0,37,18205.73,2023-11-22,PENDING
488,22997,8493,Life Claim,2026-05-17,7707.13,PENDING,0,20,17315.06,2025-07-04,VERIFIED
489,24087,4756,Property Damage,2025-09-06,134082.45,REJECTED,0,55,92350.04,2023-06-21,VERIFIED
490,13178,2970,Health Claim,2025-12-29,66647.1,PENDING,0,45,49687.68,2024-06-27,VERIFIED
491,4503,5013,Health Claim,2025-06-27,19690.43,APPROVED,0,42,58764.73,2025-06-06,VERIFIED
492,883,6169,Health Claim,2026-03-12,55318.39,PENDING,0,89,88611.92,2025-10-03,VERIFIED
493,16831,9927,Motor Accident,2025-12-18,33310.91,PENDING,0,74,64192.06,2024-06-07,VERIFIED
494,23337,4581,Health Claim,2025-12-05,10228.97,REJECTED,0,57,34025.97,2024-06-15,PENDING
495,2097,1872,Life Claim,2025-11-02,83299.8,REJECTED,0,63,64158.37,2024-04-11,PENDING
496,10572,8463,Property Damage,2026-01-20,8384.06,APPROVED,0,7,20903.41,2023-05-29,PENDING
497,23657,6411,Motor Accident,2026-03-24,14198.85,REJECTED,0,36,58582.49,2024-11-29,PENDING
498,9949,166,Life Claim,2026-05-16,26216.94,REJECTED,0,97,71551.61,2025-07-19,PENDING
499,6992,668,Motor Accident,2025-08-06,19055.92,APPROVED,0,82,49442.01,2025-05-06,VERIFIED
500,17970,5278,Life Claim,2026-04-22,16301.84,APPROVED,0,96,45211.83,2023-10-02,VERIFIED
501,14832,8345,Life Claim,2025-07-15,87483.52,REJECTED,0,73,60606.66,2024-11-19,VERIFIED
502,21737,2539,Motor Accident,2025-09-15,21603.12,PENDING,0,61,35448.63,2025-10-03,PENDING
503,16319,333,Property Damage,2026-01-29,35135.74,APPROVED,0,29,63422.13,2025-08-01,PENDING
504,21574,3912,Property Damage,2026-01-31,35058.75,PENDING,0,63,17788.63,2025-04-07,VERIFIED
505,3879,3712,Health Claim,2026-04-29,30449.28,PENDING,0,60,16684.56,2025-08-10,PENDING
506,9855,9701,Property Damage,2026-05-25,5957.37,REJECTED,0,98,47938.49,2026-03-17,VERIFIED
507,11322,5071,Health Claim,2025-12-16,27696.91,REJECTED,0,77,46308.21,2026-05-04,VERIFIED
508,8186,4826,Property Damage,2025-06-05,55274.49,PENDING,0,21,96969.39,2026-04-29,VERIFIED
509,22470,6378,Motor Accident,2026-01-31,100323.17,REJECTED,0,67,76427.92,2026-04-10,VERIFIED
510,20893,3969,Life Claim,2025-06-03,40336.28,APPROVED,0,4,63525.96,2024-07-03,VERIFIED
511,16156,6376,Health Claim,2026-04-19,8382.65,APPROVED,0,39,6558.25,2025-10-05,VERIFIED
512,11999,2022,Property Damage,2025-12-15,32426.37,PENDING,0,81,64219.84,2024-02-18,VERIFIED
513,3225,9968,Motor Accident,2026-05-15,14763.44,APPROVED,0,76,13887.93,2023-10-30,VERIFIED
514,4127,8402,Motor Accident,2025-11-15,10846.9,REJECTED,0,43,7301.34,2024-07-02,VERIFIED
515,12677,210,Health Claim,2025-12-08,6919.37,PENDING,0,63,11100.09,2024-08-21,VERIFIED
516,5025,7420,Life Claim,2025-09-04,170711.55,REJECTED,0,12,85991.98,2025-09-28,VERIFIED
517,24432,8603,Motor Accident,2026-01-12,23099.18,APPROVED,0,64,46910.08,2025-06-06,VERIFIED
518,6854,4862,Property Damage,2025-11-14,10014.44,REJECTED,0,73,43314.25,2023-06-22,PENDING
519,7345,9041,Health Claim,2025-09-09,2438.13,PENDING,0,60,8024.25,2024-04-07,VERIFIED
520,21289,9050,Property Damage,2025-08-28,3378.49,PENDING,0,34,8031.18,2023-12-10,VERIFIED
521,16338,8660,Motor Accident,2025-11-30,11283.94,REJECTED,0,81,5906.05,2024-08-03,PENDING
522,3529,8,Health Claim,2026-04-15,93416.65,APPROVED,0,86,76330.61,2026-03-30,PENDING
523,6438,5983,Motor Accident,2026-05-08,12826.24,REJECTED,0,13,47630.76,2024-04-05,VERIFIED
524,14859,6228,Motor Accident,2025-11-25,14035.33,REJECTED,0,2,46026.06,2025-01-08,PENDING
525,22653,4801,Motor Accident,2025-07-12,27412.62,REJECTED,0,55,61521.4,2024-05-31,PENDING
526,20331,3305,Health Claim,2026-04-29,10507.08,REJECTED,0,26,8424.63,2026-05-17,VERIFIED
527,23413,9530,Motor Accident,2026-05-02,25410.34,APPROVED,0,53,57413.66,2024-07-25,PENDING
528,14777,8832,Health Claim,2026-02-28,31330.66,APPROVED,0,7,51912.07,2025-06-24,VERIFIED
529,16563,7772,Motor Accident,2025-07-31,28421.92,APPROVED,0,15,87565.54,2025-08-04,VERIFIED
530,16703,3205,Property Damage,2025-06-16,27895.76,APPROVED,0,12,74914.42,2024-01-03,VERIFIED
531,232,6383,Life Claim,2025-07-14,14058.12,APPROVED,0,80,90750.26,2025-06-08,VERIFIED
532,2873,7951,Life Claim,2025-11-22,6814.37,REJECTED,0,47,19882.05,2025-05-17,VERIFIED
533,23284,9716,Motor Accident,2025-12-11,9581.36,APPROVED,0,13,17157.05,2025-08-22,PENDING
534,9211,3159,Health Claim,2025-09-14,3160.65,APPROVED,0,93,6751.06,2024-01-23,PENDING
535,24006,7486,Life Claim,2026-02-11,23909.88,PENDING,0,25,61483.71,2025-06-30,VERIFIED
536,495,2177,Motor Accident,2025-11-08,52842.5,APPROVED,0,91,92967.45,2023-10-11,VERIFIED
537,24937,4205,Health Claim,2025-10-10,26606.01,APPROVED,0,70,83503.47,2026-03-26,VERIFIED
538,23233,369,Property Damage,2025-09-15,7394.21,REJECTED,0,36,39071.5,2024-08-29,PENDING
539,16320,6023,Life Claim,2026-03-28,90827.24,PENDING,0,4,47708.53,2024-12-28,PENDING
540,4009,174,Motor Accident,2026-03-19,22533.01,APPROVED,0,17,71816.72,2024-10-11,PENDING
541,11730,6300,Motor Accident,2026-05-17,37578.66,APPROVED,0,60,53977.47,2025-11-29,VERIFIED
542,20476,2045,Property Damage,2025-10-07,18502.76,APPROVED,0,46,53703.38,2025-11-09,PENDING
543,11811,7190,Health Claim,2026-02-23,66583.79,PENDING,0,8,44922.61,2023-09-24,VERIFIED
544,19432,6909,Property Damage,2026-04-16,9232.16,APPROVED,0,90,15829.22,2025-10-05,PENDING
545,1472,3343,Motor Accident,2025-12-11,88336.0,PENDING,0,56,75382.74,2024-04-08,VERIFIED
546,10383,6012,Property Damage,2025-09-14,22350.84,PENDING,0,76,97140.88,2023-06-30,PENDING
547,23671,6034,Life Claim,2026-05-13,29692.43,APPROVED,0,11,83509.92,2023-09-04,PENDING
548,21406,3747,Motor Accident,2026-02-27,105295.56,APPROVED,0,62,78277.78,2023-07-18,PENDING
549,6319,1701,Property Damage,2026-04-10,59972.5,APPROVED,0,80,32541.36,2026-05-07,PENDING
550,13425,3710,Life Claim,2025-08-20,59166.11,PENDING,0,54,46802.27,2026-03-21,PENDING
551,11303,4605,Motor Accident,2026-05-05,7100.55,APPROVED,0,79,58806.13,2023-06-09,VERIFIED
552,1852,7137,Motor Accident,2025-10-25,19516.91,REJECTED,0,82,62416.86,2024-03-20,VERIFIED
553,17050,9552,Life Claim,2026-03-10,53079.56,PENDING,0,51,77150.36,2023-06-19,VERIFIED
554,9929,6045,Life Claim,2025-11-03,23947.05,APPROVED,0,12,64237.81,2023-08-28,VERIFIED
555,10221,9255,Health Claim,2026-04-30,11846.44,PENDING,0,84,29792.27,2023-11-04,VERIFIED
556,5829,6565,Life Claim,2025-08-23,12074.55,PENDING,0,80,21482.79,2023-12-09,PENDING
557,12415,7998,Life Claim,2025-07-08,55238.64,REJECTED,0,90,45831.56,2025-11-10,PENDING
558,13099,7981,Health Claim,2025-09-06,17847.28,REJECTED,0,49,74448.08,2024-01-12,PENDING
559,4308,25,Property Damage,2025-12-24,40830.14,APPROVED,0,94,70848.2,2024-09-10,PENDING
560,7517,13,Health Claim,2025-08-02,32221.89,REJECTED,0,97,60544.76,2025-10-17,VERIFIED
561,2678,3441,Health Claim,2025-11-27,10736.82,APPROVED,0,70,44006.29,2024-02-16,PENDING
562,1749,7425,Life Claim,2026-02-14,136653.54,REJECTED,0,33,84203.22,2025-11-09,VERIFIED
563,20142,9670,Property Damage,2025-08-02,20986.61,REJECTED,0,14,68242.49,2025-07-24,VERIFIED
564,483,6072,Health Claim,2026-02-20,65219.17,PENDING,0,21,98441.89,2023-11-11,PENDING
565,22447,7795,Life Claim,2025-11-02,12247.15,APPROVED,0,98,8004.03,2024-03-06,VERIFIED
566,24574,992,Life Claim,2025-09-03,10984.85,PENDING,0,49,21403.07,2023-07-07,VERIFIED
567,18924,8059,Property Damage,2026-03-23,100280.35,REJECTED,0,69,57804.02,2026-01-30,PENDING
568,8395,8384,Motor Accident,2026-02-28,129228.64,PENDING,0,66,73196.84,2024-02-28,VERIFIED
569,14677,8675,Property Damage,2025-06-18,27241.09,PENDING,0,48,49217.02,2025-01-24,PENDING
570,16712,6716,Health Claim,2025-12-24,44938.08,REJECTED,0,35,30196.35,2026-02-23,PENDING
571,5389,7166,Property Damage,2025-06-01,47276.92,APPROVED,0,81,25234.41,2025-02-10,PENDING
572,14111,739,Health Claim,2026-02-17,30897.09,PENDING,0,1,21819.57,2025-03-09,VERIFIED
573,8407,4309,Motor Accident,2025-12-18,8761.45,PENDING,0,65,19242.62,2025-05-11,PENDING
574,12011,423,Motor Accident,2025-12-20,42434.23,APPROVED,0,47,27807.56,2024-08-15,PENDING
575,14192,809,Motor Accident,2025-06-21,56575.57,PENDING,0,78,92724.86,2026-03-13,VERIFIED
576,14846,7669,Life Claim,2025-09-21,12100.77,PENDING,0,15,87178.23,2023-08-05,VERIFIED
577,8697,7099,Property Damage,2026-05-10,19018.58,APPROVED,0,49,65179.99,2024-08-07,PENDING
578,19301,2072,Life Claim,2025-08-20,31465.35,PENDING,0,8,88971.51,2024-11-12,PENDING
579,8136,154,Life Claim,2025-09-16,21635.61,APPROVED,0,80,39594.25,2025-01-05,PENDING
580,9409,1043,Life Claim,2025-06-23,52571.03,REJECTED,0,92,76343.84,2024-04-20,PENDING
581,20897,8075,Motor Accident,2025-11-27,5029.59,APPROVED,0,100,26913.19,2023-07-22,PENDING
582,20963,2427,Life Claim,2026-01-03,74025.26,REJECTED,0,80,65596.68,2025-07-20,VERIFIED
583,1794,1306,Motor Accident,2026-01-20,17836.2,APPROVED,0,87,13118.95,2026-03-07,PENDING
584,19469,7241,Health Claim,2026-01-20,15010.63,APPROVED,0,10,44903.03,2025-02-27,PENDING
585,12165,3913,Health Claim,2025-06-26,5222.28,REJECTED,0,58,11062.78,2024-10-16,PENDING
586,17415,1891,Health Claim,2025-08-14,3786.7,APPROVED,0,46,5981.4,2026-05-05,VERIFIED
587,2433,9706,Property Damage,2026-02-28,35860.04,PENDING,0,99,86082.31,2023-10-01,PENDING
588,9768,3279,Life Claim,2025-07-28,34696.56,APPROVED,0,12,79930.27,2026-04-26,PENDING
589,23879,5386,Motor Accident,2025-11-01,24318.37,REJECTED,0,42,35748.02,2024-04-07,PENDING
590,2444,4015,Motor Accident,2025-05-27,6553.46,APPROVED,0,24,65450.07,2026-01-29,VERIFIED
591,3536,7354,Life Claim,2025-07-16,17996.45,REJECTED,0,3,59696.29,2023-07-30,PENDING
592,15071,7219,Health Claim,2026-05-21,47491.74,APPROVED,0,32,27764.62,2025-03-23,VERIFIED
593,4950,4234,Life Claim,2025-09-22,25124.2,REJECTED,0,16,56089.05,2024-12-12,PENDING
594,4303,4888,Motor Accident,2026-04-22,34800.65,APPROVED,0,84,55388.35,2024-05-20,PENDING
595,4686,3093,Life Claim,2025-06-30,1061.71,APPROVED,0,78,9292.13,2024-07-23,VERIFIED
596,18099,3065,Motor Accident,2025-08-13,40173.83,PENDING,0,86,77230.19,2026-03-19,VERIFIED
597,8532,61,Life Claim,2025-11-10,14474.32,REJECTED,0,12,55241.55,2025-02-21,VERIFIED
598,9388,7808,Property Damage,2026-04-20,138556.37,PENDING,0,8,71447.87,2025-03-06,PENDING
599,22406,7959,Life Claim,2026-03-02,10626.14,APPROVED,0,30,5832.5,2025-06-19,VERIFIED
600,3254,506,Health Claim,2026-02-27,44017.51,PENDING,0,95,29648.04,2026-03-12,VERIFIED
601,16723,4929,Motor Accident,2025-09-22,51515.59,APPROVED,0,88,96543.91,2023-09-07,PENDING
602,23598,5856,Motor Accident,2025-06-04,56807.18,PENDING,0,99,29083.1,2026-04-13,PENDING
603,17726,7280,Life Claim,2025-07-04,1044.11,REJECTED,0,60,9591.47,2023-07-26,VERIFIED
604,20863,3349,Property Damage,2026-01-14,20091.67,APPROVED,0,53,57224.87,2026-02-22,VERIFIED
605,17016,6989,Health Claim,2025-10-18,127111.94,APPROVED,0,28,90450.25,2023-11-13,PENDING
606,22614,544,Life Claim,2026-01-10,21778.81,APPROVED,0,70,49089.0,2023-10-06,VERIFIED
607,18256,1726,Property Damage,2026-01-10,31838.99,PENDING,0,97,66575.38,2024-01-11,VERIFIED
608,3044,5746,Motor Accident,2026-04-20,116372.96,REJECTED,0,4,70004.45,2025-04-27,VERIFIED
609,5344,2524,Life Claim,2025-06-22,11919.44,REJECTED,0,24,34944.48,2025-10-06,PENDING
610,440,6139,Health Claim,2025-12-09,9857.56,APPROVED,0,21,79536.11,2025-12-29,PENDING
611,13926,389,Life Claim,2025-11-21,20115.22,REJECTED,0,12,62549.92,2025-05-07,PENDING
612,1778,264,Life Claim,2026-02-14,133775.56,REJECTED,0,39,76741.21,2023-10-10,PENDING
613,2286,4248,Life Claim,2026-02-13,35166.45,REJECTED,0,88,77281.48,2024-12-11,PENDING
614,22631,4403,Motor Accident,2025-09-29,11624.16,APPROVED,0,60,18396.29,2026-05-05,PENDING
615,3058,7124,Property Damage,2026-03-30,36536.18,REJECTED,0,42,77650.81,2024-12-27,PENDING
616,11059,2854,Motor Accident,2026-03-28,3442.69,APPROVED,0,7,28448.1,2024-07-17,VERIFIED
617,18805,9053,Health Claim,2025-10-13,38110.09,REJECTED,0,50,33588.09,2023-08-02,PENDING
618,6664,3344,Life Claim,2025-09-22,3934.43,REJECTED,0,20,20935.56,2026-05-12,VERIFIED
619,19366,2248,Property Damage,2025-08-08,31004.74,PENDING,0,71,18167.08,2024-03-27,VERIFIED
620,8943,49,Motor Accident,2026-01-02,30678.32,APPROVED,0,9,60632.01,2026-02-20,VERIFIED
621,10386,5918,Property Damage,2025-10-18,3423.19,REJECTED,0,82,11649.28,2024-08-04,PENDING
622,3187,1986,Life Claim,2025-12-16,92753.66,APPROVED,0,44,54376.23,2025-03-27,PENDING
623,19238,3448,Health Claim,2025-05-26,4423.92,APPROVED,0,45,25876.5,2024-11-15,VERIFIED
624,2169,9786,Health Claim,2025-12-29,9790.39,APPROVED,0,46,73824.08,2025-11-24,VERIFIED
625,4075,303,Health Claim,2026-02-04,13558.73,PENDING,0,23,59420.33,2025-04-24,VERIFIED
626,9364,6067,Property Damage,2026-04-04,11921.82,PENDING,0,65,21622.32,2025-06-21,VERIFIED
627,13854,9059,Health Claim,2025-06-30,39174.14,PENDING,0,66,34808.11,2024-01-28,PENDING
628,14815,3512,Health Claim,2025-09-13,105539.48,APPROVED,0,100,57218.68,2023-07-13,VERIFIED
629,6292,6922,Life Claim,2025-09-17,25206.78,REJECTED,0,85,81460.54,2024-08-27,PENDING
630,1860,2346,Life Claim,2025-12-22,7153.39,REJECTED,0,30,15587.16,2025-10-14,VERIFIED
631,4167,6821,Life Claim,2026-03-23,36224.89,REJECTED,0,67,98765.72,2024-08-05,VERIFIED
632,19581,5094,Health Claim,2025-06-20,13125.46,REJECTED,0,32,46792.72,2023-10-09,VERIFIED
633,2813,5734,Property Damage,2025-12-16,114341.47,APPROVED,0,23,98768.73,2026-03-25,PENDING
634,14288,1842,Motor Accident,2026-05-11,20354.24,REJECTED,0,95,39341.55,2024-01-22,PENDING
635,166,9312,Health Claim,2026-04-13,25509.72,APPROVED,0,84,47762.21,2025-10-28,PENDING
636,10329,62,Property Damage,2025-08-13,8595.45,APPROVED,0,52,20879.96,2026-04-25,PENDING
637,18861,9315,Health Claim,2025-11-06,10277.87,APPROVED,0,93,26119.54,2024-12-07,VERIFIED
638,11118,1640,Motor Accident,2026-01-14,10238.04,APPROVED,0,11,59285.79,2023-09-16,VERIFIED
639,5040,3173,Life Claim,2025-10-04,108095.86,PENDING,0,29,60123.47,2023-09-27,VERIFIED
640,20502,9450,Property Damage,2026-03-02,6018.7,REJECTED,0,4,59574.56,2024-08-09,PENDING
641,3947,8949,Motor Accident,2025-07-27,40538.27,PENDING,0,67,82406.09,2024-08-20,PENDING
642,8181,4584,Motor Accident,2025-12-21,9162.34,REJECTED,0,95,13221.47,2025-03-20,VERIFIED
643,9312,3617,Health Claim,2025-12-14,38469.66,REJECTED,0,23,87270.27,2024-06-03,PENDING
644,7655,6852,Property Damage,2026-03-28,28244.06,PENDING,0,76,49797.07,2023-10-21,VERIFIED
645,17306,9781,Motor Accident,2025-07-16,12804.99,PENDING,0,78,58228.67,2024-08-16,VERIFIED
646,10508,2538,Motor Accident,2026-01-07,5197.23,REJECTED,0,59,17729.71,2023-09-28,VERIFIED
647,12247,4023,Property Damage,2025-06-27,28929.26,PENDING,0,64,84151.68,2025-08-07,VERIFIED
648,15528,8176,Health Claim,2026-05-24,12485.86,REJECTED,0,71,22586.96,2024-06-01,VERIFIED
649,11564,7003,Life Claim,2026-01-02,14236.8,PENDING,0,2,58463.98,2023-07-07,PENDING
650,6222,7741,Motor Accident,2026-01-03,7314.56,PENDING,0,41,51782.53,2023-08-23,VERIFIED
651,7665,577,Life Claim,2026-05-25,61133.44,PENDING,0,72,95741.98,2025-12-09,PENDING
652,23507,5656,Life Claim,2026-01-29,14308.07,APPROVED,0,53,44848.64,2024-04-11,PENDING
653,21909,1629,Motor Accident,2025-12-27,6269.07,REJECTED,0,42,16910.43,2023-10-01,VERIFIED
654,3080,4741,Life Claim,2025-11-14,20737.94,APPROVED,0,11,47999.31,2025-11-19,PENDING
655,24935,9936,Property Damage,2025-09-30,12825.98,PENDING,0,16,56716.82,2023-07-09,PENDING
656,1605,124,Life Claim,2025-10-30,46616.24,PENDING,0,65,75138.35,2024-12-17,VERIFIED
657,11238,7416,Property Damage,2025-07-11,16820.76,PENDING,0,69,41265.98,2023-11-17,VERIFIED
658,20417,2680,Property Damage,2025-10-03,43893.83,REJECTED,0,87,37456.45,2025-08-01,PENDING
659,20346,4469,Life Claim,2025-12-28,24027.37,REJECTED,0,11,89607.4,2024-09-29,PENDING
660,4527,8894,Health Claim,2026-05-17,6180.85,APPROVED,0,89,15365.64,2024-07-16,PENDING
661,145,5933,Property Damage,2026-01-28,32130.01,REJECTED,0,2,16445.78,2026-04-13,VERIFIED
662,17578,1126,Health Claim,2025-07-05,9447.16,PENDING,0,44,17260.49,2023-06-06,VERIFIED
663,15256,6971,Life Claim,2025-10-28,30610.94,PENDING,0,87,70254.35,2025-01-30,PENDING
664,23436,1154,Motor Accident,2025-08-25,137493.65,APPROVED,0,23,81387.07,2026-03-26,VERIFIED
665,18514,3775,Motor Accident,2025-05-29,56590.54,REJECTED,0,27,92813.87,2025-05-05,VERIFIED
666,2193,971,Motor Accident,2026-02-21,69968.97,APPROVED,0,20,42432.71,2025-03-27,VERIFIED
667,15282,1471,Property Damage,2026-04-20,57275.9,PENDING,0,59,95850.65,2024-06-12,PENDING
668,6841,6007,Property Damage,2025-09-23,39968.08,REJECTED,0,22,95015.38,2025-01-10,PENDING
669,16881,4988,Motor Accident,2026-02-11,2038.0,REJECTED,0,13,17235.74,2024-01-21,PENDING
670,14497,1525,Motor Accident,2025-09-13,18006.5,REJECTED,0,38,55263.42,2024-08-03,VERIFIED
671,23147,4012,Life Claim,2025-12-19,35338.69,REJECTED,0,35,63320.57,2025-11-05,VERIFIED
672,14185,7719,Life Claim,2026-03-01,10186.0,REJECTED,0,32,95377.19,2025-01-25,VERIFIED
673,1532,2103,Motor Accident,2025-06-18,198024.64,REJECTED,0,68,99986.37,2024-03-04,PENDING
674,6274,7504,Life Claim,2025-11-01,18559.6,REJECTED,0,84,11806.01,2023-12-06,VERIFIED
675,7923,2896,Life Claim,2025-10-09,125580.55,APPROVED,0,32,64808.51,2024-01-04,VERIFIED
676,20059,4785,Life Claim,2026-03-02,48209.17,PENDING,0,34,72828.08,2025-05-04,PENDING
677,12894,4679,Motor Accident,2025-08-01,8422.57,PENDING,0,84,21157.55,2025-05-13,PENDING
678,19501,2591,Motor Accident,2026-01-14,31694.46,APPROVED,0,74,51512.53,2024-01-03,VERIFIED
679,15281,7471,Motor Accident,2026-04-17,22812.89,PENDING,0,86,33226.58,2025-09-06,PENDING
680,19077,9202,Health Claim,2025-12-02,20525.79,APPROVED,0,36,85102.74,2024-04-21,VERIFIED
681,14662,8671,Motor Accident,2026-01-28,30363.71,PENDING,0,27,53602.04,2025-04-09,VERIFIED
682,3233,2703,Health Claim,2026-04-03,7531.09,APPROVED,0,35,35322.29,2025-01-27,PENDING
683,10766,3400,Property Damage,2025-07-09,140755.94,REJECTED,0,3,80804.65,2024-01-21,VERIFIED
684,12320,7293,Life Claim,2025-11-14,14534.63,APPROVED,0,15,63069.24,2026-02-21,PENDING
685,23429,5488,Health Claim,2025-12-09,13610.37,REJECTED,0,17,21712.05,2024-06-11,VERIFIED
686,13934,421,Motor Accident,2026-03-22,57668.25,REJECTED,0,4,96301.69,2023-08-19,PENDING
687,16571,7471,Health Claim,2025-08-08,144851.0,PENDING,0,60,99191.56,2023-07-27,VERIFIED
688,20767,8694,Health Claim,2025-07-19,2719.89,REJECTED,0,38,6784.08,2024-11-20,PENDING
689,18784,4053,Health Claim,2026-05-14,29938.58,PENDING,0,57,91912.27,2025-12-06,VERIFIED
690,19289,4138,Health Claim,2025-09-08,8729.61,PENDING,0,51,12706.84,2026-04-17,VERIFIED
691,15739,2275,Motor Accident,2025-06-11,11703.3,APPROVED,0,19,83401.51,2025-04-07,VERIFIED
692,20456,7961,Life Claim,2025-05-29,94388.92,PENDING,0,54,87031.01,2025-12-10,PENDING
693,17713,1931,Motor Accident,2025-08-16,109374.31,PENDING,0,33,62754.98,2024-12-13,PENDING
694,4276,576,Property Damage,2025-11-28,20236.03,REJECTED,0,97,69043.57,2024-02-06,VERIFIED
695,8932,9054,Motor Accident,2025-11-20,139447.31,REJECTED,0,13,85674.75,2023-12-29,PENDING
696,11920,7222,Motor Accident,2025-10-21,1371.93,APPROVED,0,91,5713.1,2023-12-02,PENDING
697,15354,7047,Property Damage,2025-06-11,6392.89,REJECTED,0,12,10019.76,2023-06-27,PENDING
698,16726,8596,Health Claim,2026-03-04,53927.9,APPROVED,0,40,83903.51,2025-06-27,PENDING
699,2753,8707,Motor Accident,2025-10-10,2788.05,APPROVED,0,53,22676.01,2023-09-18,PENDING
700,2517,8274,Health Claim,2025-08-13,44457.38,APPROVED,0,94,74646.65,2024-11-15,PENDING
701,13894,8151,Motor Accident,2025-08-09,27407.68,REJECTED,0,58,24421.52,2023-08-28,PENDING
702,732,2180,Life Claim,2025-11-09,30243.5,PENDING,0,41,74258.07,2023-12-09,PENDING
703,14853,1935,Life Claim,2025-11-02,32280.63,PENDING,0,19,67395.06,2024-04-28,PENDING
704,9183,1163,Health Claim,2025-08-03,38417.2,PENDING,0,79,24230.49,2023-09-26,PENDING
705,20643,702,Motor Accident,2025-10-14,119523.64,PENDING,0,87,97373.81,2025-07-29,VERIFIED
706,20103,6254,Health Claim,2026-01-03,13104.51,PENDING,0,11,27460.96,2025-01-29,VERIFIED
707,21505,9142,Health Claim,2025-10-11,15819.73,APPROVED,0,30,32597.82,2026-03-10,PENDING
708,11258,2685,Motor Accident,2026-03-18,10994.9,PENDING,0,90,80709.02,2025-03-10,VERIFIED
709,24404,8595,Health Claim,2025-12-12,5385.74,PENDING,0,58,37953.16,2024-03-26,VERIFIED
710,6355,124,Motor Accident,2025-11-21,23458.7,PENDING,0,52,15888.19,2026-03-20,PENDING
711,9560,5681,Motor Accident,2026-02-17,82234.54,REJECTED,0,100,46673.46,2024-05-20,PENDING
712,23785,7701,Health Claim,2026-04-21,17455.73,PENDING,0,39,60237.91,2024-09-11,VERIFIED
713,23447,9258,Health Claim,2026-04-18,52225.07,REJECTED,0,78,91325.59,2024-10-24,VERIFIED
714,9780,6044,Health Claim,2025-09-16,17126.55,APPROVED,0,87,10696.0,2023-09-01,PENDING
715,7780,2067,Life Claim,2025-07-25,118414.15,REJECTED,0,20,86812.2,2023-09-27,VERIFIED
716,6160,3609,Property Damage,2026-04-25,13832.4,REJECTED,0,96,59370.82,2026-04-08,VERIFIED
717,205,8478,Life Claim,2025-11-18,17564.76,APPROVED,0,57,69841.72,2023-10-22,VERIFIED
718,3363,6597,Health Claim,2025-10-26,10845.31,PENDING,0,50,38145.94,2024-07-24,VERIFIED
719,4315,7776,Motor Accident,2025-11-03,41326.31,PENDING,0,59,71152.36,2025-10-30,PENDING
720,5646,2177,Life Claim,2026-02-16,31411.71,REJECTED,0,44,73518.06,2025-04-01,PENDING
721,38,1961,Property Damage,2025-09-24,12027.29,APPROVED,0,20,50106.38,2023-09-09,VERIFIED
722,9077,2867,Health Claim,2025-11-21,26607.88,REJECTED,0,66,52327.88,2024-04-30,PENDING
723,10473,6934,Life Claim,2025-11-27,146250.13,PENDING,0,40,91012.61,2023-06-02,PENDING
724,19331,2844,Life Claim,2026-02-28,64821.02,REJECTED,0,37,34677.29,2024-09-13,VERIFIED
725,943,4455,Property Damage,2025-07-17,19793.99,REJECTED,0,81,37641.25,2023-12-19,PENDING
726,8492,6768,Property Damage,2025-08-23,166354.72,PENDING,0,87,93500.4,2025-08-19,PENDING
727,20128,825,Life Claim,2026-03-29,3808.99,PENDING,0,10,35523.61,2025-04-02,PENDING
728,15319,958,Health Claim,2025-12-09,26815.27,PENDING,0,73,58747.99,2025-11-12,VERIFIED
729,11045,4771,Health Claim,2025-12-14,2414.43,PENDING,0,11,5591.21,2025-11-22,VERIFIED
730,17594,1806,Motor Accident,2025-08-13,132914.04,PENDING,0,75,85749.22,2025-05-27,VERIFIED
731,2115,6701,Life Claim,2026-01-06,17270.8,PENDING,0,56,11733.07,2025-08-31,VERIFIED
732,8634,9345,Property Damage,2025-08-25,34136.61,REJECTED,0,57,78057.56,2025-08-04,VERIFIED
733,23393,1262,Life Claim,2025-09-23,36546.51,PENDING,0,96,76041.18,2025-04-06,VERIFIED
734,181,7063,Motor Accident,2025-10-08,22226.19,PENDING,0,43,69799.06,2025-02-23,VERIFIED
735,8137,5676,Health Claim,2025-08-11,37821.92,PENDING,0,16,25643.15,2024-03-01,VERIFIED
736,9713,371,Life Claim,2025-07-08,43625.08,PENDING,0,40,70444.63,2025-02-23,PENDING
737,4493,2037,Motor Accident,2026-04-08,10577.89,PENDING,0,100,97236.21,2025-07-08,VERIFIED
738,13805,1992,Health Claim,2025-08-22,26684.71,PENDING,0,75,58667.38,2024-05-04,VERIFIED
739,14158,4991,Life Claim,2025-12-08,5988.98,PENDING,0,96,52265.66,2024-11-10,PENDING
740,22857,3777,Motor Accident,2025-08-20,81621.93,APPROVED,0,82,79309.86,2024-05-14,VERIFIED
741,14915,8985,Life Claim,2026-01-29,10721.77,APPROVED,0,29,56777.31,2023-08-20,PENDING
742,8600,2948,Property Damage,2025-06-15,20117.66,APPROVED,0,76,58127.97,2025-09-09,PENDING
743,9320,8692,Health Claim,2026-04-26,4111.67,PENDING,0,31,21782.95,2025-12-22,VERIFIED
744,12189,2901,Health Claim,2025-10-23,66720.52,APPROVED,0,42,57234.35,2024-05-19,PENDING
745,17359,7941,Motor Accident,2025-12-27,11043.79,APPROVED,0,55,70303.23,2023-08-11,VERIFIED
746,15143,348,Life Claim,2025-09-08,8311.24,REJECTED,0,27,75938.64,2024-01-06,PENDING
747,11446,1789,Health Claim,2026-03-26,10587.92,APPROVED,0,7,53274.2,2023-12-13,VERIFIED
748,2509,2187,Property Damage,2025-09-28,112791.36,PENDING,0,11,95596.79,2024-01-23,PENDING
749,4409,8578,Property Damage,2026-05-08,10092.49,PENDING,0,35,39311.55,2024-10-23,VERIFIED
750,14512,3336,Motor Accident,2026-01-29,41352.53,APPROVED,0,66,27561.4,2025-07-08,PENDING
751,18132,9451,Motor Accident,2026-03-13,33209.17,APPROVED,0,56,68546.94,2024-02-28,PENDING
752,23941,9234,Motor Accident,2025-11-28,32989.4,REJECTED,0,90,67517.86,2026-04-08,VERIFIED
753,12952,8107,Life Claim,2025-10-15,3264.16,PENDING,0,82,5654.97,2025-02-07,VERIFIED
754,23796,1340,Property Damage,2026-03-13,5371.08,APPROVED,0,100,44557.86,2024-08-23,VERIFIED
755,2655,2279,Health Claim,2025-10-04,5024.0,PENDING,0,71,34187.55,2026-01-31,VERIFIED
756,6052,4434,Life Claim,2025-09-07,11394.53,APPROVED,0,21,7698.65,2025-04-05,VERIFIED
757,12416,8362,Life Claim,2025-08-11,9418.01,PENDING,0,51,41279.67,2025-10-25,VERIFIED
758,17327,6987,Property Damage,2025-09-08,65265.59,REJECTED,0,93,99952.07,2023-10-10,PENDING
759,16043,5698,Property Damage,2025-07-08,9129.8,REJECTED,0,12,48613.42,2024-05-03,PENDING
760,1466,8301,Health Claim,2025-10-28,21886.7,REJECTED,0,44,61527.25,2024-05-09,PENDING
761,23438,7316,Motor Accident,2026-01-21,2761.79,REJECTED,0,48,6342.79,2023-06-16,PENDING
762,351,4397,Property Damage,2025-11-14,40246.38,APPROVED,0,96,58003.68,2026-05-03,VERIFIED
763,8913,2684,Health Claim,2025-09-12,1559.3,REJECTED,0,90,8998.38,2023-11-05,VERIFIED
764,4538,8665,Life Claim,2025-11-13,60788.96,APPROVED,0,67,41212.85,2024-01-26,PENDING
765,16340,4188,Motor Accident,2025-09-06,10670.98,REJECTED,0,77,66265.46,2023-08-26,PENDING
766,9860,8016,Health Claim,2026-01-24,177377.44,PENDING,0,46,96453.77,2023-12-29,PENDING
767,20611,7998,Property Damage,2026-01-27,14766.79,APPROVED,0,55,67541.3,2024-10-16,PENDING
768,9956,8919,Motor Accident,2025-07-13,12976.05,REJECTED,0,12,85145.28,2024-11-18,PENDING
769,19968,5867,Property Damage,2025-06-21,11192.48,REJECTED,0,86,33950.81,2025-01-16,VERIFIED
770,2680,8406,Health Claim,2026-05-23,2966.76,REJECTED,0,70,27218.9,2025-08-01,PENDING
771,16479,8634,Motor Accident,2026-05-11,25539.43,PENDING,0,85,50434.51,2024-02-26,PENDING
772,8174,8022,Health Claim,2026-01-24,31394.05,APPROVED,0,41,58309.51,2025-05-11,VERIFIED
773,2028,3401,Motor Accident,2025-12-19,6733.47,REJECTED,0,59,27637.37,2024-01-05,VERIFIED
774,507,9799,Health Claim,2026-01-05,67776.23,APPROVED,0,18,56178.44,2024-02-23,VERIFIED
775,15613,9325,Health Claim,2026-02-11,14381.41,APPROVED,0,90,55530.61,2026-01-27,VERIFIED
776,14957,3344,Health Claim,2026-04-24,17279.09,APPROVED,0,6,60423.41,2026-02-27,VERIFIED
777,24953,4290,Life Claim,2025-10-17,11422.71,PENDING,0,56,6216.9,2024-02-23,PENDING
778,6483,2425,Health Claim,2026-05-12,117255.17,APPROVED,0,56,84876.03,2026-04-20,VERIFIED
779,4986,3709,Property Damage,2025-09-29,16275.61,APPROVED,0,5,75528.42,2024-06-06,VERIFIED
780,4446,8897,Life Claim,2026-03-25,19774.91,REJECTED,0,7,31092.15,2023-10-15,VERIFIED
781,8262,6344,Health Claim,2026-03-23,12552.78,APPROVED,0,9,34069.28,2025-05-14,VERIFIED
782,22475,853,Life Claim,2025-10-27,104980.96,APPROVED,0,10,93446.92,2024-11-28,VERIFIED
783,712,5074,Motor Accident,2026-04-21,23702.68,APPROVED,0,60,42558.38,2024-08-05,PENDING
784,3383,9318,Health Claim,2026-01-29,5967.2,REJECTED,0,59,59497.14,2025-01-04,VERIFIED
785,6198,1642,Property Damage,2025-07-30,16674.0,APPROVED,0,32,63424.46,2023-09-04,PENDING
786,6029,7553,Property Damage,2025-09-26,30056.25,APPROVED,0,38,24648.13,2025-01-27,PENDING
787,8920,8734,Life Claim,2026-03-05,44820.99,APPROVED,0,12,28316.76,2025-11-11,PENDING
788,16129,5477,Health Claim,2025-06-28,43651.78,PENDING,0,75,85953.76,2024-05-11,VERIFIED
789,11657,2185,Health Claim,2026-05-01,94633.93,REJECTED,0,8,54172.97,2025-08-27,VERIFIED
790,3838,4985,Health Claim,2026-04-01,25629.86,REJECTED,0,66,72883.97,2026-04-20,VERIFIED
791,9042,9288,Health Claim,2026-01-03,6703.48,PENDING,0,73,25255.2,2026-02-02,VERIFIED
792,6196,5994,Motor Accident,2026-01-05,20803.91,PENDING,0,20,16439.06,2023-12-21,PENDING
793,10689,994,Life Claim,2025-10-05,157062.61,PENDING,0,17,93238.55,2025-12-03,VERIFIED
794,7412,7463,Health Claim,2026-05-10,27667.86,PENDING,0,13,62241.76,2025-05-20,VERIFIED
795,2682,3118,Property Damage,2025-08-25,56768.25,APPROVED,0,3,47191.63,2025-11-22,VERIFIED
796,19370,9897,Health Claim,2026-03-27,16362.76,PENDING,0,98,12473.19,2025-05-31,PENDING
797,24927,645,Health Claim,2026-05-16,13793.41,APPROVED,0,34,20351.01,2024-10-10,PENDING
798,9541,5524,Property Damage,2026-02-19,20787.67,REJECTED,0,7,37559.71,2024-04-15,PENDING
799,24489,8275,Motor Accident,2025-11-14,64508.18,REJECTED,0,53,36942.0,2025-08-24,VERIFIED
800,11386,9543,Life Claim,2026-03-12,21123.31,APPROVED,0,12,73510.81,2023-12-30,PENDING
801,5490,4960,Motor Accident,2025-06-19,24996.34,PENDING,0,87,19754.86,2025-08-12,VERIFIED
802,23267,848,Health Claim,2026-05-12,59511.18,REJECTED,0,85,86304.73,2025-10-16,VERIFIED
803,4457,2949,Motor Accident,2026-04-10,22234.91,REJECTED,0,93,86763.4,2024-02-09,PENDING
804,8287,8558,Life Claim,2025-12-22,26898.23,APPROVED,0,1,77818.81,2025-03-16,PENDING
805,16037,3793,Motor Accident,2025-08-29,89359.91,APPROVED,0,9,78662.7,2024-12-17,VERIFIED
806,16854,1729,Property Damage,2025-08-15,63411.2,REJECTED,0,55,44967.2,2024-08-24,VERIFIED
807,8994,9841,Health Claim,2026-02-11,15852.57,REJECTED,0,26,14077.13,2024-07-01,PENDING
808,22909,1059,Health Claim,2026-05-01,18671.53,APPROVED,0,14,85958.14,2023-07-08,VERIFIED
809,3584,5769,Motor Accident,2026-01-19,13536.71,PENDING,0,52,63246.69,2025-07-11,VERIFIED
810,23911,7773,Life Claim,2025-10-29,83630.31,REJECTED,0,79,50091.01,2025-09-07,VERIFIED
811,10413,5974,Life Claim,2025-12-25,14109.81,PENDING,0,42,44261.82,2024-01-09,VERIFIED
812,7384,7522,Motor Accident,2026-03-28,5920.42,APPROVED,0,45,46141.59,2026-02-02,VERIFIED
813,5998,2611,Health Claim,2025-11-10,4138.6,PENDING,0,51,29838.9,2025-07-11,PENDING
814,24994,7422,Health Claim,2026-03-15,4725.16,APPROVED,0,71,7210.93,2023-10-01,VERIFIED
815,20461,4136,Health Claim,2026-04-18,3502.22,APPROVED,0,26,13929.19,2023-12-28,PENDING
816,19925,278,Life Claim,2025-06-02,19953.4,APPROVED,0,45,28651.9,2026-03-02,VERIFIED
817,19426,3691,Motor Accident,2025-10-12,12345.46,PENDING,0,5,29075.8,2025-03-28,PENDING
818,6351,9389,Property Damage,2026-01-11,33261.49,REJECTED,0,56,85195.95,2023-12-12,VERIFIED
819,3277,5137,Motor Accident,2025-09-01,26621.01,APPROVED,0,14,68877.78,2026-01-03,PENDING
820,20150,2141,Property Damage,2026-04-16,7509.47,APPROVED,0,54,11956.04,2023-07-18,VERIFIED
821,20899,1995,Health Claim,2026-05-04,88466.1,APPROVED,0,12,58315.18,2024-08-27,PENDING
822,19394,2236,Motor Accident,2026-04-10,24313.37,PENDING,0,89,76814.17,2026-03-20,PENDING
823,813,2139,Life Claim,2025-10-14,3851.61,REJECTED,0,89,12884.4,2025-12-13,VERIFIED
824,7858,7196,Property Damage,2025-12-21,40968.5,APPROVED,0,71,61035.11,2025-11-22,PENDING
825,19955,260,Motor Accident,2025-06-23,13409.22,APPROVED,0,14,7316.31,2024-04-05,VERIFIED
826,22755,6014,Health Claim,2025-10-20,21522.57,REJECTED,0,56,20120.13,2024-03-08,PENDING
827,20537,2008,Motor Accident,2025-11-14,14989.68,REJECTED,0,51,85682.49,2025-05-13,VERIFIED
828,15932,8085,Property Damage,2025-08-31,19751.46,PENDING,0,54,52469.74,2025-09-01,VERIFIED
829,21480,4653,Motor Accident,2025-12-24,9245.23,APPROVED,0,57,70452.45,2024-12-25,VERIFIED
830,15210,3480,Motor Accident,2025-06-14,18060.5,REJECTED,0,9,91871.91,2024-08-25,VERIFIED
831,10300,550,Life Claim,2025-06-28,7800.01,REJECTED,0,36,24369.19,2025-12-28,PENDING
832,9726,4923,Health Claim,2026-04-16,23253.52,APPROVED,0,49,62285.83,2023-12-17,PENDING
833,19656,9640,Life Claim,2026-04-13,3644.86,PENDING,0,14,25348.53,2023-10-31,PENDING
834,9344,5028,Motor Accident,2026-01-23,123879.52,REJECTED,0,11,62052.22,2024-05-05,VERIFIED
835,10377,5075,Motor Accident,2025-05-31,48284.29,APPROVED,0,5,33040.11,2023-12-15,VERIFIED
836,3983,9093,Motor Accident,2025-11-02,52798.33,PENDING,0,25,83283.29,2023-07-20,PENDING
837,3930,8953,Life Claim,2025-09-30,15760.14,PENDING,0,53,23877.3,2026-01-23,VERIFIED
838,16150,3747,Property Damage,2025-10-14,115659.74,APPROVED,0,39,91439.74,2024-09-16,VERIFIED
839,3059,1079,Life Claim,2026-02-19,27837.81,APPROVED,0,72,72033.67,2026-02-24,VERIFIED
840,1232,5085,Health Claim,2026-05-07,10451.97,REJECTED,0,8,28492.48,2024-05-20,PENDING
841,18000,7350,Property Damage,2025-08-11,14145.82,REJECTED,0,66,61078.76,2024-10-28,PENDING
842,15034,9485,Health Claim,2025-08-09,90742.63,PENDING,0,84,75266.56,2024-06-04,PENDING
843,20782,5776,Life Claim,2025-08-17,20097.79,REJECTED,0,7,77601.73,2024-10-20,PENDING
844,1456,1395,Motor Accident,2025-06-12,11620.05,PENDING,0,74,37089.3,2025-05-18,VERIFIED
845,11271,6297,Property Damage,2025-09-02,20360.4,PENDING,0,76,35205.05,2023-06-15,PENDING
846,12865,8090,Property Damage,2026-01-04,57482.13,APPROVED,0,45,90367.11,2026-04-08,VERIFIED
847,3797,2381,Motor Accident,2026-04-17,28988.28,APPROVED,0,20,83682.2,2024-10-17,VERIFIED
848,1594,9728,Life Claim,2026-01-07,5515.24,REJECTED,0,25,8942.4,2023-07-09,PENDING
849,6490,2129,Property Damage,2025-11-20,5897.18,PENDING,0,7,54531.49,2025-01-20,VERIFIED
850,4500,6165,Property Damage,2026-02-09,18235.51,REJECTED,0,12,35391.38,2023-09-20,PENDING
851,23174,9746,Property Damage,2025-12-08,15513.7,APPROVED,0,79,49739.02,2023-09-23,VERIFIED
852,952,7039,Life Claim,2025-08-17,69636.89,PENDING,0,20,35197.38,2023-08-23,PENDING
853,21062,3661,Health Claim,2025-07-23,22849.6,PENDING,0,26,51170.39,2025-09-23,PENDING
854,18829,766,Motor Accident,2025-12-21,6411.14,APPROVED,0,24,61634.26,2025-07-10,VERIFIED
855,14859,4889,Life Claim,2025-08-09,36912.35,REJECTED,0,97,32377.95,2023-10-11,PENDING
856,18835,5771,Property Damage,2026-01-22,2939.01,PENDING,0,5,23326.83,2025-06-13,PENDING
857,7899,244,Life Claim,2026-01-10,4864.49,APPROVED,0,71,42334.29,2024-05-09,PENDING
858,7739,7705,Life Claim,2025-11-02,33910.23,PENDING,0,30,26670.86,2024-03-29,PENDING
859,7891,1408,Health Claim,2026-04-04,9727.68,REJECTED,0,31,82697.37,2025-11-01,VERIFIED
860,21308,175,Life Claim,2025-07-12,138024.41,PENDING,0,13,93451.97,2026-05-20,VERIFIED
861,4468,2988,Life Claim,2025-10-20,13957.21,REJECTED,0,15,82374.61,2026-01-10,PENDING
862,4855,1135,Health Claim,2025-07-14,42062.04,REJECTED,0,73,85060.51,2025-07-25,PENDING
863,14130,2770,Health Claim,2025-11-06,8414.87,APPROVED,0,61,27321.36,2026-04-09,PENDING
864,2070,3074,Property Damage,2025-07-19,21759.64,APPROVED,0,79,67390.86,2024-05-30,PENDING
865,22836,8261,Health Claim,2025-07-31,163713.42,REJECTED,0,37,94684.4,2026-03-12,PENDING
866,16958,1776,Property Damage,2026-03-11,164481.39,APPROVED,0,49,97293.92,2026-01-22,PENDING
867,9830,589,Life Claim,2025-10-25,80849.4,PENDING,0,13,63988.82,2024-02-18,VERIFIED
868,8830,2666,Health Claim,2026-03-12,34785.02,REJECTED,0,69,61125.17,2025-03-01,VERIFIED
869,18041,1461,Health Claim,2026-02-17,13581.94,APPROVED,0,26,23444.87,2024-11-02,VERIFIED
870,22563,7629,Health Claim,2026-02-24,42798.55,APPROVED,0,4,76979.67,2024-06-03,PENDING
871,1278,8300,Health Claim,2026-03-14,42568.04,APPROVED,0,42,76708.51,2025-11-06,PENDING
872,18924,7835,Motor Accident,2025-08-27,3771.72,PENDING,0,83,20697.74,2023-08-30,PENDING
873,14774,9777,Life Claim,2025-05-30,38578.03,REJECTED,0,23,28124.97,2024-10-15,VERIFIED
874,1535,2371,Life Claim,2025-08-31,24335.89,REJECTED,0,46,63160.46,2023-09-04,VERIFIED
875,10519,728,Health Claim,2026-04-10,13455.91,PENDING,0,28,34094.11,2025-05-04,PENDING
876,22307,867,Motor Accident,2026-02-28,92708.93,PENDING,0,99,75105.38,2026-05-15,PENDING
877,14537,8280,Life Claim,2025-10-27,26672.55,APPROVED,0,47,95109.8,2025-03-04,PENDING
878,12307,812,Property Damage,2026-01-15,9885.71,REJECTED,0,37,31360.19,2024-09-10,PENDING
879,17696,7278,Motor Accident,2025-08-01,39028.28,PENDING,0,79,28670.6,2026-03-26,PENDING
880,4590,4008,Life Claim,2025-06-04,14100.83,REJECTED,0,100,42448.29,2024-03-29,PENDING
881,7471,8347,Life Claim,2025-12-21,3691.69,APPROVED,0,49,9021.97,2024-03-05,VERIFIED
882,5621,8292,Life Claim,2026-01-31,20572.64,PENDING,0,35,47484.2,2024-07-31,PENDING
883,4405,2686,Life Claim,2025-08-30,19597.66,PENDING,0,18,77508.17,2025-08-14,VERIFIED
884,17915,7810,Property Damage,2026-02-08,2699.66,APPROVED,0,57,9768.3,2023-08-01,VERIFIED
885,6212,9485,Life Claim,2026-02-02,24861.01,APPROVED,0,77,89782.58,2023-06-11,VERIFIED
886,5061,4813,Life Claim,2025-07-10,35472.21,APPROVED,0,63,22761.7,2025-07-11,PENDING
887,1825,4317,Motor Accident,2026-01-09,43571.41,PENDING,0,27,70034.88,2026-02-14,VERIFIED
888,23809,5144,Life Claim,2025-11-04,15017.72,APPROVED,0,63,36074.98,2025-06-27,VERIFIED
889,14191,9447,Health Claim,2026-03-12,14640.59,PENDING,0,39,26936.64,2025-12-24,PENDING
890,14192,1227,Health Claim,2025-06-12,6766.41,PENDING,0,13,6474.68,2025-08-17,PENDING
891,4901,7614,Motor Accident,2026-04-02,6091.87,APPROVED,0,49,11614.22,2023-12-14,VERIFIED
892,13746,6281,Life Claim,2025-12-31,14579.32,PENDING,0,37,51665.03,2026-04-21,PENDING
893,8299,8080,Motor Accident,2026-03-21,39603.54,REJECTED,0,25,30610.42,2025-04-09,VERIFIED
894,11961,2739,Motor Accident,2025-07-29,13669.4,APPROVED,0,76,36083.89,2023-12-10,VERIFIED
895,13440,864,Motor Accident,2026-02-05,16070.48,REJECTED,0,18,62633.45,2024-07-12,PENDING
896,3322,4487,Health Claim,2026-04-17,34157.54,REJECTED,0,45,84101.67,2025-08-07,PENDING
897,13192,3172,Motor Accident,2025-10-01,44799.3,APPROVED,0,51,42216.32,2024-10-28,PENDING
898,24016,9522,Motor Accident,2025-07-04,32674.02,PENDING,0,38,68715.83,2023-09-30,VERIFIED
899,23482,9444,Life Claim,2025-11-16,93990.84,PENDING,0,29,79237.62,2024-11-07,PENDING
900,8091,1320,Health Claim,2026-03-19,85403.38,PENDING,0,79,44980.53,2023-09-18,VERIFIED
901,1159,2386,Health Claim,2025-12-27,171449.25,APPROVED,0,100,91523.01,2024-11-10,PENDING
902,12217,2431,Life Claim,2026-05-18,24503.74,APPROVED,0,35,60609.91,2026-02-12,PENDING
903,24744,9833,Motor Accident,2025-12-30,29997.14,REJECTED,0,10,51701.42,2025-11-02,PENDING
904,10487,9473,Property Damage,2025-10-24,5779.92,APPROVED,0,18,19995.65,2023-10-25,VERIFIED
905,4127,628,Life Claim,2026-04-16,3419.78,PENDING,0,62,5485.39,2023-07-16,PENDING
906,19222,3882,Motor Accident,2026-02-11,16474.65,APPROVED,0,39,62435.73,2025-07-27,VERIFIED
907,3542,6966,Life Claim,2026-03-25,9553.77,PENDING,0,70,41620.81,2025-11-03,PENDING
908,15152,7605,Health Claim,2025-10-29,745.6,PENDING,0,40,7140.23,2025-11-09,PENDING
909,8233,544,Property Damage,2026-03-31,4187.02,PENDING,0,93,15686.69,2023-07-05,VERIFIED
910,8544,2206,Life Claim,2026-05-24,97708.26,APPROVED,0,22,83265.36,2026-02-05,VERIFIED
911,15900,2376,Property Damage,2025-09-19,57095.57,PENDING,0,53,91303.88,2026-01-16,PENDING
912,3606,4026,Motor Accident,2026-04-22,83882.12,PENDING,0,2,62319.51,2025-07-27,PENDING
913,544,8436,Motor Accident,2026-02-07,41725.5,REJECTED,0,38,75475.27,2023-08-09,PENDING
914,23982,1262,Health Claim,2025-09-13,13221.16,PENDING,0,38,52617.4,2026-01-17,PENDING
915,16269,5944,Property Damage,2025-09-23,76735.74,REJECTED,0,99,66290.77,2024-03-28,PENDING
916,3300,6798,Property Damage,2025-06-29,20129.79,PENDING,0,89,36138.55,2025-08-02,PENDING
917,12862,5029,Life Claim,2026-04-21,164902.66,PENDING,0,46,91353.71,2023-12-13,PENDING
918,21395,89,Motor Accident,2025-12-21,29480.86,APPROVED,0,33,53443.76,2025-11-10,PENDING
919,20276,9728,Property Damage,2026-02-25,184650.66,APPROVED,0,13,97999.62,2025-06-27,VERIFIED
920,12071,3075,Health Claim,2026-03-31,24764.2,APPROVED,0,83,23407.01,2025-12-16,PENDING
921,2900,229,Health Claim,2026-05-16,42927.87,APPROVED,0,38,84108.26,2025-10-18,PENDING
922,15558,7721,Motor Accident,2025-07-01,42466.38,PENDING,0,38,65972.76,2026-01-10,VERIFIED
923,24055,1217,Life Claim,2025-09-06,44549.07,PENDING,0,45,72924.83,2024-10-30,VERIFIED
924,14027,283,Property Damage,2025-08-16,43325.76,PENDING,0,10,30484.85,2024-11-13,PENDING
925,12171,5322,Motor Accident,2025-08-01,6392.59,APPROVED,0,93,17369.7,2024-04-03,PENDING
926,23460,6230,Health Claim,2025-09-19,23978.25,REJECTED,0,83,98307.82,2024-06-17,PENDING
927,21927,4698,Property Damage,2025-11-16,5770.46,APPROVED,0,70,33999.91,2024-10-27,PENDING
928,21715,2595,Motor Accident,2025-06-03,33782.27,REJECTED,0,43,79387.99,2025-05-11,VERIFIED
929,14400,2217,Life Claim,2025-06-12,1044.54,APPROVED,0,27,7007.12,2024-06-26,PENDING
930,19155,3029,Motor Accident,2025-08-14,43949.23,REJECTED,0,22,80347.43,2025-10-09,PENDING
931,7141,5893,Motor Accident,2026-04-28,4678.35,APPROVED,0,59,22999.15,2024-04-29,VERIFIED
932,20021,2429,Life Claim,2025-07-11,85817.73,PENDING,0,25,81400.3,2025-10-13,PENDING
933,15177,129,Health Claim,2025-06-30,7264.84,PENDING,0,43,7169.54,2025-07-10,PENDING
934,7829,1590,Property Damage,2026-01-12,24200.08,REJECTED,0,97,18011.17,2023-07-19,VERIFIED
935,11112,919,Property Damage,2026-04-01,137665.85,PENDING,0,63,73544.84,2026-02-16,PENDING
936,4398,4791,Motor Accident,2025-12-23,80428.97,APPROVED,0,79,63639.76,2024-12-27,PENDING
937,24190,3791,Health Claim,2025-12-10,9355.53,REJECTED,0,32,41087.75,2025-07-25,VERIFIED
938,1153,9873,Motor Accident,2025-12-07,13791.37,PENDING,0,28,27736.79,2025-10-11,VERIFIED
939,22867,5276,Property Damage,2025-08-10,10650.49,PENDING,0,80,26304.49,2024-03-16,PENDING
940,22498,8211,Motor Accident,2025-08-24,56409.99,PENDING,0,72,84241.33,2024-12-20,VERIFIED
941,21085,9388,Life Claim,2026-02-22,47003.2,REJECTED,0,26,75526.08,2025-06-24,VERIFIED
942,1987,9498,Motor Accident,2025-10-09,20085.89,REJECTED,0,81,41754.64,2026-03-13,VERIFIED
943,2601,2991,Life Claim,2025-09-02,3887.33,REJECTED,0,55,7288.26,2023-07-30,PENDING
944,24960,3456,Life Claim,2025-12-16,28594.56,APPROVED,0,32,74234.92,2025-04-17,VERIFIED
945,5464,1691,Health Claim,2025-08-14,8310.88,REJECTED,0,11,30913.61,2025-08-10,PENDING
946,17532,8533,Property Damage,2026-03-03,17760.87,PENDING,0,41,71204.43,2023-08-23,PENDING
947,19244,1356,Property Damage,2026-03-09,7100.01,APPROVED,0,89,5361.23,2025-08-10,PENDING
948,4535,2969,Motor Accident,2026-05-12,26585.28,REJECTED,0,36,15867.79,2023-12-09,PENDING
949,21691,8771,Motor Accident,2026-04-17,7557.38,PENDING,0,46,17988.03,2025-08-17,PENDING
950,1033,1864,Motor Accident,2025-10-09,14608.27,PENDING,0,37,37623.14,2023-10-18,PENDING
951,11694,1293,Life Claim,2025-06-11,3908.46,APPROVED,0,51,6121.15,2024-04-05,PENDING
952,9637,2897,Property Damage,2026-01-23,34368.79,APPROVED,0,58,84909.74,2025-02-16,PENDING
953,9035,7089,Motor Accident,2025-07-28,49316.64,REJECTED,0,32,78064.32,2025-09-20,VERIFIED
954,22030,2943,Life Claim,2025-10-09,94423.25,REJECTED,0,44,92910.73,2026-02-18,PENDING
955,17652,4550,Property Damage,2026-05-19,54594.76,REJECTED,0,35,99481.03,2023-10-19,VERIFIED
956,14913,2629,Motor Accident,2025-11-16,11084.16,PENDING,0,94,48285.29,2023-07-06,PENDING
957,2269,2146,Motor Accident,2025-06-16,692.6,PENDING,0,79,6619.73,2024-10-11,VERIFIED
958,16174,2229,Property Damage,2025-05-27,18855.79,REJECTED,0,10,52853.13,2024-10-20,PENDING
959,2109,8852,Property Damage,2026-02-17,7829.65,APPROVED,0,37,60758.35,2024-04-11,PENDING
960,5082,6765,Health Claim,2026-01-14,5820.64,PENDING,0,61,13350.32,2025-06-23,PENDING
961,700,949,Property Damage,2026-02-05,6739.32,APPROVED,0,6,14629.6,2025-05-03,PENDING
962,522,2013,Property Damage,2025-06-20,113146.53,APPROVED,0,18,68796.88,2024-10-30,PENDING
963,14507,7744,Motor Accident,2025-06-29,28204.25,PENDING,0,43,40518.7,2025-12-16,PENDING
964,16652,2403,Life Claim,2025-12-14,117766.36,PENDING,0,50,80855.52,2024-11-06,VERIFIED
965,18983,3135,Motor Accident,2026-01-16,6318.1,REJECTED,0,43,55478.99,2025-12-23,PENDING
966,11668,6999,Health Claim,2026-05-12,27372.83,REJECTED,0,35,55863.63,2026-01-18,PENDING
967,12558,9535,Health Claim,2025-07-26,54164.33,PENDING,0,77,95077.14,2025-01-23,PENDING
968,16570,5982,Health Claim,2026-04-20,4061.37,APPROVED,0,5,23416.03,2023-06-26,PENDING
969,8178,369,Motor Accident,2026-04-09,27198.19,PENDING,0,85,43435.46,2026-01-07,PENDING
970,2041,9649,Motor Accident,2025-08-03,23939.89,REJECTED,0,61,52835.89,2026-03-07,PENDING
971,18425,5790,Life Claim,2026-02-25,57006.36,PENDING,0,78,92708.57,2024-11-27,VERIFIED
972,22010,7105,Motor Accident,2025-12-06,8742.84,APPROVED,0,75,53855.49,2025-09-11,VERIFIED
973,21984,506,Property Damage,2025-11-02,16176.18,REJECTED,0,6,64651.05,2025-05-20,VERIFIED
974,24233,6698,Property Damage,2025-09-11,5964.38,REJECTED,0,98,56702.66,2025-06-23,PENDING
975,13067,4734,Life Claim,2025-12-17,2743.17,APPROVED,0,52,18379.71,2025-08-12,PENDING
976,21661,9570,Health Claim,2026-05-15,3339.04,APPROVED,0,29,20683.6,2025-10-26,VERIFIED
977,2512,2757,Motor Accident,2025-06-24,5396.28,REJECTED,0,1,15602.95,2023-08-13,VERIFIED
978,7553,8538,Life Claim,2025-12-09,20176.25,APPROVED,0,50,11941.05,2025-09-01,VERIFIED
979,10225,704,Life Claim,2026-01-26,14962.68,APPROVED,0,44,37422.92,2025-01-21,PENDING
980,4280,6459,Motor Accident,2025-06-02,4577.63,APPROVED,0,18,24505.83,2024-10-12,VERIFIED
981,17149,2401,Health Claim,2026-01-11,21173.95,PENDING,0,40,31513.34,2023-09-04,VERIFIED
982,15349,4062,Health Claim,2025-09-09,3861.77,APPROVED,0,77,26575.26,2024-04-24,PENDING
983,23921,9066,Motor Accident,2026-01-03,9960.72,PENDING,0,82,15237.25,2024-02-05,PENDING
984,3403,1575,Health Claim,2025-12-20,27897.06,APPROVED,0,9,48962.91,2025-11-04,VERIFIED
985,3424,7643,Health Claim,2025-08-13,43880.59,PENDING,0,68,38093.86,2026-05-02,PENDING
986,22495,4726,Motor Accident,2025-12-15,33449.0,APPROVED,0,89,18698.53,2025-06-22,VERIFIED
987,856,4260,Health Claim,2026-04-12,45790.2,REJECTED,0,71,38167.34,2024-12-31,VERIFIED
988,24752,95,Property Damage,2025-12-09,35262.45,APPROVED,0,97,93024.58,2025-09-04,VERIFIED
989,17432,6734,Life Claim,2026-03-29,19532.05,APPROVED,0,33,87352.24,2026-02-01,VERIFIED
990,1020,5934,Health Claim,2026-02-15,3141.85,APPROVED,0,7,12240.72,2026-04-16,VERIFIED
991,22613,2706,Life Claim,2025-09-07,6731.49,APPROVED,0,41,37800.99,2024-08-29,VERIFIED
992,2747,3459,Motor Accident,2025-08-08,49450.87,PENDING,0,7,34870.67,2025-03-07,PENDING
993,8916,517,Life Claim,2026-02-17,60259.3,PENDING,0,15,37859.84,2023-08-04,VERIFIED
994,15016,8664,Property Damage,2026-03-23,7732.37,APPROVED,0,39,16899.05,2024-05-08,PENDING
995,87,7738,Health Claim,2026-01-23,15025.1,REJECTED,0,39,14373.96,2025-04-19,PENDING
996,3161,3672,Motor Accident,2025-07-25,23695.6,PENDING,0,63,50711.29,2023-09-17,PENDING
997,8133,1708,Motor Accident,2026-01-07,40509.67,REJECTED,0,80,36683.91,2025-09-17,PENDING
998,8145,1739,Life Claim,2025-11-22,50174.82,REJECTED,0,45,44302.29,2025-03-12,VERIFIED
999,7906,6422,Property Damage,2025-06-01,3907.14,PENDING,0,76,6130.31,2026-05-14,VERIFIED
1000,3974,8815,Health Claim,2025-10-18,116429.4,APPROVED,0,8,63542.2,2026-01-23,VERIFIED
1001,7119,3932,Property Damage,2026-04-17,51622.58,APPROVED,0,22,75515.86,2024-01-13,PENDING
1002,21825,7116,Motor Accident,2025-08-10,16040.12,PENDING,0,78,48431.51,2024-07-03,VERIFIED
1003,19817,3065,Motor Accident,2026-03-21,23770.34,APPROVED,0,80,43525.15,2025-10-01,VERIFIED
1004,7406,4485,Motor Accident,2025-11-13,43791.66,REJECTED,0,69,72857.81,2026-04-12,PENDING
1005,15917,1434,Health Claim,2025-07-04,5261.81,APPROVED,0,66,15387.2,2025-08-22,VERIFIED
1006,1135,3987,Health Claim,2026-01-31,6303.62,PENDING,0,5,29369.87,2024-10-15,PENDING
1007,21328,930,Motor Accident,2026-03-05,133178.83,APPROVED,0,55,81666.48,2024-03-21,PENDING
1008,7418,1701,Motor Accident,2025-07-19,58402.7,PENDING,0,73,90062.54,2025-10-27,VERIFIED
1009,10162,1470,Property Damage,2025-11-18,29895.69,APPROVED,0,48,83395.1,2025-02-17,VERIFIED
1010,844,9478,Health Claim,2025-07-03,42306.62,PENDING,0,84,71372.95,2024-05-13,VERIFIED
1011,9445,2679,Property Damage,2025-09-01,12398.43,APPROVED,0,70,61731.69,2025-12-20,PENDING
1012,16834,1427,Life Claim,2026-05-03,4770.35,PENDING,0,58,7066.69,2025-03-18,VERIFIED
1013,17143,2851,Property Damage,2025-12-25,89211.34,PENDING,0,38,56630.05,2025-02-27,PENDING
1014,1663,8867,Motor Accident,2025-07-03,34716.06,APPROVED,0,100,72527.37,2024-11-19,PENDING
1015,6638,8979,Life Claim,2026-03-24,104098.03,APPROVED,0,88,69209.51,2025-02-14,PENDING
1016,468,5031,Property Damage,2025-06-21,126615.95,APPROVED,0,83,77262.16,2024-10-29,PENDING
1017,5653,6033,Health Claim,2025-09-15,32466.87,PENDING,0,49,71663.36,2025-09-08,VERIFIED
1018,6592,8122,Health Claim,2026-03-07,1152.43,PENDING,0,95,8825.96,2024-05-25,VERIFIED
1019,21503,2060,Motor Accident,2026-05-14,18191.84,APPROVED,0,30,54889.48,2024-03-01,PENDING
1020,5871,7901,Property Damage,2025-08-03,6213.58,APPROVED,0,23,24078.48,2023-10-28,VERIFIED
1021,11154,5621,Property Damage,2026-05-01,22168.81,REJECTED,0,100,52563.09,2026-03-29,PENDING
1022,8759,8716,Motor Accident,2025-09-14,32645.2,APPROVED,0,42,29299.01,2025-12-21,PENDING
1023,15206,7864,Life Claim,2026-05-05,50125.81,PENDING,0,86,27602.87,2026-01-28,VERIFIED
1024,4994,9808,Motor Accident,2025-07-19,8423.53,REJECTED,0,89,17369.16,2025-08-16,PENDING
1025,23918,9105,Motor Accident,2025-05-25,20680.66,REJECTED,0,3,46600.37,2025-12-11,PENDING
1026,3550,4147,Motor Accident,2026-04-03,29259.55,APPROVED,0,12,98107.73,2024-11-12,PENDING
1027,18293,6720,Health Claim,2026-02-04,7662.91,APPROVED,0,13,42219.77,2023-09-03,VERIFIED
1028,12360,3390,Property Damage,2026-01-15,13565.3,REJECTED,0,32,31442.47,2025-12-25,PENDING
1029,13501,2307,Life Claim,2026-04-21,75830.48,APPROVED,0,29,60162.14,2025-07-31,VERIFIED
1030,2439,1614,Life Claim,2025-08-14,50547.17,APPROVED,0,11,82676.78,2025-01-12,PENDING
1031,20538,7766,Property Damage,2026-04-04,112670.54,REJECTED,0,42,79162.45,2024-01-21,PENDING
1032,18000,6869,Health Claim,2025-09-27,14544.93,REJECTED,0,75,49332.34,2023-11-12,PENDING
1033,11498,6015,Motor Accident,2025-08-22,13032.98,PENDING,0,62,33270.93,2025-06-02,VERIFIED
1034,17242,9577,Life Claim,2025-12-04,26477.95,REJECTED,0,100,62380.06,2025-07-22,VERIFIED
1035,13845,5491,Motor Accident,2025-12-30,39979.98,PENDING,0,96,59922.7,2026-02-21,VERIFIED
1036,9523,9814,Property Damage,2025-12-28,21177.26,REJECTED,0,96,30591.91,2025-09-19,VERIFIED
1037,24275,2267,Health Claim,2025-12-18,40985.68,PENDING,0,47,69219.99,2025-08-30,VERIFIED
1038,1169,3165,Health Claim,2025-10-11,11521.83,REJECTED,0,90,72774.12,2023-06-26,VERIFIED
1039,22996,3190,Motor Accident,2026-04-20,12883.05,PENDING,0,98,64969.93,2024-05-03,PENDING
1040,5280,3309,Health Claim,2026-05-02,21742.38,APPROVED,0,11,51090.51,2024-05-08,VERIFIED
1041,15426,716,Life Claim,2025-10-07,7026.24,PENDING,0,88,12194.51,2023-08-07,VERIFIED
1042,21138,3638,Life Claim,2026-05-14,9212.68,APPROVED,0,64,32951.68,2025-12-11,VERIFIED
1043,7131,3504,Life Claim,2025-08-28,30135.4,APPROVED,0,32,80275.38,2024-01-24,VERIFIED
1044,4156,7968,Life Claim,2025-08-26,8618.41,APPROVED,0,26,17245.27,2024-06-02,PENDING
1045,8961,5012,Motor Accident,2025-11-23,42028.79,APPROVED,0,8,85388.0,2025-01-25,VERIFIED
1046,4482,6618,Life Claim,2025-09-28,13519.32,PENDING,0,9,70315.71,2025-11-25,VERIFIED
1047,14530,2761,Health Claim,2026-03-17,20546.93,APPROVED,0,94,13882.08,2023-09-08,VERIFIED
1048,3269,8963,Property Damage,2025-09-16,32428.01,PENDING,0,71,52644.83,2023-08-08,PENDING
1049,21959,1264,Motor Accident,2025-05-25,14231.4,REJECTED,0,57,31654.53,2024-02-21,PENDING
1050,624,510,Health Claim,2025-08-28,140556.42,APPROVED,0,23,98821.48,2026-03-26,VERIFIED
1051,8299,8973,Property Damage,2025-05-28,82119.13,REJECTED,0,84,48343.34,2024-10-20,VERIFIED
1052,11610,4372,Motor Accident,2025-08-27,154724.22,PENDING,0,90,99594.95,2025-12-20,PENDING
1053,21602,9801,Life Claim,2026-01-20,16063.06,APPROVED,0,99,32773.27,2025-06-15,VERIFIED
1054,1614,2327,Property Damage,2025-10-17,31764.24,REJECTED,0,43,55340.96,2024-02-25,VERIFIED
1055,9143,4147,Health Claim,2025-07-24,94708.81,APPROVED,0,48,51706.78,2026-04-08,PENDING
1056,4217,4222,Health Claim,2025-09-08,10164.45,PENDING,0,5,19715.36,2023-12-07,PENDING
1057,19745,9426,Motor Accident,2025-09-17,7974.52,PENDING,0,35,52172.39,2026-01-07,VERIFIED
1058,4915,6640,Life Claim,2025-09-17,52250.61,APPROVED,0,61,77344.07,2024-04-14,VERIFIED
1059,20435,4128,Property Damage,2025-10-13,4100.98,PENDING,0,33,18009.02,2023-07-16,PENDING
1060,10753,2082,Life Claim,2026-05-21,45155.58,APPROVED,0,18,93520.23,2024-02-27,VERIFIED
1061,22769,6326,Motor Accident,2025-12-18,28842.5,PENDING,0,48,44663.91,2023-12-30,VERIFIED
1062,24118,5950,Motor Accident,2026-02-10,8438.09,REJECTED,0,10,79788.5,2025-10-13,VERIFIED
1063,18587,1671,Life Claim,2025-12-18,11924.38,APPROVED,0,80,11548.37,2026-05-14,VERIFIED
1064,4854,4882,Motor Accident,2025-07-30,143464.17,APPROVED,0,56,97150.44,2023-06-10,VERIFIED
1065,22552,6438,Property Damage,2025-11-25,145481.38,REJECTED,0,35,80269.69,2025-09-24,PENDING
1066,12466,9000,Life Claim,2026-02-25,2783.73,REJECTED,0,69,10072.24,2025-02-10,PENDING
1067,218,5198,Health Claim,2025-09-23,1788.18,PENDING,0,60,6144.24,2025-07-15,PENDING
1068,13123,3935,Health Claim,2025-08-17,33205.2,APPROVED,0,69,88154.76,2024-03-19,PENDING
1069,1656,2565,Motor Accident,2026-04-07,1359.81,APPROVED,0,30,10177.07,2023-08-16,VERIFIED
1070,10070,542,Life Claim,2026-01-11,137007.07,REJECTED,0,38,71746.39,2024-09-04,PENDING
1071,408,3432,Property Damage,2025-09-06,62087.92,PENDING,0,4,42155.36,2025-07-26,PENDING
1072,24986,5900,Motor Accident,2025-08-20,32929.02,APPROVED,0,66,22906.6,2023-11-20,PENDING
1073,10244,6410,Motor Accident,2026-02-13,6885.22,REJECTED,0,57,13634.35,2024-05-11,VERIFIED
1074,14161,4713,Motor Accident,2025-07-17,18369.99,REJECTED,0,73,58717.89,2025-06-30,VERIFIED
1075,10638,1788,Motor Accident,2026-04-03,2609.37,APPROVED,0,66,22733.26,2024-03-10,PENDING
1076,4910,8704,Health Claim,2025-08-02,12116.23,REJECTED,0,96,70564.37,2023-07-15,VERIFIED
1077,4646,8476,Property Damage,2025-05-30,5863.52,REJECTED,0,61,26724.89,2024-12-16,PENDING
1078,11699,4958,Motor Accident,2026-03-05,29621.19,APPROVED,0,13,69603.48,2023-06-28,PENDING
1079,8282,6674,Property Damage,2025-08-18,9426.53,PENDING,0,92,5625.34,2025-10-20,PENDING
1080,24093,5410,Motor Accident,2025-12-05,8119.29,REJECTED,0,43,62582.34,2025-09-24,VERIFIED
1081,10756,1856,Property Damage,2025-12-27,14581.53,PENDING,0,24,57467.84,2023-12-08,PENDING
1082,4027,3434,Motor Accident,2025-12-24,13940.99,REJECTED,0,34,49879.14,2024-05-29,VERIFIED
1083,8767,6949,Motor Accident,2025-07-28,36014.32,PENDING,0,94,73814.04,2024-12-04,PENDING
1084,1708,4042,Property Damage,2026-05-05,20173.5,APPROVED,0,5,73389.08,2024-06-19,PENDING
1085,10279,9232,Motor Accident,2025-07-04,148051.46,APPROVED,0,76,77141.53,2024-10-01,PENDING
1086,1944,8540,Life Claim,2025-08-01,13862.93,APPROVED,0,92,43809.76,2024-08-15,PENDING
1087,7562,597,Health Claim,2025-12-10,20528.57,PENDING,0,71,32316.37,2024-10-29,VERIFIED
1088,11702,8121,Motor Accident,2026-03-15,93793.29,APPROVED,0,81,48651.06,2025-08-08,VERIFIED
1089,10610,5043,Property Damage,2025-08-19,18823.72,REJECTED,0,5,75115.48,2024-03-05,PENDING
1090,8519,4295,Motor Accident,2026-05-05,39499.22,PENDING,0,78,90816.44,2024-02-20,VERIFIED
1091,18470,201,Life Claim,2025-07-22,142542.78,PENDING,0,17,90817.11,2024-08-18,VERIFIED
1092,13087,2191,Health Claim,2025-10-29,11925.84,PENDING,0,95,18390.39,2024-05-14,VERIFIED
1093,5663,6606,Motor Accident,2026-03-30,39355.35,APPROVED,0,49,35044.68,2026-05-07,PENDING
1094,17263,4872,Property Damage,2025-12-02,33023.55,APPROVED,0,79,59294.4,2024-12-18,PENDING
1095,12530,8771,Motor Accident,2025-07-25,13418.79,PENDING,0,10,39616.06,2023-06-28,VERIFIED
1096,11166,2572,Motor Accident,2025-11-11,8792.1,APPROVED,0,32,54760.56,2023-10-21,PENDING
1097,10366,1234,Life Claim,2025-11-03,162299.57,REJECTED,0,11,81695.31,2023-07-14,VERIFIED
1098,4257,4401,Motor Accident,2025-06-07,39483.39,PENDING,0,6,94169.24,2023-12-07,PENDING
1099,6289,2619,Property Damage,2025-08-29,41591.45,REJECTED,0,56,90538.04,2024-09-04,VERIFIED
1100,7211,8785,Property Damage,2026-04-24,22718.69,APPROVED,0,83,35752.87,2025-08-15,PENDING
1101,6050,443,Health Claim,2025-11-12,82598.87,PENDING,0,1,70545.06,2025-06-24,PENDING
1102,20849,8521,Life Claim,2025-06-20,15337.32,REJECTED,0,31,64979.52,2025-06-26,VERIFIED
1103,12876,1529,Property Damage,2025-07-14,34345.71,PENDING,0,22,94833.2,2024-10-22,PENDING
1104,22457,7427,Motor Accident,2025-10-03,13537.85,REJECTED,0,62,68581.94,2024-06-25,VERIFIED
1105,2242,5271,Life Claim,2025-08-05,33175.48,PENDING,0,94,86447.33,2024-12-10,VERIFIED
1106,13631,735,Property Damage,2025-09-08,14304.86,PENDING,0,50,23625.85,2024-05-15,VERIFIED
1107,16841,534,Life Claim,2025-10-17,26389.53,REJECTED,0,44,19555.43,2024-01-29,PENDING
1108,15131,1970,Property Damage,2026-01-27,9661.05,REJECTED,0,54,41451.45,2023-07-04,PENDING
1109,23886,7007,Property Damage,2026-03-04,65825.98,APPROVED,0,91,42036.59,2025-03-15,PENDING
1110,23438,4503,Property Damage,2026-05-11,2396.04,APPROVED,0,98,11080.3,2026-01-29,VERIFIED
1111,2851,5310,Life Claim,2025-08-20,23912.69,REJECTED,0,5,89828.49,2025-02-25,PENDING
1112,894,9719,Health Claim,2025-12-12,9835.74,APPROVED,0,6,22623.7,2024-06-11,VERIFIED
1113,18924,2301,Property Damage,2025-10-04,65037.24,APPROVED,0,65,52003.54,2025-04-04,PENDING
1114,16026,3508,Property Damage,2025-10-05,20010.33,PENDING,0,9,35237.87,2024-07-29,VERIFIED
1115,22302,7464,Property Damage,2026-05-08,21709.92,APPROVED,0,43,49851.65,2024-08-31,VERIFIED
1116,14178,8942,Property Damage,2026-01-18,89078.53,PENDING,0,67,52433.35,2024-05-22,VERIFIED
1117,23730,277,Property Damage,2025-07-21,10212.52,REJECTED,0,81,77171.32,2023-09-17,VERIFIED
1118,8949,7040,Motor Accident,2025-11-07,82704.45,PENDING,0,19,54199.18,2023-10-22,VERIFIED
1119,9916,8030,Life Claim,2025-12-22,27683.69,REJECTED,0,77,44549.75,2024-11-26,PENDING
1120,8999,9291,Life Claim,2026-05-17,11890.52,REJECTED,0,58,48914.57,2024-05-07,PENDING
1121,6587,7802,Motor Accident,2025-12-07,37633.69,REJECTED,0,15,66635.06,2025-09-19,VERIFIED
1122,12676,951,Motor Accident,2025-11-30,157779.96,PENDING,0,74,81626.76,2023-12-06,VERIFIED
1123,15140,2764,Health Claim,2025-12-29,1694.94,REJECTED,0,69,6838.9,2024-01-18,PENDING
1124,308,3695,Health Claim,2025-11-17,12619.94,APPROVED,0,45,27264.72,2025-10-24,PENDING
1125,16038,2556,Motor Accident,2025-10-17,10996.44,PENDING,0,79,70873.63,2025-04-27,VERIFIED
1126,24683,6064,Property Damage,2026-02-24,38112.93,PENDING,0,57,71137.38,2025-04-20,PENDING
1127,24139,1369,Property Damage,2026-04-24,10554.07,REJECTED,0,78,74436.14,2024-02-10,VERIFIED
1128,21548,8669,Property Damage,2025-11-10,91889.58,PENDING,0,6,54631.33,2023-12-26,VERIFIED
1129,14730,9011,Motor Accident,2025-10-13,22769.36,PENDING,0,18,36518.9,2026-01-29,VERIFIED
1130,16925,1513,Life Claim,2025-12-27,8956.51,APPROVED,0,89,61213.32,2023-06-11,VERIFIED
1131,21495,3110,Motor Accident,2026-05-09,121134.58,PENDING,0,13,70833.41,2023-07-16,PENDING
1132,17826,4066,Property Damage,2025-06-04,9987.23,PENDING,0,9,15698.72,2024-05-19,PENDING
1133,14697,1202,Health Claim,2025-09-15,4172.06,PENDING,0,52,8951.48,2025-07-26,PENDING
1134,22996,7234,Property Damage,2025-10-25,48154.44,PENDING,0,29,80194.99,2025-08-11,PENDING
1135,14861,3791,Motor Accident,2026-04-19,17395.54,APPROVED,0,4,9494.27,2024-11-06,PENDING
1136,5142,4299,Health Claim,2025-07-04,15002.28,PENDING,0,25,52924.53,2024-05-24,VERIFIED
1137,9525,7232,Health Claim,2025-09-27,20128.2,PENDING,0,75,30537.93,2025-05-04,VERIFIED
1138,8492,7794,Property Damage,2025-11-03,4402.11,APPROVED,0,24,24258.38,2024-10-29,VERIFIED
1139,18657,7682,Life Claim,2026-05-20,10796.14,REJECTED,0,52,24608.51,2025-02-04,VERIFIED
1140,20949,5308,Health Claim,2026-05-03,57486.56,REJECTED,0,61,35287.41,2025-08-03,VERIFIED
1141,23882,2598,Health Claim,2025-10-30,29047.03,PENDING,0,83,95343.93,2024-10-08,VERIFIED
1142,729,6807,Life Claim,2025-08-07,25269.81,REJECTED,0,62,41476.22,2025-08-09,VERIFIED
1143,808,8951,Life Claim,2025-12-18,42938.19,APPROVED,0,91,95583.62,2025-04-16,VERIFIED
1144,21409,6627,Life Claim,2025-12-23,8305.71,REJECTED,0,64,81968.46,2025-09-24,VERIFIED
1145,9767,9261,Motor Accident,2025-12-11,61741.66,REJECTED,0,34,98413.26,2023-08-22,PENDING
1146,22300,3940,Health Claim,2025-10-07,47251.81,REJECTED,0,25,34604.89,2026-04-19,VERIFIED
1147,11314,2374,Property Damage,2026-02-05,36570.33,PENDING,0,32,19364.55,2025-07-05,VERIFIED
1148,10061,6429,Motor Accident,2026-01-30,52207.61,REJECTED,0,71,78500.07,2023-07-20,PENDING
1149,24632,6682,Motor Accident,2026-05-19,46057.37,REJECTED,0,76,31994.6,2025-01-07,PENDING
1150,13613,7109,Motor Accident,2026-02-22,2066.62,PENDING,0,5,9216.1,2026-03-23,VERIFIED
1151,3543,1716,Life Claim,2026-03-14,28622.57,PENDING,0,15,84307.69,2025-02-05,VERIFIED
1152,19645,5468,Motor Accident,2026-02-06,17483.2,PENDING,0,42,35582.53,2024-12-07,VERIFIED
1153,2779,9757,Life Claim,2025-08-20,23422.36,APPROVED,0,80,45750.05,2025-11-19,VERIFIED
1154,11142,5684,Health Claim,2026-04-04,3646.62,PENDING,0,93,10002.35,2026-05-04,VERIFIED
1155,24304,31,Motor Accident,2026-05-12,14958.62,REJECTED,0,20,45714.33,2025-10-10,PENDING
1156,11280,703,Motor Accident,2025-11-13,105094.69,REJECTED,0,98,70773.9,2025-08-26,PENDING
1157,12402,2015,Life Claim,2026-04-07,20033.19,PENDING,0,7,45423.34,2025-12-24,VERIFIED
1158,19972,7007,Motor Accident,2025-11-11,11939.49,REJECTED,0,51,63050.09,2025-11-05,PENDING
1159,11600,385,Property Damage,2026-04-15,25340.75,PENDING,0,26,60058.59,2025-11-27,PENDING
1160,10850,4103,Motor Accident,2026-02-25,26923.25,REJECTED,0,49,72692.79,2024-06-25,VERIFIED
1161,288,6574,Motor Accident,2026-04-26,6366.17,REJECTED,0,68,15193.82,2023-06-09,PENDING
1162,18772,2344,Property Damage,2025-07-19,18619.67,REJECTED,0,58,36090.87,2024-07-13,PENDING
1163,11770,7044,Motor Accident,2025-06-14,4158.62,APPROVED,0,12,37977.97,2023-09-10,VERIFIED
1164,24540,450,Life Claim,2025-06-12,47732.32,REJECTED,0,69,77505.75,2023-12-24,VERIFIED
1165,2747,5329,Property Damage,2025-11-22,8230.76,APPROVED,0,77,38694.67,2024-10-26,PENDING
1166,5235,2858,Life Claim,2025-11-26,33598.18,PENDING,0,6,57705.13,2024-12-30,VERIFIED
1167,13021,4446,Life Claim,2025-10-01,28752.64,REJECTED,0,37,93737.39,2025-08-05,VERIFIED
1168,4521,2679,Life Claim,2026-01-10,6249.31,APPROVED,0,96,11342.01,2025-01-03,VERIFIED
1169,19320,9879,Motor Accident,2026-01-06,41313.87,REJECTED,0,5,62591.68,2025-12-22,PENDING
1170,18926,1303,Health Claim,2025-06-06,126502.52,PENDING,0,73,68134.69,2024-10-03,VERIFIED
1171,7626,2567,Motor Accident,2025-07-31,25234.21,PENDING,0,77,57433.11,2026-01-30,PENDING
1172,23258,4490,Motor Accident,2025-06-24,20216.28,APPROVED,0,52,29469.32,2023-08-01,PENDING
1173,9476,2770,Life Claim,2026-05-12,19583.13,PENDING,0,14,39768.11,2023-09-24,PENDING
1174,17896,6934,Life Claim,2025-10-10,75428.25,REJECTED,0,59,40330.9,2023-12-10,PENDING
1175,7635,4384,Motor Accident,2025-05-28,5044.91,APPROVED,0,85,10077.82,2025-03-08,PENDING
1176,13726,6154,Health Claim,2025-08-15,124461.29,APPROVED,0,70,62678.13,2025-08-27,PENDING
1177,20100,3528,Health Claim,2026-05-05,51254.56,APPROVED,0,35,40683.71,2025-03-13,PENDING
1178,6408,8955,Health Claim,2025-08-12,6045.22,PENDING,0,51,51560.85,2026-05-20,PENDING
1179,16453,9240,Life Claim,2026-03-24,38893.56,APPROVED,0,59,77073.72,2024-01-29,VERIFIED
1180,6194,9833,Health Claim,2025-12-17,30905.88,APPROVED,0,98,72120.01,2026-02-06,VERIFIED
1181,12929,5760,Motor Accident,2026-05-05,13807.37,PENDING,0,26,92067.2,2025-05-17,PENDING
1182,22116,2166,Health Claim,2025-06-02,28454.58,APPROVED,0,86,62286.34,2024-05-19,PENDING
1183,6724,314,Motor Accident,2025-11-28,40898.43,PENDING,0,25,61800.79,2025-12-12,PENDING
1184,15331,1100,Motor Accident,2025-11-21,5715.25,REJECTED,0,88,30305.08,2025-03-26,PENDING
1185,528,6141,Life Claim,2025-06-21,10786.23,REJECTED,0,96,38298.0,2025-05-13,VERIFIED
1186,20283,1796,Life Claim,2026-04-27,34983.05,REJECTED,0,37,71797.62,2024-03-16,PENDING
1187,8359,3648,Health Claim,2025-12-09,13896.01,PENDING,0,98,44828.79,2025-03-13,PENDING
1188,23558,9953,Health Claim,2025-11-21,18791.64,REJECTED,0,21,93326.9,2023-11-05,PENDING
1189,5551,2859,Life Claim,2025-07-17,8738.43,APPROVED,0,69,60857.86,2023-10-24,VERIFIED
1190,7104,6853,Health Claim,2025-08-09,12774.08,APPROVED,0,9,7092.4,2024-07-07,PENDING
1191,9941,216,Health Claim,2025-12-11,54863.99,APPROVED,0,49,92508.1,2023-06-14,VERIFIED
1192,7823,5,Life Claim,2025-09-20,31504.74,PENDING,0,81,47113.56,2025-02-06,PENDING
1193,15076,1559,Property Damage,2026-01-26,65353.86,APPROVED,0,2,51281.59,2025-05-14,VERIFIED
1194,2624,3181,Motor Accident,2025-07-23,3729.51,APPROVED,0,82,17721.38,2025-09-05,VERIFIED
1195,22844,1984,Health Claim,2026-04-08,31807.14,PENDING,0,27,46712.75,2026-03-10,VERIFIED
1196,15391,1525,Health Claim,2025-11-18,8999.1,REJECTED,0,43,40703.64,2024-12-16,PENDING
1197,16510,3506,Property Damage,2025-12-27,19164.15,APPROVED,0,21,64951.6,2024-12-20,VERIFIED
1198,21521,7175,Life Claim,2026-02-26,9461.52,PENDING,0,16,18564.78,2024-07-12,VERIFIED
1199,12186,7867,Health Claim,2026-01-25,20378.21,PENDING,0,39,82457.42,2024-10-27,VERIFIED
1200,552,4797,Health Claim,2026-04-27,33906.57,APPROVED,0,65,53950.17,2025-06-25,PENDING
1201,6548,8476,Life Claim,2026-05-25,22901.8,REJECTED,0,89,48453.65,2024-09-07,VERIFIED
1202,17657,9739,Property Damage,2026-03-26,3851.45,REJECTED,0,99,37815.25,2025-06-14,PENDING
1203,965,2759,Motor Accident,2025-07-06,5323.66,PENDING,0,98,20852.41,2025-08-01,PENDING
1204,10124,8191,Motor Accident,2025-11-02,13379.69,REJECTED,0,8,6828.76,2024-12-28,VERIFIED
1205,20043,3472,Property Damage,2026-03-25,11023.11,REJECTED,0,61,19948.18,2025-04-03,PENDING
1206,15198,152,Motor Accident,2026-03-07,13282.61,PENDING,0,50,20540.99,2025-08-05,VERIFIED
1207,6860,8224,Health Claim,2025-05-30,109896.93,PENDING,0,46,56290.63,2024-09-13,PENDING
1208,20697,5452,Life Claim,2026-04-16,52016.18,PENDING,0,2,78940.35,2025-06-09,VERIFIED
1209,18398,61,Property Damage,2025-07-24,9127.6,PENDING,0,7,88752.71,2025-02-03,PENDING
1210,3975,5319,Property Damage,2026-04-19,112867.3,APPROVED,0,32,91069.0,2025-02-04,VERIFIED
1211,16531,7956,Property Damage,2025-05-26,36006.71,APPROVED,0,88,29902.62,2025-10-08,VERIFIED
1212,2835,5591,Motor Accident,2025-10-21,40851.95,PENDING,0,29,74213.92,2023-06-12,PENDING
1213,22602,253,Health Claim,2025-08-12,68091.48,PENDING,0,86,36591.35,2025-07-22,PENDING
1214,22925,5692,Health Claim,2025-12-15,20031.69,PENDING,0,89,33085.12,2025-09-20,VERIFIED
1215,9334,7769,Motor Accident,2025-08-07,52811.94,PENDING,0,79,81652.17,2024-11-05,PENDING
1216,3132,1425,Motor Accident,2025-06-16,77293.93,REJECTED,0,29,51090.73,2023-12-11,VERIFIED
1217,1310,2006,Motor Accident,2026-05-19,54199.99,APPROVED,0,73,42836.39,2023-08-25,PENDING
1218,7005,7442,Motor Accident,2026-03-16,23512.42,APPROVED,0,64,20214.16,2023-10-21,PENDING
1219,18486,9909,Motor Accident,2025-06-07,30952.33,APPROVED,0,52,44683.27,2023-09-13,PENDING
1220,7259,7226,Property Damage,2025-06-11,3351.56,APPROVED,0,62,26052.92,2025-04-04,PENDING
1221,7231,6678,Motor Accident,2025-07-19,52505.47,PENDING,0,73,33387.35,2026-05-18,PENDING
1222,2193,9975,Life Claim,2025-06-02,114137.98,PENDING,0,91,92234.98,2025-09-12,PENDING
1223,15470,235,Health Claim,2025-12-21,5702.88,PENDING,0,36,11933.39,2023-09-04,VERIFIED
1224,61,2652,Motor Accident,2025-08-28,14637.83,APPROVED,0,6,94915.52,2023-06-27,PENDING
1225,10158,5535,Health Claim,2026-01-10,17002.23,PENDING,0,99,60676.12,2023-11-21,PENDING
1226,16255,3077,Motor Accident,2025-09-20,9610.18,REJECTED,0,10,36015.4,2025-08-13,PENDING
1227,16096,7573,Health Claim,2025-07-23,57442.88,REJECTED,0,38,96155.92,2024-06-17,PENDING
1228,23015,6044,Health Claim,2026-05-01,784.38,PENDING,0,87,5605.2,2025-02-11,PENDING
1229,23074,1980,Motor Accident,2025-09-05,30125.67,PENDING,0,41,45938.11,2026-03-25,VERIFIED
1230,23768,8953,Motor Accident,2026-03-22,23546.03,REJECTED,0,42,49222.99,2025-03-24,VERIFIED
1231,15499,4295,Health Claim,2026-02-01,35886.0,APPROVED,0,82,33821.68,2025-08-01,PENDING
1232,10378,9200,Health Claim,2025-08-08,87717.59,REJECTED,0,54,84552.5,2025-10-30,VERIFIED
1233,14983,8579,Motor Accident,2025-06-14,6673.59,REJECTED,0,7,50513.98,2024-10-29,PENDING
1234,10648,5572,Life Claim,2026-04-10,12255.83,APPROVED,0,25,68415.23,2025-01-30,PENDING
1235,18881,374,Health Claim,2025-11-19,6015.03,APPROVED,0,7,11851.97,2024-11-12,PENDING
1236,22984,2256,Motor Accident,2026-01-16,12154.46,PENDING,0,43,39687.36,2025-02-19,VERIFIED
1237,23320,5307,Life Claim,2026-04-08,14565.92,PENDING,0,37,24191.24,2023-06-13,VERIFIED
1238,23253,7590,Health Claim,2026-05-02,42695.34,APPROVED,0,51,69729.57,2024-03-11,PENDING
1239,20277,6113,Property Damage,2026-04-29,13343.72,APPROVED,0,1,59721.34,2024-10-28,VERIFIED
1240,9692,4917,Life Claim,2025-12-30,15689.16,PENDING,0,3,37585.69,2026-03-06,VERIFIED
1241,15624,5291,Life Claim,2026-02-25,54372.3,REJECTED,0,29,83138.5,2026-04-01,VERIFIED
1242,20631,8381,Life Claim,2026-01-03,46490.42,PENDING,0,52,93349.7,2023-11-15,PENDING
1243,2318,6419,Property Damage,2025-11-19,7929.16,APPROVED,0,10,16473.38,2023-11-15,PENDING
1244,13081,1258,Life Claim,2026-02-05,142405.18,APPROVED,0,97,83626.67,2023-09-07,VERIFIED
1245,24942,409,Life Claim,2026-03-18,17332.61,PENDING,0,21,40288.75,2025-03-04,VERIFIED
1246,4969,9398,Property Damage,2025-08-14,46820.35,PENDING,0,85,92832.12,2025-05-20,VERIFIED
1247,12284,7435,Motor Accident,2025-12-14,21270.79,REJECTED,0,45,57872.99,2024-12-02,PENDING
1248,7023,1509,Motor Accident,2025-07-14,17158.59,PENDING,0,26,28525.0,2024-07-01,PENDING
1249,17581,3946,Life Claim,2026-04-27,111377.14,REJECTED,0,44,80385.88,2025-08-23,VERIFIED
1250,5734,186,Property Damage,2025-05-25,43284.21,APPROVED,0,91,87562.94,2026-04-11,VERIFIED
1251,10820,7257,Life Claim,2026-03-30,38997.54,PENDING,0,61,58315.43,2023-10-28,PENDING
1252,2433,2149,Health Claim,2025-12-31,22065.25,PENDING,0,94,11359.61,2025-06-05,VERIFIED
1253,12151,8033,Health Claim,2025-11-29,14886.83,PENDING,0,53,73295.51,2024-08-19,PENDING
1254,22096,3042,Life Claim,2026-03-18,1413.0,REJECTED,0,83,7325.82,2024-07-31,PENDING
1255,24992,5277,Life Claim,2025-09-30,13206.69,APPROVED,0,41,55718.58,2024-05-09,PENDING
1256,11699,8748,Life Claim,2026-05-02,7698.28,REJECTED,0,5,44719.32,2024-09-24,PENDING
1257,8440,2348,Health Claim,2025-09-09,120451.87,PENDING,0,44,68217.8,2025-11-19,VERIFIED
1258,11784,4976,Motor Accident,2025-05-28,59640.07,APPROVED,0,97,33226.7,2023-06-04,VERIFIED
1259,18850,422,Property Damage,2025-10-23,52613.72,REJECTED,0,16,31343.11,2024-04-21,PENDING
1260,628,776,Property Damage,2026-05-08,100962.07,PENDING,0,59,71624.18,2024-09-10,VERIFIED
1261,1520,2381,Motor Accident,2026-01-22,18110.23,APPROVED,0,24,37330.84,2024-07-17,PENDING
1262,9622,8149,Property Damage,2025-12-28,27356.36,PENDING,0,97,85586.55,2025-05-10,VERIFIED
1263,9200,5592,Health Claim,2025-09-01,9825.4,REJECTED,0,13,68824.83,2024-01-14,VERIFIED
1264,22785,9631,Life Claim,2026-03-29,5383.95,REJECTED,0,9,9412.11,2025-07-31,VERIFIED
1265,11782,3942,Motor Accident,2026-03-11,30744.25,PENDING,0,39,68595.72,2025-11-14,PENDING
1266,24663,9379,Life Claim,2025-11-05,75110.95,APPROVED,0,27,62335.31,2024-11-27,PENDING
1267,17400,1841,Motor Accident,2025-11-14,8702.36,APPROVED,0,46,26832.36,2024-05-10,PENDING
1268,24721,8580,Property Damage,2025-07-19,19222.74,PENDING,0,49,30089.02,2024-10-06,VERIFIED
1269,1576,8340,Health Claim,2026-05-13,34216.2,PENDING,0,14,99973.37,2025-05-03,PENDING
1270,5999,5972,Life Claim,2025-11-07,50121.2,PENDING,0,65,80125.53,2024-10-23,VERIFIED
1271,999,5019,Health Claim,2026-01-06,35494.26,APPROVED,0,67,63438.22,2024-10-11,PENDING
1272,24790,520,Health Claim,2026-02-07,24274.57,PENDING,0,41,77626.0,2024-06-07,VERIFIED
1273,18738,6653,Motor Accident,2026-02-25,15140.67,PENDING,0,26,64847.5,2023-10-20,VERIFIED
1274,20146,2950,Health Claim,2025-10-27,9337.14,REJECTED,0,39,29223.88,2023-10-02,PENDING
1275,11171,4992,Motor Accident,2025-08-09,57252.73,REJECTED,0,64,97594.2,2026-04-08,VERIFIED
1276,24859,6533,Motor Accident,2025-11-01,8217.15,APPROVED,0,77,69022.26,2024-09-24,VERIFIED
1277,12040,3228,Motor Accident,2025-08-08,43655.84,REJECTED,0,84,75007.78,2026-01-27,PENDING
1278,24232,268,Property Damage,2025-10-15,127225.89,APPROVED,0,38,86094.06,2024-02-08,VERIFIED
1279,3984,6007,Life Claim,2025-12-20,8903.29,APPROVED,0,53,14260.64,2023-08-13,PENDING
1280,11920,2047,Property Damage,2025-06-06,19773.67,APPROVED,0,85,40667.31,2024-03-23,PENDING
1281,3579,9411,Life Claim,2025-12-10,15747.69,PENDING,0,54,45762.03,2024-01-02,VERIFIED
1282,14416,730,Motor Accident,2025-10-24,26152.63,REJECTED,0,65,54408.67,2024-10-29,PENDING
1283,2933,616,Property Damage,2025-08-02,25574.28,REJECTED,0,9,40806.05,2025-08-08,PENDING
1284,20815,7968,Motor Accident,2026-04-22,28284.67,APPROVED,0,44,46529.66,2024-05-11,VERIFIED
1285,22653,4717,Property Damage,2026-05-19,2955.61,APPROVED,0,34,29431.86,2024-04-30,PENDING
1286,21065,7712,Motor Accident,2025-11-02,33926.24,APPROVED,0,85,92500.21,2024-03-23,PENDING
1287,6116,9331,Property Damage,2025-12-29,8169.17,APPROVED,0,66,56360.43,2025-10-19,PENDING
1288,7579,9760,Motor Accident,2025-12-15,5948.46,REJECTED,0,28,9062.79,2024-03-24,PENDING
1289,375,7987,Motor Accident,2025-10-16,46048.77,REJECTED,0,98,27340.95,2024-05-21,VERIFIED
1290,13113,5129,Property Damage,2025-07-08,86601.0,REJECTED,0,46,57754.42,2024-10-10,VERIFIED
1291,2178,1171,Property Damage,2026-03-05,6307.61,APPROVED,0,99,10257.35,2025-10-16,VERIFIED
1292,23112,9126,Property Damage,2025-06-16,25243.91,REJECTED,0,62,59584.74,2024-11-09,PENDING
1293,13745,9898,Life Claim,2025-09-21,29239.13,APPROVED,0,76,24328.93,2025-12-20,VERIFIED
1294,19872,6844,Health Claim,2025-11-22,36139.31,APPROVED,0,42,28391.87,2026-01-16,PENDING
1295,19634,6056,Health Claim,2026-03-25,6966.92,APPROVED,0,8,43176.31,2024-07-09,VERIFIED
1296,12145,6300,Health Claim,2026-04-24,5551.82,APPROVED,0,36,19247.15,2025-08-14,VERIFIED
1297,11394,5249,Health Claim,2025-10-20,59620.24,REJECTED,0,67,93005.39,2024-06-03,PENDING
1298,5431,9325,Motor Accident,2026-05-16,22421.21,REJECTED,0,23,13901.49,2025-03-30,PENDING
1299,16544,4806,Health Claim,2026-04-19,9448.88,PENDING,0,60,18102.78,2025-10-30,VERIFIED
1300,23275,213,Health Claim,2025-05-29,6064.74,REJECTED,0,62,21639.93,2024-03-19,VERIFIED
1301,4472,6813,Motor Accident,2025-10-23,25436.31,APPROVED,0,34,64733.92,2024-04-17,VERIFIED
1302,3682,6934,Property Damage,2025-12-21,15231.61,APPROVED,0,71,35417.55,2026-02-19,PENDING
1303,3750,7715,Property Damage,2025-06-25,27313.43,REJECTED,0,61,45323.35,2025-01-03,PENDING
1304,9673,761,Health Claim,2026-02-10,18282.31,APPROVED,0,53,91862.46,2023-08-20,PENDING
1305,6514,7934,Life Claim,2025-08-24,38453.35,PENDING,0,39,29019.39,2026-02-11,VERIFIED
1306,19045,9297,Life Claim,2025-10-06,9876.88,APPROVED,0,63,45541.34,2025-03-23,PENDING
1307,11619,984,Life Claim,2026-04-08,53449.34,PENDING,0,45,83980.76,2026-05-04,PENDING
1308,14439,5111,Property Damage,2025-06-25,147524.56,APPROVED,0,98,77062.44,2025-03-06,VERIFIED
1309,6667,7110,Property Damage,2025-12-30,27063.75,REJECTED,0,79,47029.97,2025-07-07,VERIFIED
1310,22070,5561,Health Claim,2025-09-17,9306.6,APPROVED,0,33,8542.59,2023-07-01,VERIFIED
1311,6763,6215,Motor Accident,2025-08-17,8707.63,REJECTED,0,43,65572.78,2026-01-10,VERIFIED
1312,1477,6891,Motor Accident,2025-08-20,4894.59,APPROVED,0,90,24043.2,2025-07-24,VERIFIED
1313,15204,3147,Health Claim,2025-10-03,50345.01,PENDING,0,53,26571.49,2025-12-20,VERIFIED
1314,12111,1074,Health Claim,2026-05-01,11805.19,REJECTED,0,5,22213.68,2024-07-17,VERIFIED
1315,16897,1854,Health Claim,2025-10-31,1813.95,APPROVED,0,84,8094.82,2024-03-13,PENDING
1316,18432,7416,Life Claim,2025-06-28,41090.35,APPROVED,0,89,72778.62,2025-06-23,VERIFIED
1317,14962,5773,Property Damage,2025-11-20,34871.14,REJECTED,0,53,25676.77,2024-03-13,PENDING
1318,24918,3039,Life Claim,2025-10-30,56479.36,REJECTED,0,55,36768.89,2024-07-12,VERIFIED
1319,1969,6439,Motor Accident,2025-08-21,96945.7,PENDING,0,93,70072.7,2024-03-06,VERIFIED
1320,11120,7852,Life Claim,2026-05-06,9021.55,APPROVED,0,47,77295.68,2024-11-24,PENDING
1321,10545,9457,Motor Accident,2025-11-17,62377.28,PENDING,0,17,35091.04,2024-04-11,VERIFIED
1322,147,6499,Property Damage,2026-04-30,4519.36,REJECTED,0,76,34124.7,2024-05-12,PENDING
1323,15641,4750,Property Damage,2026-02-01,6096.26,PENDING,0,48,8828.84,2024-04-21,VERIFIED
1324,9429,4776,Life Claim,2026-04-27,19541.95,PENDING,0,14,34307.09,2025-09-03,PENDING
1325,19210,5356,Motor Accident,2026-03-31,81323.9,PENDING,0,61,76245.93,2025-08-31,PENDING
1326,15387,7006,Health Claim,2025-06-12,3605.63,APPROVED,0,58,26199.91,2026-05-06,VERIFIED
1327,20836,9190,Life Claim,2025-07-27,22323.83,PENDING,0,38,35471.21,2024-06-25,PENDING
1328,8501,8448,Health Claim,2025-08-30,5291.64,REJECTED,0,86,10473.61,2024-10-25,VERIFIED
1329,20169,6476,Health Claim,2026-01-03,13941.93,REJECTED,0,48,46029.57,2026-05-04,PENDING
1330,20880,2116,Property Damage,2026-02-12,27781.43,APPROVED,0,93,45225.55,2025-09-28,VERIFIED
1331,22120,7725,Life Claim,2025-10-03,18914.68,APPROVED,0,87,89203.43,2023-07-12,PENDING
1332,5519,8688,Property Damage,2026-04-01,21699.2,REJECTED,0,6,79060.23,2024-02-19,VERIFIED
1333,14449,5885,Health Claim,2026-05-23,7452.13,APPROVED,0,25,19924.04,2024-07-06,VERIFIED
1334,9551,632,Motor Accident,2026-03-27,6079.71,PENDING,0,45,30445.9,2024-02-06,PENDING
1335,7268,1517,Motor Accident,2026-03-05,85752.41,APPROVED,0,48,65683.43,2023-08-06,VERIFIED
1336,17587,9221,Health Claim,2025-11-19,3640.33,PENDING,0,43,30249.15,2025-04-01,PENDING
1337,4825,6054,Health Claim,2025-07-19,104510.68,REJECTED,0,84,61996.72,2025-10-03,PENDING
1338,7031,9705,Property Damage,2026-04-10,15161.86,REJECTED,0,7,94902.66,2024-06-06,PENDING
1339,2498,8103,Life Claim,2025-08-05,14876.64,REJECTED,0,13,41593.24,2023-10-08,VERIFIED
1340,23461,7354,Motor Accident,2026-02-20,65061.58,REJECTED,0,39,32796.23,2025-01-24,PENDING
1341,5533,812,Property Damage,2025-08-10,13111.65,APPROVED,0,8,29369.79,2025-09-05,VERIFIED
1342,20899,2545,Property Damage,2025-07-27,55681.74,REJECTED,0,2,82756.75,2025-08-27,VERIFIED
1343,9156,5120,Health Claim,2026-02-27,35747.48,PENDING,0,63,81548.85,2025-12-05,PENDING
1344,6751,117,Motor Accident,2026-05-13,52058.71,APPROVED,0,66,42593.88,2025-06-23,PENDING
1345,20400,5295,Motor Accident,2025-09-03,57782.66,PENDING,0,60,48694.29,2023-08-01,VERIFIED
1346,321,6846,Life Claim,2026-03-14,117769.8,REJECTED,0,62,80804.6,2025-01-10,PENDING
1347,7082,9093,Motor Accident,2025-08-05,19711.73,PENDING,0,38,40413.44,2024-09-11,PENDING
1348,24379,414,Life Claim,2026-01-30,28466.29,REJECTED,0,45,67599.32,2025-08-31,VERIFIED
1349,20391,9211,Health Claim,2025-11-19,31788.47,APPROVED,0,49,19638.94,2023-07-26,PENDING
1350,8211,889,Property Damage,2025-08-16,35445.86,APPROVED,0,39,81144.61,2025-09-08,PENDING
1351,16247,4149,Property Damage,2026-04-17,20338.06,REJECTED,0,51,37090.09,2026-02-23,VERIFIED
1352,8153,6793,Life Claim,2025-09-03,4513.61,APPROVED,0,6,18696.64,2023-10-06,PENDING
1353,14868,4300,Property Damage,2026-05-11,19212.35,APPROVED,0,42,11249.52,2024-09-22,PENDING
1354,19991,9785,Property Damage,2025-11-09,33710.52,PENDING,0,28,81291.51,2024-08-17,VERIFIED
1355,20226,2142,Health Claim,2026-01-19,8409.82,PENDING,0,29,47667.53,2024-07-07,PENDING
1356,17512,2889,Motor Accident,2026-04-12,48117.55,PENDING,0,98,79911.15,2024-01-03,PENDING
1357,8729,6411,Property Damage,2025-06-12,11898.92,REJECTED,0,62,23639.6,2023-11-19,PENDING
1358,15613,5453,Property Damage,2025-12-07,12062.5,REJECTED,0,41,18009.47,2024-10-08,PENDING
1359,10075,7620,Life Claim,2025-12-02,5110.52,APPROVED,0,71,44345.34,2026-04-30,PENDING
1360,788,5876,Health Claim,2025-06-07,8893.49,APPROVED,0,78,23398.09,2023-11-06,PENDING
1361,15347,9987,Health Claim,2025-09-10,47753.03,REJECTED,0,76,74269.79,2023-06-04,VERIFIED
1362,3295,5962,Property Damage,2026-02-26,8018.54,PENDING,0,9,6155.17,2023-07-23,PENDING
1363,10774,9813,Life Claim,2025-07-17,79383.16,REJECTED,0,99,74668.17,2024-08-05,PENDING
1364,9877,9156,Property Damage,2025-06-03,11504.1,PENDING,0,93,75350.29,2023-07-31,PENDING
1365,12433,6308,Property Damage,2026-03-02,17605.94,REJECTED,0,16,80974.35,2025-10-01,PENDING
1366,6983,6985,Property Damage,2026-03-02,38330.75,PENDING,0,67,82915.91,2024-04-11,VERIFIED
1367,20233,6595,Life Claim,2025-12-14,25431.53,PENDING,0,6,68146.41,2025-09-30,PENDING
1368,17951,8741,Health Claim,2025-10-06,3569.99,PENDING,0,35,21645.33,2023-12-07,VERIFIED
1369,3057,4675,Motor Accident,2025-09-06,7076.22,APPROVED,0,4,16004.75,2023-09-06,PENDING
1370,1335,280,Motor Accident,2026-04-04,16668.67,REJECTED,0,74,46982.49,2025-11-30,PENDING
1371,6694,707,Motor Accident,2026-04-10,141917.97,REJECTED,0,74,86599.63,2025-03-15,PENDING
1372,12866,6304,Property Damage,2026-02-17,6125.82,REJECTED,0,75,26798.51,2024-09-02,PENDING
1373,3881,4878,Property Damage,2026-01-11,27951.72,REJECTED,0,76,20569.05,2025-03-03,VERIFIED
1374,4032,4854,Motor Accident,2026-01-01,7330.66,REJECTED,0,67,13729.88,2024-02-12,VERIFIED
1375,17723,4760,Property Damage,2025-11-08,92833.15,APPROVED,0,9,71558.94,2025-07-22,PENDING
1376,20164,3752,Health Claim,2025-06-05,14131.1,REJECTED,0,45,92925.53,2024-07-29,VERIFIED
1377,6427,9301,Motor Accident,2025-06-26,45577.23,APPROVED,0,87,29555.76,2024-08-27,VERIFIED
1378,8332,3358,Life Claim,2025-12-29,10110.26,REJECTED,0,49,63085.42,2024-09-23,VERIFIED
1379,15257,8690,Life Claim,2025-12-04,10780.58,APPROVED,0,36,39778.83,2023-09-23,VERIFIED
1380,12154,2420,Life Claim,2025-10-04,19063.16,PENDING,0,77,82236.99,2024-12-14,PENDING
1381,21770,5589,Motor Accident,2025-09-20,102676.45,APPROVED,0,14,65467.94,2025-02-17,VERIFIED
1382,14200,4108,Property Damage,2026-02-23,33755.24,PENDING,0,21,57631.33,2024-10-12,PENDING
1383,8067,644,Motor Accident,2026-01-11,42553.69,APPROVED,0,83,98246.13,2023-10-31,PENDING
1384,22743,3751,Life Claim,2025-10-06,19821.88,APPROVED,0,57,56184.33,2025-09-21,PENDING
1385,21971,9547,Motor Accident,2025-11-18,39679.67,REJECTED,0,36,81660.87,2026-03-05,PENDING
1386,17388,1804,Life Claim,2026-04-26,21695.01,APPROVED,0,47,56932.05,2026-04-30,VERIFIED
1387,14862,5972,Property Damage,2026-05-10,38289.19,PENDING,0,74,67233.89,2026-01-17,VERIFIED
1388,3052,3465,Health Claim,2026-02-10,53463.29,APPROVED,0,35,29509.3,2023-07-14,PENDING
1389,21597,5904,Health Claim,2026-05-05,23120.9,PENDING,0,64,48342.52,2024-07-13,PENDING
1390,15141,120,Property Damage,2025-10-21,3850.52,REJECTED,0,91,11390.0,2026-05-06,PENDING
1391,24647,9551,Motor Accident,2025-11-22,5843.68,APPROVED,0,22,49739.09,2025-12-05,PENDING
1392,11514,344,Motor Accident,2025-06-16,31957.48,PENDING,0,24,91877.59,2024-07-08,PENDING
1393,6681,1683,Property Damage,2026-01-14,53832.04,APPROVED,0,9,44130.71,2025-01-14,PENDING
1394,12970,5609,Motor Accident,2026-03-26,133453.25,PENDING,0,92,67935.09,2025-09-29,VERIFIED
1395,19688,7306,Property Damage,2025-12-13,3618.54,APPROVED,0,56,15911.38,2026-02-13,PENDING
1396,18999,8968,Property Damage,2025-09-25,109706.81,APPROVED,0,39,60457.78,2026-03-19,PENDING
1397,8490,8492,Life Claim,2026-04-23,49486.05,PENDING,0,10,70826.59,2026-01-19,PENDING
1398,14192,4558,Motor Accident,2025-08-07,43996.52,APPROVED,0,51,32255.7,2025-08-21,PENDING
1399,12922,8448,Life Claim,2026-04-11,12179.62,REJECTED,0,15,80557.54,2025-08-14,PENDING
1400,6910,2261,Life Claim,2025-08-25,41615.84,APPROVED,0,11,72342.35,2025-12-17,VERIFIED
1401,9407,4191,Health Claim,2025-08-10,32109.89,REJECTED,0,75,93152.89,2024-08-08,VERIFIED
1402,22721,1066,Life Claim,2025-06-14,8899.36,APPROVED,0,85,36752.41,2026-05-19,PENDING
1403,8425,9329,Property Damage,2026-04-22,177400.33,REJECTED,0,3,96923.63,2023-10-28,VERIFIED
1404,15239,3752,Property Damage,2025-07-11,95212.54,REJECTED,0,36,93107.06,2025-12-26,PENDING
1405,11981,141,Life Claim,2025-08-04,84721.99,APPROVED,0,51,66161.47,2025-01-26,VERIFIED
1406,5019,6490,Property Damage,2025-08-12,2631.89,PENDING,0,37,21870.43,2024-04-15,VERIFIED
1407,16646,7552,Property Damage,2025-10-31,6040.08,PENDING,0,7,11955.14,2024-12-19,PENDING
1408,7586,6276,Health Claim,2026-04-07,36417.78,PENDING,0,69,97597.11,2024-03-27,VERIFIED
1409,14976,6482,Property Damage,2025-11-26,15544.55,APPROVED,0,62,84290.17,2024-10-21,PENDING
1410,18636,3094,Health Claim,2025-09-30,15494.75,PENDING,0,7,30960.16,2026-02-10,PENDING
1411,23575,8139,Motor Accident,2026-03-10,99043.7,PENDING,0,2,62680.02,2024-12-19,VERIFIED
1412,3240,8864,Health Claim,2025-09-09,23348.41,REJECTED,0,77,76884.19,2024-06-20,PENDING
1413,10585,1781,Health Claim,2026-02-05,49809.44,PENDING,0,20,99297.8,2023-08-26,PENDING
1414,334,844,Property Damage,2026-01-03,12815.88,PENDING,0,73,31745.08,2024-04-03,PENDING
1415,766,5563,Property Damage,2025-09-12,42162.47,APPROVED,0,29,93378.56,2023-07-18,VERIFIED
1416,11126,6407,Health Claim,2026-03-15,19801.37,APPROVED,0,56,86666.93,2025-05-17,PENDING
1417,13652,2063,Life Claim,2025-09-29,38721.56,REJECTED,0,26,96960.68,2025-02-06,PENDING
1418,14874,1991,Health Claim,2025-12-10,103851.35,APPROVED,0,13,72197.84,2025-09-04,VERIFIED
1419,11421,3979,Motor Accident,2025-09-09,42774.84,APPROVED,0,24,85349.79,2023-12-17,VERIFIED
1420,24462,4219,Motor Accident,2025-09-28,18980.23,REJECTED,0,48,64060.63,2026-02-08,PENDING
1421,20102,3930,Property Damage,2025-06-20,21745.04,APPROVED,0,74,34180.0,2025-05-09,VERIFIED
1422,5853,1966,Life Claim,2025-07-20,2181.99,REJECTED,0,79,14316.8,2025-02-06,PENDING
1423,20825,30,Motor Accident,2026-02-15,43450.22,PENDING,0,30,84830.48,2025-03-15,PENDING
1424,14718,4567,Property Damage,2026-01-20,19206.16,PENDING,0,29,37199.19,2025-11-19,PENDING
1425,22798,2825,Health Claim,2026-03-17,11295.96,PENDING,0,88,18967.98,2026-01-16,VERIFIED
1426,19575,431,Health Claim,2026-04-23,28069.19,PENDING,0,47,68257.08,2025-02-14,PENDING
1427,6365,4552,Motor Accident,2026-01-24,28149.48,APPROVED,0,82,86511.78,2024-08-02,PENDING
1428,2564,5275,Health Claim,2025-07-15,107125.89,PENDING,0,53,75087.15,2026-03-03,VERIFIED
1429,20535,6260,Health Claim,2026-04-09,30804.83,PENDING,0,2,93599.51,2024-05-10,VERIFIED
1430,16113,1827,Life Claim,2026-05-05,17955.91,REJECTED,0,91,52548.98,2025-08-05,VERIFIED
1431,16461,2691,Life Claim,2025-11-24,74104.3,APPROVED,0,20,47076.03,2024-08-11,PENDING
1432,14061,8432,Property Damage,2025-06-04,107933.16,APPROVED,0,97,57371.98,2024-01-29,PENDING
1433,5026,1623,Health Claim,2025-12-09,4696.36,PENDING,0,50,8462.46,2024-09-03,PENDING
1434,10453,3953,Life Claim,2025-09-13,164659.13,PENDING,0,91,86113.08,2025-09-24,PENDING
1435,18802,9273,Life Claim,2026-03-20,107263.83,APPROVED,0,97,54535.25,2024-04-02,PENDING
1436,20569,5073,Motor Accident,2025-06-05,14722.96,PENDING,0,25,27551.88,2024-09-22,VERIFIED
1437,3905,5914,Motor Accident,2026-05-02,58150.03,APPROVED,0,26,96285.73,2024-08-18,PENDING
1438,1404,5177,Motor Accident,2025-07-01,5145.81,PENDING,0,43,7474.38,2025-09-13,PENDING
1439,20533,9579,Motor Accident,2025-08-31,25337.81,APPROVED,0,49,66320.58,2023-08-09,PENDING
1440,10908,8261,Life Claim,2025-07-17,110043.84,PENDING,0,71,69234.49,2025-03-31,PENDING
1441,20587,8429,Health Claim,2025-07-26,187247.5,REJECTED,0,67,98743.96,2023-10-13,PENDING
1442,22909,7743,Property Damage,2026-04-21,6334.62,APPROVED,0,19,53858.14,2023-08-15,PENDING
1443,3952,9468,Property Damage,2026-04-07,137052.45,PENDING,0,69,86376.29,2025-11-08,PENDING
1444,12426,6727,Motor Accident,2026-05-10,10189.94,REJECTED,0,48,31310.79,2025-03-17,VERIFIED
1445,20283,4856,Property Damage,2025-09-30,48140.28,REJECTED,0,32,98625.1,2024-02-07,VERIFIED
1446,6029,4965,Health Claim,2025-12-21,7722.17,REJECTED,0,35,15775.21,2024-05-28,VERIFIED
1447,13257,4667,Property Damage,2026-03-18,12540.66,APPROVED,0,98,27348.91,2024-11-26,PENDING
1448,20169,8476,Property Damage,2026-02-04,9908.31,REJECTED,0,16,90266.54,2023-08-11,PENDING
1449,12696,1269,Motor Accident,2025-08-25,1077.72,REJECTED,0,94,8083.31,2024-01-15,VERIFIED
1450,3827,9953,Motor Accident,2026-01-21,3134.59,REJECTED,0,1,15454.36,2026-01-19,PENDING
1451,2987,1439,Property Damage,2025-12-04,47147.8,PENDING,0,89,77707.25,2024-10-14,PENDING
1452,20771,6848,Health Claim,2025-06-13,40055.21,APPROVED,0,97,29140.41,2024-08-08,VERIFIED
1453,18736,9630,Motor Accident,2026-05-11,5429.35,REJECTED,0,44,24833.56,2024-04-08,PENDING
1454,13827,5407,Health Claim,2026-03-09,35515.01,REJECTED,0,43,97808.99,2025-09-18,VERIFIED
1455,10947,7071,Motor Accident,2025-09-30,20859.92,REJECTED,0,12,44925.43,2025-04-08,VERIFIED
1456,8093,5835,Life Claim,2026-02-13,1069.67,REJECTED,0,51,7284.1,2023-09-15,PENDING
1457,13891,2735,Property Damage,2025-11-30,28537.63,PENDING,0,65,52577.77,2024-12-19,PENDING
1458,19453,4787,Health Claim,2026-02-21,147258.77,APPROVED,0,3,80191.2,2024-06-22,VERIFIED
1459,9724,5299,Life Claim,2025-12-25,20952.79,REJECTED,0,11,17728.14,2023-08-10,VERIFIED
1460,2106,2906,Life Claim,2025-06-17,15913.21,APPROVED,0,64,85217.71,2025-10-11,PENDING
1461,20895,5949,Property Damage,2026-04-27,34278.38,APPROVED,0,66,77546.46,2025-06-07,VERIFIED
1462,20400,5498,Life Claim,2025-06-25,37813.51,PENDING,0,11,89651.86,2024-09-01,VERIFIED
1463,8677,70,Motor Accident,2025-11-13,61127.8,REJECTED,0,34,55716.2,2025-02-12,VERIFIED
1464,17829,3412,Motor Accident,2025-10-28,144952.19,REJECTED,0,77,99060.97,2024-04-06,PENDING
1465,4777,7604,Health Claim,2025-10-17,16960.78,REJECTED,0,9,56719.86,2024-11-02,PENDING
1466,12280,7018,Life Claim,2026-05-11,11735.49,REJECTED,0,87,31824.97,2024-09-12,PENDING
1467,17089,5842,Life Claim,2025-09-13,60120.49,PENDING,0,67,39914.95,2025-07-08,PENDING
1468,24080,7605,Motor Accident,2026-04-27,3033.59,APPROVED,0,27,5369.8,2024-09-26,VERIFIED
1469,12582,9333,Motor Accident,2025-07-03,92721.2,PENDING,0,91,51929.87,2024-07-25,PENDING
1470,22130,6339,Motor Accident,2026-05-19,21084.59,APPROVED,0,73,68653.99,2026-04-13,VERIFIED
1471,21890,7651,Health Claim,2026-04-08,15546.33,REJECTED,0,56,27952.07,2025-02-28,VERIFIED
1472,2454,9073,Property Damage,2025-12-02,13915.64,REJECTED,0,93,23746.71,2024-02-24,PENDING
1473,24905,4198,Motor Accident,2025-11-23,30039.91,PENDING,0,82,48921.51,2026-03-22,PENDING
1474,6603,6932,Health Claim,2025-08-09,34778.75,REJECTED,0,35,29173.88,2023-09-21,VERIFIED
1475,15157,4709,Life Claim,2026-01-11,22552.17,APPROVED,0,30,68961.76,2024-02-01,PENDING
1476,935,5713,Health Claim,2026-02-03,40363.3,PENDING,0,93,67989.66,2024-12-29,PENDING
1477,854,761,Property Damage,2025-06-04,39348.07,REJECTED,0,79,56850.63,2025-02-25,VERIFIED
1478,13822,6901,Health Claim,2025-12-24,24368.28,PENDING,0,25,40123.09,2025-12-21,PENDING
1479,17256,5227,Property Damage,2026-05-12,47583.64,APPROVED,0,34,85173.3,2025-01-13,PENDING
1480,7476,1787,Motor Accident,2026-02-20,42186.93,APPROVED,0,7,66435.39,2025-01-19,PENDING
1481,18110,3960,Motor Accident,2025-06-11,5979.83,REJECTED,0,37,11732.4,2024-07-28,PENDING
1482,11172,8095,Motor Accident,2026-02-23,9681.86,REJECTED,0,1,14118.76,2023-06-20,VERIFIED
1483,24684,9416,Property Damage,2025-07-26,40412.93,REJECTED,0,32,87959.07,2026-02-20,VERIFIED
1484,19195,6242,Motor Accident,2026-05-12,74498.7,APPROVED,0,60,42042.05,2023-10-19,VERIFIED
1485,20146,917,Motor Accident,2026-01-17,20694.41,APPROVED,0,95,71428.05,2024-02-10,VERIFIED
1486,12092,6830,Health Claim,2025-07-11,145664.71,APPROVED,0,1,73050.02,2026-04-24,VERIFIED
1487,8733,6612,Life Claim,2026-03-20,10512.12,PENDING,0,21,54369.16,2026-05-14,PENDING
1488,12873,8264,Health Claim,2025-11-24,111636.12,PENDING,0,45,71647.56,2023-11-10,PENDING
1489,7061,2713,Property Damage,2026-03-24,37280.64,PENDING,0,74,73303.49,2024-11-11,PENDING
1490,6898,4663,Life Claim,2025-09-16,30869.66,REJECTED,0,13,56850.08,2025-01-20,VERIFIED
1491,16918,9472,Life Claim,2025-06-06,92652.4,REJECTED,0,17,76424.44,2023-06-03,VERIFIED
1492,23844,5028,Life Claim,2025-10-03,5501.0,APPROVED,0,65,8330.55,2023-11-08,PENDING
1493,14143,1287,Motor Accident,2025-07-11,30514.82,PENDING,0,14,65426.63,2024-02-13,PENDING
1494,17623,8339,Property Damage,2026-04-30,93792.45,REJECTED,0,71,50729.22,2024-01-24,PENDING
1495,120,1247,Health Claim,2025-10-13,63118.53,PENDING,0,84,62185.43,2025-03-11,PENDING
1496,1231,6838,Property Damage,2025-11-22,28288.81,REJECTED,0,58,54541.03,2023-09-11,PENDING
1497,21835,3942,Motor Accident,2026-02-18,23618.83,PENDING,0,81,38811.07,2024-11-09,VERIFIED
1498,11926,7201,Health Claim,2025-08-05,8221.48,REJECTED,0,87,22106.01,2026-04-04,PENDING
1499,9577,8446,Health Claim,2026-04-08,42689.07,PENDING,0,35,98571.08,2024-02-26,PENDING
1500,15564,4420,Health Claim,2026-02-22,11965.83,APPROVED,0,32,51753.18,2026-01-30,VERIFIED
1501,815,8542,Property Damage,2025-08-31,31759.88,APPROVED,0,85,16553.46,2026-02-11,VERIFIED
1502,15810,2911,Motor Accident,2025-08-30,22797.14,PENDING,0,5,54457.5,2026-03-12,PENDING
1503,9342,4887,Property Damage,2026-04-16,35707.74,REJECTED,0,12,69291.67,2024-02-21,PENDING
1504,15726,7208,Motor Accident,2026-05-23,15228.69,PENDING,0,72,28040.87,2024-11-01,VERIFIED
1505,23994,6238,Motor Accident,2025-09-02,13772.73,REJECTED,0,80,22240.01,2023-07-23,PENDING
1506,29,8097,Health Claim,2026-04-07,10863.25,APPROVED,0,9,57005.0,2025-02-28,VERIFIED
1507,14520,7545,Health Claim,2025-11-26,19058.85,REJECTED,0,12,35653.62,2024-02-04,VERIFIED
1508,2205,5581,Property Damage,2025-10-31,119654.68,APPROVED,0,59,93902.91,2025-02-09,PENDING
1509,15502,5444,Property Damage,2026-02-15,24665.9,PENDING,0,24,49580.63,2024-08-18,PENDING
1510,2851,3908,Life Claim,2025-12-05,5864.86,APPROVED,0,50,38118.43,2025-04-29,PENDING
1511,13304,3662,Health Claim,2025-09-29,49163.4,PENDING,0,71,30573.37,2023-09-11,PENDING
1512,8861,1967,Life Claim,2026-01-06,5812.63,APPROVED,0,80,10223.47,2025-08-04,PENDING
1513,7330,1043,Life Claim,2026-05-12,37908.82,PENDING,0,65,54471.17,2024-08-10,VERIFIED
1514,16782,997,Life Claim,2025-08-26,58264.99,PENDING,0,92,32978.12,2025-06-17,VERIFIED
1515,12952,31,Motor Accident,2026-05-13,11265.38,APPROVED,0,31,25341.85,2026-03-01,PENDING
1516,17866,1204,Life Claim,2026-03-05,3727.73,PENDING,0,80,6423.3,2024-07-14,VERIFIED
1517,7769,4205,Property Damage,2026-01-06,20652.86,REJECTED,0,81,51419.44,2025-12-08,PENDING
1518,15602,4411,Health Claim,2025-06-25,17125.25,REJECTED,0,47,63045.91,2024-11-27,PENDING
1519,6452,6376,Health Claim,2025-10-10,14140.34,APPROVED,0,84,28643.69,2024-04-06,VERIFIED
1520,5916,7477,Life Claim,2025-12-14,85893.14,APPROVED,0,70,75316.66,2024-07-25,VERIFIED
1521,20413,3179,Property Damage,2026-01-01,19128.27,REJECTED,0,1,57435.59,2025-10-03,PENDING
1522,9142,8925,Health Claim,2026-01-11,10852.75,APPROVED,0,34,42275.91,2024-07-06,VERIFIED
1523,70,8918,Motor Accident,2025-06-11,29001.86,PENDING,0,25,63880.72,2026-01-31,VERIFIED
1524,17555,522,Property Damage,2025-12-22,16237.12,APPROVED,0,90,35156.28,2025-01-31,VERIFIED
1525,21646,1730,Motor Accident,2025-12-12,5842.83,PENDING,0,9,13379.54,2024-04-29,PENDING
1526,22088,7300,Life Claim,2026-04-29,3944.86,APPROVED,0,73,15735.94,2024-09-17,PENDING
1527,2137,6636,Life Claim,2025-07-07,11553.56,APPROVED,0,40,35882.19,2024-05-25,PENDING
1528,15156,3360,Life Claim,2025-07-01,96079.73,PENDING,0,80,71296.79,2023-06-09,PENDING
1529,23828,4944,Property Damage,2025-06-17,6583.4,PENDING,0,30,10581.9,2025-03-13,VERIFIED
1530,9399,1981,Health Claim,2025-12-30,36674.75,APPROVED,0,23,57939.76,2026-04-24,VERIFIED
1531,18340,6097,Health Claim,2025-09-18,62095.87,REJECTED,0,61,93114.63,2025-07-20,PENDING
1532,24769,5594,Property Damage,2026-05-01,8051.1,PENDING,0,42,17674.29,2023-09-30,PENDING
1533,13183,853,Life Claim,2025-07-09,16781.58,APPROVED,0,42,28223.25,2025-04-29,VERIFIED
1534,16456,501,Health Claim,2025-07-10,7397.69,PENDING,0,16,10777.98,2025-09-08,VERIFIED
1535,18007,4503,Health Claim,2025-06-18,3713.91,APPROVED,0,63,23047.73,2025-11-25,PENDING
1536,88,2054,Property Damage,2026-01-21,2909.87,APPROVED,0,91,24415.14,2026-02-03,PENDING
1537,11598,2757,Motor Accident,2026-02-09,20923.4,REJECTED,0,73,85738.4,2024-08-13,PENDING
1538,24960,7490,Property Damage,2025-06-24,40185.09,PENDING,0,42,75505.75,2025-08-06,PENDING
1539,7438,6084,Motor Accident,2026-03-02,66967.66,PENDING,0,22,97336.02,2023-06-21,PENDING
1540,10608,9534,Property Damage,2025-07-29,9311.57,PENDING,0,67,23183.51,2025-07-23,VERIFIED
1541,10183,8726,Life Claim,2026-05-06,43890.07,REJECTED,0,82,74780.44,2023-10-19,VERIFIED
1542,9681,173,Health Claim,2025-09-19,26382.69,PENDING,0,47,52887.95,2025-04-05,PENDING
1543,22312,1641,Life Claim,2026-03-04,5355.71,REJECTED,0,55,36887.83,2024-08-12,VERIFIED
1544,24436,6153,Motor Accident,2026-05-09,61160.21,APPROVED,0,44,94695.91,2025-02-19,PENDING
1545,12458,2787,Life Claim,2025-12-25,100614.57,APPROVED,0,87,51924.45,2025-10-03,PENDING
1546,13789,5033,Health Claim,2026-03-16,29767.91,PENDING,0,15,65414.45,2023-11-03,VERIFIED
1547,11565,6179,Health Claim,2026-01-08,8847.62,REJECTED,0,22,20687.1,2023-12-14,PENDING
1548,15499,8061,Property Damage,2026-05-07,18137.95,APPROVED,0,16,10959.22,2025-06-30,VERIFIED
1549,13770,9656,Property Damage,2026-05-15,29450.75,APPROVED,0,31,42987.4,2024-06-13,PENDING
1550,18236,1394,Health Claim,2025-11-13,32383.3,PENDING,0,86,23799.28,2024-10-18,PENDING
1551,3395,9170,Life Claim,2026-01-25,68059.44,APPROVED,0,39,34456.73,2024-05-03,PENDING
1552,16022,8331,Property Damage,2025-12-13,10658.25,PENDING,0,43,20425.61,2023-08-17,PENDING
1553,1574,4149,Health Claim,2025-10-08,5486.27,PENDING,0,60,11337.83,2025-10-31,VERIFIED
1554,876,9828,Property Damage,2025-11-24,18069.98,PENDING,0,20,33784.84,2025-04-10,VERIFIED
1555,18731,647,Health Claim,2025-12-05,49021.68,PENDING,0,40,36917.94,2025-07-14,VERIFIED
1556,21708,2651,Life Claim,2026-05-03,27266.63,APPROVED,0,100,67514.64,2024-07-17,VERIFIED
1557,17821,4544,Health Claim,2025-08-15,25761.23,APPROVED,0,23,61293.69,2023-06-02,VERIFIED
1558,8715,927,Motor Accident,2026-02-16,4985.76,PENDING,0,96,14772.31,2025-02-14,PENDING
1559,7046,6673,Life Claim,2025-12-14,10181.48,REJECTED,0,82,16660.07,2024-10-31,PENDING
1560,13425,6753,Life Claim,2025-08-01,18918.76,APPROVED,0,24,76467.87,2024-03-08,VERIFIED
1561,12400,7935,Motor Accident,2025-08-20,45809.56,REJECTED,0,59,76334.83,2026-05-16,VERIFIED
1562,8299,4066,Life Claim,2025-08-29,595.41,APPROVED,0,1,5621.66,2024-06-21,PENDING
1563,4738,6268,Health Claim,2026-02-27,17138.96,REJECTED,0,6,49290.32,2024-11-12,PENDING
1564,16840,6995,Health Claim,2025-08-30,30200.79,APPROVED,0,43,50066.23,2024-12-10,PENDING
1565,7897,6302,Health Claim,2025-08-16,2528.66,REJECTED,0,18,9067.76,2023-07-04,PENDING
1566,18838,6044,Motor Accident,2026-04-16,54835.15,APPROVED,0,41,33626.46,2025-11-17,PENDING
1567,16138,9657,Motor Accident,2025-12-09,7176.17,APPROVED,0,22,11613.04,2025-12-23,VERIFIED
1568,19070,6306,Life Claim,2025-08-29,14733.87,PENDING,0,62,9419.36,2024-09-20,PENDING
1569,12403,184,Health Claim,2025-09-21,38683.88,APPROVED,0,17,75423.18,2024-11-16,VERIFIED
1570,11010,748,Life Claim,2026-01-24,2425.04,APPROVED,0,5,5643.05,2023-08-22,PENDING
1571,13720,7319,Property Damage,2025-12-15,52865.24,PENDING,0,62,91173.54,2026-03-10,VERIFIED
1572,16849,3362,Motor Accident,2025-08-09,54124.28,PENDING,0,15,87128.13,2024-04-28,PENDING
1573,2815,4570,Property Damage,2025-09-24,83869.41,PENDING,0,15,47746.54,2025-02-15,VERIFIED
1574,12617,1186,Health Claim,2026-01-01,88295.98,REJECTED,0,12,82919.62,2025-11-14,PENDING
1575,1854,8172,Life Claim,2026-04-12,126886.75,APPROVED,0,50,80891.3,2025-06-17,VERIFIED
1576,21838,920,Health Claim,2025-11-18,13013.33,REJECTED,0,44,91302.68,2026-04-15,PENDING
1577,14383,5991,Property Damage,2026-01-19,101072.37,APPROVED,0,18,62282.9,2024-03-10,PENDING
1578,4730,3555,Property Damage,2025-07-23,15306.56,REJECTED,0,22,31541.83,2024-02-28,PENDING
1579,24965,1768,Health Claim,2026-01-12,8423.67,REJECTED,0,7,38490.31,2025-10-18,VERIFIED
1580,20741,2143,Property Damage,2026-04-10,47158.17,PENDING,0,75,25368.53,2023-07-02,PENDING
1581,17899,8240,Property Damage,2025-10-04,9241.99,APPROVED,0,77,29855.47,2024-06-26,VERIFIED
1582,23392,4178,Motor Accident,2025-12-03,2576.74,APPROVED,0,16,16388.58,2024-06-16,PENDING
1583,16107,7029,Health Claim,2025-08-06,9370.62,REJECTED,0,55,6625.92,2025-12-07,VERIFIED
1584,4900,5249,Life Claim,2025-09-14,19679.01,APPROVED,0,41,30874.25,2025-01-29,PENDING
1585,9121,5595,Property Damage,2026-04-19,18603.73,PENDING,0,67,87430.93,2025-11-02,PENDING
1586,20470,9237,Life Claim,2026-04-26,19747.04,PENDING,0,83,73543.08,2025-09-15,PENDING
1587,10668,1096,Health Claim,2025-10-22,115395.37,REJECTED,0,19,68405.98,2024-06-05,VERIFIED
1588,10449,2840,Motor Accident,2025-10-30,43274.35,APPROVED,0,23,77307.2,2023-10-17,PENDING
1589,7643,7721,Life Claim,2025-10-24,13670.15,PENDING,0,93,77143.52,2024-08-29,PENDING
1590,15191,5083,Health Claim,2026-04-01,75858.71,PENDING,0,54,54965.94,2023-11-17,VERIFIED
1591,5025,4016,Motor Accident,2025-07-02,10792.67,REJECTED,0,24,93600.39,2026-04-18,VERIFIED
1592,18083,451,Life Claim,2026-03-27,42828.52,PENDING,0,61,80073.12,2024-02-05,VERIFIED
1593,18199,8623,Property Damage,2026-03-05,51337.9,REJECTED,0,2,98507.55,2023-06-10,VERIFIED
1594,3957,1838,Motor Accident,2025-07-28,27189.31,PENDING,0,10,39699.78,2024-12-31,PENDING
1595,22021,8683,Life Claim,2026-05-11,20575.87,APPROVED,0,87,50790.17,2024-01-06,VERIFIED
1596,5697,8592,Life Claim,2026-04-27,22347.92,APPROVED,0,37,78600.73,2024-06-20,VERIFIED
1597,13844,2096,Property Damage,2025-05-26,5132.43,PENDING,0,86,37223.63,2024-02-19,VERIFIED
1598,17572,8563,Motor Accident,2025-07-16,23695.99,PENDING,0,84,81789.97,2025-02-16,PENDING
1599,21203,8477,Motor Accident,2026-01-20,14197.22,REJECTED,0,39,21190.5,2025-02-01,PENDING
1600,15569,3245,Motor Accident,2026-04-06,73620.06,REJECTED,0,1,41213.05,2024-07-23,PENDING
1601,14207,7698,Life Claim,2025-08-20,14461.79,REJECTED,0,96,85861.28,2024-12-12,PENDING
1602,8296,9807,Health Claim,2025-09-26,48946.64,REJECTED,0,84,81579.89,2025-09-01,VERIFIED
1603,2648,4620,Life Claim,2025-08-11,35338.93,APPROVED,0,19,98274.91,2024-05-29,VERIFIED
1604,9425,3963,Motor Accident,2026-03-14,111507.4,APPROVED,0,21,74027.6,2023-12-11,VERIFIED
1605,6639,2636,Life Claim,2026-04-22,42774.56,PENDING,0,11,92202.38,2024-11-01,PENDING
1606,17458,162,Life Claim,2026-02-16,43621.38,APPROVED,0,25,65203.53,2025-04-17,VERIFIED
1607,4620,5765,Life Claim,2026-02-23,50172.87,REJECTED,0,86,93711.54,2024-07-23,PENDING
1608,11440,4021,Property Damage,2026-01-27,79265.15,REJECTED,0,56,57305.62,2024-03-14,PENDING
1609,18742,8068,Health Claim,2026-01-16,14616.3,PENDING,0,13,47188.51,2026-03-16,PENDING
1610,14309,341,Property Damage,2026-02-20,11980.1,APPROVED,0,74,94842.06,2023-10-09,VERIFIED
1611,24127,7978,Health Claim,2025-07-08,10367.29,REJECTED,0,80,22817.5,2023-07-18,VERIFIED
1612,23439,699,Life Claim,2025-08-16,42657.02,REJECTED,0,81,76497.91,2024-09-20,VERIFIED
1613,15429,6619,Life Claim,2025-06-08,93674.03,REJECTED,0,22,59063.18,2023-11-08,PENDING
1614,15240,8772,Property Damage,2025-09-15,23913.33,PENDING,0,84,39394.35,2025-07-06,PENDING
1615,15806,2515,Motor Accident,2025-12-06,117767.67,REJECTED,0,97,61673.17,2023-06-10,VERIFIED
1616,23180,9670,Life Claim,2026-04-06,8417.68,APPROVED,0,46,83526.6,2025-05-19,PENDING
1617,18408,7176,Life Claim,2025-12-30,29172.22,PENDING,0,51,21363.82,2024-09-02,VERIFIED
1618,14062,490,Property Damage,2026-01-13,38856.99,PENDING,0,35,56339.08,2025-09-05,PENDING
1619,10452,2383,Health Claim,2026-01-26,24063.39,APPROVED,0,58,57429.89,2025-05-03,PENDING
1620,8833,6148,Health Claim,2025-06-22,97818.31,REJECTED,0,5,52611.64,2024-04-22,PENDING
1621,24677,6862,Property Damage,2025-09-07,29933.47,PENDING,0,22,49420.94,2025-02-25,VERIFIED
1622,18377,7940,Motor Accident,2026-02-18,1094.71,PENDING,0,17,5661.96,2026-02-24,VERIFIED
1623,24199,598,Life Claim,2025-07-13,23086.6,PENDING,0,28,47677.79,2024-12-31,VERIFIED
1624,8916,8029,Life Claim,2025-08-17,8320.27,REJECTED,0,85,33520.36,2023-06-19,VERIFIED
1625,5881,5274,Motor Accident,2026-03-09,25039.61,PENDING,0,54,37255.78,2024-07-01,VERIFIED
1626,12263,368,Health Claim,2026-03-09,36124.82,PENDING,0,48,87553.65,2025-05-04,PENDING
1627,6656,7727,Health Claim,2025-07-31,18962.9,APPROVED,0,34,61285.15,2024-02-24,PENDING
1628,12833,8512,Motor Accident,2025-12-29,3284.23,APPROVED,0,31,17743.67,2025-09-07,PENDING
1629,9066,3642,Life Claim,2025-08-04,12747.5,REJECTED,0,20,90963.85,2024-12-29,VERIFIED
1630,10648,2428,Motor Accident,2025-10-03,60136.98,PENDING,0,92,99776.0,2025-04-07,PENDING
1631,9636,2348,Life Claim,2026-02-10,56425.95,APPROVED,0,80,34102.74,2025-02-14,PENDING
1632,7250,9760,Life Claim,2025-09-25,90379.66,PENDING,0,98,86919.88,2023-06-30,PENDING
1633,3117,9839,Property Damage,2026-01-12,17446.57,APPROVED,0,14,68541.62,2025-10-14,VERIFIED
1634,150,8267,Motor Accident,2025-09-24,77129.83,APPROVED,0,25,63624.2,2026-02-10,VERIFIED
1635,16912,8705,Health Claim,2025-08-24,7258.03,REJECTED,0,6,63297.74,2024-03-30,VERIFIED
1636,17025,2896,Health Claim,2025-07-03,23658.41,APPROVED,0,9,56572.05,2025-09-13,VERIFIED
1637,21551,5178,Life Claim,2026-02-19,17268.0,PENDING,0,6,64948.34,2023-06-08,VERIFIED
1638,17978,9658,Life Claim,2025-05-26,64214.21,REJECTED,0,74,63068.58,2023-07-09,PENDING
1639,16641,1919,Property Damage,2026-05-21,14878.32,APPROVED,0,61,39166.72,2025-04-08,PENDING
1640,11626,2095,Property Damage,2025-10-28,34109.25,PENDING,0,84,85444.08,2026-02-23,PENDING
1641,5481,2680,Life Claim,2025-08-06,1884.22,PENDING,0,23,16098.16,2024-10-10,PENDING
1642,4511,4990,Property Damage,2025-07-17,5690.69,APPROVED,0,34,9669.29,2025-02-05,PENDING
1643,14856,8405,Motor Accident,2025-06-29,4097.16,PENDING,0,56,6120.66,2026-01-05,PENDING
1644,21214,2510,Life Claim,2025-12-11,1207.18,APPROVED,0,34,9592.84,2025-01-12,VERIFIED
1645,15956,358,Life Claim,2026-04-25,95891.26,APPROVED,0,45,72449.02,2024-03-11,PENDING
1646,5953,2973,Life Claim,2025-10-11,53861.09,PENDING,0,52,92829.56,2024-05-13,PENDING
1647,2638,8499,Life Claim,2026-01-02,39925.17,APPROVED,0,32,22824.92,2023-10-03,VERIFIED
1648,11015,2014,Health Claim,2025-07-04,100691.61,APPROVED,0,37,84980.22,2023-11-19,PENDING
1649,14279,3562,Motor Accident,2026-03-10,12113.78,REJECTED,0,52,95114.02,2024-05-11,VERIFIED
1650,11486,5774,Life Claim,2025-10-22,50446.02,REJECTED,0,73,80073.93,2024-12-22,VERIFIED
1651,12162,9412,Motor Accident,2026-02-28,22845.32,PENDING,0,42,43700.3,2026-05-04,PENDING
1652,20365,2433,Life Claim,2026-01-29,7528.08,PENDING,0,61,35013.21,2024-12-15,VERIFIED
1653,1402,7804,Property Damage,2025-08-15,23672.52,PENDING,0,12,22317.11,2025-02-15,VERIFIED
1654,4174,7173,Property Damage,2026-05-18,41367.5,REJECTED,0,3,75801.49,2025-01-01,VERIFIED
1655,3047,6677,Life Claim,2026-01-13,15916.92,REJECTED,0,10,66749.42,2025-07-28,VERIFIED
1656,8740,7915,Property Damage,2025-08-28,12237.85,REJECTED,0,86,21987.13,2025-01-27,PENDING
1657,16257,2938,Property Damage,2025-11-14,31036.0,APPROVED,0,5,62271.43,2024-06-02,VERIFIED
1658,11602,9190,Life Claim,2025-09-16,14709.88,APPROVED,0,13,11614.94,2025-12-02,VERIFIED
1659,6413,8010,Health Claim,2026-04-20,6128.89,REJECTED,0,5,8894.46,2025-08-02,VERIFIED
1660,23242,4942,Property Damage,2025-09-15,16834.56,REJECTED,0,89,36525.99,2023-11-29,PENDING
1661,19211,8071,Motor Accident,2025-11-13,11888.9,PENDING,0,69,27849.79,2025-06-05,PENDING
1662,17674,7480,Motor Accident,2025-11-11,1382.52,APPROVED,0,79,9075.31,2026-05-11,VERIFIED
1663,11813,1797,Property Damage,2025-06-11,6506.65,REJECTED,0,76,45102.71,2023-07-20,VERIFIED
1664,23776,3516,Health Claim,2025-08-06,8354.85,PENDING,0,90,81253.93,2025-08-10,VERIFIED
1665,7320,6670,Motor Accident,2026-04-09,44441.83,REJECTED,0,72,70102.66,2024-11-04,PENDING
1666,13876,3195,Life Claim,2025-10-20,110951.17,APPROVED,0,9,84892.51,2024-11-03,PENDING
1667,12107,8624,Life Claim,2025-12-27,3416.87,REJECTED,0,26,21485.73,2025-09-21,VERIFIED
1668,17824,9350,Motor Accident,2026-05-19,31621.22,PENDING,0,36,57506.16,2025-10-31,VERIFIED
1669,15879,1097,Motor Accident,2025-06-07,12851.24,PENDING,0,33,29214.13,2025-10-30,VERIFIED
1670,24136,5916,Health Claim,2026-02-18,8833.39,REJECTED,0,74,27252.04,2025-04-29,PENDING
1671,18485,4251,Health Claim,2025-11-10,20270.44,APPROVED,0,52,83388.59,2024-03-30,PENDING
1672,2351,7404,Life Claim,2025-12-21,22889.54,PENDING,0,16,59714.49,2025-03-08,PENDING
1673,20526,8296,Life Claim,2025-09-08,5582.6,REJECTED,0,63,8524.53,2026-04-19,VERIFIED
1674,2124,9065,Motor Accident,2025-12-20,49936.7,REJECTED,0,43,75580.06,2025-08-23,PENDING
1675,16311,41,Motor Accident,2025-11-17,1390.32,REJECTED,0,12,9785.95,2024-08-21,PENDING
1676,4189,5110,Property Damage,2026-05-14,16828.04,APPROVED,0,21,60715.64,2025-02-09,VERIFIED
1677,19956,5113,Health Claim,2025-08-21,986.59,REJECTED,0,4,5487.48,2025-05-13,VERIFIED
1678,9428,4310,Life Claim,2026-04-10,15951.16,REJECTED,0,99,43821.04,2023-10-04,VERIFIED
1679,6573,4715,Motor Accident,2025-07-14,26030.42,PENDING,0,37,77476.98,2024-02-23,PENDING
1680,24784,6180,Motor Accident,2025-08-02,28875.35,REJECTED,0,3,53261.75,2025-10-04,PENDING
1681,22950,6901,Property Damage,2025-09-17,53747.45,PENDING,0,76,83825.56,2025-10-05,PENDING
1682,19963,3525,Motor Accident,2025-08-31,12945.79,REJECTED,0,34,68250.68,2024-07-03,VERIFIED
1683,13746,9584,Health Claim,2026-02-27,5683.38,REJECTED,0,76,15740.63,2026-01-16,VERIFIED
1684,5344,9253,Motor Accident,2026-04-30,23369.73,PENDING,0,68,81643.67,2024-06-20,PENDING
1685,15456,8055,Health Claim,2025-09-01,38942.94,APPROVED,0,2,92565.02,2025-05-17,VERIFIED
1686,9391,5327,Motor Accident,2025-12-19,49779.23,APPROVED,0,7,85897.18,2025-08-02,VERIFIED
1687,11396,1949,Health Claim,2026-05-22,43135.24,REJECTED,0,89,22236.49,2026-05-11,PENDING
1688,2453,1530,Life Claim,2025-09-07,21157.7,REJECTED,0,65,36673.3,2026-05-22,PENDING
1689,7040,5881,Property Damage,2026-01-18,22623.58,PENDING,0,54,46529.2,2026-03-28,VERIFIED
1690,13146,2324,Motor Accident,2026-05-12,15924.17,APPROVED,0,72,75483.41,2025-08-03,PENDING
1691,10084,7605,Motor Accident,2025-10-29,23436.22,APPROVED,0,79,36937.85,2024-03-13,VERIFIED
1692,15271,7496,Motor Accident,2026-01-11,24738.32,REJECTED,0,54,48793.78,2023-12-12,PENDING
1693,16981,7039,Life Claim,2026-02-26,7627.71,PENDING,0,12,26914.09,2024-01-03,PENDING
1694,751,7413,Life Claim,2025-09-05,26290.65,REJECTED,0,64,87149.67,2024-12-20,PENDING
1695,5617,7038,Life Claim,2025-09-25,16939.26,REJECTED,0,6,13424.37,2024-09-27,VERIFIED
1696,19236,38,Life Claim,2025-10-05,59606.8,APPROVED,0,69,90221.25,2025-10-21,PENDING
1697,7641,4610,Property Damage,2026-04-29,58523.86,PENDING,0,97,42991.16,2024-06-27,VERIFIED
1698,12818,3694,Property Damage,2026-03-02,16861.93,PENDING,0,43,44758.33,2024-01-27,VERIFIED
1699,17403,37,Motor Accident,2025-08-03,19686.0,REJECTED,0,29,44548.6,2024-10-02,PENDING
1700,19531,2266,Motor Accident,2025-08-10,37003.98,APPROVED,0,38,19966.94,2025-09-09,PENDING
1701,18058,5164,Life Claim,2026-02-19,44700.89,PENDING,0,76,79044.79,2024-06-13,VERIFIED
1702,14009,6416,Motor Accident,2025-06-02,28678.39,REJECTED,0,97,73524.21,2026-03-27,PENDING
1703,4302,7871,Health Claim,2025-12-17,24814.54,PENDING,0,78,15661.84,2026-01-28,PENDING
1704,1473,4574,Motor Accident,2026-03-06,71380.34,APPROVED,0,57,37447.82,2026-01-30,PENDING
1705,15938,4684,Property Damage,2025-12-18,7609.63,REJECTED,0,71,15102.73,2024-03-15,VERIFIED
1706,22519,3597,Motor Accident,2025-06-08,26915.43,APPROVED,0,52,40663.54,2024-12-12,VERIFIED
1707,18245,7512,Health Claim,2025-06-20,20221.64,APPROVED,0,72,42257.03,2023-07-17,VERIFIED
1708,9783,2943,Life Claim,2026-03-02,2807.41,PENDING,0,28,8898.58,2023-09-07,VERIFIED
1709,7684,6594,Property Damage,2025-10-26,35084.87,PENDING,0,38,63820.73,2025-09-19,VERIFIED
1710,24156,8764,Health Claim,2025-11-13,10580.77,PENDING,0,59,90807.69,2024-04-19,VERIFIED
1711,11710,1972,Property Damage,2026-05-16,38651.71,REJECTED,0,65,34186.19,2026-02-16,PENDING
1712,22582,7015,Property Damage,2026-01-01,26503.39,PENDING,0,59,54286.36,2025-05-29,PENDING
1713,16631,7338,Health Claim,2025-05-27,37887.61,APPROVED,0,31,62075.93,2024-04-21,PENDING
1714,12788,3629,Health Claim,2025-10-28,41209.8,PENDING,0,53,79523.95,2024-05-24,PENDING
1715,9320,1160,Health Claim,2025-11-05,19584.57,PENDING,0,3,67227.41,2025-06-25,PENDING
1716,23824,8247,Life Claim,2025-10-20,29125.31,APPROVED,0,22,88636.4,2024-05-28,PENDING
1717,11790,8780,Motor Accident,2026-04-05,49174.47,REJECTED,0,84,42444.34,2023-10-23,PENDING
1718,7382,6955,Health Claim,2026-01-25,41941.31,APPROVED,0,82,99817.32,2025-04-04,PENDING
1719,15967,4510,Property Damage,2025-06-01,1462.14,PENDING,0,58,6728.52,2024-03-07,VERIFIED
1720,10611,7498,Motor Accident,2026-03-08,18979.62,REJECTED,0,2,12408.5,2025-09-11,VERIFIED
1721,18856,5517,Health Claim,2025-11-28,6371.82,REJECTED,0,44,35098.88,2024-11-30,PENDING
1722,17458,309,Health Claim,2025-06-09,56933.61,REJECTED,0,38,34166.71,2024-11-12,VERIFIED
1723,19352,4179,Property Damage,2025-08-14,137941.23,REJECTED,0,70,74940.96,2025-06-20,PENDING
1724,5322,1888,Life Claim,2025-07-04,22423.34,REJECTED,0,87,64483.94,2024-12-03,VERIFIED
1725,5612,334,Property Damage,2025-07-27,3335.02,PENDING,0,20,7468.2,2024-10-31,PENDING
1726,9001,3447,Life Claim,2026-04-14,37523.09,REJECTED,0,83,92319.84,2024-12-13,VERIFIED
1727,3334,9163,Health Claim,2025-10-10,31887.82,PENDING,0,35,75613.6,2024-03-03,PENDING
1728,24125,2645,Life Claim,2026-02-19,75624.58,REJECTED,0,45,67466.8,2024-09-13,PENDING
1729,8969,369,Life Claim,2026-04-11,42397.01,PENDING,0,64,77834.52,2026-02-23,VERIFIED
1730,22128,7212,Motor Accident,2026-05-10,1322.41,PENDING,0,65,10055.02,2025-07-20,VERIFIED
1731,13807,867,Health Claim,2025-06-01,89668.35,APPROVED,0,46,62522.09,2025-03-26,VERIFIED
1732,4045,7324,Health Claim,2026-05-22,26695.07,APPROVED,0,57,94311.52,2023-10-22,PENDING
1733,12059,9858,Life Claim,2025-09-11,126253.85,REJECTED,0,39,85759.26,2026-03-06,PENDING
1734,9993,9327,Life Claim,2025-07-12,68687.56,APPROVED,0,17,47859.98,2025-04-24,PENDING
1735,3393,4571,Motor Accident,2026-05-05,38589.55,REJECTED,0,32,67924.35,2024-04-09,PENDING
1736,20722,7427,Motor Accident,2025-09-09,10010.42,REJECTED,0,47,30131.25,2025-04-07,PENDING
1737,17258,1302,Life Claim,2026-02-21,8200.58,REJECTED,0,37,48847.27,2023-12-14,VERIFIED
1738,3248,4847,Life Claim,2025-07-14,22256.14,PENDING,0,48,77194.48,2024-11-20,VERIFIED
1739,14598,2007,Life Claim,2025-08-28,18904.19,APPROVED,0,21,80886.64,2024-12-17,VERIFIED
1740,8816,9430,Life Claim,2026-03-27,11445.19,APPROVED,0,75,55719.13,2026-05-07,VERIFIED
1741,21596,7200,Health Claim,2025-11-15,2611.77,PENDING,0,19,8731.71,2024-04-24,VERIFIED
1742,11280,4287,Health Claim,2025-12-25,8808.36,APPROVED,0,49,54974.04,2025-08-03,PENDING
1743,3808,2440,Health Claim,2025-11-25,1362.37,PENDING,0,41,6526.08,2025-05-03,PENDING
1744,19582,5344,Property Damage,2025-10-07,49726.68,REJECTED,0,55,92992.01,2023-11-30,PENDING
1745,5815,9674,Life Claim,2026-04-25,11620.87,REJECTED,0,67,47322.91,2024-04-17,PENDING
1746,15285,8964,Health Claim,2025-09-20,58242.86,APPROVED,0,71,29133.99,2025-09-15,VERIFIED
1747,10309,7969,Motor Accident,2026-04-16,71920.56,PENDING,0,91,42533.14,2024-07-26,PENDING
1748,12965,4596,Life Claim,2025-05-25,11913.82,PENDING,0,77,59605.09,2025-09-18,VERIFIED
1749,23441,360,Health Claim,2025-07-19,10230.18,APPROVED,0,8,29126.02,2025-05-08,PENDING
1750,82,2393,Health Claim,2025-07-18,14895.76,REJECTED,0,72,22413.14,2026-04-23,VERIFIED
1751,9166,51,Health Claim,2026-02-11,80261.76,PENDING,0,41,68141.99,2025-07-17,PENDING
1752,6684,3473,Health Claim,2026-01-31,13460.07,APPROVED,0,75,31888.95,2026-05-14,PENDING
1753,23491,9169,Health Claim,2025-08-27,29011.39,APPROVED,0,60,63434.72,2026-03-03,PENDING
1754,8696,4840,Life Claim,2025-06-12,47923.86,REJECTED,0,84,46592.68,2024-06-25,VERIFIED
1755,11586,3025,Health Claim,2025-11-30,9262.38,REJECTED,0,30,22334.53,2026-05-24,VERIFIED
1756,2594,4235,Health Claim,2025-09-04,88617.2,APPROVED,0,25,68161.79,2023-10-20,VERIFIED
1757,8183,7419,Life Claim,2025-07-12,166536.48,APPROVED,0,46,96445.2,2024-12-09,VERIFIED
1758,18523,8284,Health Claim,2025-08-18,20079.06,PENDING,0,42,36412.36,2026-04-22,VERIFIED
1759,16419,211,Motor Accident,2025-11-23,6515.96,PENDING,0,39,36620.81,2024-03-05,VERIFIED
1760,14156,6464,Property Damage,2025-07-12,13017.66,APPROVED,0,51,81066.32,2024-03-05,PENDING
1761,15285,8645,Property Damage,2025-12-19,32481.59,PENDING,0,20,51449.7,2024-03-26,VERIFIED
1762,10370,2466,Life Claim,2025-12-13,39440.59,REJECTED,0,71,90369.87,2025-08-15,PENDING
1763,881,2076,Life Claim,2026-01-22,59516.74,PENDING,0,84,47951.11,2023-12-27,VERIFIED
1764,6853,1388,Motor Accident,2025-10-20,34924.57,REJECTED,0,23,70745.08,2023-10-20,PENDING
1765,20122,8613,Health Claim,2025-08-31,10992.35,REJECTED,0,9,21615.74,2025-05-31,PENDING
1766,4216,4305,Life Claim,2026-03-18,25756.19,APPROVED,0,25,76019.66,2023-06-23,VERIFIED
1767,14678,2044,Property Damage,2025-10-11,40433.31,REJECTED,0,10,79592.82,2024-10-15,PENDING
1768,17143,3697,Life Claim,2025-08-22,15993.79,APPROVED,0,98,60652.15,2026-04-17,VERIFIED
1769,22658,1567,Motor Accident,2026-03-14,42711.16,APPROVED,0,84,29340.58,2024-11-27,VERIFIED
1770,18030,6270,Motor Accident,2025-11-01,51223.33,PENDING,0,24,76855.2,2025-03-17,VERIFIED
1771,21623,8323,Property Damage,2026-01-16,12315.73,PENDING,0,64,25457.81,2023-11-15,VERIFIED
1772,10470,9923,Health Claim,2026-02-17,3638.85,PENDING,0,59,5233.8,2026-01-26,PENDING
1773,186,8481,Life Claim,2025-11-01,19915.95,PENDING,0,36,93698.69,2024-06-26,VERIFIED
1774,24266,7899,Property Damage,2026-05-07,15501.87,PENDING,0,26,69533.39,2023-10-25,PENDING
1775,2068,1034,Life Claim,2025-07-03,40299.2,REJECTED,0,33,69099.33,2025-12-20,VERIFIED
1776,11263,3293,Property Damage,2025-10-01,9776.82,APPROVED,0,14,68638.35,2024-01-23,PENDING
1777,24397,9610,Motor Accident,2026-02-04,6890.63,REJECTED,0,15,9886.85,2024-12-01,VERIFIED
1778,223,7349,Motor Accident,2026-04-02,43656.58,APPROVED,0,33,99094.41,2023-06-12,VERIFIED
1779,6322,850,Life Claim,2025-07-06,3760.56,APPROVED,0,59,28051.12,2026-04-18,PENDING
1780,7347,5020,Motor Accident,2026-01-31,11049.72,REJECTED,0,20,23650.87,2026-02-10,PENDING
1781,7804,4092,Life Claim,2026-04-11,7242.48,APPROVED,0,49,29335.25,2025-06-11,PENDING
1782,12488,6788,Property Damage,2025-06-07,10487.72,REJECTED,0,18,43353.42,2024-02-25,PENDING
1783,5335,6261,Motor Accident,2026-01-02,8440.2,APPROVED,0,79,15153.55,2023-07-31,VERIFIED
1784,3770,2439,Property Damage,2025-07-17,20994.47,REJECTED,0,70,52217.64,2024-01-16,VERIFIED
1785,18844,4453,Motor Accident,2025-09-05,9513.83,APPROVED,0,97,49661.77,2023-07-13,VERIFIED
1786,14967,3072,Motor Accident,2025-09-16,7131.8,APPROVED,0,3,34437.24,2024-09-27,PENDING
1787,3451,3518,Health Claim,2025-07-01,13932.07,REJECTED,0,50,53075.48,2023-08-07,VERIFIED
1788,24608,6928,Motor Accident,2026-02-11,26989.31,PENDING,0,48,77592.26,2023-07-20,VERIFIED
1789,3734,6480,Life Claim,2025-07-29,81548.06,APPROVED,0,73,77846.85,2024-10-11,VERIFIED
1790,19633,5549,Health Claim,2026-02-19,21653.25,APPROVED,0,79,99868.9,2024-08-05,PENDING
1791,13536,5121,Life Claim,2026-04-18,2761.84,REJECTED,0,84,24544.57,2025-03-18,VERIFIED
1792,2821,5463,Health Claim,2025-12-23,7267.23,APPROVED,0,83,47979.35,2025-09-14,PENDING
1793,5344,1318,Health Claim,2025-09-11,35588.88,APPROVED,0,72,77849.2,2023-10-11,PENDING
1794,15725,3435,Life Claim,2025-11-13,2913.16,PENDING,0,5,11628.23,2023-07-22,VERIFIED
1795,16652,9701,Life Claim,2026-05-14,33530.76,PENDING,0,41,31769.31,2023-07-01,PENDING
1796,21199,66,Health Claim,2026-05-17,83637.82,REJECTED,0,76,64215.16,2024-04-15,PENDING
1797,21940,5313,Property Damage,2025-11-15,55586.26,APPROVED,0,60,36402.8,2024-12-10,PENDING
1798,22608,5657,Health Claim,2025-10-06,49590.77,REJECTED,0,50,98013.77,2026-01-25,PENDING
1799,19625,2834,Health Claim,2026-02-13,13623.23,REJECTED,0,65,24247.14,2024-04-10,PENDING
1800,23825,8210,Property Damage,2026-01-08,15805.58,REJECTED,0,76,61192.74,2025-09-15,VERIFIED
1801,21702,7266,Health Claim,2026-02-07,55372.61,REJECTED,0,20,86364.66,2024-04-17,PENDING
1802,17258,2478,Motor Accident,2025-09-15,17745.53,PENDING,0,96,36334.19,2025-12-02,PENDING
1803,13759,2408,Life Claim,2025-09-13,30769.37,APPROVED,0,30,82404.0,2024-02-26,VERIFIED
1804,24938,6003,Motor Accident,2025-08-03,11180.91,PENDING,0,59,17423.88,2023-09-04,PENDING
1805,3187,4238,Property Damage,2025-10-05,50111.66,APPROVED,0,99,75967.26,2025-02-28,PENDING
1806,20481,5319,Health Claim,2025-12-20,10368.37,REJECTED,0,84,20273.51,2024-12-14,VERIFIED
1807,22321,7066,Life Claim,2026-01-04,4018.02,APPROVED,0,44,21120.46,2024-04-13,PENDING
1808,18066,2437,Life Claim,2026-02-04,53999.27,REJECTED,0,67,48312.19,2023-10-10,VERIFIED
1809,17840,5995,Property Damage,2026-01-15,1507.77,PENDING,0,5,10997.29,2025-07-13,PENDING
1810,15872,6662,Motor Accident,2025-07-05,132884.44,APPROVED,0,95,80382.9,2024-08-21,VERIFIED
1811,15668,2494,Property Damage,2026-04-01,20352.31,APPROVED,0,50,93171.05,2025-08-12,PENDING
1812,22864,4947,Motor Accident,2026-01-19,24172.84,PENDING,0,46,16755.71,2024-08-28,VERIFIED
1813,4370,1235,Motor Accident,2025-11-20,37825.9,REJECTED,0,75,59716.13,2026-04-12,VERIFIED
1814,23095,2215,Health Claim,2026-02-18,1990.64,APPROVED,0,64,6765.03,2026-05-04,PENDING
1815,17583,4409,Motor Accident,2025-08-25,54059.4,REJECTED,0,77,79300.0,2023-09-17,VERIFIED
1816,7196,7978,Property Damage,2025-06-16,14916.98,PENDING,0,75,37738.48,2025-10-17,VERIFIED
1817,824,6358,Motor Accident,2025-11-22,9012.09,APPROVED,0,100,67331.16,2026-01-08,VERIFIED
1818,14790,1616,Property Damage,2025-11-19,6289.01,REJECTED,0,1,42808.6,2025-08-09,VERIFIED
1819,5697,8390,Life Claim,2026-03-05,73124.85,APPROVED,0,65,50212.75,2026-03-23,PENDING
1820,14067,4214,Motor Accident,2026-02-10,17249.64,APPROVED,0,81,31774.85,2024-11-02,VERIFIED
1821,3599,5449,Health Claim,2026-02-11,16915.73,REJECTED,0,69,29428.96,2024-11-11,VERIFIED
1822,22775,6182,Health Claim,2025-10-18,15102.96,PENDING,0,1,66432.31,2025-07-31,VERIFIED
1823,21556,172,Health Claim,2026-02-28,4950.1,PENDING,0,62,10653.37,2025-01-05,VERIFIED
1824,14999,5416,Life Claim,2026-03-21,44051.36,PENDING,0,54,82718.08,2026-02-27,VERIFIED
1825,13125,6198,Motor Accident,2025-08-07,28858.67,PENDING,0,45,90810.23,2023-06-18,PENDING
1826,1389,4016,Property Damage,2025-11-15,3843.28,APPROVED,0,22,19433.64,2023-09-26,VERIFIED
1827,4935,7041,Motor Accident,2026-04-23,12545.8,PENDING,0,3,62746.32,2025-12-20,VERIFIED
1828,9338,7967,Health Claim,2026-01-14,29574.54,PENDING,0,23,72874.92,2023-08-20,PENDING
1829,10574,9835,Life Claim,2025-07-31,10408.68,REJECTED,0,7,99788.72,2026-05-02,PENDING
1830,21279,210,Property Damage,2025-10-20,16475.19,PENDING,0,36,28238.72,2025-06-27,VERIFIED
1831,9212,2028,Health Claim,2025-08-09,2589.96,PENDING,0,95,13021.07,2026-05-13,PENDING
1832,19536,5101,Property Damage,2025-09-20,37070.71,REJECTED,0,59,62193.51,2024-09-06,PENDING
1833,767,1127,Life Claim,2025-10-22,90434.19,PENDING,0,83,47111.77,2024-01-15,PENDING
1834,17442,7546,Life Claim,2025-08-17,20736.53,PENDING,0,76,75816.94,2026-01-17,PENDING
1835,495,5896,Property Damage,2025-10-16,150351.41,PENDING,0,5,76806.79,2024-11-07,PENDING
1836,2728,4871,Life Claim,2026-01-01,3485.78,REJECTED,0,85,26712.34,2026-01-10,PENDING
1837,17890,4749,Motor Accident,2025-06-30,11071.58,PENDING,0,99,76465.25,2023-09-12,PENDING
1838,16140,7419,Life Claim,2025-06-23,2167.76,PENDING,0,71,8251.4,2025-09-21,VERIFIED
1839,16707,312,Health Claim,2025-07-11,37469.29,PENDING,0,88,58662.22,2025-01-12,VERIFIED
1840,19824,1972,Property Damage,2025-08-13,63930.93,PENDING,0,7,54920.19,2023-10-11,VERIFIED
1841,12251,3707,Property Damage,2025-12-29,72287.58,REJECTED,0,68,64397.02,2024-03-19,VERIFIED
1842,3016,5628,Life Claim,2025-12-08,35411.92,REJECTED,0,26,58482.08,2025-06-07,PENDING
1843,15568,9978,Health Claim,2026-04-29,40733.08,REJECTED,0,24,67833.27,2023-09-12,VERIFIED
1844,2447,2092,Health Claim,2025-09-26,9673.17,APPROVED,0,76,27104.05,2024-12-22,PENDING
1845,18034,7185,Motor Accident,2026-04-03,82836.13,REJECTED,0,12,42954.75,2025-12-22,PENDING
1846,23814,6604,Life Claim,2026-04-03,18264.13,PENDING,0,93,54230.67,2025-12-22,PENDING
1847,24524,5072,Property Damage,2026-02-24,44722.69,PENDING,0,38,64425.33,2024-11-12,VERIFIED
1848,19128,68,Motor Accident,2025-08-25,8137.64,PENDING,0,11,72565.27,2025-12-01,PENDING
1849,1493,1596,Life Claim,2025-08-04,29542.44,REJECTED,0,80,53615.3,2024-04-30,PENDING
1850,5684,339,Life Claim,2026-04-23,11628.3,APPROVED,0,5,35144.51,2025-03-27,VERIFIED
1851,19197,5063,Health Claim,2026-03-04,51736.62,APPROVED,0,19,74586.34,2025-01-22,VERIFIED
1852,104,7039,Life Claim,2026-02-05,2696.06,APPROVED,0,49,24231.73,2024-09-16,PENDING
1853,24387,4319,Motor Accident,2026-05-08,105543.85,REJECTED,0,89,53032.38,2025-12-15,VERIFIED
1854,8648,4709,Motor Accident,2026-04-19,25827.89,REJECTED,0,21,50956.74,2023-12-22,PENDING
1855,11397,3018,Life Claim,2025-05-27,31024.73,REJECTED,0,27,69569.54,2025-12-22,PENDING
1856,11416,1562,Property Damage,2025-09-07,8122.76,REJECTED,0,74,51203.16,2024-11-06,VERIFIED
1857,21278,476,Life Claim,2026-02-01,26229.5,PENDING,0,88,14596.52,2024-07-31,PENDING
1858,22635,2733,Health Claim,2026-01-06,31688.8,APPROVED,0,71,51365.71,2026-05-10,VERIFIED
1859,11844,9166,Health Claim,2025-12-01,99546.49,REJECTED,0,32,68879.86,2025-09-07,VERIFIED
1860,7371,5017,Property Damage,2025-11-02,91824.69,REJECTED,0,13,82461.79,2024-12-22,PENDING
1861,6789,1942,Property Damage,2025-10-12,7542.84,PENDING,0,30,27906.55,2024-09-10,VERIFIED
1862,14355,9600,Property Damage,2025-12-06,1609.64,PENDING,0,4,7018.92,2024-12-22,VERIFIED
1863,16106,5632,Motor Accident,2025-12-12,43051.71,APPROVED,0,64,38920.21,2023-06-13,PENDING
1864,8789,5778,Health Claim,2025-10-21,7889.01,APPROVED,0,85,18309.94,2024-11-10,PENDING
1865,24831,8924,Motor Accident,2025-05-25,28811.1,PENDING,0,55,16938.68,2025-08-30,PENDING
1866,13817,4582,Motor Accident,2025-11-21,7359.62,PENDING,0,16,24363.47,2024-11-14,VERIFIED
1867,10394,8861,Life Claim,2026-04-13,25537.07,APPROVED,0,97,57977.95,2025-10-06,VERIFIED
1868,6016,7525,Motor Accident,2026-01-21,62296.02,REJECTED,0,41,91464.34,2023-08-12,PENDING
1869,18337,4752,Motor Accident,2025-08-05,30656.76,REJECTED,0,89,56473.69,2025-03-16,VERIFIED
1870,15458,9345,Property Damage,2025-07-28,54098.24,PENDING,0,68,77658.66,2024-07-30,VERIFIED
1871,9580,9754,Health Claim,2025-08-22,7127.14,APPROVED,0,88,47304.48,2023-07-04,PENDING
1872,4994,5825,Health Claim,2026-01-26,3462.96,PENDING,0,42,20731.47,2023-06-20,PENDING
1873,17384,6683,Health Claim,2025-11-26,61150.2,PENDING,0,27,42474.22,2023-07-07,PENDING
1874,5044,5108,Motor Accident,2025-09-28,102313.39,REJECTED,0,43,64111.05,2023-10-26,VERIFIED
1875,5987,4660,Motor Accident,2025-11-24,5010.14,APPROVED,0,34,42197.26,2025-10-10,PENDING
1876,18222,735,Motor Accident,2026-01-08,1204.37,PENDING,0,17,6941.72,2026-04-10,VERIFIED
1877,10013,4105,Property Damage,2025-12-17,95554.23,REJECTED,0,69,62608.24,2025-06-20,VERIFIED
1878,20355,1125,Property Damage,2025-09-04,7904.49,APPROVED,0,26,55769.95,2024-04-09,VERIFIED
1879,16932,496,Life Claim,2025-08-17,47210.91,REJECTED,0,4,23924.41,2026-02-27,PENDING
1880,18586,3560,Life Claim,2025-06-24,10046.35,REJECTED,0,12,29106.33,2026-01-03,VERIFIED
1881,11728,3724,Life Claim,2026-04-11,44187.97,APPROVED,0,100,93795.62,2023-07-04,PENDING
1882,21761,8878,Property Damage,2025-11-25,18489.19,APPROVED,0,92,32424.6,2025-03-29,PENDING
1883,7565,6543,Life Claim,2025-06-17,5823.98,APPROVED,0,70,12595.13,2023-10-23,VERIFIED
1884,11938,7597,Property Damage,2026-03-17,6768.01,REJECTED,0,18,26568.15,2025-10-14,PENDING
1885,7941,5429,Life Claim,2025-10-15,30140.85,APPROVED,0,70,70221.44,2023-06-28,PENDING
1886,23477,3979,Life Claim,2025-07-30,31595.42,PENDING,0,11,80856.92,2023-12-04,PENDING
1887,2242,5246,Health Claim,2025-10-10,15119.34,APPROVED,0,11,49686.63,2024-05-03,PENDING
1888,13136,1714,Property Damage,2025-07-30,12060.14,REJECTED,0,28,44825.57,2023-12-31,VERIFIED
1889,10827,6353,Property Damage,2025-11-18,157177.42,REJECTED,0,31,94910.68,2024-10-24,PENDING
1890,2798,267,Life Claim,2025-11-07,37173.64,REJECTED,0,63,80052.64,2024-03-17,PENDING
1891,18340,6469,Life Claim,2025-11-23,7198.53,PENDING,0,6,20199.92,2023-10-18,PENDING
1892,24822,2436,Motor Accident,2026-01-05,20413.45,REJECTED,0,58,57698.05,2023-09-17,PENDING
1893,9529,7117,Life Claim,2025-09-16,60825.15,REJECTED,0,57,93165.54,2024-01-25,PENDING
1894,23784,6634,Motor Accident,2025-11-01,15171.05,REJECTED,0,98,75817.78,2023-08-12,VERIFIED
1895,2700,4439,Health Claim,2026-04-13,3608.7,APPROVED,0,22,7909.41,2025-03-16,PENDING
1896,6068,1151,Property Damage,2026-01-15,39351.9,PENDING,0,69,74887.02,2024-02-09,VERIFIED
1897,8629,7650,Motor Accident,2026-03-23,102887.02,PENDING,0,32,90578.67,2025-06-29,PENDING
1898,9070,7943,Health Claim,2025-09-02,7363.83,APPROVED,0,45,31956.52,2024-06-08,PENDING
1899,7064,9429,Health Claim,2025-12-07,17215.33,REJECTED,0,73,44901.44,2025-06-25,VERIFIED
1900,20313,2324,Health Claim,2025-10-31,17415.49,REJECTED,0,8,48111.16,2025-10-27,PENDING
1901,8243,2698,Motor Accident,2026-03-31,32778.12,APPROVED,0,23,23397.71,2024-03-25,PENDING
1902,17137,9228,Property Damage,2025-08-23,7030.68,REJECTED,0,56,26431.94,2024-09-27,VERIFIED
1903,10667,7939,Motor Accident,2025-09-13,29585.07,REJECTED,0,83,72625.6,2025-02-13,VERIFIED
1904,20684,217,Life Claim,2026-03-24,25557.65,PENDING,0,25,38617.18,2024-01-15,VERIFIED
1905,14255,7119,Motor Accident,2026-04-28,88540.66,APPROVED,0,18,72309.18,2024-09-17,PENDING
1906,7250,3982,Motor Accident,2026-03-30,16882.14,PENDING,0,26,30690.97,2024-04-10,VERIFIED
1907,19722,3580,Property Damage,2025-12-14,90699.38,REJECTED,0,78,56394.45,2025-05-06,VERIFIED
1908,484,760,Health Claim,2026-01-20,52514.52,PENDING,0,21,27164.23,2023-10-31,PENDING
1909,11537,5885,Health Claim,2025-09-16,20941.31,APPROVED,0,81,46900.96,2023-07-16,PENDING
1910,12975,4532,Life Claim,2025-09-27,47676.37,APPROVED,0,43,71166.44,2024-03-07,PENDING
1911,22055,4742,Motor Accident,2025-11-28,26197.51,APPROVED,0,85,78574.26,2023-07-22,PENDING
1912,7281,2934,Motor Accident,2025-06-14,109455.35,APPROVED,0,96,64926.54,2023-12-31,VERIFIED
1913,14952,4844,Property Damage,2026-04-14,10858.32,PENDING,0,25,31058.35,2025-12-19,VERIFIED
1914,1010,8851,Property Damage,2026-04-17,43823.77,REJECTED,0,22,40570.08,2024-04-23,PENDING
1915,8944,8241,Property Damage,2026-04-14,106977.25,PENDING,0,20,72209.76,2023-05-29,VERIFIED
1916,5213,5235,Health Claim,2026-01-02,11555.15,PENDING,0,45,55812.79,2025-04-18,VERIFIED
1917,1200,969,Motor Accident,2025-07-19,138265.39,APPROVED,0,17,72555.45,2025-01-08,PENDING
1918,21337,8181,Property Damage,2026-04-25,9492.14,PENDING,0,94,25879.86,2024-01-10,PENDING
1919,1949,493,Life Claim,2026-02-10,24978.08,REJECTED,0,24,36835.73,2023-12-31,PENDING
1920,17009,5469,Property Damage,2026-05-19,61671.08,APPROVED,0,52,90192.93,2024-03-31,VERIFIED
1921,9519,6328,Life Claim,2026-03-31,79168.23,PENDING,0,53,59846.86,2025-12-10,PENDING
1922,22935,1498,Health Claim,2025-06-05,76274.71,PENDING,0,50,55817.35,2024-03-25,VERIFIED
1923,1593,7369,Property Damage,2026-02-16,20483.66,REJECTED,0,23,93720.13,2025-09-04,VERIFIED
1924,7066,6385,Life Claim,2025-11-06,51528.76,PENDING,0,54,78261.72,2023-09-17,PENDING
1925,16063,3524,Property Damage,2026-02-20,29825.07,REJECTED,0,63,48821.83,2024-06-27,PENDING
1926,7093,2095,Life Claim,2025-09-08,35304.48,REJECTED,0,5,67201.25,2024-02-05,VERIFIED
1927,9271,8045,Motor Accident,2026-05-19,4366.21,PENDING,0,97,16713.63,2024-08-10,VERIFIED
1928,22337,4622,Property Damage,2026-04-04,31398.5,PENDING,0,11,76331.22,2025-09-04,VERIFIED
1929,14885,597,Property Damage,2025-12-08,28284.47,APPROVED,0,74,50873.53,2024-08-17,PENDING
1930,12279,5460,Property Damage,2025-11-02,3317.5,REJECTED,0,90,9168.83,2025-11-24,PENDING
1931,3405,3327,Motor Accident,2026-04-24,103671.2,APPROVED,0,8,53952.89,2024-06-01,PENDING
1932,17170,1511,Health Claim,2025-06-23,77377.36,PENDING,0,11,47150.62,2023-09-17,VERIFIED
1933,1776,20,Life Claim,2025-10-18,25885.18,PENDING,0,43,58717.36,2025-04-06,PENDING
1934,19198,4311,Health Claim,2026-03-04,16844.73,APPROVED,0,36,25925.86,2024-04-04,PENDING
1935,24707,9644,Health Claim,2025-11-21,33284.96,PENDING,0,65,97311.44,2026-04-22,VERIFIED
1936,2148,6111,Motor Accident,2025-08-01,9402.66,APPROVED,0,16,62903.79,2024-02-21,PENDING
1937,12800,1834,Health Claim,2025-09-10,24590.59,APPROVED,0,56,88386.46,2025-02-12,VERIFIED
1938,1743,7282,Life Claim,2025-05-25,31621.36,APPROVED,0,12,27767.34,2023-10-22,PENDING
1939,19405,1871,Health Claim,2025-06-18,116876.22,REJECTED,0,15,65803.31,2026-03-02,VERIFIED
1940,8867,980,Motor Accident,2025-09-02,13112.3,APPROVED,0,77,32193.94,2023-06-10,VERIFIED
1941,4381,9797,Motor Accident,2025-09-21,16445.46,APPROVED,0,16,15701.78,2023-06-28,PENDING
1942,9340,8119,Life Claim,2026-01-28,48812.21,APPROVED,0,43,81502.69,2025-07-13,VERIFIED
1943,21539,32,Motor Accident,2026-03-16,10850.33,REJECTED,0,61,28741.91,2025-01-10,PENDING
1944,2381,6201,Health Claim,2025-08-18,24163.48,REJECTED,0,72,71517.34,2024-10-15,PENDING
1945,10489,5567,Life Claim,2025-05-25,59406.43,APPROVED,0,41,98944.28,2024-05-30,PENDING
1946,24778,3127,Life Claim,2025-05-26,54789.32,PENDING,0,69,32281.82,2024-08-01,VERIFIED
1947,23929,7884,Health Claim,2026-01-06,46197.52,APPROVED,0,35,33195.84,2024-08-08,VERIFIED
1948,8523,4891,Motor Accident,2026-04-17,32866.4,REJECTED,0,9,80137.45,2024-11-02,PENDING
1949,12894,6585,Property Damage,2025-12-02,16186.89,REJECTED,0,88,61679.14,2024-10-24,VERIFIED
1950,20159,8363,Motor Accident,2025-10-07,13076.51,PENDING,0,71,20284.29,2025-07-08,VERIFIED
1951,18157,9968,Life Claim,2025-06-30,134091.87,APPROVED,0,10,67455.74,2023-06-02,PENDING
1952,17606,3488,Life Claim,2026-01-08,105832.91,PENDING,0,41,83800.26,2024-04-09,PENDING
1953,18831,1235,Motor Accident,2026-02-09,44428.47,APPROVED,0,62,87573.2,2025-04-29,VERIFIED
1954,4877,8952,Life Claim,2025-12-19,19701.05,PENDING,0,25,41746.31,2024-02-07,PENDING
1955,22145,9888,Property Damage,2026-01-19,53026.92,APPROVED,0,9,97639.93,2025-09-04,PENDING
1956,3358,9616,Motor Accident,2025-09-28,67487.95,APPROVED,0,2,39947.52,2023-10-14,VERIFIED
1957,1299,9317,Property Damage,2025-10-14,8836.18,REJECTED,0,31,21173.88,2024-05-11,PENDING
1958,6666,2905,Health Claim,2025-06-13,46509.69,REJECTED,0,60,68542.53,2024-12-14,VERIFIED
1959,17739,8496,Health Claim,2025-09-04,154577.95,APPROVED,0,71,94633.95,2024-11-13,PENDING
1960,23851,4606,Motor Accident,2026-04-05,43336.49,APPROVED,0,96,74643.2,2023-06-19,PENDING
1961,23009,5334,Motor Accident,2026-04-26,68718.77,APPROVED,0,84,59352.47,2025-12-31,VERIFIED
1962,11633,3992,Health Claim,2026-01-20,9532.61,PENDING,0,75,5090.03,2026-01-27,VERIFIED
1963,15146,875,Life Claim,2026-04-28,20777.27,REJECTED,0,91,34629.86,2024-05-03,PENDING
1964,5637,4602,Health Claim,2026-02-12,1207.37,APPROVED,0,11,7191.08,2025-03-02,PENDING
1965,12450,8247,Motor Accident,2025-08-15,47201.01,REJECTED,0,29,67645.47,2026-03-26,VERIFIED
1966,11014,4150,Motor Accident,2025-10-08,2198.2,PENDING,0,54,6241.73,2025-10-15,VERIFIED
1967,22029,8028,Health Claim,2025-06-28,54711.56,REJECTED,0,90,98395.15,2023-08-28,VERIFIED
1968,18795,1359,Motor Accident,2025-12-25,41615.72,APPROVED,0,58,75927.23,2025-05-11,VERIFIED
1969,24666,1082,Motor Accident,2026-05-18,17859.4,REJECTED,0,4,71062.4,2023-10-28,PENDING
1970,14564,8916,Property Damage,2025-05-31,19671.03,APPROVED,0,57,11456.59,2025-10-06,VERIFIED
1971,11493,4381,Life Claim,2026-05-16,1945.81,PENDING,0,27,6040.47,2025-08-31,VERIFIED
1972,359,1330,Property Damage,2026-02-26,57237.08,REJECTED,0,5,49502.61,2023-11-10,PENDING
1973,13312,3165,Property Damage,2026-02-17,41846.35,REJECTED,0,29,77241.72,2025-05-25,PENDING
1974,2576,5362,Health Claim,2026-01-24,21681.45,REJECTED,0,66,44931.05,2025-04-03,VERIFIED
1975,14212,6786,Health Claim,2025-06-23,113420.02,REJECTED,0,59,93293.14,2025-12-22,PENDING
1976,21604,8210,Motor Accident,2026-04-29,17458.75,APPROVED,0,67,54038.51,2023-11-22,PENDING
1977,24190,655,Life Claim,2025-11-25,87816.27,REJECTED,0,91,47379.89,2025-09-06,VERIFIED
1978,23939,271,Life Claim,2025-10-27,28516.51,APPROVED,0,3,58126.16,2023-05-31,PENDING
1979,10702,6098,Motor Accident,2025-11-29,7870.42,APPROVED,0,53,13787.69,2025-03-29,PENDING
1980,17211,5582,Life Claim,2025-12-04,42817.01,PENDING,0,78,95791.99,2025-08-21,PENDING
1981,23467,9102,Property Damage,2026-01-22,13820.1,REJECTED,0,51,26470.01,2025-08-05,PENDING
1982,22727,3965,Motor Accident,2026-02-28,30254.6,REJECTED,0,44,28667.34,2025-06-19,PENDING
1983,4957,6796,Life Claim,2026-05-14,48598.75,REJECTED,0,72,78544.01,2024-08-09,PENDING
1984,20290,966,Motor Accident,2026-05-19,37247.33,REJECTED,0,47,53666.0,2023-06-24,PENDING
1985,4231,7669,Motor Accident,2025-10-16,93466.49,REJECTED,0,61,54339.51,2023-09-06,PENDING
1986,15435,9952,Motor Accident,2025-05-28,51692.2,REJECTED,0,75,90902.89,2025-11-24,PENDING
1987,17855,6104,Motor Accident,2026-05-14,4050.65,REJECTED,0,60,20148.78,2024-12-25,VERIFIED
1988,16188,3284,Life Claim,2026-02-22,12150.02,REJECTED,0,36,18726.59,2024-09-03,VERIFIED
1989,23835,5107,Property Damage,2025-06-02,49975.23,APPROVED,0,17,45928.41,2023-09-20,PENDING
1990,605,6544,Health Claim,2026-04-13,8775.84,APPROVED,0,85,15715.94,2025-03-18,VERIFIED
1991,3749,9404,Health Claim,2025-11-20,23883.94,APPROVED,0,21,68682.9,2024-04-01,VERIFIED
1992,16113,772,Health Claim,2025-07-10,63479.26,APPROVED,0,12,36594.11,2023-10-20,VERIFIED
1993,6460,1838,Motor Accident,2025-12-21,40977.71,PENDING,0,64,75666.5,2024-08-02,VERIFIED
1994,8097,1686,Property Damage,2025-06-02,55353.69,PENDING,0,56,53327.05,2023-07-20,PENDING
1995,3492,3151,Health Claim,2026-02-09,5201.73,APPROVED,0,6,45463.1,2024-04-05,PENDING
1996,11543,1737,Property Damage,2025-12-05,10278.19,APPROVED,0,79,38261.24,2025-08-02,VERIFIED
1997,4631,7188,Life Claim,2026-01-27,86959.41,REJECTED,0,1,58240.15,2025-12-01,PENDING
1998,16082,6662,Life Claim,2025-06-09,10457.09,REJECTED,0,26,44793.79,2025-09-27,VERIFIED
1999,14375,7090,Life Claim,2026-05-06,9183.91,PENDING,0,14,25870.74,2024-08-10,PENDING
2000,21463,461,Health Claim,2025-06-02,14057.84,REJECTED,0,6,48774.51,2024-04-01,VERIFIED
2001,24317,7424,Motor Accident,2025-09-30,9841.16,PENDING,0,14,47386.76,2025-03-05,PENDING
2002,9588,1831,Life Claim,2025-10-31,6183.01,PENDING,0,50,35984.45,2023-08-17,VERIFIED
2003,18009,4611,Motor Accident,2025-10-14,10178.33,APPROVED,0,37,21651.63,2026-03-02,PENDING
2004,23530,7992,Property Damage,2026-01-08,21330.62,APPROVED,0,57,67128.95,2026-01-16,PENDING
2005,22742,3664,Property Damage,2026-04-14,4007.71,PENDING,0,70,14094.78,2025-01-03,PENDING
2006,1903,9789,Health Claim,2025-07-14,13065.73,REJECTED,0,42,93625.93,2025-04-23,PENDING
2007,21793,5780,Life Claim,2026-02-20,39317.17,REJECTED,0,90,23724.31,2024-02-14,PENDING
2008,1680,2181,Motor Accident,2025-09-01,31406.79,PENDING,0,65,53615.17,2026-04-08,VERIFIED
2009,7240,9802,Motor Accident,2025-10-20,48232.58,APPROVED,0,14,73876.04,2024-05-09,VERIFIED
2010,23146,4424,Motor Accident,2025-09-08,4180.21,PENDING,0,62,26529.63,2025-07-27,VERIFIED
2011,12461,6196,Life Claim,2025-08-09,19267.32,PENDING,0,85,43056.06,2024-03-09,VERIFIED
2012,7192,4509,Property Damage,2025-11-21,136464.51,REJECTED,0,97,89470.53,2024-02-11,VERIFIED
2013,9711,7351,Life Claim,2025-11-18,19337.67,REJECTED,0,92,50690.61,2026-02-27,PENDING
2014,15705,4766,Health Claim,2025-12-15,1125.43,REJECTED,0,54,5734.19,2025-03-31,VERIFIED
2015,5344,5768,Property Damage,2026-02-26,5307.12,REJECTED,0,52,26410.24,2025-12-09,PENDING
2016,24395,2673,Health Claim,2025-08-04,142249.8,REJECTED,0,52,75123.34,2025-09-24,PENDING
2017,21292,2750,Motor Accident,2026-01-14,8214.48,REJECTED,0,45,5955.15,2025-06-14,PENDING
2018,12441,7357,Motor Accident,2025-09-06,3155.35,REJECTED,0,25,9925.66,2024-02-26,PENDING
2019,24187,7567,Motor Accident,2025-09-12,30065.98,APPROVED,0,63,53767.52,2024-01-31,VERIFIED
2020,23498,9505,Motor Accident,2025-07-10,6064.45,APPROVED,0,59,21994.71,2025-10-29,PENDING
2021,19134,8799,Property Damage,2026-04-09,19480.17,REJECTED,0,24,47257.38,2023-05-30,PENDING
2022,14875,9044,Motor Accident,2026-01-31,5618.71,REJECTED,0,86,34979.16,2024-09-04,VERIFIED
2023,18059,4196,Property Damage,2025-06-09,20746.38,APPROVED,0,83,50927.88,2023-07-20,VERIFIED
2024,11150,7104,Motor Accident,2025-10-16,46080.16,REJECTED,0,45,73341.84,2023-06-17,PENDING
2025,13449,9810,Life Claim,2025-11-18,49644.88,APPROVED,0,69,89293.39,2025-05-07,VERIFIED
2026,24109,142,Life Claim,2026-04-05,59215.42,PENDING,0,89,47904.74,2026-02-02,VERIFIED
2027,13455,8583,Health Claim,2026-02-14,25938.92,REJECTED,0,86,49972.95,2026-05-10,PENDING
2028,15891,974,Property Damage,2026-02-07,9512.93,PENDING,0,26,48878.84,2025-12-26,VERIFIED
2029,5445,3067,Life Claim,2026-04-23,8813.2,APPROVED,0,44,68055.67,2023-06-28,PENDING
2030,18470,8676,Health Claim,2025-08-02,9075.99,REJECTED,0,52,49433.7,2026-05-23,VERIFIED
2031,17603,4495,Life Claim,2025-08-14,43504.2,REJECTED,0,96,37273.64,2024-02-21,PENDING
2032,19697,6879,Property Damage,2025-11-17,27849.65,REJECTED,0,84,53179.61,2024-08-23,VERIFIED
2033,16616,8732,Health Claim,2025-08-14,3333.62,PENDING,0,45,7324.8,2024-12-24,PENDING
2034,5636,584,Property Damage,2026-04-15,25693.77,APPROVED,0,69,94793.44,2024-03-01,PENDING
2035,243,1679,Motor Accident,2026-02-07,26976.59,PENDING,0,17,82456.67,2025-10-11,VERIFIED
2036,23675,9823,Life Claim,2026-01-31,11547.6,REJECTED,0,78,82320.23,2024-11-21,PENDING
2037,20286,6327,Life Claim,2025-08-06,65384.21,APPROVED,0,75,97749.79,2026-01-17,VERIFIED
2038,20446,3717,Property Damage,2026-02-01,34941.88,APPROVED,0,82,76073.5,2025-06-07,PENDING
2039,3109,5018,Health Claim,2025-12-20,138180.36,PENDING,0,5,78674.68,2024-06-14,PENDING
2040,14286,3734,Property Damage,2026-01-12,14998.89,APPROVED,0,54,27250.89,2025-05-23,PENDING
2041,10012,8218,Motor Accident,2025-06-19,35664.41,APPROVED,0,12,81318.08,2025-02-04,PENDING
2042,1427,9203,Life Claim,2025-11-07,32501.63,PENDING,0,11,30779.96,2025-04-06,VERIFIED
2043,12583,9066,Property Damage,2025-09-10,19689.64,PENDING,0,71,73999.75,2025-11-28,VERIFIED
2044,4685,321,Motor Accident,2025-05-27,17587.83,PENDING,0,84,29685.91,2025-08-25,PENDING
2045,16151,3351,Property Damage,2026-01-01,42947.4,REJECTED,0,36,64088.85,2024-01-20,PENDING
2046,15824,5827,Life Claim,2025-10-21,27955.85,REJECTED,0,42,79683.41,2026-01-24,PENDING
2047,21342,1396,Life Claim,2025-12-07,36250.28,REJECTED,0,91,83836.33,2025-10-12,PENDING
2048,5708,1665,Property Damage,2026-01-06,60681.62,REJECTED,0,23,30545.18,2024-03-27,PENDING
2049,2965,2992,Property Damage,2025-12-18,33372.59,REJECTED,0,73,26871.39,2025-01-14,VERIFIED
2050,8780,9275,Life Claim,2026-03-19,23803.81,REJECTED,0,84,50474.64,2023-07-30,PENDING
2051,11322,1950,Property Damage,2025-07-02,6855.89,APPROVED,0,77,39094.11,2026-04-13,PENDING
2052,5399,7881,Motor Accident,2026-01-04,7457.04,APPROVED,0,77,19575.17,2024-04-30,PENDING
2053,9036,3368,Life Claim,2026-03-24,13500.39,REJECTED,0,52,27594.21,2024-06-02,PENDING
2054,13983,6779,Life Claim,2025-06-16,7248.92,APPROVED,0,15,35935.62,2024-03-05,PENDING
2055,10480,7020,Health Claim,2025-08-18,42931.59,PENDING,0,8,33926.99,2025-10-03,VERIFIED
2056,22058,4004,Life Claim,2026-04-02,10164.9,APPROVED,0,64,41844.1,2024-06-18,PENDING
2057,11118,6891,Motor Accident,2025-07-27,2372.44,APPROVED,0,77,21224.08,2026-03-17,PENDING
2058,18139,6543,Health Claim,2025-12-17,10155.66,REJECTED,0,71,30107.38,2025-09-14,PENDING
2059,18593,3262,Motor Accident,2026-02-25,86484.61,REJECTED,0,9,67727.99,2025-10-19,PENDING
2060,11404,9272,Property Damage,2026-04-18,68907.53,PENDING,0,39,61209.98,2025-04-24,VERIFIED
2061,6711,8227,Motor Accident,2025-10-10,23481.88,REJECTED,0,11,42865.69,2024-04-05,PENDING
2062,18767,6387,Motor Accident,2026-03-03,121565.4,APPROVED,0,91,73670.06,2026-01-31,VERIFIED
2063,1550,4365,Health Claim,2025-05-25,35645.63,PENDING,0,71,98331.7,2024-06-28,PENDING
2064,22808,9102,Property Damage,2025-10-12,30257.14,REJECTED,0,31,57012.68,2026-03-15,VERIFIED
2065,14279,8609,Motor Accident,2025-12-09,62916.18,PENDING,0,23,91783.8,2025-11-10,PENDING
2066,2256,4924,Property Damage,2026-04-10,55344.38,REJECTED,0,79,90945.09,2024-03-15,VERIFIED
2067,18323,4922,Property Damage,2025-11-23,59892.23,APPROVED,0,66,45304.53,2023-05-30,PENDING
2068,12274,3604,Health Claim,2025-12-26,38897.89,APPROVED,0,74,29018.1,2025-06-11,PENDING
2069,12783,8631,Health Claim,2026-03-10,95917.57,PENDING,0,79,76042.24,2025-08-17,PENDING
2070,17824,5570,Health Claim,2025-08-12,24352.21,REJECTED,0,55,52310.1,2025-11-10,VERIFIED
2071,20552,8530,Property Damage,2025-06-24,35456.25,PENDING,0,36,56862.45,2024-03-15,PENDING
2072,18567,7150,Motor Accident,2026-01-26,9896.81,APPROVED,0,37,5031.22,2023-08-22,VERIFIED
2073,13653,6147,Motor Accident,2025-11-30,8413.25,REJECTED,0,7,22364.19,2024-11-22,VERIFIED
2074,24544,2895,Health Claim,2025-10-12,14713.87,APPROVED,0,84,37320.56,2023-09-17,VERIFIED
2075,20726,7444,Property Damage,2025-08-30,988.8,PENDING,0,83,9402.8,2024-11-30,VERIFIED
2076,19403,5825,Life Claim,2025-08-29,22213.9,PENDING,0,41,79332.32,2026-03-06,PENDING
2077,10949,8335,Life Claim,2026-01-20,4210.53,APPROVED,0,65,23786.91,2025-05-23,PENDING
2078,23762,623,Health Claim,2025-10-05,38212.23,REJECTED,0,77,86427.08,2025-07-15,VERIFIED
2079,8358,840,Motor Accident,2025-10-17,4883.69,APPROVED,0,20,14096.85,2023-08-17,PENDING
2080,14985,9170,Health Claim,2026-02-16,38085.91,PENDING,0,51,35842.46,2023-06-09,PENDING
2081,18548,6519,Property Damage,2025-07-29,25933.29,REJECTED,0,86,51138.62,2025-10-17,VERIFIED
2082,667,6169,Property Damage,2025-12-17,9106.08,PENDING,0,78,88236.36,2025-11-02,PENDING
2083,15099,2838,Health Claim,2025-07-09,16282.7,PENDING,0,96,26441.3,2024-12-22,PENDING
2084,3669,6990,Property Damage,2025-11-24,66294.17,REJECTED,0,7,99463.53,2024-05-28,VERIFIED
2085,9161,4989,Property Damage,2025-07-16,8591.13,APPROVED,0,100,31835.84,2025-08-13,PENDING
2086,8228,8325,Motor Accident,2025-07-09,16659.86,REJECTED,0,2,53317.77,2024-09-08,PENDING
2087,775,9891,Health Claim,2025-09-04,60720.58,REJECTED,0,44,32433.37,2025-09-30,VERIFIED
2088,21098,8145,Life Claim,2025-12-26,2695.59,PENDING,0,41,11017.87,2025-09-05,VERIFIED
2089,23536,3249,Health Claim,2026-05-21,18000.66,APPROVED,0,80,67725.84,2025-07-31,PENDING
2090,4298,853,Life Claim,2025-08-29,6886.72,APPROVED,0,73,37429.24,2024-03-02,PENDING
2091,6901,6692,Health Claim,2025-10-19,20412.97,APPROVED,0,68,66927.23,2025-01-06,VERIFIED
2092,13437,6329,Property Damage,2025-07-18,19725.75,PENDING,0,82,65541.46,2025-12-27,PENDING
2093,13493,4337,Life Claim,2025-09-17,21684.53,APPROVED,0,12,33445.95,2024-10-02,VERIFIED
2094,6445,4942,Property Damage,2025-07-09,41307.85,REJECTED,0,45,62602.07,2025-04-29,VERIFIED
2095,20568,9099,Health Claim,2026-02-04,40985.59,REJECTED,0,4,72415.68,2025-07-06,VERIFIED
2096,20040,5817,Property Damage,2026-04-07,131195.7,PENDING,0,28,96958.72,2024-08-13,PENDING
2097,23697,5225,Life Claim,2026-02-12,16716.68,REJECTED,0,54,63379.04,2025-01-06,PENDING
2098,16711,6669,Property Damage,2026-05-25,37223.07,PENDING,0,71,57652.26,2024-04-14,PENDING
2099,24464,6482,Health Claim,2026-02-14,26674.49,APPROVED,0,94,62705.75,2024-02-11,PENDING
2100,7855,7021,Health Claim,2025-10-02,106039.38,REJECTED,0,90,87829.38,2025-02-18,VERIFIED
2101,14671,8621,Motor Accident,2025-12-17,23998.83,PENDING,0,20,79988.33,2025-02-23,PENDING
2102,1520,7259,Health Claim,2026-01-26,93717.42,APPROVED,0,62,83521.1,2026-03-13,VERIFIED
2103,24068,2891,Property Damage,2025-08-14,16401.92,APPROVED,0,37,27135.1,2025-05-09,VERIFIED
2104,18181,7750,Health Claim,2026-01-22,20169.56,PENDING,0,28,12412.31,2024-12-18,VERIFIED
2105,7992,6625,Property Damage,2026-05-02,23042.64,PENDING,0,52,15800.14,2025-11-30,VERIFIED
2106,8227,1555,Motor Accident,2025-07-15,22059.83,PENDING,0,89,61127.68,2024-03-21,VERIFIED
2107,14701,4287,Motor Accident,2025-06-07,10279.22,APPROVED,0,97,19057.08,2023-10-10,VERIFIED
2108,22423,4889,Health Claim,2025-11-30,26687.36,REJECTED,0,15,90201.65,2024-08-23,VERIFIED
2109,15955,8302,Motor Accident,2025-09-17,44138.42,REJECTED,0,32,40997.2,2025-11-27,VERIFIED
2110,17926,3846,Property Damage,2025-12-30,15994.71,APPROVED,0,46,30699.32,2024-08-01,VERIFIED
2111,319,6354,Motor Accident,2025-08-12,2074.64,REJECTED,0,6,5175.11,2025-03-19,VERIFIED
2112,23811,6199,Motor Accident,2025-10-07,29346.38,PENDING,0,91,98445.47,2024-11-09,VERIFIED
2113,18712,6369,Motor Accident,2025-08-08,32447.82,APPROVED,0,89,23336.62,2026-02-03,PENDING
2114,12759,3069,Property Damage,2025-11-28,14727.66,APPROVED,0,32,22531.06,2025-04-02,VERIFIED
2115,12663,7005,Life Claim,2025-06-08,15782.25,PENDING,0,95,9198.27,2025-06-09,VERIFIED
2116,638,3577,Health Claim,2025-05-31,55706.67,REJECTED,0,62,82253.7,2025-09-29,PENDING
2117,10195,5287,Motor Accident,2025-09-18,66753.07,APPROVED,0,88,48760.77,2023-10-06,VERIFIED
2118,1197,7463,Life Claim,2026-04-09,32945.18,REJECTED,0,1,87189.96,2025-02-09,VERIFIED
2119,16093,3605,Health Claim,2025-09-18,14674.17,REJECTED,0,54,12626.89,2024-06-04,PENDING
2120,24961,6995,Motor Accident,2025-11-09,4244.75,APPROVED,0,82,23001.46,2025-09-27,PENDING
2121,10734,852,Motor Accident,2026-02-11,43567.18,PENDING,0,13,77068.73,2025-11-02,VERIFIED
2122,3254,3851,Property Damage,2025-12-30,57912.87,REJECTED,0,36,48128.84,2024-12-31,VERIFIED
2123,21118,6894,Property Damage,2025-06-01,31357.97,PENDING,0,34,51442.96,2024-05-11,VERIFIED
2124,8352,4346,Health Claim,2025-11-04,19052.88,PENDING,0,85,13158.1,2024-01-12,PENDING
2125,15062,4451,Motor Accident,2025-06-08,8309.97,REJECTED,0,67,6436.39,2023-09-21,VERIFIED
2126,61,5779,Motor Accident,2025-12-18,4646.87,REJECTED,0,17,16801.62,2024-03-31,VERIFIED
2127,14974,6211,Motor Accident,2025-12-03,14788.51,APPROVED,0,26,29109.84,2023-07-21,PENDING
2128,18629,4968,Life Claim,2025-09-18,70760.98,REJECTED,0,21,49691.57,2024-02-22,PENDING
2129,9812,3957,Motor Accident,2026-01-10,6128.14,PENDING,0,33,26234.89,2025-01-03,VERIFIED
2130,16694,4010,Motor Accident,2026-04-16,34711.7,APPROVED,0,35,69490.74,2023-10-04,VERIFIED
2131,20103,1504,Motor Accident,2025-10-01,40628.6,APPROVED,0,60,83845.41,2025-03-21,VERIFIED
2132,11039,3575,Property Damage,2025-11-13,107307.84,REJECTED,0,40,56696.46,2025-01-25,PENDING
2133,16647,7256,Motor Accident,2025-10-24,40183.33,REJECTED,0,78,68501.13,2023-10-03,VERIFIED
2134,1250,7116,Health Claim,2025-12-03,40487.48,REJECTED,0,71,64505.46,2025-02-15,PENDING
2135,11538,6358,Life Claim,2025-10-05,88099.7,PENDING,0,86,82255.86,2025-12-25,VERIFIED
2136,23063,4510,Property Damage,2026-03-28,12398.18,APPROVED,0,90,38113.86,2025-09-02,VERIFIED
2137,9011,5711,Motor Accident,2025-06-30,118456.98,PENDING,0,45,92942.94,2024-09-04,PENDING
2138,7947,5242,Motor Accident,2025-11-26,6132.59,PENDING,0,33,53630.32,2023-08-11,VERIFIED
2139,23965,3305,Property Damage,2025-05-31,9274.02,APPROVED,0,2,71725.58,2026-01-07,VERIFIED
2140,1511,3157,Motor Accident,2026-01-02,17643.27,PENDING,0,44,13391.29,2024-12-14,PENDING
2141,7102,8130,Motor Accident,2026-01-17,71946.55,REJECTED,0,22,66115.59,2025-10-24,VERIFIED
2142,21643,9569,Health Claim,2026-05-04,9992.48,PENDING,0,24,17008.84,2023-10-12,VERIFIED
2143,11708,5568,Motor Accident,2025-12-02,38447.61,APPROVED,0,84,35666.73,2025-05-29,PENDING
2144,14557,1656,Property Damage,2025-07-10,59839.23,APPROVED,0,6,92535.3,2024-06-25,VERIFIED
2145,22646,7361,Motor Accident,2025-08-19,134020.49,APPROVED,0,11,91369.46,2023-07-27,VERIFIED
2146,2871,9758,Health Claim,2025-07-22,9199.06,REJECTED,0,12,62743.58,2024-12-28,VERIFIED
2147,6768,1800,Life Claim,2026-02-17,10440.76,PENDING,0,19,6185.41,2025-06-10,VERIFIED
2148,1364,719,Life Claim,2025-10-24,126682.14,REJECTED,0,44,80814.67,2023-09-09,VERIFIED
2149,21854,5870,Motor Accident,2025-08-05,29738.28,APPROVED,0,78,15903.56,2024-11-03,VERIFIED
2150,11794,3472,Motor Accident,2026-04-30,39832.13,APPROVED,0,78,57057.82,2024-03-28,PENDING
2151,11750,2209,Motor Accident,2025-10-31,145564.43,PENDING,0,25,79285.92,2025-03-02,VERIFIED
2152,22197,7892,Motor Accident,2026-04-05,8943.52,REJECTED,0,33,36213.23,2024-06-21,VERIFIED
2153,24664,8299,Health Claim,2026-04-18,8775.4,REJECTED,0,92,32947.89,2024-10-07,PENDING
2154,7827,366,Life Claim,2026-02-11,28991.7,REJECTED,0,92,15434.33,2023-09-13,PENDING
2155,18029,727,Life Claim,2025-11-28,9975.2,APPROVED,0,94,28347.01,2023-06-21,VERIFIED
2156,15508,5239,Motor Accident,2026-02-07,1638.01,PENDING,0,2,8901.72,2024-08-21,PENDING
2157,1080,6739,Property Damage,2026-05-24,9054.51,APPROVED,0,66,5317.33,2023-07-15,VERIFIED
2158,16115,121,Motor Accident,2026-05-11,11858.7,APPROVED,0,69,41336.48,2024-05-27,PENDING
2159,2039,1661,Health Claim,2025-10-12,47094.82,REJECTED,0,26,92708.9,2025-03-07,PENDING
2160,14992,8455,Motor Accident,2026-04-17,41605.11,PENDING,0,41,30535.18,2023-08-06,PENDING
2161,18862,1923,Health Claim,2026-01-20,6322.36,PENDING,0,7,25751.01,2025-06-26,VERIFIED
2162,21471,4520,Property Damage,2025-08-07,13983.25,REJECTED,0,47,38760.38,2025-03-01,VERIFIED
2163,12313,2373,Property Damage,2025-07-08,4289.47,APPROVED,0,8,11496.4,2023-10-20,VERIFIED
2164,22033,3113,Motor Accident,2026-01-21,2206.61,APPROVED,0,53,8963.87,2024-07-02,VERIFIED
2165,18997,4691,Life Claim,2025-08-13,56837.22,REJECTED,0,16,95872.17,2026-01-20,VERIFIED
2166,20253,1644,Health Claim,2026-03-29,49709.19,PENDING,0,63,76646.23,2025-08-20,PENDING
2167,22233,8301,Health Claim,2026-04-25,26498.22,PENDING,0,70,97115.97,2025-04-28,PENDING
2168,15647,3809,Life Claim,2026-01-02,17230.74,PENDING,0,79,28714.98,2023-10-24,PENDING
2169,4862,2613,Health Claim,2026-04-30,12343.96,REJECTED,0,34,26321.34,2025-05-02,PENDING
2170,24448,4118,Life Claim,2026-05-13,141690.85,PENDING,0,33,80551.99,2024-02-12,PENDING
2171,12389,1981,Motor Accident,2025-12-02,36449.82,APPROVED,0,69,82583.01,2024-01-22,VERIFIED
2172,7410,6174,Property Damage,2025-09-18,35173.98,APPROVED,0,40,21085.87,2024-12-06,VERIFIED
2173,14280,6912,Life Claim,2025-08-23,28916.58,APPROVED,0,7,44363.15,2025-07-23,VERIFIED
2174,21734,8465,Motor Accident,2025-07-27,15808.25,APPROVED,0,52,38155.45,2025-08-01,VERIFIED
2175,2047,2449,Life Claim,2025-08-21,31554.8,APPROVED,0,36,67638.16,2024-02-05,VERIFIED
2176,1664,5054,Life Claim,2025-09-19,3390.66,PENDING,0,24,7724.83,2023-06-24,VERIFIED
2177,4953,7483,Life Claim,2025-11-15,55988.19,APPROVED,0,8,99544.96,2024-05-14,VERIFIED
2178,16114,6977,Motor Accident,2026-04-25,12891.54,REJECTED,0,18,23304.15,2026-03-20,PENDING
2179,12183,1076,Motor Accident,2026-02-05,20774.18,REJECTED,0,99,61418.31,2024-08-23,VERIFIED
2180,17364,7780,Motor Accident,2026-03-13,27643.52,APPROVED,0,54,46078.66,2024-04-07,VERIFIED
2181,11500,9171,Life Claim,2026-05-21,19165.41,REJECTED,0,66,68752.88,2025-09-10,PENDING
2182,20716,4375,Motor Accident,2026-03-05,14038.72,APPROVED,0,66,93770.43,2026-01-03,VERIFIED
2183,16925,2427,Property Damage,2025-12-25,21138.67,APPROVED,0,68,66858.47,2024-04-11,PENDING
2184,23648,6906,Health Claim,2025-11-05,35510.94,PENDING,0,68,33527.78,2025-06-10,PENDING
2185,8685,8305,Property Damage,2026-05-10,31853.44,APPROVED,0,14,56741.7,2025-07-27,PENDING
2186,15359,2485,Life Claim,2026-02-05,2849.53,REJECTED,0,61,15139.85,2024-12-19,PENDING
2187,1027,5256,Health Claim,2026-02-05,14039.87,REJECTED,0,98,55520.6,2025-09-24,VERIFIED
2188,23913,3144,Health Claim,2025-09-02,1997.8,APPROVED,0,9,8285.93,2023-10-07,VERIFIED
2189,19108,6989,Health Claim,2026-03-31,11130.4,APPROVED,0,91,27109.67,2024-04-12,VERIFIED
2190,15215,9243,Motor Accident,2025-09-16,79583.77,REJECTED,0,37,44130.71,2025-02-02,VERIFIED
2191,22472,9811,Property Damage,2025-06-12,9316.54,PENDING,0,56,25417.61,2026-02-21,VERIFIED
2192,1575,2418,Property Damage,2025-09-26,124823.04,PENDING,0,8,93282.01,2026-02-01,PENDING
2193,24635,8198,Property Damage,2025-09-25,3269.5,REJECTED,0,93,9956.73,2023-09-30,PENDING
2194,24649,8136,Life Claim,2026-04-02,23192.66,PENDING,0,46,99187.09,2025-06-18,VERIFIED
2195,5499,9251,Property Damage,2026-01-04,32286.7,REJECTED,0,54,97338.88,2023-08-23,VERIFIED
2196,14900,4483,Motor Accident,2026-05-22,25032.64,PENDING,0,2,42412.06,2025-03-19,VERIFIED
2197,23801,5735,Health Claim,2026-02-16,31596.13,PENDING,0,44,19934.43,2024-06-07,VERIFIED
2198,14733,5371,Property Damage,2025-10-16,20765.68,APPROVED,0,40,35527.69,2026-01-07,VERIFIED
2199,17076,9923,Property Damage,2025-11-22,48601.56,PENDING,0,26,74807.66,2025-08-17,PENDING
2200,2206,4324,Health Claim,2025-12-28,16450.17,APPROVED,0,33,53914.89,2024-01-20,PENDING
2201,17305,4136,Motor Accident,2025-09-23,47940.68,PENDING,0,100,82679.66,2026-01-06,VERIFIED
2202,3693,9326,Property Damage,2025-11-09,59289.28,PENDING,0,68,86115.29,2026-02-24,VERIFIED
2203,22200,9825,Life Claim,2025-12-06,12456.9,APPROVED,0,46,80702.3,2025-12-26,VERIFIED
2204,22255,4006,Life Claim,2026-03-24,26945.2,APPROVED,0,76,91944.16,2025-05-26,VERIFIED
2205,8288,4109,Property Damage,2026-01-12,33455.83,PENDING,0,100,89885.95,2023-08-11,VERIFIED
2206,16133,2934,Property Damage,2025-09-28,18388.39,REJECTED,0,23,55802.77,2025-12-29,VERIFIED
2207,12657,6208,Property Damage,2025-11-15,9343.44,REJECTED,0,56,44504.43,2024-08-08,PENDING
2208,6791,7314,Life Claim,2025-06-27,3995.94,PENDING,0,10,32139.06,2024-08-11,VERIFIED
2209,5198,108,Health Claim,2026-05-09,116073.29,APPROVED,0,66,97193.35,2025-04-14,PENDING
2210,16427,5830,Health Claim,2026-02-10,3846.1,PENDING,0,36,14879.63,2024-12-11,VERIFIED
2211,9040,4556,Property Damage,2025-06-06,16434.25,APPROVED,0,37,51606.37,2024-08-12,PENDING
2212,2610,3166,Health Claim,2025-06-06,36563.07,APPROVED,0,57,86948.45,2025-08-26,VERIFIED
2213,8348,8450,Property Damage,2025-05-28,10875.55,REJECTED,0,52,36028.73,2025-01-17,VERIFIED
2214,8432,5795,Health Claim,2025-10-17,61446.5,REJECTED,0,26,46041.13,2025-01-30,PENDING
2215,18592,3952,Motor Accident,2026-05-07,38426.6,PENDING,0,80,29551.41,2025-05-26,VERIFIED
2216,4363,4005,Life Claim,2026-04-15,27173.81,REJECTED,0,78,21833.07,2023-10-02,PENDING
2217,15717,9665,Health Claim,2026-04-30,9480.85,REJECTED,0,13,64524.47,2025-12-24,VERIFIED
2218,16724,3679,Health Claim,2025-12-08,19359.97,APPROVED,0,32,82622.42,2025-07-28,PENDING
2219,12824,6587,Life Claim,2026-03-26,69301.09,APPROVED,0,74,37415.92,2025-01-31,VERIFIED
2220,1467,8093,Motor Accident,2025-10-14,2897.53,APPROVED,0,38,16720.15,2023-09-16,PENDING
2221,17712,5574,Motor Accident,2025-09-19,23909.41,PENDING,0,78,76547.1,2023-07-26,VERIFIED
2222,12306,3095,Health Claim,2026-03-17,3634.95,APPROVED,0,23,17317.39,2025-05-22,VERIFIED
2223,10542,4410,Motor Accident,2026-03-15,2641.48,PENDING,0,85,9434.65,2023-10-22,PENDING
2224,2631,2916,Life Claim,2025-05-27,36380.86,REJECTED,0,67,85374.53,2024-04-30,VERIFIED
2225,18965,5516,Property Damage,2026-05-02,22571.88,APPROVED,0,85,94644.67,2025-08-29,VERIFIED
2226,2048,4969,Property Damage,2026-03-19,34458.1,APPROVED,0,21,23918.77,2023-08-24,PENDING
2227,78,105,Property Damage,2026-01-02,54360.43,PENDING,0,67,54055.35,2025-06-05,VERIFIED
2228,10595,6276,Health Claim,2025-06-10,82475.86,REJECTED,0,51,49552.47,2024-07-14,VERIFIED
2229,8003,2619,Property Damage,2025-10-05,18652.81,REJECTED,0,4,98621.55,2023-09-01,VERIFIED
2230,5988,3396,Life Claim,2025-09-20,4092.2,PENDING,0,94,5986.2,2025-04-12,VERIFIED
2231,19131,596,Property Damage,2026-02-13,20446.06,APPROVED,0,28,60034.96,2024-08-12,PENDING
2232,9815,1472,Life Claim,2026-01-01,40307.47,REJECTED,0,65,63954.16,2024-11-08,VERIFIED
2233,15798,9318,Property Damage,2025-07-01,5017.16,PENDING,0,8,9932.26,2023-11-01,VERIFIED
2234,23128,2883,Property Damage,2026-05-18,10413.06,APPROVED,0,31,37165.37,2024-11-03,VERIFIED
2235,13418,5145,Health Claim,2026-03-31,30994.38,REJECTED,0,4,61265.9,2023-10-15,PENDING
2236,22111,6967,Property Damage,2025-10-11,9966.18,PENDING,0,96,17626.68,2025-10-29,PENDING
2237,20366,9985,Life Claim,2025-10-16,19111.93,PENDING,0,69,90174.23,2023-12-03,VERIFIED
2238,8052,9582,Motor Accident,2025-12-22,6992.85,REJECTED,0,90,11890.29,2024-01-04,VERIFIED
2239,19907,6391,Life Claim,2025-11-24,29505.05,REJECTED,0,12,53909.99,2025-01-28,PENDING
2240,12214,5612,Motor Accident,2025-11-14,23911.9,REJECTED,0,37,47577.51,2025-02-13,PENDING
2241,17791,8359,Property Damage,2026-04-06,30831.78,REJECTED,0,13,44686.14,2025-01-16,VERIFIED
2242,10708,6106,Health Claim,2025-08-08,49737.72,REJECTED,0,54,80148.42,2026-02-17,VERIFIED
2243,17726,1396,Life Claim,2025-08-06,44555.22,REJECTED,0,90,41169.56,2024-05-10,VERIFIED
2244,12810,3453,Life Claim,2025-06-07,25902.06,PENDING,0,21,82023.8,2024-01-31,PENDING
2245,1148,9314,Property Damage,2026-04-12,95997.09,REJECTED,0,69,75663.15,2023-11-24,PENDING
2246,18397,8936,Life Claim,2025-08-20,14548.75,REJECTED,0,29,8671.27,2023-12-06,VERIFIED
2247,12047,6832,Health Claim,2026-04-24,14304.82,REJECTED,0,78,75555.33,2025-01-04,PENDING
2248,12875,7412,Motor Accident,2025-11-12,16042.86,REJECTED,0,34,47678.33,2024-10-12,PENDING
2249,24834,6313,Property Damage,2026-05-12,45790.56,APPROVED,0,47,45761.52,2023-10-27,PENDING
2250,22978,2094,Property Damage,2025-07-24,24715.54,APPROVED,0,11,54171.24,2023-06-24,VERIFIED
2251,8864,4646,Life Claim,2025-09-22,45574.81,REJECTED,0,61,95894.17,2026-05-03,VERIFIED
2252,10748,2405,Motor Accident,2025-12-29,2503.86,REJECTED,0,57,22975.3,2025-08-17,VERIFIED
2253,17001,2161,Life Claim,2026-05-18,10199.72,PENDING,0,65,85251.15,2023-07-21,VERIFIED
2254,24628,8464,Health Claim,2025-10-17,11154.07,PENDING,0,70,56102.69,2025-04-18,VERIFIED
2255,10320,4423,Property Damage,2026-04-20,61862.54,PENDING,0,73,55887.6,2024-02-08,VERIFIED
2256,7035,3003,Property Damage,2025-11-28,19550.3,REJECTED,0,80,44624.33,2024-11-08,PENDING
2257,1133,3367,Health Claim,2025-12-15,28551.21,APPROVED,0,83,18654.29,2025-12-17,VERIFIED
2258,13265,1334,Motor Accident,2026-01-17,33252.05,PENDING,0,49,65771.59,2024-03-02,PENDING
2259,14447,8107,Property Damage,2026-02-15,28825.62,PENDING,0,77,41312.0,2024-10-02,VERIFIED
2260,10028,8969,Property Damage,2025-08-16,23822.98,REJECTED,0,67,60950.72,2024-08-26,VERIFIED
2261,24009,1128,Motor Accident,2026-03-02,3198.47,APPROVED,0,95,9099.37,2024-01-22,VERIFIED
2262,13225,1965,Property Damage,2025-09-12,37996.74,REJECTED,0,47,61338.6,2025-03-13,VERIFIED
2263,17592,173,Motor Accident,2026-04-04,98165.94,PENDING,0,84,67693.48,2024-02-16,VERIFIED
2264,18043,8584,Property Damage,2026-05-21,47215.5,APPROVED,0,55,75199.84,2024-04-19,VERIFIED
2265,3349,6949,Motor Accident,2026-02-02,2538.81,PENDING,0,64,13833.48,2023-09-19,PENDING
2266,21638,6795,Life Claim,2026-01-10,25954.1,REJECTED,0,70,73419.56,2024-10-25,PENDING
2267,19850,4692,Life Claim,2025-07-01,5957.13,APPROVED,0,65,17823.75,2024-07-15,VERIFIED
2268,165,9219,Life Claim,2026-02-16,14457.63,REJECTED,0,60,33940.16,2024-07-25,VERIFIED
2269,8343,6331,Motor Accident,2025-10-12,26979.95,APPROVED,0,42,93267.53,2026-01-24,PENDING
2270,24824,6496,Life Claim,2025-12-03,32576.46,APPROVED,0,63,31282.0,2026-05-05,PENDING
2271,20485,4764,Life Claim,2025-12-01,109833.52,REJECTED,0,76,80601.34,2025-08-27,VERIFIED
2272,19590,9957,Life Claim,2025-12-21,6075.17,PENDING,0,6,49563.7,2024-10-25,PENDING
2273,2274,439,Property Damage,2026-02-11,9083.67,APPROVED,0,22,23899.98,2023-07-12,PENDING
2274,13471,4125,Health Claim,2026-03-23,11697.95,APPROVED,0,80,52906.72,2026-02-25,PENDING
2275,5751,8737,Motor Accident,2025-10-07,6263.93,PENDING,0,85,21092.72,2025-03-22,PENDING
2276,24630,6674,Health Claim,2025-11-21,48092.21,APPROVED,0,85,43648.16,2025-02-13,VERIFIED
2277,17379,7011,Health Claim,2026-05-23,28590.28,PENDING,0,21,19108.8,2024-05-23,PENDING
2278,8843,6633,Life Claim,2025-07-29,14880.3,REJECTED,0,59,49625.43,2023-06-21,PENDING
2279,3206,5261,Motor Accident,2026-03-22,26050.8,APPROVED,0,38,46785.69,2025-06-05,VERIFIED
2280,24122,7785,Life Claim,2026-01-14,102437.44,PENDING,0,61,88610.84,2023-06-19,PENDING
2281,13940,1882,Health Claim,2026-01-04,23809.13,PENDING,0,67,13087.6,2025-08-01,VERIFIED
2282,14355,6412,Property Damage,2025-11-04,28812.21,APPROVED,0,68,60710.25,2024-12-25,VERIFIED
2283,12605,7710,Life Claim,2025-07-09,54059.62,REJECTED,0,22,87021.77,2024-04-03,PENDING
2284,5129,4169,Property Damage,2025-10-21,17936.23,APPROVED,0,70,65024.27,2024-10-29,VERIFIED
2285,1510,3147,Life Claim,2025-05-28,3580.61,REJECTED,0,54,11133.42,2026-05-03,PENDING
2286,11319,1500,Health Claim,2025-12-01,117775.04,APPROVED,0,59,99467.1,2024-04-24,PENDING
2287,23589,7016,Health Claim,2025-08-13,17190.82,APPROVED,0,61,94443.57,2025-05-01,PENDING
2288,18211,9495,Property Damage,2025-06-29,18709.52,REJECTED,0,86,97777.98,2025-01-26,VERIFIED
2289,13047,4427,Health Claim,2025-09-28,2123.86,REJECTED,0,59,12994.14,2026-04-02,VERIFIED
2290,22591,8387,Life Claim,2025-08-19,7931.81,PENDING,0,83,6356.22,2023-11-02,VERIFIED
2291,4944,6587,Motor Accident,2026-01-20,59554.12,PENDING,0,55,96082.96,2024-04-15,PENDING
2292,3210,7446,Property Damage,2026-03-14,37300.16,APPROVED,0,2,25840.73,2024-03-06,PENDING
2293,5059,8585,Motor Accident,2025-08-28,36463.6,APPROVED,0,73,84685.31,2024-08-05,VERIFIED
2294,9150,5603,Life Claim,2026-03-15,17950.08,APPROVED,0,93,37561.05,2024-08-27,PENDING
2295,5949,3607,Motor Accident,2025-10-14,25066.71,APPROVED,0,27,42259.01,2024-07-03,VERIFIED
2296,8020,4933,Motor Accident,2025-05-29,6659.66,PENDING,0,8,12094.07,2026-04-09,VERIFIED
2297,3867,3055,Property Damage,2025-12-30,70535.46,APPROVED,0,7,53482.15,2023-07-05,PENDING
2298,21619,721,Life Claim,2026-03-07,41114.77,REJECTED,0,16,91526.29,2026-03-15,VERIFIED
2299,12058,3769,Life Claim,2026-05-17,107240.44,REJECTED,0,31,72653.74,2023-08-04,PENDING
2300,24008,9164,Motor Accident,2025-06-03,10000.91,REJECTED,0,52,29275.59,2024-05-24,VERIFIED
2301,23004,701,Property Damage,2026-05-14,30366.05,REJECTED,0,35,57756.99,2025-09-29,VERIFIED
2302,22920,9667,Property Damage,2026-03-31,18758.11,REJECTED,0,84,47594.36,2025-11-18,VERIFIED
2303,4890,420,Life Claim,2025-06-07,16743.21,REJECTED,0,29,58550.33,2025-08-05,PENDING
2304,11227,9498,Motor Accident,2026-05-25,6024.96,APPROVED,0,64,24304.17,2024-05-16,VERIFIED
2305,24717,9821,Life Claim,2025-09-07,15847.56,APPROVED,0,87,10003.76,2025-08-26,VERIFIED
2306,3468,6771,Health Claim,2026-04-08,6247.04,APPROVED,0,66,48991.41,2024-02-11,PENDING
2307,21694,9682,Motor Accident,2026-03-11,124042.88,REJECTED,0,21,63283.78,2025-01-07,PENDING
2308,12418,2405,Motor Accident,2026-05-05,6196.78,REJECTED,0,24,28523.07,2025-11-17,VERIFIED
2309,16921,3502,Health Claim,2025-11-13,63227.4,REJECTED,0,55,49296.34,2025-04-20,PENDING
2310,16463,4199,Life Claim,2026-05-16,40989.33,REJECTED,0,51,99731.93,2024-02-26,VERIFIED
2311,23207,5086,Life Claim,2026-05-22,28327.02,APPROVED,0,20,68546.8,2025-10-06,PENDING
2312,13941,5697,Motor Accident,2026-01-26,28883.87,PENDING,0,53,71540.42,2024-11-25,PENDING
2313,23001,1598,Health Claim,2026-02-28,38594.42,PENDING,0,18,88714.25,2025-12-19,VERIFIED
2314,13677,4065,Property Damage,2025-07-20,33278.76,REJECTED,0,90,58228.95,2025-08-22,VERIFIED
2315,804,7989,Health Claim,2025-10-05,8782.96,PENDING,0,20,36424.15,2024-06-14,VERIFIED
2316,24822,8077,Life Claim,2025-11-23,14797.97,PENDING,0,53,42631.52,2025-10-11,PENDING
2317,18050,9614,Motor Accident,2025-06-23,98263.34,REJECTED,0,28,69366.25,2025-02-14,VERIFIED
2318,14969,1835,Health Claim,2026-02-17,140661.75,APPROVED,0,80,76181.42,2024-05-07,PENDING
2319,5897,5019,Motor Accident,2025-09-02,54023.48,APPROVED,0,57,99622.61,2025-02-20,PENDING
2320,21922,674,Life Claim,2025-06-27,35756.54,PENDING,0,39,90173.94,2023-08-11,VERIFIED
2321,4017,1107,Property Damage,2026-05-24,49854.66,REJECTED,0,11,32858.02,2026-03-05,PENDING
2322,23883,2624,Motor Accident,2025-07-17,54671.35,PENDING,0,45,48142.84,2025-09-10,VERIFIED
2323,16412,6080,Life Claim,2025-06-24,16901.56,APPROVED,0,57,46686.76,2024-01-09,VERIFIED
2324,12909,4750,Health Claim,2026-02-10,160506.55,APPROVED,0,15,87718.13,2024-11-20,VERIFIED
2325,12298,2034,Property Damage,2026-05-11,57334.39,APPROVED,0,4,30691.83,2024-05-23,PENDING
2326,1770,3469,Health Claim,2025-06-22,61310.97,APPROVED,0,37,96747.6,2025-01-26,VERIFIED
2327,18188,6503,Life Claim,2025-10-28,58786.16,REJECTED,0,79,98489.64,2023-07-09,VERIFIED
2328,10202,8295,Life Claim,2025-09-12,6282.45,REJECTED,0,62,32343.39,2025-01-17,VERIFIED
2329,7242,8275,Health Claim,2026-04-27,22204.84,REJECTED,0,33,44449.04,2025-08-21,VERIFIED
2330,17775,7295,Property Damage,2026-04-06,4095.36,REJECTED,0,16,15246.59,2023-12-12,VERIFIED
2331,22072,9220,Property Damage,2025-06-26,106968.62,APPROVED,0,2,93165.39,2024-11-03,PENDING
2332,8729,7598,Motor Accident,2025-08-05,17169.34,APPROVED,0,98,26848.49,2023-11-23,PENDING
2333,3750,3325,Property Damage,2026-05-17,36431.92,PENDING,0,73,28449.14,2024-07-01,VERIFIED
2334,628,2583,Motor Accident,2026-02-01,7001.51,APPROVED,0,62,37721.22,2024-03-10,PENDING
2335,2043,7359,Property Damage,2026-04-12,31809.73,APPROVED,0,90,55102.4,2024-01-07,PENDING
2336,1927,1000,Health Claim,2025-10-10,37736.45,APPROVED,0,67,23330.23,2025-02-10,PENDING
2337,7649,3975,Property Damage,2025-07-24,27351.14,APPROVED,0,50,60367.42,2025-09-22,PENDING
2338,18525,2722,Health Claim,2025-09-09,24940.64,APPROVED,0,82,58995.56,2023-10-24,PENDING
2339,20237,7130,Health Claim,2025-08-22,35593.66,PENDING,0,39,71810.38,2024-10-26,VERIFIED
2340,15768,494,Motor Accident,2026-02-20,7664.43,PENDING,0,67,21636.87,2025-02-06,VERIFIED
2341,9715,1786,Health Claim,2026-02-19,32372.87,PENDING,0,61,22771.97,2026-02-19,PENDING
2342,3521,9784,Motor Accident,2025-09-02,22095.45,PENDING,0,2,13825.15,2024-06-09,VERIFIED
2343,9049,1414,Property Damage,2025-12-18,162559.7,APPROVED,0,94,86475.15,2026-03-25,PENDING
2344,9087,4357,Health Claim,2026-04-19,81437.82,REJECTED,0,69,63723.14,2025-03-07,PENDING
2345,21212,3018,Motor Accident,2026-02-06,40300.98,REJECTED,0,17,27383.61,2024-11-01,VERIFIED
2346,11045,9117,Motor Accident,2025-10-20,54474.94,PENDING,0,43,86628.23,2024-08-04,VERIFIED
2347,6649,9343,Health Claim,2025-07-01,21806.83,APPROVED,0,21,45694.12,2023-07-23,PENDING
2348,15725,8942,Motor Accident,2025-06-10,65672.0,PENDING,0,23,95120.18,2026-03-25,VERIFIED
2349,11966,4065,Property Damage,2026-04-11,58870.78,PENDING,0,86,99082.57,2026-01-05,VERIFIED
2350,23506,7287,Property Damage,2025-09-08,63735.67,REJECTED,0,45,45430.38,2024-11-05,VERIFIED
2351,14150,4716,Motor Accident,2026-05-16,34067.29,PENDING,0,65,25489.67,2025-10-06,PENDING
2352,22276,1439,Health Claim,2025-09-07,17979.63,APPROVED,0,68,44243.86,2024-03-14,VERIFIED
2353,13830,7003,Life Claim,2025-11-26,5937.96,PENDING,0,60,56570.58,2023-08-27,VERIFIED
2354,9052,3855,Health Claim,2025-12-31,105823.34,REJECTED,0,65,63824.72,2024-09-18,PENDING
2355,1287,459,Motor Accident,2025-06-16,41198.11,PENDING,0,66,75064.96,2025-02-15,VERIFIED
2356,16056,6724,Motor Accident,2026-05-20,16658.38,REJECTED,0,85,58393.19,2025-04-19,VERIFIED
2357,10467,2829,Life Claim,2025-11-30,30544.34,APPROVED,0,19,51737.31,2024-03-18,VERIFIED
2358,21598,7183,Life Claim,2025-11-24,10007.06,REJECTED,0,50,20213.99,2024-06-14,PENDING
2359,23411,1155,Life Claim,2025-10-02,34486.23,REJECTED,0,56,77613.87,2024-03-02,VERIFIED
2360,13190,5957,Health Claim,2025-10-25,29814.32,REJECTED,0,1,62572.62,2026-03-30,VERIFIED
2361,8545,4980,Motor Accident,2026-05-04,9960.76,PENDING,0,21,7906.19,2025-04-11,VERIFIED
2362,8701,3364,Life Claim,2025-11-20,5987.75,APPROVED,0,67,41894.16,2023-07-31,PENDING
2363,2281,1508,Health Claim,2025-07-07,118206.06,REJECTED,0,8,88384.1,2024-09-20,VERIFIED
2364,943,5747,Life Claim,2025-12-05,8491.73,REJECTED,0,44,13898.66,2024-02-17,VERIFIED
2365,12233,4835,Motor Accident,2025-09-04,19477.65,PENDING,0,10,85344.21,2024-02-26,VERIFIED
2366,17005,3932,Life Claim,2026-02-16,33037.03,PENDING,0,33,74195.83,2024-05-14,PENDING
2367,10238,4652,Motor Accident,2025-09-16,24296.39,PENDING,0,53,53597.98,2023-10-19,PENDING
2368,24285,7349,Motor Accident,2025-07-08,11132.87,APPROVED,0,92,16853.4,2025-07-10,VERIFIED
2369,15875,3312,Health Claim,2026-03-16,101430.96,PENDING,0,79,60422.09,2025-10-29,VERIFIED
2370,10467,9486,Property Damage,2025-07-28,10437.18,APPROVED,0,56,26440.07,2024-08-16,VERIFIED
2371,278,7028,Property Damage,2025-10-27,37970.33,REJECTED,0,49,19823.74,2026-03-27,VERIFIED
2372,9422,8228,Health Claim,2025-12-26,5281.96,PENDING,0,11,15875.44,2024-04-06,PENDING
2373,14244,7440,Health Claim,2025-08-15,13403.54,APPROVED,0,38,31687.71,2023-07-18,VERIFIED
2374,24262,2845,Property Damage,2025-06-29,26210.74,PENDING,0,34,63934.97,2024-10-23,PENDING
2375,13022,8982,Life Claim,2025-07-14,41084.88,REJECTED,0,3,65750.74,2023-08-31,PENDING
2376,21493,1219,Health Claim,2026-01-31,121378.4,PENDING,0,27,73448.76,2025-09-25,PENDING
2377,8029,4404,Life Claim,2025-05-29,5322.0,REJECTED,0,63,28174.78,2025-01-14,VERIFIED
2378,9248,2989,Property Damage,2026-03-17,15328.39,REJECTED,0,15,96951.64,2023-08-11,VERIFIED
2379,9068,8333,Life Claim,2026-03-04,4928.53,PENDING,0,40,15774.62,2026-05-02,PENDING
2380,3304,3030,Motor Accident,2025-11-05,31257.74,PENDING,0,13,46846.24,2024-04-28,PENDING
2381,11534,7464,Health Claim,2025-08-16,34559.01,REJECTED,0,13,58972.92,2024-03-10,PENDING
2382,8936,7,Motor Accident,2026-05-25,74482.64,APPROVED,0,73,62105.76,2023-09-13,PENDING
2383,3314,2328,Life Claim,2025-10-14,93662.6,APPROVED,0,57,93081.13,2025-02-20,VERIFIED
2384,18846,4262,Property Damage,2026-03-19,45828.71,APPROVED,0,50,80238.84,2025-04-21,PENDING
2385,13184,5284,Property Damage,2025-09-04,4505.63,REJECTED,0,29,19346.18,2024-02-18,VERIFIED
2386,16470,7045,Health Claim,2026-03-19,18335.24,PENDING,0,20,95579.03,2026-03-22,VERIFIED
2387,22467,9041,Life Claim,2026-05-03,44878.06,PENDING,0,94,87597.17,2025-03-24,VERIFIED
2388,6529,2273,Motor Accident,2026-03-07,7086.4,PENDING,0,72,68534.27,2025-05-31,VERIFIED
2389,7788,638,Motor Accident,2025-08-11,9434.85,APPROVED,0,46,14079.72,2025-07-13,VERIFIED
2390,11087,9321,Property Damage,2026-01-12,8624.88,PENDING,0,41,35805.5,2024-05-28,VERIFIED
2391,1771,2723,Life Claim,2026-01-20,21975.29,REJECTED,0,49,32664.31,2023-12-10,VERIFIED
2392,16387,9507,Property Damage,2026-01-29,27391.2,PENDING,0,13,60130.06,2025-11-13,VERIFIED
2393,23430,9464,Motor Accident,2026-05-02,6436.11,REJECTED,0,91,49086.13,2023-12-18,PENDING
2394,77,4446,Property Damage,2026-03-27,25259.4,PENDING,0,43,63731.64,2024-07-20,VERIFIED
2395,10190,1128,Motor Accident,2026-05-09,68791.82,APPROVED,0,41,56081.42,2025-04-27,VERIFIED
2396,3731,5681,Property Damage,2025-12-05,12084.02,PENDING,0,65,25774.67,2024-08-31,PENDING
2397,16862,5821,Motor Accident,2025-12-24,53055.94,APPROVED,0,41,85041.37,2024-02-11,VERIFIED
2398,10608,2454,Property Damage,2025-07-17,7486.77,APPROVED,0,95,61165.31,2024-05-04,VERIFIED
2399,16758,1283,Property Damage,2025-11-12,16755.27,REJECTED,0,20,79396.91,2025-12-18,VERIFIED
2400,22961,3030,Health Claim,2025-10-05,22303.37,REJECTED,0,10,59458.34,2024-01-08,PENDING
2401,7800,6784,Motor Accident,2026-02-14,34977.42,APPROVED,0,58,21475.67,2025-04-28,PENDING
2402,19552,7796,Motor Accident,2025-06-16,17802.26,APPROVED,0,77,15495.63,2024-07-01,PENDING
2403,16361,1662,Motor Accident,2025-08-14,50057.35,PENDING,0,74,29450.51,2023-07-07,VERIFIED
2404,17904,1526,Health Claim,2025-10-12,15671.64,PENDING,0,65,22940.42,2025-03-31,VERIFIED
2405,9898,8853,Life Claim,2025-09-11,18817.58,REJECTED,0,15,18661.57,2025-01-31,VERIFIED
2406,19583,1193,Motor Accident,2025-12-12,51367.25,APPROVED,0,57,27149.21,2026-01-23,PENDING
2407,20233,9006,Life Claim,2026-04-07,2792.17,APPROVED,0,73,12460.86,2025-10-09,PENDING
2408,17571,3594,Property Damage,2026-02-08,17017.26,REJECTED,0,18,11323.24,2024-03-11,PENDING
2409,21320,3170,Motor Accident,2025-06-25,43393.55,APPROVED,0,27,66029.23,2025-01-27,PENDING
2410,1095,51,Health Claim,2025-09-08,99983.59,PENDING,0,64,89318.55,2024-09-06,VERIFIED
2411,24658,2718,Motor Accident,2026-02-14,18126.74,APPROVED,0,11,74250.27,2026-02-07,VERIFIED
2412,4983,9787,Health Claim,2025-12-18,27261.09,REJECTED,0,6,71246.24,2025-08-09,VERIFIED
2413,13829,6861,Life Claim,2025-07-02,8791.32,PENDING,0,5,28030.5,2025-01-08,PENDING
2414,7723,9660,Property Damage,2026-05-06,6537.39,PENDING,0,92,20639.42,2025-10-15,VERIFIED
2415,21743,1030,Property Damage,2026-01-01,24493.17,REJECTED,0,29,73944.84,2025-11-23,PENDING
2416,6977,8149,Life Claim,2026-03-10,4409.5,REJECTED,0,60,19101.31,2026-02-15,VERIFIED
2417,16640,3085,Health Claim,2026-05-10,7315.1,REJECTED,0,13,32066.5,2024-08-28,VERIFIED
2418,1968,6931,Health Claim,2025-06-27,24659.66,PENDING,0,89,91312.93,2024-08-09,VERIFIED
2419,13265,6498,Health Claim,2025-08-14,2901.6,PENDING,0,86,12708.84,2025-03-18,VERIFIED
2420,16600,6845,Motor Accident,2025-06-29,17198.75,APPROVED,0,74,64868.7,2025-07-13,VERIFIED
2421,12264,2410,Health Claim,2026-04-29,14398.69,PENDING,0,20,47322.38,2026-02-11,VERIFIED
2422,20107,7566,Property Damage,2026-03-09,57577.32,APPROVED,0,94,82557.5,2025-03-26,PENDING
2423,22269,6821,Property Damage,2026-05-13,84448.02,APPROVED,0,19,71837.23,2025-01-19,PENDING
2424,5084,2990,Property Damage,2025-07-08,21098.48,PENDING,0,20,37580.71,2025-11-26,VERIFIED
2425,16703,3862,Health Claim,2025-07-28,121214.28,APPROVED,0,84,86487.32,2024-01-04,VERIFIED
2426,2896,3376,Life Claim,2025-08-10,17088.58,APPROVED,0,8,45980.27,2024-08-02,PENDING
2427,24976,7470,Motor Accident,2026-04-22,91058.06,PENDING,0,8,63526.48,2024-09-18,PENDING
2428,18681,623,Life Claim,2025-11-14,19793.16,APPROVED,0,24,69309.58,2024-01-19,VERIFIED
2429,19666,9528,Property Damage,2025-12-06,9271.6,APPROVED,0,33,41751.22,2024-09-22,VERIFIED
2430,11171,4248,Life Claim,2025-09-25,24720.43,REJECTED,0,15,45184.0,2026-03-07,VERIFIED
2431,11734,8729,Motor Accident,2026-03-30,39529.0,REJECTED,0,87,66822.89,2024-05-31,VERIFIED
2432,20695,1519,Motor Accident,2025-09-03,95341.32,APPROVED,0,60,57276.68,2023-06-06,PENDING
2433,15611,8990,Life Claim,2026-05-07,7392.27,APPROVED,0,44,44137.63,2025-12-23,VERIFIED
2434,14879,5882,Life Claim,2025-09-28,24268.03,REJECTED,0,12,23531.26,2024-04-27,VERIFIED
2435,11912,8176,Motor Accident,2025-06-25,15955.36,APPROVED,0,19,57485.71,2023-06-13,PENDING
2436,15593,4360,Health Claim,2025-12-14,26185.33,REJECTED,0,89,52435.56,2023-09-04,VERIFIED
2437,18990,2655,Health Claim,2026-02-02,39580.46,APPROVED,0,95,63271.2,2023-11-04,VERIFIED
2438,13870,4261,Life Claim,2025-09-05,22938.41,PENDING,0,8,97382.49,2023-12-29,VERIFIED
2439,22526,8739,Life Claim,2026-05-06,18536.68,PENDING,0,66,58104.88,2025-01-09,PENDING
2440,19607,808,Life Claim,2026-03-09,54320.1,APPROVED,0,33,46754.14,2025-05-10,PENDING
2441,15106,5144,Health Claim,2025-10-23,6360.37,PENDING,0,95,51267.27,2026-01-04,VERIFIED
2442,10405,4853,Property Damage,2026-01-11,60988.5,REJECTED,0,12,31788.27,2024-06-07,PENDING
2443,6652,9200,Property Damage,2025-11-28,22645.79,APPROVED,0,77,33298.08,2024-03-04,VERIFIED
2444,3989,4192,Motor Accident,2026-03-28,31192.96,APPROVED,0,87,77071.23,2024-01-02,PENDING
2445,13795,9759,Property Damage,2025-08-26,39027.64,PENDING,0,59,59274.0,2024-08-07,VERIFIED
2446,13226,4583,Property Damage,2025-06-09,27560.88,APPROVED,0,70,17017.84,2025-10-04,PENDING
2447,14690,7467,Property Damage,2025-10-07,12422.29,REJECTED,0,42,73703.22,2024-10-21,PENDING
2448,10960,1802,Health Claim,2025-09-01,27197.93,PENDING,0,46,41955.83,2026-04-17,PENDING
2449,4722,5113,Life Claim,2025-11-16,5521.0,REJECTED,0,97,11369.06,2025-07-28,VERIFIED
2450,1833,3394,Motor Accident,2025-05-27,9751.6,REJECTED,0,96,26842.3,2024-08-15,VERIFIED
2451,17868,456,Health Claim,2025-07-28,53237.64,APPROVED,0,90,51611.42,2024-10-23,VERIFIED
2452,4105,1121,Life Claim,2025-10-19,12267.59,PENDING,0,79,79178.0,2025-09-09,VERIFIED
2453,17957,956,Life Claim,2025-06-02,46731.62,REJECTED,0,32,74763.67,2023-08-09,VERIFIED
2454,948,8591,Property Damage,2026-05-19,123508.51,APPROVED,0,45,93078.02,2025-09-23,PENDING
2455,17362,6535,Property Damage,2025-11-07,140806.97,REJECTED,0,58,99246.6,2025-12-16,VERIFIED
2456,10913,6148,Motor Accident,2025-08-05,106252.73,PENDING,0,8,59316.46,2025-11-22,PENDING
2457,14280,2545,Health Claim,2025-10-25,37689.19,REJECTED,0,77,20162.76,2026-04-14,VERIFIED
2458,2284,1959,Motor Accident,2026-01-21,180372.75,APPROVED,0,69,95912.3,2023-05-27,PENDING
2459,23223,1562,Health Claim,2025-08-28,38437.92,REJECTED,0,57,66837.77,2023-10-07,VERIFIED
2460,17504,6727,Health Claim,2025-11-07,17090.71,REJECTED,0,93,9060.39,2023-11-30,VERIFIED
2461,23303,4401,Motor Accident,2026-01-16,21659.91,PENDING,0,28,40215.24,2025-06-11,VERIFIED
2462,14851,8601,Property Damage,2026-02-15,16881.02,APPROVED,0,94,41010.98,2024-01-05,VERIFIED
2463,18678,2853,Health Claim,2026-03-26,7372.88,REJECTED,0,89,16303.24,2025-02-26,PENDING
2464,12511,3316,Motor Accident,2025-12-28,18039.16,APPROVED,0,61,50887.24,2026-02-01,PENDING
2465,19507,9593,Property Damage,2026-04-18,8692.34,APPROVED,0,38,46931.35,2025-05-04,VERIFIED
2466,24879,785,Motor Accident,2025-12-21,116513.0,APPROVED,0,35,72830.69,2024-03-03,VERIFIED
2467,6721,7921,Life Claim,2025-11-29,41667.95,PENDING,0,63,62563.19,2026-01-19,VERIFIED
2468,21384,6177,Motor Accident,2025-08-21,68628.89,APPROVED,0,92,98474.94,2023-08-26,PENDING
2469,20938,4088,Motor Accident,2025-08-28,98700.94,PENDING,0,24,57437.87,2025-05-19,VERIFIED
2470,6888,4165,Property Damage,2025-10-14,26541.83,PENDING,0,54,45685.84,2025-01-09,PENDING
2471,3832,2018,Property Damage,2025-10-19,7999.37,PENDING,0,64,21182.09,2025-03-06,VERIFIED
2472,4469,755,Life Claim,2025-06-22,23833.2,PENDING,0,21,57164.0,2023-08-19,PENDING
2473,13339,4955,Life Claim,2025-10-12,84178.43,APPROVED,0,13,70508.02,2024-06-16,PENDING
2474,9535,4243,Health Claim,2025-10-04,14048.17,REJECTED,0,16,55622.11,2025-01-04,PENDING
2475,5000,5407,Health Claim,2026-04-05,12520.51,PENDING,0,30,25528.1,2024-07-07,VERIFIED
2476,7131,6231,Health Claim,2026-01-22,4684.29,REJECTED,0,17,12981.71,2024-07-02,PENDING
2477,16634,3443,Property Damage,2025-11-21,12736.39,APPROVED,0,78,7218.24,2025-06-13,PENDING
2478,10573,1964,Health Claim,2026-01-20,12149.23,PENDING,0,38,55616.41,2024-04-14,PENDING
2479,5372,4815,Property Damage,2025-08-27,78344.59,APPROVED,0,22,72572.8,2026-05-07,VERIFIED
2480,20864,3488,Property Damage,2025-11-04,51251.48,PENDING,0,7,92050.99,2023-11-22,PENDING
2481,4675,6824,Property Damage,2025-07-08,12206.65,APPROVED,0,83,46359.04,2026-02-05,VERIFIED
2482,8133,4594,Motor Accident,2025-12-15,31661.23,REJECTED,0,25,73762.74,2024-07-25,VERIFIED
2483,3568,5472,Property Damage,2025-07-23,10982.33,APPROVED,0,63,6073.52,2025-04-05,VERIFIED
2484,246,7731,Property Damage,2026-04-02,54943.1,PENDING,0,95,91562.34,2026-02-03,VERIFIED
2485,1918,6295,Life Claim,2025-06-10,43072.0,REJECTED,0,96,90043.33,2024-03-29,VERIFIED
2486,1806,8298,Health Claim,2025-09-27,90139.86,PENDING,0,60,80442.42,2023-10-24,VERIFIED
2487,22105,3637,Property Damage,2025-06-30,44776.18,PENDING,0,59,74950.65,2024-10-26,VERIFIED
2488,13838,7401,Life Claim,2025-07-05,56796.68,REJECTED,0,16,85473.94,2025-06-23,PENDING
2489,4480,4455,Property Damage,2026-04-18,5734.31,REJECTED,0,46,22218.48,2025-06-27,PENDING
2490,18380,8720,Motor Accident,2025-11-17,9141.27,PENDING,0,55,15262.7,2024-06-24,VERIFIED
2491,19886,385,Health Claim,2026-02-01,12376.41,APPROVED,0,50,48358.3,2025-09-30,PENDING
2492,15220,6876,Property Damage,2025-10-23,9781.93,PENDING,0,88,37674.72,2024-12-18,PENDING
2493,20708,3713,Health Claim,2026-02-28,12548.36,APPROVED,0,86,10430.49,2025-06-30,VERIFIED
2494,9112,9236,Health Claim,2025-09-24,45411.71,REJECTED,0,80,96213.45,2024-01-14,PENDING
2495,23928,6537,Life Claim,2025-07-17,7332.0,REJECTED,0,30,16964.63,2026-01-18,VERIFIED
2496,24663,7803,Life Claim,2026-05-23,139471.77,PENDING,0,49,70467.81,2023-10-27,PENDING
2497,14365,7480,Life Claim,2025-06-27,5625.99,REJECTED,0,100,35262.94,2025-03-27,VERIFIED
2498,6228,1244,Motor Accident,2025-12-19,22530.29,APPROVED,0,25,79982.36,2024-10-31,VERIFIED
2499,9606,2170,Health Claim,2025-10-07,45615.74,APPROVED,0,58,95977.68,2024-10-23,PENDING
2500,18734,4040,Health Claim,2025-11-02,24510.28,APPROVED,0,52,97311.06,2023-11-19,PENDING
2501,18601,6002,Health Claim,2026-05-09,20260.77,APPROVED,0,42,78178.72,2026-03-27,VERIFIED
2502,9542,431,Property Damage,2025-09-16,23762.96,PENDING,0,18,36919.42,2025-03-05,PENDING
2503,19578,6690,Property Damage,2025-11-03,41658.03,APPROVED,0,77,83233.49,2025-08-18,PENDING
2504,7360,6983,Property Damage,2025-09-18,52209.78,PENDING,0,64,74984.9,2026-03-20,VERIFIED
2505,1098,5640,Property Damage,2025-08-23,19679.92,APPROVED,0,71,78579.55,2023-07-30,PENDING
2506,23234,9287,Life Claim,2025-10-23,83651.65,APPROVED,0,98,77416.7,2024-01-21,PENDING
2507,14561,7743,Property Damage,2025-11-20,4575.25,APPROVED,0,36,31413.6,2025-12-05,VERIFIED
2508,6033,4915,Property Damage,2025-07-13,30777.38,PENDING,0,59,72412.98,2024-04-23,PENDING
2509,21720,5128,Life Claim,2025-12-17,62168.52,REJECTED,0,66,52499.25,2025-06-10,PENDING
2510,17598,5704,Property Damage,2025-11-20,97229.7,APPROVED,0,37,69769.35,2024-02-11,VERIFIED
2511,17571,8967,Property Damage,2026-01-24,42961.7,PENDING,0,2,94929.32,2024-03-05,VERIFIED
2512,8179,8994,Motor Accident,2025-12-11,16692.35,PENDING,0,33,34819.57,2025-04-26,VERIFIED
2513,3268,8227,Property Damage,2025-08-15,7483.8,PENDING,0,13,61962.39,2025-03-19,VERIFIED
2514,24487,2837,Property Damage,2025-07-22,16827.57,PENDING,0,26,90757.54,2025-06-10,VERIFIED
2515,11634,1909,Health Claim,2025-12-24,7725.47,APPROVED,0,63,61095.58,2023-11-08,PENDING
2516,2176,7253,Health Claim,2025-10-31,43847.57,APPROVED,0,10,42451.15,2023-11-20,VERIFIED
2517,1695,4521,Life Claim,2025-12-07,65396.46,APPROVED,0,55,61951.62,2025-02-04,PENDING
2518,17074,8861,Motor Accident,2026-02-28,20757.0,APPROVED,0,21,76643.53,2024-08-15,PENDING
2519,5362,7818,Motor Accident,2025-11-24,58330.47,APPROVED,0,34,99518.3,2025-02-15,PENDING
2520,18989,3582,Health Claim,2025-11-23,21956.32,REJECTED,0,44,66242.85,2023-06-11,VERIFIED
2521,6891,4708,Motor Accident,2025-07-18,63511.52,REJECTED,0,68,92813.25,2024-11-13,VERIFIED
2522,15658,6152,Life Claim,2026-03-17,23524.97,REJECTED,0,72,44172.22,2025-06-14,PENDING
2523,5015,1387,Property Damage,2025-10-09,9773.72,REJECTED,0,81,5118.54,2023-07-20,VERIFIED
2524,8454,4145,Health Claim,2025-10-24,164587.04,APPROVED,0,85,96649.37,2026-05-17,VERIFIED
2525,24546,9156,Life Claim,2025-09-30,66096.09,PENDING,0,12,56163.56,2023-06-07,PENDING
2526,16359,8334,Property Damage,2025-11-26,4100.3,APPROVED,0,38,11145.63,2024-01-05,PENDING
2527,10998,8104,Motor Accident,2025-12-05,4728.13,REJECTED,0,22,10161.53,2025-04-18,VERIFIED
2528,22937,9697,Property Damage,2026-01-21,104741.26,PENDING,0,41,56109.99,2025-01-29,VERIFIED
2529,3781,6950,Health Claim,2026-01-06,13515.94,PENDING,0,63,67279.12,2024-10-11,PENDING
2530,13588,738,Property Damage,2025-12-03,34423.83,APPROVED,0,90,52050.7,2025-07-31,PENDING
2531,23686,4009,Life Claim,2025-06-30,21693.85,REJECTED,0,91,54961.87,2024-07-25,PENDING
2532,19339,2700,Property Damage,2025-11-04,102854.86,APPROVED,0,78,59804.52,2025-01-06,PENDING
2533,17239,2161,Motor Accident,2025-12-11,20134.48,APPROVED,0,48,35590.73,2026-01-29,VERIFIED
2534,23738,1779,Property Damage,2025-07-10,7338.3,APPROVED,0,96,10813.37,2026-02-02,PENDING
2535,23935,3253,Motor Accident,2026-02-28,19837.46,PENDING,0,78,88536.88,2025-08-13,PENDING
2536,2297,1010,Motor Accident,2026-03-22,37446.14,REJECTED,0,41,31029.56,2024-12-09,PENDING
2537,10334,8474,Property Damage,2025-11-09,15726.85,PENDING,0,76,82624.13,2024-09-17,VERIFIED
2538,14354,881,Health Claim,2025-12-05,59228.2,REJECTED,0,76,85893.46,2025-12-01,PENDING
2539,23390,2884,Motor Accident,2026-04-22,12079.66,APPROVED,0,40,23353.75,2024-08-26,VERIFIED
2540,3462,1269,Life Claim,2025-09-03,69242.34,APPROVED,0,82,43786.02,2023-10-01,VERIFIED
2541,3650,2738,Motor Accident,2026-03-16,29807.06,APPROVED,0,86,97139.69,2025-02-21,VERIFIED
2542,7133,3065,Life Claim,2025-06-28,10040.55,APPROVED,0,9,18199.72,2025-03-10,PENDING
2543,13852,9739,Property Damage,2025-07-14,115962.39,APPROVED,0,26,70587.44,2023-12-27,VERIFIED
2544,10976,1059,Health Claim,2026-02-18,15981.82,REJECTED,0,85,9812.85,2025-03-06,PENDING
2545,22833,6457,Health Claim,2026-02-28,24139.26,PENDING,0,48,64142.76,2023-06-06,VERIFIED
2546,18327,1149,Life Claim,2025-06-14,29054.72,REJECTED,0,61,99129.36,2025-08-05,PENDING
2547,4180,8085,Property Damage,2026-01-24,42912.15,PENDING,0,28,99797.3,2024-03-25,VERIFIED
2548,822,7402,Life Claim,2026-05-02,2267.56,APPROVED,0,95,14535.65,2024-07-06,VERIFIED
2549,10553,4038,Health Claim,2025-07-03,69782.0,PENDING,0,54,58788.73,2024-11-19,VERIFIED
2550,415,2215,Property Damage,2025-08-31,40233.93,APPROVED,0,44,89152.89,2026-05-15,PENDING
2551,8474,6871,Health Claim,2026-03-12,14572.08,REJECTED,0,27,34705.38,2025-12-19,VERIFIED
2552,13536,5632,Motor Accident,2025-07-10,10063.16,PENDING,0,85,55654.92,2025-06-23,PENDING
2553,7997,6914,Health Claim,2025-06-13,164960.52,APPROVED,0,1,99660.17,2025-06-01,VERIFIED
2554,9450,4780,Property Damage,2026-03-13,21128.13,REJECTED,0,6,74428.48,2026-02-13,PENDING
2555,6531,6890,Health Claim,2026-01-12,25455.52,PENDING,0,98,82382.04,2023-06-05,VERIFIED
2556,15474,6944,Health Claim,2025-09-25,10541.53,PENDING,0,59,22386.94,2024-09-14,PENDING
2557,9814,9125,Health Claim,2025-05-29,14560.32,REJECTED,0,35,97855.97,2025-08-03,VERIFIED
2558,24250,9234,Health Claim,2026-02-10,74161.68,REJECTED,0,10,49471.97,2025-09-03,VERIFIED
2559,4000,3209,Property Damage,2025-07-10,10867.2,REJECTED,0,39,46848.68,2026-03-04,PENDING
2560,1175,2841,Motor Accident,2025-09-05,11316.89,REJECTED,0,47,47653.43,2023-05-28,PENDING
2561,4976,662,Life Claim,2025-08-05,16121.19,REJECTED,0,16,26090.5,2023-10-16,VERIFIED
2562,8339,8739,Health Claim,2025-07-28,18443.04,REJECTED,0,18,38649.28,2026-04-19,VERIFIED
2563,11757,409,Health Claim,2026-03-11,12788.85,APPROVED,0,99,11014.67,2025-12-13,PENDING
2564,13129,1408,Property Damage,2025-12-03,50752.47,APPROVED,0,20,80556.62,2024-02-22,PENDING
2565,21558,2072,Property Damage,2025-09-06,44438.37,REJECTED,0,12,72522.33,2024-03-30,PENDING
2566,16381,3442,Property Damage,2026-03-26,8497.28,PENDING,0,20,16160.23,2025-04-22,VERIFIED
2567,17186,3626,Property Damage,2026-05-05,15415.88,PENDING,0,15,77278.61,2026-03-05,PENDING
2568,5661,5327,Motor Accident,2025-06-29,38884.13,PENDING,0,38,83806.42,2024-04-06,PENDING
2569,24401,7618,Life Claim,2025-11-30,6732.89,APPROVED,0,94,44229.65,2024-01-13,VERIFIED
2570,4620,7544,Health Claim,2025-06-09,7559.62,PENDING,0,17,55921.97,2026-01-24,PENDING
2571,24029,1894,Life Claim,2026-05-02,15853.71,REJECTED,0,61,11125.59,2025-06-19,VERIFIED
2572,12056,5149,Motor Accident,2026-03-12,59689.95,REJECTED,0,25,34077.66,2025-02-26,PENDING
2573,19520,4975,Health Claim,2025-10-02,21009.47,PENDING,0,100,55397.53,2026-02-09,VERIFIED
2574,6243,6939,Motor Accident,2025-08-26,26500.83,REJECTED,0,42,55161.04,2023-06-03,VERIFIED
2575,8522,4401,Property Damage,2025-09-13,74754.8,PENDING,0,82,53472.39,2024-06-12,PENDING
2576,10104,9429,Health Claim,2026-05-23,32021.71,PENDING,0,60,52839.68,2026-04-09,VERIFIED
2577,24056,676,Motor Accident,2026-05-10,46181.84,PENDING,0,81,76548.2,2024-09-10,PENDING
2578,7622,4153,Life Claim,2026-05-01,85317.59,PENDING,0,64,64713.22,2024-04-22,VERIFIED
2579,18785,3289,Motor Accident,2025-12-14,43292.26,PENDING,0,46,66385.01,2024-07-28,VERIFIED
2580,14854,8011,Health Claim,2026-04-09,13129.9,APPROVED,0,32,79876.14,2025-06-18,PENDING
2581,20755,5885,Motor Accident,2026-01-03,88423.19,PENDING,0,22,58111.34,2026-03-31,VERIFIED
2582,6646,7599,Property Damage,2026-04-05,9080.11,APPROVED,0,76,14095.08,2024-08-17,PENDING
2583,5700,6751,Health Claim,2025-08-12,39846.55,APPROVED,0,2,87837.5,2025-11-10,VERIFIED
2584,10327,9318,Health Claim,2025-10-19,2733.9,APPROVED,0,15,24092.69,2025-04-11,PENDING
2585,11767,8662,Life Claim,2025-07-19,126346.68,APPROVED,0,88,81548.93,2025-03-12,VERIFIED
2586,17072,9126,Health Claim,2025-09-07,34874.76,APPROVED,0,88,94864.69,2025-01-04,PENDING
2587,19821,5576,Property Damage,2025-10-22,48076.78,REJECTED,0,86,96262.49,2024-05-07,PENDING
2588,14505,2595,Property Damage,2026-01-06,145278.86,PENDING,0,26,87465.39,2024-11-15,PENDING
2589,18327,7371,Motor Accident,2025-10-19,52076.27,REJECTED,0,83,47338.68,2023-07-27,VERIFIED
2590,16713,1900,Motor Accident,2025-08-14,74604.79,REJECTED,0,21,61381.97,2025-12-27,PENDING
2591,19691,1571,Motor Accident,2025-09-12,13788.64,APPROVED,0,91,36433.42,2023-09-17,PENDING
2592,909,6854,Property Damage,2026-03-28,28790.84,REJECTED,0,7,56858.46,2025-07-30,VERIFIED
2593,19635,686,Health Claim,2025-06-14,5520.66,APPROVED,0,21,54829.2,2026-03-16,VERIFIED
2594,16108,4662,Property Damage,2026-01-28,7200.5,REJECTED,0,62,12496.6,2024-12-26,PENDING
2595,22435,2718,Motor Accident,2025-09-11,21691.97,REJECTED,0,68,38966.76,2024-08-24,VERIFIED
2596,9107,9950,Motor Accident,2025-08-06,3334.88,REJECTED,0,54,8832.8,2025-12-01,PENDING
2597,12435,9164,Life Claim,2026-03-27,37266.01,REJECTED,0,19,19430.47,2023-06-08,VERIFIED
2598,6795,8146,Health Claim,2025-10-25,15495.93,PENDING,0,12,38578.81,2026-04-20,PENDING
2599,3821,5695,Life Claim,2025-09-04,16324.9,APPROVED,0,24,48066.26,2025-09-11,VERIFIED
2600,19445,9661,Motor Accident,2025-09-25,5613.85,APPROVED,0,91,54065.34,2024-01-18,VERIFIED
2601,3110,8865,Property Damage,2025-06-23,11601.27,PENDING,0,94,17810.29,2023-06-12,VERIFIED
2602,10657,3948,Life Claim,2025-07-23,53867.64,APPROVED,0,65,37091.22,2026-05-06,VERIFIED
2603,1035,2631,Life Claim,2025-11-18,48138.07,APPROVED,0,93,74932.77,2024-06-16,VERIFIED
2604,15057,3098,Motor Accident,2025-07-01,6338.67,APPROVED,0,99,18225.98,2024-10-20,PENDING
2605,18678,4858,Health Claim,2025-11-20,11432.57,PENDING,0,18,19812.15,2025-03-24,VERIFIED
2606,14317,2318,Health Claim,2026-01-28,18456.52,REJECTED,0,86,50077.52,2026-01-22,VERIFIED
2607,4856,8591,Motor Accident,2025-09-16,5395.82,REJECTED,0,90,9224.18,2024-03-31,VERIFIED
2608,3392,464,Property Damage,2026-04-08,15795.11,REJECTED,0,59,23025.2,2024-02-20,PENDING
2609,21948,3842,Health Claim,2025-12-17,1555.23,APPROVED,0,18,7613.69,2024-12-23,PENDING
2610,1769,7359,Property Damage,2025-07-09,23313.27,REJECTED,0,26,39145.6,2024-06-22,VERIFIED
2611,10483,1324,Life Claim,2026-05-24,35663.97,PENDING,0,90,51242.15,2024-09-28,VERIFIED
2612,6525,2854,Property Damage,2025-09-01,9732.58,REJECTED,0,31,17571.35,2025-09-14,VERIFIED
2613,5006,4096,Motor Accident,2025-08-19,6185.5,APPROVED,0,68,22948.08,2025-02-26,VERIFIED
2614,16193,6139,Life Claim,2025-10-18,42952.09,REJECTED,0,44,66853.75,2026-03-31,VERIFIED
2615,10106,3969,Property Damage,2026-01-10,54003.07,APPROVED,0,79,86562.78,2024-04-12,PENDING
2616,13259,6061,Motor Accident,2026-04-22,8423.28,PENDING,0,89,6174.88,2025-07-15,PENDING
2617,745,5416,Property Damage,2025-05-30,64740.65,PENDING,0,9,35106.68,2023-07-08,PENDING
2618,505,4795,Life Claim,2025-06-18,7810.05,PENDING,0,48,64300.16,2025-02-02,VERIFIED
2619,930,726,Life Claim,2025-09-08,39645.92,REJECTED,0,60,83730.47,2025-12-26,PENDING
2620,8072,9794,Motor Accident,2026-04-10,171949.8,APPROVED,0,70,92231.78,2023-07-16,PENDING
2621,722,2444,Health Claim,2025-11-13,50346.02,PENDING,0,17,75870.11,2025-03-07,VERIFIED
2622,3843,7987,Life Claim,2025-05-30,3182.33,REJECTED,0,88,26356.92,2024-05-27,PENDING
2623,22675,1189,Motor Accident,2025-06-06,15153.56,PENDING,0,5,32008.0,2025-11-12,VERIFIED
2624,20365,3545,Motor Accident,2025-11-11,45155.0,APPROVED,0,18,70609.08,2023-07-25,VERIFIED
2625,16291,8301,Health Claim,2025-10-06,20323.81,REJECTED,0,63,55822.58,2026-01-04,VERIFIED
2626,17691,8542,Property Damage,2026-03-27,94957.05,REJECTED,0,98,91491.64,2024-06-13,PENDING
2627,11172,9328,Property Damage,2025-12-14,57758.1,APPROVED,0,3,84342.13,2026-01-17,VERIFIED
2628,16266,2231,Motor Accident,2025-07-24,36643.85,REJECTED,0,65,27030.87,2025-12-08,PENDING
2629,16656,2232,Motor Accident,2025-10-06,10207.85,PENDING,0,96,38099.58,2023-08-07,PENDING
2630,17398,2691,Motor Accident,2025-07-18,10890.36,APPROVED,0,56,84942.15,2026-02-26,VERIFIED
2631,9334,4156,Life Claim,2026-01-09,37271.31,APPROVED,0,48,23865.05,2023-07-11,PENDING
2632,822,5322,Life Claim,2026-02-01,82900.28,PENDING,0,24,72080.43,2025-08-27,VERIFIED
2633,9881,7994,Motor Accident,2026-01-19,115711.11,REJECTED,0,87,72087.08,2025-10-23,PENDING
2634,7588,9246,Property Damage,2025-09-18,2549.64,REJECTED,0,5,5709.29,2023-08-21,PENDING
2635,16599,1007,Motor Accident,2026-03-08,40994.03,APPROVED,0,94,91349.17,2026-04-02,PENDING
2636,4500,9527,Health Claim,2026-03-12,12037.62,APPROVED,0,62,90027.6,2025-10-19,PENDING
2637,9726,9443,Life Claim,2025-10-21,26813.57,PENDING,0,67,62041.52,2025-06-26,VERIFIED
2638,4256,2742,Property Damage,2025-08-02,48196.97,APPROVED,0,58,31472.5,2024-02-05,PENDING
2639,17425,7297,Health Claim,2026-01-20,46616.61,REJECTED,0,4,68538.55,2026-03-01,PENDING
2640,16374,4455,Life Claim,2025-10-06,15415.92,REJECTED,0,46,98996.87,2024-12-06,VERIFIED
2641,4457,6310,Health Claim,2026-04-20,27462.41,REJECTED,0,33,45774.71,2026-01-24,PENDING
2642,8133,4178,Health Claim,2026-02-23,124444.92,APPROVED,0,20,88693.5,2025-05-23,VERIFIED
2643,3209,4360,Property Damage,2025-09-29,19577.72,REJECTED,0,100,29128.59,2025-06-23,VERIFIED
2644,8505,39,Motor Accident,2025-12-17,21749.68,PENDING,0,4,33646.88,2024-08-20,VERIFIED
2645,12655,5211,Health Claim,2025-07-02,106977.6,APPROVED,0,92,84604.15,2025-02-11,VERIFIED
2646,23647,3832,Life Claim,2025-06-30,21517.33,APPROVED,0,59,59845.79,2025-10-26,PENDING
2647,11499,9831,Property Damage,2026-03-10,3761.64,APPROVED,0,100,14441.61,2026-03-30,VERIFIED
2648,10807,957,Health Claim,2025-10-06,29433.96,REJECTED,0,3,60650.25,2025-06-19,VERIFIED
2649,22758,3980,Motor Accident,2026-03-09,83434.04,PENDING,0,66,50184.06,2026-02-01,PENDING
2650,10398,3095,Property Damage,2025-05-28,179640.3,APPROVED,0,43,90659.17,2025-01-21,PENDING
2651,17706,4608,Life Claim,2025-08-26,9157.26,REJECTED,0,28,73805.1,2024-11-16,VERIFIED
2652,24573,9025,Property Damage,2025-10-15,18901.62,REJECTED,0,53,29438.71,2026-01-23,PENDING
2653,6177,8070,Health Claim,2026-05-18,103583.98,REJECTED,0,66,59896.35,2023-06-22,VERIFIED
2654,10320,6352,Life Claim,2025-09-22,26783.59,APPROVED,0,93,66532.68,2025-07-25,PENDING
2655,1340,3110,Motor Accident,2025-12-13,10928.71,REJECTED,0,76,37237.2,2025-09-08,PENDING
2656,10538,9071,Health Claim,2026-05-22,6497.78,APPROVED,0,98,12857.11,2025-06-24,VERIFIED
2657,5414,7373,Life Claim,2026-05-12,4707.52,PENDING,0,83,14823.4,2024-03-13,VERIFIED
2658,20574,9872,Life Claim,2026-05-13,10952.82,PENDING,0,56,74744.63,2025-03-08,PENDING
2659,21098,2918,Motor Accident,2026-04-25,19757.3,PENDING,0,100,16402.53,2025-10-03,PENDING
2660,15561,7399,Life Claim,2026-04-19,4209.59,APPROVED,0,31,7380.96,2024-01-19,PENDING
2661,22,2537,Motor Accident,2025-07-24,175580.03,APPROVED,0,9,92327.29,2024-06-10,PENDING
2662,13751,4772,Health Claim,2025-07-30,10007.37,APPROVED,0,66,15645.56,2024-06-17,PENDING
2663,4515,7256,Life Claim,2026-04-01,29529.85,REJECTED,0,51,25255.49,2025-10-05,PENDING
2664,6795,390,Property Damage,2025-07-17,2126.43,PENDING,0,61,8005.27,2026-01-19,PENDING
2665,14820,8101,Motor Accident,2025-10-26,48395.03,REJECTED,0,57,81197.75,2025-01-26,VERIFIED
2666,24694,9288,Life Claim,2025-11-24,3513.91,APPROVED,0,18,10365.14,2025-05-28,PENDING
2667,11392,1041,Motor Accident,2025-10-13,28275.08,PENDING,0,5,42972.73,2024-08-08,PENDING
2668,876,7666,Health Claim,2026-01-29,7625.78,REJECTED,0,83,20608.42,2023-09-03,VERIFIED
2669,19301,1482,Property Damage,2026-03-07,7624.99,REJECTED,0,61,61233.53,2023-09-26,PENDING
2670,23168,7066,Motor Accident,2025-09-12,4414.26,APPROVED,0,21,9883.91,2024-02-12,PENDING
2671,18281,1434,Motor Accident,2025-08-08,12604.96,REJECTED,0,86,53205.35,2025-04-14,PENDING
2672,10151,1005,Motor Accident,2026-04-07,13255.58,APPROVED,0,99,22437.08,2025-12-19,PENDING
2673,6623,2816,Property Damage,2025-10-07,63432.73,PENDING,0,89,63292.03,2023-11-17,PENDING
2674,24805,8216,Property Damage,2025-05-26,11504.96,REJECTED,0,1,54598.35,2023-12-21,VERIFIED
2675,5999,7588,Health Claim,2025-09-11,7029.11,APPROVED,0,41,68746.61,2024-07-08,VERIFIED
2676,19158,9266,Life Claim,2026-01-09,19944.6,APPROVED,0,25,9985.15,2025-07-16,PENDING
2677,6274,1178,Life Claim,2026-02-10,26072.64,PENDING,0,95,90909.16,2024-07-19,PENDING
2678,22102,499,Life Claim,2026-04-08,20508.49,REJECTED,0,62,61189.54,2025-12-04,PENDING
2679,3832,6263,Motor Accident,2025-08-23,50996.81,APPROVED,0,67,31074.85,2024-02-02,PENDING
2680,7699,8656,Motor Accident,2025-11-17,17007.06,REJECTED,0,24,57560.25,2024-03-06,PENDING
2681,172,7359,Life Claim,2026-02-22,131924.6,PENDING,0,78,80313.76,2024-04-05,VERIFIED
2682,18129,6777,Property Damage,2025-07-17,17849.52,PENDING,0,2,58302.37,2023-11-14,PENDING
2683,12879,9565,Health Claim,2025-09-01,8904.49,APPROVED,0,99,18058.17,2025-05-08,VERIFIED
2684,8283,5728,Life Claim,2025-06-03,20221.19,APPROVED,0,54,71017.85,2026-05-05,VERIFIED
2685,12096,9294,Health Claim,2026-01-15,163069.48,REJECTED,0,37,91115.97,2023-09-19,PENDING
2686,5481,5172,Health Claim,2026-03-22,24339.79,REJECTED,0,47,40972.68,2026-01-01,VERIFIED
2687,8736,8690,Property Damage,2025-08-20,110473.82,PENDING,0,67,68765.89,2025-03-04,PENDING
2688,7324,6459,Health Claim,2026-02-24,5549.57,APPROVED,0,37,5344.49,2025-01-11,PENDING
2689,18055,8944,Life Claim,2026-03-31,49177.12,REJECTED,0,33,98224.32,2025-09-14,VERIFIED
2690,20375,8834,Life Claim,2025-10-09,146361.64,PENDING,0,2,89803.7,2024-02-21,VERIFIED
2691,14529,9472,Life Claim,2025-12-24,32333.06,REJECTED,0,84,25627.7,2025-11-28,PENDING
2692,22584,8473,Health Claim,2025-10-24,9175.33,APPROVED,0,72,25095.82,2025-01-26,VERIFIED
2693,10267,9794,Property Damage,2025-10-22,16694.85,PENDING,0,38,49018.1,2025-01-15,PENDING
2694,3031,9520,Life Claim,2025-06-30,53200.27,REJECTED,0,19,92804.18,2024-01-26,VERIFIED
2695,5777,3160,Life Claim,2026-01-07,52328.63,APPROVED,0,82,35814.03,2024-07-11,PENDING
2696,9890,6456,Motor Accident,2026-02-09,11506.36,REJECTED,0,84,54562.07,2025-07-23,PENDING
2697,15623,3993,Life Claim,2025-08-19,16963.39,PENDING,0,25,36870.68,2024-01-14,VERIFIED
2698,7241,7899,Health Claim,2025-09-23,16142.47,PENDING,0,19,11297.98,2024-11-22,PENDING
2699,19610,9948,Life Claim,2025-12-28,4127.09,APPROVED,0,16,7477.06,2025-05-20,VERIFIED
2700,130,8086,Life Claim,2025-08-14,82231.94,APPROVED,0,90,54615.86,2023-12-29,PENDING
2701,5613,1436,Life Claim,2025-09-12,10571.6,REJECTED,0,9,97087.42,2025-02-22,VERIFIED
2702,18507,2257,Property Damage,2025-12-08,50563.57,REJECTED,0,83,89578.22,2024-09-15,PENDING
2703,19927,3463,Property Damage,2025-08-17,30801.61,APPROVED,0,13,50295.1,2023-12-05,PENDING
2704,7131,8186,Motor Accident,2025-09-30,90271.15,REJECTED,0,13,55913.21,2025-10-25,VERIFIED
2705,13770,9806,Health Claim,2025-12-30,6851.37,PENDING,0,18,43835.79,2025-05-31,PENDING
2706,2794,6994,Health Claim,2025-08-21,9841.99,PENDING,0,26,5328.62,2025-03-06,VERIFIED
2707,15151,5755,Life Claim,2025-11-08,123107.95,REJECTED,0,24,88450.88,2025-05-15,VERIFIED
2708,14753,9008,Motor Accident,2026-01-10,29374.19,PENDING,0,79,48165.15,2024-05-10,PENDING
2709,22562,6294,Motor Accident,2026-04-08,30191.02,APPROVED,0,74,20253.23,2025-08-10,VERIFIED
2710,6660,35,Life Claim,2025-06-20,127607.24,REJECTED,0,72,76698.73,2023-06-12,PENDING
2711,9126,9556,Motor Accident,2026-01-24,17642.3,APPROVED,0,35,13517.28,2023-06-15,VERIFIED
2712,14529,5379,Property Damage,2025-11-25,49550.02,PENDING,0,97,46303.74,2023-09-06,PENDING
2713,18933,5697,Motor Accident,2026-02-12,5454.68,PENDING,0,10,26374.53,2024-05-03,VERIFIED
2714,19192,48,Motor Accident,2025-09-09,34168.22,REJECTED,0,97,73268.21,2025-03-01,PENDING
2715,6892,4123,Life Claim,2025-07-02,13367.2,APPROVED,0,95,7222.73,2024-12-25,VERIFIED
2716,5976,1816,Motor Accident,2025-09-05,7494.17,REJECTED,0,19,57769.14,2024-06-08,VERIFIED
2717,6370,609,Motor Accident,2026-03-05,21250.89,APPROVED,0,9,54935.49,2024-07-13,VERIFIED
2718,5636,834,Motor Accident,2026-05-12,27008.42,APPROVED,0,70,82068.97,2025-09-14,VERIFIED
2719,23004,5669,Life Claim,2026-05-01,170239.84,REJECTED,0,26,95929.85,2025-01-07,PENDING
2720,10570,1782,Life Claim,2025-06-29,34754.28,APPROVED,0,77,58066.95,2025-12-14,PENDING
2721,14065,8333,Health Claim,2026-01-15,3892.07,REJECTED,0,42,10163.81,2023-11-05,PENDING
2722,4215,1551,Health Claim,2025-06-11,16667.9,REJECTED,0,38,65111.35,2025-06-16,PENDING
2723,10690,4746,Life Claim,2025-08-28,39503.57,APPROVED,0,24,57548.26,2024-12-14,PENDING
2724,22585,8868,Property Damage,2025-06-16,71632.8,APPROVED,0,74,69556.11,2024-05-29,PENDING
2725,4114,7926,Life Claim,2026-03-31,159667.23,APPROVED,0,14,99609.35,2026-03-07,PENDING
2726,7553,2500,Life Claim,2025-12-23,41798.86,APPROVED,0,55,28370.09,2023-07-20,PENDING
2727,10786,3245,Health Claim,2025-06-25,25560.42,APPROVED,0,22,87802.71,2024-11-26,VERIFIED
2728,22686,637,Life Claim,2025-10-20,12762.74,APPROVED,0,47,66620.52,2024-01-30,VERIFIED
2729,18232,6857,Health Claim,2025-06-13,12066.46,APPROVED,0,23,40697.04,2024-03-20,PENDING
2730,16508,8116,Life Claim,2025-08-27,6499.74,PENDING,0,34,13087.56,2023-08-22,VERIFIED
2731,18934,9777,Life Claim,2025-07-09,7825.91,APPROVED,0,25,22146.97,2024-10-25,PENDING
2732,3008,4054,Life Claim,2026-02-24,17398.82,REJECTED,0,58,9124.41,2023-09-10,PENDING
2733,2626,3256,Property Damage,2025-07-21,8721.67,PENDING,0,86,6135.97,2025-12-31,PENDING
2734,9990,8512,Health Claim,2025-09-07,70625.45,APPROVED,0,49,68193.58,2025-08-11,VERIFIED
2735,18870,8412,Property Damage,2026-04-20,23641.0,PENDING,0,97,55177.52,2023-11-06,PENDING
2736,13474,6928,Motor Accident,2025-08-30,61381.28,APPROVED,0,4,98278.28,2024-09-26,VERIFIED
2737,8788,3382,Life Claim,2025-12-26,39920.79,APPROVED,0,73,20323.7,2024-05-05,VERIFIED
2738,13967,6479,Motor Accident,2025-11-06,13505.13,REJECTED,0,9,77883.93,2024-03-15,VERIFIED
2739,6552,5881,Health Claim,2026-02-03,3466.8,APPROVED,0,96,12401.27,2024-04-04,PENDING
2740,7318,164,Health Claim,2025-11-16,31287.29,PENDING,0,55,54944.99,2024-11-28,PENDING
2741,4405,2393,Motor Accident,2026-05-01,21344.5,REJECTED,0,30,61525.17,2024-02-13,VERIFIED
2742,14332,2248,Motor Accident,2025-06-22,4813.6,APPROVED,0,85,17018.89,2025-12-28,PENDING
2743,17665,1848,Life Claim,2025-10-11,28579.87,APPROVED,0,73,96989.11,2025-03-22,PENDING
2744,10872,5628,Property Damage,2025-08-23,26827.78,PENDING,0,99,56031.2,2024-03-15,PENDING
2745,5920,6207,Life Claim,2025-09-09,22776.65,REJECTED,0,69,50383.41,2025-10-08,PENDING
2746,23518,3824,Motor Accident,2025-09-13,26967.14,PENDING,0,47,53621.87,2026-03-23,VERIFIED
2747,11399,9309,Property Damage,2025-11-30,35904.23,APPROVED,0,38,97579.31,2025-07-18,VERIFIED
2748,9399,2384,Motor Accident,2025-09-21,2311.04,REJECTED,0,17,6953.33,2024-02-17,PENDING
2749,15701,8480,Life Claim,2026-01-07,38742.89,APPROVED,0,89,82959.99,2026-01-10,VERIFIED
2750,10925,9267,Property Damage,2026-02-17,34472.13,REJECTED,0,16,86292.1,2023-12-28,PENDING
2751,5519,6265,Health Claim,2026-04-28,6861.87,REJECTED,0,78,39014.18,2025-05-06,PENDING
2752,17443,8720,Motor Accident,2026-05-16,30083.36,REJECTED,0,63,62138.06,2024-04-30,VERIFIED
2753,1319,6856,Property Damage,2025-10-09,13219.88,APPROVED,0,68,25138.66,2025-04-27,PENDING
2754,12982,7991,Life Claim,2025-12-01,19776.86,PENDING,0,46,30537.82,2023-07-29,PENDING
2755,10062,3460,Motor Accident,2025-09-15,32446.8,APPROVED,0,33,32382.91,2025-04-17,VERIFIED
2756,18715,7603,Health Claim,2025-09-06,7617.05,PENDING,0,45,21225.67,2025-06-22,PENDING
2757,9030,5862,Motor Accident,2026-02-22,11845.72,PENDING,0,95,81603.25,2024-02-19,PENDING
2758,4278,4518,Property Damage,2025-06-05,35857.19,REJECTED,0,25,66282.08,2023-11-16,PENDING
2759,12428,1225,Motor Accident,2026-02-05,27991.24,PENDING,0,63,15988.44,2024-08-21,VERIFIED
2760,17519,9715,Motor Accident,2025-11-01,11524.45,PENDING,0,51,6398.82,2026-05-11,VERIFIED
2761,20909,245,Property Damage,2025-12-03,1773.77,PENDING,0,99,8921.49,2024-11-02,VERIFIED
2762,18833,8456,Property Damage,2026-01-12,2427.94,REJECTED,0,83,22187.67,2024-02-14,PENDING
2763,12045,9453,Motor Accident,2025-06-11,13477.47,APPROVED,0,78,68369.12,2023-09-17,VERIFIED
2764,11810,2297,Health Claim,2025-07-10,56816.88,REJECTED,0,73,35600.71,2023-06-04,VERIFIED
2765,102,963,Motor Accident,2025-12-15,5885.99,APPROVED,0,72,45754.01,2023-11-21,PENDING
2766,17157,5271,Life Claim,2025-08-10,40111.89,APPROVED,0,60,60320.35,2023-09-29,PENDING
2767,2930,2260,Health Claim,2025-10-31,8130.31,APPROVED,0,1,80652.26,2025-08-25,PENDING
2768,23463,650,Health Claim,2026-04-29,197008.05,REJECTED,0,99,99591.96,2024-06-15,VERIFIED
2769,8841,4617,Life Claim,2025-07-15,80199.14,APPROVED,0,75,47866.14,2024-11-03,PENDING
2770,5288,8999,Property Damage,2025-10-19,14890.58,REJECTED,0,64,51796.22,2024-06-11,PENDING
2771,10094,3087,Health Claim,2025-12-05,32067.38,REJECTED,0,18,47220.53,2025-11-28,PENDING
2772,6388,7859,Property Damage,2025-11-12,5192.4,REJECTED,0,88,8407.89,2025-01-07,PENDING
2773,11380,9135,Life Claim,2025-11-01,51169.02,REJECTED,0,73,90371.0,2025-02-18,VERIFIED
2774,24871,797,Property Damage,2026-01-15,10026.81,REJECTED,0,97,27486.59,2026-03-01,PENDING
2775,21728,9084,Health Claim,2025-10-26,13727.46,PENDING,0,42,29327.18,2024-09-10,PENDING
2776,1727,4864,Life Claim,2025-07-05,1957.72,APPROVED,0,26,5930.76,2026-03-22,PENDING
2777,18318,8120,Property Damage,2026-02-22,7201.4,REJECTED,0,59,33299.95,2024-02-28,VERIFIED
2778,6550,2698,Life Claim,2026-04-28,5043.79,PENDING,0,14,9862.67,2024-02-16,VERIFIED
2779,12828,4235,Property Damage,2025-11-19,8804.88,APPROVED,0,46,18305.77,2025-07-16,PENDING
2780,5120,4155,Property Damage,2025-12-11,13513.06,REJECTED,0,91,42838.72,2023-06-05,VERIFIED
2781,21308,1297,Health Claim,2025-06-27,26240.31,PENDING,0,51,88062.0,2024-03-29,PENDING
2782,9723,8888,Life Claim,2025-06-26,10450.91,REJECTED,0,45,22084.23,2025-02-21,VERIFIED
2783,8413,9379,Motor Accident,2026-02-17,128810.83,PENDING,0,7,76427.71,2024-05-22,PENDING
2784,13167,9568,Property Damage,2026-03-05,8077.71,APPROVED,0,12,20401.89,2026-01-13,VERIFIED
2785,7768,8020,Property Damage,2025-12-12,26434.47,REJECTED,0,13,76301.61,2025-10-26,PENDING
2786,720,2706,Health Claim,2025-08-01,146127.38,PENDING,0,21,90104.3,2025-09-11,VERIFIED
2787,2638,7104,Health Claim,2026-01-22,3079.05,PENDING,0,2,25354.84,2023-12-21,VERIFIED
2788,23039,7570,Health Claim,2025-07-20,5367.11,REJECTED,0,92,30689.51,2024-02-02,VERIFIED
2789,14053,1689,Motor Accident,2026-01-18,27579.04,APPROVED,0,54,52619.55,2026-02-28,PENDING
2790,24152,1976,Motor Accident,2025-08-14,3514.19,PENDING,0,97,6766.31,2026-04-19,VERIFIED
2791,2851,3196,Health Claim,2025-07-26,1627.72,PENDING,0,49,13376.19,2024-12-30,PENDING
2792,13661,8533,Health Claim,2025-10-06,10014.37,REJECTED,0,23,19153.97,2023-07-04,PENDING
2793,21382,4534,Motor Accident,2026-03-26,11997.62,APPROVED,0,22,34450.73,2026-03-07,VERIFIED
2794,19688,699,Life Claim,2025-08-22,4493.67,APPROVED,0,32,11408.01,2025-02-27,VERIFIED
2795,1793,2991,Life Claim,2026-02-07,5752.8,APPROVED,0,14,14909.18,2024-05-14,PENDING
2796,13200,984,Property Damage,2025-06-12,44932.47,PENDING,0,19,69185.2,2025-10-22,VERIFIED
2797,5775,4862,Health Claim,2026-04-22,2638.09,PENDING,0,46,6247.12,2026-05-18,VERIFIED
2798,13449,4518,Health Claim,2026-02-07,40039.3,PENDING,0,98,85005.81,2023-12-23,VERIFIED
2799,22289,4636,Health Claim,2025-08-05,15356.7,APPROVED,0,42,59671.06,2025-07-20,VERIFIED
2800,23478,2803,Property Damage,2025-11-24,45827.67,REJECTED,0,54,98052.18,2024-01-16,PENDING
2801,20546,3308,Health Claim,2025-06-12,31826.29,PENDING,0,31,93652.44,2023-11-15,PENDING
2802,7743,5346,Life Claim,2025-12-20,111776.02,REJECTED,0,21,65286.08,2026-02-27,PENDING
2803,9345,1882,Property Damage,2025-06-19,4812.37,APPROVED,0,85,8228.84,2025-08-05,PENDING
2804,20696,1818,Motor Accident,2026-03-26,6193.71,APPROVED,0,18,58036.88,2025-05-26,PENDING
2805,14374,9409,Property Damage,2025-07-10,31340.52,APPROVED,0,67,50093.57,2025-08-26,PENDING
2806,17081,8530,Property Damage,2025-11-28,24232.86,REJECTED,0,3,61365.37,2024-10-03,PENDING
2807,5703,2111,Health Claim,2026-01-14,10861.73,PENDING,0,23,26944.6,2025-06-13,PENDING
2808,19257,6229,Property Damage,2025-07-04,32116.54,PENDING,0,71,66178.57,2023-12-05,PENDING
2809,6204,517,Motor Accident,2025-10-29,16378.38,PENDING,0,70,58840.42,2025-01-30,VERIFIED
2810,17348,5229,Health Claim,2025-11-29,16522.2,APPROVED,0,73,40066.81,2024-11-15,PENDING
2811,10454,5926,Health Claim,2025-12-01,11285.78,PENDING,0,77,70391.45,2023-10-20,VERIFIED
2812,13183,9556,Health Claim,2025-06-17,3727.27,REJECTED,0,6,14051.36,2024-03-10,VERIFIED
2813,2005,9068,Life Claim,2025-08-10,14313.39,APPROVED,0,36,61270.19,2026-04-16,PENDING
2814,8526,6922,Life Claim,2026-02-22,10186.81,PENDING,0,46,67409.17,2023-08-13,PENDING
2815,15738,6512,Motor Accident,2026-02-24,57528.29,REJECTED,0,63,86998.91,2026-01-30,PENDING
2816,6759,3532,Life Claim,2025-09-01,23770.52,PENDING,0,75,49442.4,2024-05-16,VERIFIED
2817,7439,9626,Health Claim,2025-10-19,11135.5,PENDING,0,81,41320.79,2025-06-13,VERIFIED
2818,2896,1828,Life Claim,2025-11-22,17279.27,PENDING,0,91,51496.7,2024-05-18,VERIFIED
2819,16467,9189,Health Claim,2026-05-11,111390.65,APPROVED,0,64,63456.32,2025-04-05,PENDING
2820,22899,6713,Property Damage,2026-03-23,36467.64,REJECTED,0,20,60605.63,2025-02-02,PENDING
2821,11802,374,Health Claim,2025-08-23,24179.82,PENDING,0,69,35933.94,2025-02-26,PENDING
2822,15013,6960,Life Claim,2025-07-23,20055.77,PENDING,0,73,80212.84,2026-01-28,PENDING
2823,4312,9934,Motor Accident,2025-11-01,7956.7,REJECTED,0,69,36315.3,2025-01-23,VERIFIED
2824,19656,6695,Property Damage,2026-01-26,127729.6,APPROVED,0,26,97271.66,2025-09-02,PENDING
2825,16965,2419,Health Claim,2026-04-25,15833.75,REJECTED,0,76,24641.93,2025-09-29,PENDING
2826,19058,5502,Health Claim,2026-04-21,15033.26,APPROVED,0,8,96701.79,2024-11-27,PENDING
2827,15884,3567,Life Claim,2026-02-23,17787.26,REJECTED,0,6,40125.83,2025-03-28,PENDING
2828,21915,3802,Life Claim,2025-12-10,21712.51,PENDING,0,35,31813.82,2026-01-23,VERIFIED
2829,12885,6556,Property Damage,2025-11-30,6314.58,PENDING,0,9,32183.48,2025-01-12,PENDING
2830,12875,309,Property Damage,2026-01-11,97723.33,PENDING,0,40,96566.93,2024-04-29,PENDING
2831,11401,3812,Property Damage,2026-04-22,20550.11,APPROVED,0,62,50954.97,2024-03-10,VERIFIED
2832,23192,9652,Life Claim,2025-08-25,85959.56,APPROVED,0,67,49078.12,2025-11-18,PENDING
2833,1918,8465,Life Claim,2025-11-07,30068.42,REJECTED,0,80,70534.37,2024-07-31,PENDING
2834,20988,4934,Property Damage,2025-07-21,19009.04,APPROVED,0,12,16199.14,2023-10-30,VERIFIED
2835,13971,2171,Health Claim,2025-10-26,49605.73,REJECTED,0,29,27010.91,2024-11-14,VERIFIED
2836,22480,3987,Motor Accident,2026-04-12,91644.87,APPROVED,0,1,77838.08,2024-11-20,VERIFIED
2837,4755,7057,Health Claim,2025-12-03,4674.92,PENDING,0,56,18237.87,2025-02-01,VERIFIED
2838,24902,3898,Life Claim,2025-05-29,34055.95,APPROVED,0,34,52133.9,2025-05-10,PENDING
2839,4776,2742,Life Claim,2025-07-22,51829.82,PENDING,0,45,35764.09,2024-08-24,VERIFIED
2840,12646,1345,Health Claim,2026-03-03,3529.1,REJECTED,0,38,5905.95,2026-02-26,VERIFIED
2841,19938,4390,Motor Accident,2025-07-17,38024.36,PENDING,0,7,30048.46,2025-09-01,PENDING
2842,17496,8815,Property Damage,2026-03-02,7173.72,APPROVED,0,72,12473.03,2025-05-19,VERIFIED
2843,14906,2194,Life Claim,2025-12-02,30045.57,PENDING,0,11,53301.9,2024-02-17,PENDING
2844,17025,2881,Motor Accident,2025-08-24,47021.3,APPROVED,0,25,97404.73,2024-12-23,PENDING
2845,4579,1284,Property Damage,2025-05-27,91533.19,REJECTED,0,36,52115.23,2026-02-05,PENDING
2846,15140,4400,Motor Accident,2025-11-11,46010.38,PENDING,0,45,84452.44,2025-08-17,VERIFIED
2847,6026,5142,Property Damage,2025-11-03,21196.47,APPROVED,0,30,80478.41,2025-01-04,VERIFIED
2848,4922,2038,Motor Accident,2026-05-18,52113.66,APPROVED,0,42,29510.67,2025-06-09,VERIFIED
2849,20524,1348,Motor Accident,2025-06-02,4776.34,APPROVED,0,90,46963.0,2023-08-29,VERIFIED
2850,8783,9320,Property Damage,2026-04-21,36275.57,APPROVED,0,96,80877.04,2023-08-04,VERIFIED
2851,18530,4807,Health Claim,2025-09-27,6880.03,APPROVED,0,54,15416.15,2024-01-08,PENDING
2852,3676,3416,Motor Accident,2026-03-26,40549.76,PENDING,0,4,40093.37,2025-08-05,VERIFIED
2853,21505,5350,Property Damage,2026-04-04,11395.81,PENDING,0,48,19102.97,2024-05-09,VERIFIED
2854,14764,3652,Life Claim,2025-08-19,34551.84,REJECTED,0,92,90240.6,2025-10-24,VERIFIED
2855,1226,2973,Life Claim,2026-05-14,117816.92,APPROVED,0,46,86769.16,2023-06-13,PENDING
2856,24124,1460,Property Damage,2026-04-04,19511.75,REJECTED,0,24,11065.57,2024-09-30,VERIFIED
2857,11558,7101,Life Claim,2025-07-29,11977.69,APPROVED,0,10,8274.68,2024-12-16,VERIFIED
2858,10331,457,Health Claim,2025-06-27,137777.75,APPROVED,0,39,94590.12,2024-09-27,PENDING
2859,16921,747,Life Claim,2025-05-25,20533.81,APPROVED,0,5,79460.05,2024-07-21,VERIFIED
2860,6154,6928,Health Claim,2026-04-23,14772.3,PENDING,0,80,66109.08,2024-05-09,PENDING
2861,24675,2236,Motor Accident,2026-03-03,50892.09,REJECTED,0,86,98076.42,2023-10-14,PENDING
2862,6745,8964,Health Claim,2025-12-19,14234.85,PENDING,0,44,54400.47,2023-07-16,VERIFIED
2863,16642,1567,Motor Accident,2026-05-01,35690.38,REJECTED,0,30,85082.34,2025-05-02,VERIFIED
2864,1712,3561,Motor Accident,2025-10-12,10742.29,APPROVED,0,16,17966.78,2023-06-12,PENDING
2865,9925,6506,Health Claim,2025-12-07,53137.87,REJECTED,0,5,29930.99,2023-10-28,PENDING
2866,15218,132,Health Claim,2025-12-08,6098.31,PENDING,0,47,5302.61,2024-04-01,PENDING
2867,21026,5432,Property Damage,2025-06-22,9860.65,REJECTED,0,27,16679.61,2024-08-21,PENDING
2868,22169,8549,Health Claim,2026-05-10,22924.33,REJECTED,0,28,46991.15,2023-08-01,PENDING
2869,10892,3973,Life Claim,2025-12-16,40940.1,APPROVED,0,31,61078.5,2025-01-11,VERIFIED
2870,23277,3104,Life Claim,2025-08-19,108651.05,REJECTED,0,97,79344.47,2026-03-18,PENDING
2871,11032,2916,Life Claim,2026-02-16,63174.97,PENDING,0,60,92921.77,2025-11-16,VERIFIED
2872,14936,767,Health Claim,2025-06-13,42522.84,APPROVED,0,86,78656.47,2024-11-24,PENDING
2873,23166,8536,Motor Accident,2025-10-21,138907.75,APPROVED,0,35,70243.57,2024-02-11,PENDING
2874,22661,3010,Life Claim,2025-08-01,14596.95,APPROVED,0,1,83593.49,2024-08-27,VERIFIED
2875,15886,6288,Life Claim,2025-09-15,6300.14,APPROVED,0,50,51677.88,2024-05-25,VERIFIED
2876,13334,4919,Property Damage,2025-06-26,90895.63,REJECTED,0,3,86275.6,2025-09-14,PENDING
2877,9904,498,Life Claim,2026-02-06,18562.81,APPROVED,0,86,76928.7,2023-06-03,VERIFIED
2878,529,3616,Property Damage,2026-01-19,27118.99,REJECTED,0,88,76361.22,2025-01-20,PENDING
2879,19669,3057,Life Claim,2025-11-01,11728.09,APPROVED,0,66,35027.65,2025-07-02,VERIFIED
2880,24103,3580,Health Claim,2025-07-26,21153.77,PENDING,0,13,42436.81,2024-03-14,PENDING
2881,22865,6294,Health Claim,2026-01-11,50205.83,PENDING,0,25,91277.63,2024-06-25,PENDING
2882,5307,2884,Motor Accident,2025-10-26,11415.85,APPROVED,0,100,59211.54,2024-03-05,PENDING
2883,14081,6605,Life Claim,2026-05-13,47012.85,PENDING,0,60,79394.73,2025-09-25,VERIFIED
2884,13323,7189,Life Claim,2026-04-23,37414.86,REJECTED,0,57,62033.39,2024-05-14,VERIFIED
2885,11238,2057,Property Damage,2025-07-10,56300.74,PENDING,0,99,97422.34,2024-06-28,VERIFIED
2886,17370,9702,Motor Accident,2025-11-16,5550.31,REJECTED,0,33,13640.0,2025-08-01,PENDING
2887,3077,2965,Property Damage,2025-07-13,44219.86,PENDING,0,51,99916.48,2024-08-03,PENDING
2888,100,2840,Health Claim,2025-09-05,61513.04,PENDING,0,7,93172.34,2023-07-05,VERIFIED
2889,10508,5719,Property Damage,2025-11-27,30399.54,APPROVED,0,44,49648.9,2026-02-01,PENDING
2890,7972,1155,Property Damage,2025-07-01,51945.72,APPROVED,0,93,33136.23,2025-11-12,PENDING
2891,13305,732,Life Claim,2026-03-11,16480.86,PENDING,0,13,31965.84,2026-04-07,VERIFIED
2892,1650,7080,Health Claim,2025-11-05,5713.69,APPROVED,0,13,11332.48,2023-06-29,PENDING
2893,4459,4493,Property Damage,2025-08-28,25941.31,REJECTED,0,97,54428.99,2024-05-17,VERIFIED
2894,19732,9395,Motor Accident,2026-01-09,45717.99,PENDING,0,62,94822.88,2025-03-12,PENDING
2895,11497,2915,Motor Accident,2025-10-02,9323.62,PENDING,0,51,16038.13,2026-03-18,VERIFIED
2896,14198,6633,Property Damage,2025-10-12,30822.82,APPROVED,0,73,19183.26,2024-08-22,VERIFIED
2897,856,183,Health Claim,2025-07-19,95418.67,APPROVED,0,10,55590.34,2024-02-24,VERIFIED
2898,13359,5738,Property Damage,2025-12-14,60906.74,APPROVED,0,82,56862.76,2024-06-04,PENDING
2899,15317,5108,Property Damage,2025-11-10,82749.35,REJECTED,0,65,67596.25,2025-02-15,PENDING
2900,20094,56,Health Claim,2025-07-15,115733.33,PENDING,0,91,60040.29,2023-08-21,PENDING
2901,14223,2197,Motor Accident,2025-09-10,3807.5,APPROVED,0,30,27402.03,2025-11-10,VERIFIED
2902,5270,5774,Health Claim,2026-02-12,134715.41,PENDING,0,56,87130.89,2025-03-26,PENDING
2903,23325,6151,Life Claim,2025-06-18,14435.36,REJECTED,0,47,60234.73,2025-06-25,PENDING
2904,23997,2304,Health Claim,2025-10-28,37963.99,APPROVED,0,20,80256.63,2024-12-07,VERIFIED
2905,22284,6277,Life Claim,2025-06-03,41937.66,REJECTED,0,68,31718.67,2023-09-10,VERIFIED
2906,13790,5037,Health Claim,2025-12-22,14172.26,PENDING,0,65,20702.02,2024-04-21,VERIFIED
2907,10208,3512,Property Damage,2025-07-16,32026.36,REJECTED,0,55,88835.13,2025-03-28,PENDING
2908,14882,3543,Health Claim,2025-10-19,35056.92,PENDING,0,81,78267.69,2026-03-18,VERIFIED
2909,10094,7844,Health Claim,2026-03-25,29400.4,PENDING,0,34,18201.68,2025-04-15,PENDING
2910,9386,2165,Property Damage,2025-12-22,13434.42,APPROVED,0,72,40467.94,2025-05-04,PENDING
2911,18506,710,Motor Accident,2025-06-30,3060.63,REJECTED,0,51,5487.73,2025-06-15,VERIFIED
2912,11681,716,Motor Accident,2025-09-09,8622.37,APPROVED,0,27,30014.17,2024-09-30,VERIFIED
2913,16189,7879,Property Damage,2025-11-14,110570.54,REJECTED,0,56,67415.1,2024-04-18,VERIFIED
2914,13573,6659,Health Claim,2026-03-25,14004.78,PENDING,0,10,32154.2,2024-03-26,VERIFIED
2915,21957,5495,Motor Accident,2026-04-17,30578.7,REJECTED,0,88,57352.94,2025-05-31,PENDING
2916,24287,7530,Life Claim,2025-07-02,57584.18,REJECTED,0,98,40179.66,2024-03-19,VERIFIED
2917,13890,4308,Property Damage,2025-11-27,61819.96,PENDING,0,96,54099.96,2025-01-28,VERIFIED
2918,5299,4937,Motor Accident,2025-12-13,32147.3,REJECTED,0,56,61443.71,2024-04-26,VERIFIED
2919,2129,7241,Life Claim,2026-05-21,32638.39,APPROVED,0,56,80207.88,2024-09-08,VERIFIED
2920,9873,2213,Motor Accident,2026-03-10,10465.19,PENDING,0,30,7056.63,2023-10-23,VERIFIED
2921,8788,9819,Property Damage,2025-11-08,51913.96,PENDING,0,38,92585.79,2025-03-26,VERIFIED
2922,3236,1934,Life Claim,2025-11-29,8166.86,APPROVED,0,1,20558.32,2026-04-27,VERIFIED
2923,20093,8607,Property Damage,2025-10-28,9849.02,REJECTED,0,69,58898.77,2024-03-05,VERIFIED
2924,2084,196,Health Claim,2026-04-18,43049.07,APPROVED,0,38,38501.03,2024-03-09,VERIFIED
2925,13561,4197,Property Damage,2026-02-05,7736.98,APPROVED,0,59,12124.07,2026-03-24,VERIFIED
2926,543,5949,Property Damage,2025-07-31,149981.46,APPROVED,0,14,82906.83,2025-01-10,PENDING
2927,8942,5940,Life Claim,2025-12-20,20269.54,PENDING,0,70,64179.84,2024-03-17,VERIFIED
2928,13405,1504,Property Damage,2025-06-01,10634.32,APPROVED,0,14,87079.92,2025-05-18,VERIFIED
2929,5439,9113,Health Claim,2025-06-29,7925.69,PENDING,0,35,5001.82,2024-03-20,PENDING
2930,4992,7023,Life Claim,2025-08-29,145119.83,PENDING,0,86,93528.16,2024-02-05,PENDING
2931,15711,6735,Life Claim,2026-05-25,102837.95,PENDING,0,20,83606.21,2026-05-05,PENDING
2932,3076,4833,Property Damage,2025-06-12,11667.36,PENDING,0,16,43852.83,2023-10-11,VERIFIED
2933,1209,9261,Health Claim,2026-05-25,12300.68,PENDING,0,52,10382.09,2025-01-01,PENDING
2934,16200,594,Motor Accident,2025-12-14,98500.28,PENDING,0,44,83369.59,2024-12-13,VERIFIED
2935,1668,7166,Motor Accident,2025-12-21,102692.01,REJECTED,0,32,58525.92,2025-04-21,PENDING
2936,23941,9457,Health Claim,2025-09-15,42511.98,PENDING,0,18,66473.53,2025-06-17,VERIFIED
2937,22600,2555,Life Claim,2026-03-11,12947.8,APPROVED,0,96,31698.51,2024-11-03,VERIFIED
2938,1402,3949,Property Damage,2026-03-12,8247.9,PENDING,0,75,7856.28,2024-05-08,PENDING
2939,10135,8345,Health Claim,2026-03-06,34486.02,APPROVED,0,17,53162.61,2025-12-09,PENDING
2940,8086,4364,Life Claim,2025-08-25,15821.28,PENDING,0,2,11194.91,2023-12-19,VERIFIED
2941,199,9078,Property Damage,2026-05-04,25711.88,REJECTED,0,72,80964.73,2023-07-13,PENDING
2942,5094,6184,Property Damage,2025-12-09,17803.54,REJECTED,0,65,40247.05,2024-05-30,VERIFIED
2943,12112,5085,Property Damage,2025-10-10,33951.15,PENDING,0,26,86097.33,2025-03-09,VERIFIED
2944,21290,9518,Property Damage,2025-09-08,6694.68,REJECTED,0,75,9760.19,2025-09-05,VERIFIED
2945,19600,882,Property Damage,2025-11-01,12354.94,PENDING,0,63,81081.33,2026-02-19,VERIFIED
2946,20063,9741,Motor Accident,2025-06-11,7223.3,APPROVED,0,84,10389.83,2024-12-03,VERIFIED
2947,19809,6810,Property Damage,2025-12-12,11308.06,REJECTED,0,47,9995.83,2023-07-27,PENDING
2948,555,5054,Health Claim,2026-04-15,48944.57,APPROVED,0,2,39327.21,2025-03-29,PENDING
2949,7793,3105,Property Damage,2025-08-20,5122.43,REJECTED,0,61,23147.17,2023-10-09,PENDING
2950,7315,3880,Property Damage,2026-04-18,12800.84,PENDING,0,57,69907.19,2024-07-27,VERIFIED
2951,19863,8099,Life Claim,2025-10-26,10212.12,APPROVED,0,28,98821.08,2024-07-25,VERIFIED
2952,897,8478,Health Claim,2025-08-31,46963.02,REJECTED,0,98,42075.78,2025-12-10,PENDING
2953,24962,72,Motor Accident,2026-01-01,7249.3,REJECTED,0,91,13410.15,2023-11-21,PENDING
2954,2104,841,Property Damage,2026-05-10,59876.2,PENDING,0,42,37124.03,2024-04-06,PENDING
2955,9664,4906,Property Damage,2025-09-04,23238.17,PENDING,0,100,33819.3,2024-12-16,VERIFIED
2956,16438,5534,Life Claim,2025-11-22,121645.27,APPROVED,0,75,89900.85,2024-12-14,PENDING
2957,18992,7729,Health Claim,2026-02-11,81162.49,APPROVED,0,57,72775.86,2025-07-09,PENDING
2958,4959,7477,Health Claim,2025-12-10,8828.39,PENDING,0,74,41449.41,2025-02-06,VERIFIED
2959,3381,3497,Health Claim,2025-11-23,10353.74,APPROVED,0,70,16700.25,2024-07-27,VERIFIED
2960,17875,7163,Property Damage,2026-04-02,5607.46,REJECTED,0,17,55930.77,2024-11-19,VERIFIED
2961,8668,2687,Motor Accident,2026-02-22,73466.35,REJECTED,0,97,45670.59,2026-04-27,VERIFIED
2962,13229,9975,Property Damage,2026-01-26,32251.66,PENDING,0,78,50519.69,2024-06-13,PENDING
2963,7807,3631,Life Claim,2026-05-12,12119.55,APPROVED,0,63,84938.87,2023-07-01,VERIFIED
2964,6873,7540,Life Claim,2026-01-23,1747.24,PENDING,0,23,7556.39,2024-03-24,VERIFIED
2965,19426,2060,Property Damage,2026-04-21,24846.38,APPROVED,0,98,50745.72,2024-01-04,PENDING
2966,10795,8784,Life Claim,2025-07-29,14536.9,REJECTED,0,75,30081.51,2025-05-08,PENDING
2967,17733,280,Health Claim,2026-03-04,5218.98,PENDING,0,82,26284.22,2024-11-22,VERIFIED
2968,14855,8492,Motor Accident,2026-05-24,112966.47,REJECTED,0,40,62035.16,2025-05-01,VERIFIED
2969,4107,9159,Health Claim,2025-09-25,62651.01,APPROVED,0,55,98211.08,2025-01-24,PENDING
2970,10072,7549,Property Damage,2025-11-03,36885.92,PENDING,0,26,66699.27,2025-05-06,PENDING
2971,18001,1507,Property Damage,2025-07-04,92130.91,APPROVED,0,86,55217.75,2023-10-10,VERIFIED
2972,3754,1686,Life Claim,2025-12-23,4151.75,REJECTED,0,25,18778.14,2023-09-12,VERIFIED
2973,2919,1849,Motor Accident,2025-10-13,5396.94,REJECTED,0,14,25068.66,2023-10-08,VERIFIED
2974,15246,6006,Life Claim,2025-07-18,10253.36,REJECTED,0,60,52822.51,2025-04-08,VERIFIED
2975,22347,9144,Property Damage,2025-10-11,10239.54,REJECTED,0,67,30605.78,2023-12-18,PENDING
2976,20008,7542,Life Claim,2026-01-08,18381.06,PENDING,0,71,74127.65,2023-11-24,VERIFIED
2977,11385,1881,Property Damage,2025-11-19,12853.66,APPROVED,0,76,27510.99,2025-11-19,PENDING
2978,10212,6346,Property Damage,2026-05-24,85393.19,REJECTED,0,23,63911.21,2024-08-22,PENDING
2979,8697,4159,Property Damage,2025-05-27,80487.09,REJECTED,0,98,51297.53,2025-11-16,VERIFIED
2980,12751,8996,Life Claim,2025-12-03,1346.87,PENDING,0,14,9361.89,2025-04-08,PENDING
2981,1342,8573,Motor Accident,2025-06-16,24964.44,PENDING,0,57,14793.97,2025-11-29,VERIFIED
2982,5021,1800,Life Claim,2025-10-27,20240.89,REJECTED,0,49,46322.84,2024-01-31,VERIFIED
2983,1483,2543,Health Claim,2025-10-12,27120.51,REJECTED,0,87,74376.42,2025-09-03,PENDING
2984,3550,9644,Property Damage,2026-01-17,8081.25,REJECTED,0,68,57055.16,2025-08-23,VERIFIED
2985,19542,3272,Health Claim,2026-02-06,44494.47,PENDING,0,72,86231.44,2025-04-28,PENDING
2986,7169,6108,Motor Accident,2025-06-04,34672.84,PENDING,0,27,85783.95,2025-02-18,PENDING
2987,3848,5418,Motor Accident,2025-08-02,17015.52,REJECTED,0,27,73451.45,2025-10-22,PENDING
2988,18249,9189,Property Damage,2026-04-28,12921.71,PENDING,0,11,96501.41,2025-05-02,PENDING
2989,1765,8608,Motor Accident,2026-03-27,113695.28,PENDING,0,6,98770.71,2024-04-23,PENDING
2990,20817,3170,Motor Accident,2026-03-07,56802.71,REJECTED,0,87,84667.67,2025-05-31,PENDING
2991,5987,1440,Property Damage,2025-07-11,6257.43,REJECTED,0,48,24356.67,2025-09-12,VERIFIED
2992,16710,7251,Life Claim,2025-10-28,6969.77,PENDING,0,45,17149.15,2024-01-24,VERIFIED
2993,21212,6818,Health Claim,2026-02-06,3213.16,APPROVED,0,6,9977.51,2025-09-14,VERIFIED
2994,1469,5247,Health Claim,2025-06-09,21560.8,APPROVED,0,55,84043.21,2025-03-02,VERIFIED
2995,16073,9864,Health Claim,2026-05-15,3162.13,APPROVED,0,72,13444.8,2024-11-12,PENDING
2996,532,2709,Life Claim,2026-04-26,11935.74,APPROVED,0,49,45788.42,2024-05-11,VERIFIED
2997,21285,6234,Health Claim,2026-03-28,7415.81,PENDING,0,44,17399.64,2024-07-30,VERIFIED
2998,12413,5970,Motor Accident,2025-10-10,129651.23,APPROVED,0,30,88147.69,2026-02-18,PENDING
2999,8760,7910,Property Damage,2026-01-18,28219.63,APPROVED,0,59,17058.34,2023-05-30,VERIFIED
3000,16533,6941,Property Damage,2025-09-03,2127.42,PENDING,0,98,15965.56,2024-04-21,VERIFIED
3001,24481,2998,Motor Accident,2026-01-15,36560.55,APPROVED,0,57,98885.97,2025-08-27,PENDING
3002,3246,1022,Health Claim,2026-04-16,10694.72,PENDING,0,100,40194.87,2024-09-04,PENDING
3003,344,1884,Property Damage,2025-11-18,76708.88,APPROVED,0,86,54993.49,2023-08-18,PENDING
3004,3152,9941,Motor Accident,2025-09-12,9901.99,PENDING,0,15,65977.17,2026-05-21,VERIFIED
3005,5302,7408,Life Claim,2026-03-25,10611.99,APPROVED,0,41,18899.3,2024-08-11,VERIFIED
3006,24242,1561,Life Claim,2025-09-18,87402.44,APPROVED,0,31,43840.67,2024-09-23,VERIFIED
3007,14353,1035,Health Claim,2025-12-26,22646.99,REJECTED,0,42,15653.2,2023-10-20,VERIFIED
3008,17979,4757,Life Claim,2025-06-05,3011.49,PENDING,0,66,6821.99,2025-01-18,VERIFIED
3009,5323,2386,Life Claim,2025-06-15,118004.83,APPROVED,0,62,91239.05,2024-12-25,VERIFIED
3010,15059,8276,Motor Accident,2025-11-26,19642.36,PENDING,0,31,73125.61,2025-10-19,PENDING
3011,13821,9837,Property Damage,2025-11-04,16726.28,PENDING,0,9,89228.08,2024-09-26,VERIFIED
3012,18724,6995,Health Claim,2025-09-21,6994.75,APPROVED,0,69,26059.23,2024-05-07,VERIFIED
3013,5649,9715,Health Claim,2025-06-19,7274.34,REJECTED,0,24,42608.64,2023-10-21,PENDING
3014,2538,1723,Life Claim,2026-01-27,4698.38,REJECTED,0,13,8978.77,2025-02-09,VERIFIED
3015,15937,2609,Health Claim,2025-09-12,53011.99,REJECTED,0,12,39728.92,2026-05-07,PENDING
3016,23105,3103,Life Claim,2025-07-19,26777.03,REJECTED,0,60,94775.68,2026-05-08,VERIFIED
3017,4305,6438,Health Claim,2026-03-31,8353.67,PENDING,0,3,35667.65,2025-04-18,VERIFIED
3018,24430,5959,Life Claim,2025-12-08,14834.58,REJECTED,0,58,33062.06,2024-01-03,PENDING
3019,21810,6310,Motor Accident,2025-12-03,13304.76,PENDING,0,54,70645.32,2024-06-10,PENDING
3020,6697,2633,Life Claim,2025-07-24,3950.7,PENDING,0,52,35898.06,2024-06-05,PENDING
3021,17831,8055,Health Claim,2025-12-05,11470.27,PENDING,0,38,59361.45,2024-01-19,PENDING
3022,1489,4932,Health Claim,2025-10-15,21110.79,REJECTED,0,37,34073.35,2023-06-07,PENDING
3023,10077,727,Property Damage,2026-03-04,24823.09,REJECTED,0,1,18329.89,2026-03-28,PENDING
3024,12102,6342,Life Claim,2026-01-16,61499.4,APPROVED,0,92,34170.68,2025-07-30,VERIFIED
3025,24948,6502,Property Damage,2025-12-30,11757.99,APPROVED,0,15,39010.85,2024-08-02,VERIFIED
3026,17261,1640,Motor Accident,2025-07-05,37759.01,PENDING,0,22,87884.5,2026-02-09,VERIFIED
3027,8498,7508,Motor Accident,2025-06-22,16086.51,APPROVED,0,58,26903.85,2025-11-17,VERIFIED
3028,16775,9848,Motor Accident,2026-02-26,87137.33,PENDING,0,15,53750.39,2024-12-23,PENDING
3029,5938,5376,Property Damage,2026-02-10,88923.39,REJECTED,0,73,81340.71,2023-10-24,VERIFIED
3030,11683,2552,Motor Accident,2025-06-23,12960.24,PENDING,0,69,86738.32,2026-04-21,VERIFIED
3031,15200,7273,Property Damage,2026-03-13,23968.38,APPROVED,0,17,67953.88,2023-10-09,PENDING
3032,16072,181,Motor Accident,2025-08-12,90140.97,APPROVED,0,92,77859.37,2023-06-30,VERIFIED
3033,91,1412,Life Claim,2025-06-25,8990.35,PENDING,0,82,30362.45,2024-10-20,VERIFIED
3034,10905,2320,Property Damage,2026-03-06,9725.96,PENDING,0,68,94503.19,2026-05-23,VERIFIED
3035,13580,5652,Motor Accident,2025-10-10,7137.75,PENDING,0,38,37314.86,2025-05-21,PENDING
3036,24664,9865,Health Claim,2026-05-18,195597.35,PENDING,0,38,99744.34,2024-12-26,PENDING
3037,23483,9214,Health Claim,2025-11-20,41513.25,PENDING,0,10,90749.77,2024-01-20,VERIFIED
3038,6788,1401,Motor Accident,2026-04-26,36499.89,REJECTED,0,1,55732.91,2026-02-26,PENDING
3039,6978,3474,Motor Accident,2026-03-18,49143.76,REJECTED,0,73,38419.06,2023-08-11,VERIFIED
3040,20385,9437,Life Claim,2026-05-04,58044.56,REJECTED,0,92,94260.69,2025-02-05,PENDING
3041,6083,2003,Property Damage,2026-01-03,9770.62,REJECTED,0,95,77546.4,2025-10-28,PENDING
3042,2927,452,Health Claim,2026-05-05,119876.55,PENDING,0,39,69340.02,2023-10-20,PENDING
3043,12920,6975,Life Claim,2025-10-28,114191.98,PENDING,0,10,72750.74,2023-06-12,PENDING
3044,8904,1509,Health Claim,2026-02-14,15619.3,PENDING,0,40,14943.53,2025-12-18,PENDING
3045,9931,5322,Health Claim,2025-11-26,12091.97,REJECTED,0,19,37501.12,2023-06-01,VERIFIED
3046,12105,3421,Health Claim,2026-02-05,20588.17,APPROVED,0,81,30478.18,2024-05-27,PENDING
3047,13280,3916,Motor Accident,2025-12-09,77085.12,APPROVED,0,79,62219.89,2024-11-10,PENDING
3048,3977,8437,Motor Accident,2025-07-05,1864.79,PENDING,0,49,10427.41,2025-02-21,PENDING
3049,5201,416,Health Claim,2025-07-20,57862.58,APPROVED,0,4,50390.7,2025-10-09,PENDING
3050,22727,2585,Health Claim,2025-11-04,11343.18,PENDING,0,26,96613.86,2025-02-12,VERIFIED
3051,1118,9810,Health Claim,2025-06-06,36950.43,PENDING,0,90,81309.26,2026-03-23,PENDING
3052,7138,3602,Life Claim,2025-12-15,77823.76,REJECTED,0,56,72875.95,2024-08-16,VERIFIED
3053,18024,3941,Property Damage,2025-06-09,23531.48,PENDING,0,66,46609.64,2025-03-26,VERIFIED
3054,2165,1603,Motor Accident,2026-05-25,46571.66,PENDING,0,83,97729.03,2025-04-04,VERIFIED
3055,1715,3780,Life Claim,2025-08-04,8311.53,APPROVED,0,48,25077.05,2025-09-24,VERIFIED
3056,4571,5641,Health Claim,2025-10-23,130046.9,PENDING,0,34,95096.62,2026-01-29,VERIFIED
3057,8876,300,Property Damage,2026-03-03,38676.08,PENDING,0,33,93965.72,2025-03-22,PENDING
3058,13452,6835,Life Claim,2026-02-18,51339.52,PENDING,0,75,99763.06,2025-07-28,VERIFIED
3059,506,2079,Property Damage,2026-05-10,17064.58,REJECTED,0,80,87405.26,2025-09-19,PENDING
3060,6224,8622,Property Damage,2026-04-20,20063.9,PENDING,0,66,94926.89,2023-06-03,VERIFIED
3061,6310,7818,Motor Accident,2025-09-28,63252.42,PENDING,0,99,90946.38,2025-05-21,PENDING
3062,2013,6353,Motor Accident,2025-10-02,78019.68,REJECTED,0,40,40412.09,2025-01-18,PENDING
3063,20625,4290,Motor Accident,2025-08-25,6320.58,PENDING,0,59,29633.53,2023-06-13,VERIFIED
3064,4339,8355,Motor Accident,2025-05-26,64921.58,PENDING,0,3,50520.08,2025-09-09,PENDING
3065,18365,4955,Motor Accident,2025-09-26,15301.35,PENDING,0,18,45325.4,2026-04-14,VERIFIED
3066,963,6253,Motor Accident,2025-06-30,37088.02,REJECTED,0,61,59335.9,2024-09-23,VERIFIED
3067,20235,3074,Health Claim,2026-01-15,23218.37,REJECTED,0,57,45775.18,2025-07-13,PENDING
3068,21755,7155,Life Claim,2026-03-13,11869.38,APPROVED,0,38,52591.01,2026-03-12,PENDING
3069,12489,8722,Property Damage,2025-09-20,159316.76,PENDING,0,9,93070.08,2023-12-03,PENDING
3070,20668,8253,Motor Accident,2025-10-22,10831.92,APPROVED,0,15,82679.21,2025-01-26,PENDING
3071,4976,7436,Life Claim,2025-07-13,9743.85,REJECTED,0,96,33323.03,2024-05-22,PENDING
3072,1916,1614,Life Claim,2025-06-10,54315.96,APPROVED,0,1,83774.0,2026-04-08,VERIFIED
3073,2180,8467,Life Claim,2026-04-28,13950.97,PENDING,0,35,21143.53,2025-12-08,PENDING
3074,9604,3401,Motor Accident,2025-09-12,53177.2,PENDING,0,74,91591.93,2025-09-24,PENDING
3075,16680,9426,Life Claim,2025-06-07,2996.78,REJECTED,0,82,14858.86,2025-03-24,PENDING
3076,3113,547,Property Damage,2025-08-03,36240.43,APPROVED,0,31,55545.37,2026-03-17,PENDING
3077,21381,1776,Property Damage,2025-10-24,64985.07,PENDING,0,98,37557.18,2026-02-14,VERIFIED
3078,20591,2096,Motor Accident,2025-07-23,4981.58,REJECTED,0,63,12482.89,2026-05-08,PENDING
3079,2386,8939,Property Damage,2026-03-24,32367.28,PENDING,0,74,31704.8,2023-08-20,PENDING
3080,9307,4725,Health Claim,2025-12-27,5333.46,APPROVED,0,32,24262.49,2025-05-23,VERIFIED
3081,17131,52,Motor Accident,2025-06-03,32742.3,PENDING,0,83,32503.06,2026-04-16,VERIFIED
3082,21530,7733,Motor Accident,2025-12-16,2919.09,APPROVED,0,10,16486.03,2025-12-10,VERIFIED
3083,14318,7471,Property Damage,2026-03-13,4398.86,PENDING,0,97,24919.53,2024-06-23,VERIFIED
3084,648,579,Property Damage,2025-11-17,28617.15,PENDING,0,44,20927.69,2025-05-29,VERIFIED
3085,5528,1237,Life Claim,2026-01-03,31510.58,APPROVED,0,57,63248.26,2025-10-18,VERIFIED
3086,11232,9362,Life Claim,2026-03-17,11004.46,PENDING,0,7,24370.01,2024-05-24,VERIFIED
3087,21353,1167,Health Claim,2025-08-21,4809.94,APPROVED,0,40,16657.7,2024-02-15,PENDING
3088,8947,5677,Motor Accident,2025-06-20,4760.87,REJECTED,0,57,19598.87,2023-12-22,PENDING
3089,18446,5144,Life Claim,2026-02-08,11791.29,APPROVED,0,21,90534.41,2023-06-25,VERIFIED
3090,12389,7022,Life Claim,2026-03-13,7316.34,PENDING,0,6,62283.17,2025-05-08,VERIFIED
3091,5437,9188,Health Claim,2026-04-15,35638.83,APPROVED,0,20,89800.98,2026-04-15,PENDING
3092,20955,4590,Motor Accident,2025-12-20,30416.63,PENDING,0,7,89277.94,2026-02-22,PENDING
3093,23100,8271,Health Claim,2026-05-04,7941.99,APPROVED,0,96,49723.1,2024-03-22,VERIFIED
3094,9411,4703,Health Claim,2026-01-17,18059.99,REJECTED,0,82,91853.56,2025-01-30,PENDING
3095,4331,6608,Property Damage,2025-07-19,4050.48,REJECTED,0,25,35398.69,2024-12-09,VERIFIED
3096,15022,5545,Motor Accident,2025-12-04,8713.99,APPROVED,0,54,85434.91,2024-11-21,PENDING
3097,24784,3001,Property Damage,2025-07-24,6230.89,APPROVED,0,40,54432.19,2025-02-09,VERIFIED
3098,6286,3093,Health Claim,2025-11-29,5024.38,REJECTED,0,41,25909.6,2025-07-14,VERIFIED
3099,22975,6748,Property Damage,2026-05-02,114406.17,PENDING,0,91,91836.55,2023-09-02,VERIFIED
3100,11558,3315,Motor Accident,2026-05-08,41715.56,APPROVED,0,65,90417.51,2026-01-11,VERIFIED
3101,17116,8374,Life Claim,2026-02-26,30969.51,REJECTED,0,20,91584.67,2025-12-31,VERIFIED
3102,11866,4740,Life Claim,2025-10-19,12733.12,APPROVED,0,68,62246.11,2024-06-02,PENDING
3103,2375,4562,Life Claim,2025-09-02,8315.98,PENDING,0,13,14302.38,2026-02-13,PENDING
3104,10887,1114,Health Claim,2025-12-15,20306.93,PENDING,0,42,55129.36,2024-11-22,PENDING
3105,11352,9489,Life Claim,2025-06-13,11482.42,PENDING,0,79,29949.9,2023-11-09,PENDING
3106,7200,7382,Life Claim,2026-03-18,10636.19,APPROVED,0,73,98055.88,2025-07-01,VERIFIED
3107,21245,695,Health Claim,2025-06-05,41347.57,REJECTED,0,87,88531.37,2023-10-25,PENDING
3108,8523,2371,Motor Accident,2026-04-26,80896.35,PENDING,0,85,43525.18,2025-04-28,PENDING
3109,737,39,Health Claim,2025-06-09,78365.21,REJECTED,0,26,46649.71,2025-02-26,VERIFIED
3110,16722,9384,Health Claim,2025-12-16,50608.33,PENDING,0,16,92514.09,2023-12-27,VERIFIED
3111,3474,673,Property Damage,2026-04-25,20264.12,REJECTED,0,62,41946.84,2025-03-17,PENDING
3112,3856,361,Life Claim,2025-11-16,67819.33,PENDING,0,75,64702.28,2025-09-07,VERIFIED
3113,20642,1417,Motor Accident,2025-06-25,22333.94,PENDING,0,67,40965.83,2025-02-26,PENDING
3114,2107,6851,Life Claim,2025-11-11,3984.06,APPROVED,0,82,24324.72,2025-07-20,PENDING
3115,815,3636,Health Claim,2025-06-19,5889.17,PENDING,0,17,41986.78,2025-05-24,PENDING
3116,23979,3059,Health Claim,2026-02-15,168797.9,REJECTED,0,63,92213.19,2025-01-25,PENDING
3117,12228,4350,Life Claim,2025-10-03,27926.23,REJECTED,0,85,50226.12,2025-02-05,PENDING
3118,9407,1608,Health Claim,2025-06-28,5314.88,PENDING,0,11,23930.55,2025-05-24,PENDING
3119,19291,2265,Health Claim,2026-05-08,5771.59,REJECTED,0,57,11834.98,2025-11-19,PENDING
3120,23520,8550,Health Claim,2025-10-24,52155.08,APPROVED,0,33,96993.0,2024-02-24,VERIFIED
3121,22334,6758,Motor Accident,2026-03-15,62868.65,PENDING,0,88,97331.5,2025-01-08,PENDING
3122,24582,6642,Life Claim,2025-06-11,9482.78,REJECTED,0,61,33717.97,2024-07-15,PENDING
3123,11854,4657,Health Claim,2025-10-03,18886.02,APPROVED,0,24,30021.2,2023-10-05,VERIFIED
3124,3444,9106,Health Claim,2026-03-18,117447.58,REJECTED,0,27,82192.62,2024-06-18,VERIFIED
3125,20112,3138,Property Damage,2025-09-08,9127.16,REJECTED,0,5,5419.37,2024-08-04,PENDING
3126,45,6485,Health Claim,2025-11-28,22016.13,REJECTED,0,70,61614.68,2026-03-25,PENDING
3127,11778,8079,Motor Accident,2025-08-27,5705.36,PENDING,0,100,27979.46,2024-05-27,PENDING
3128,15471,7342,Health Claim,2025-10-12,52550.43,PENDING,0,5,28060.37,2025-02-17,VERIFIED
3129,386,7173,Life Claim,2025-10-09,6064.13,APPROVED,0,72,14075.48,2025-06-04,VERIFIED
3130,16907,4419,Property Damage,2025-06-22,18591.41,PENDING,0,92,58576.45,2023-07-15,VERIFIED
3131,11713,6501,Property Damage,2025-11-11,184798.05,REJECTED,0,28,97000.0,2025-04-01,PENDING
3132,16916,1311,Health Claim,2026-04-26,55731.29,PENDING,0,50,88866.11,2025-08-25,PENDING
3133,4301,264,Life Claim,2026-05-25,21479.54,PENDING,0,82,88226.84,2025-01-16,PENDING
3134,7434,6853,Motor Accident,2026-02-20,27997.82,PENDING,0,72,21904.42,2024-04-04,PENDING
3135,24612,1931,Health Claim,2026-04-21,24485.25,APPROVED,0,16,56525.07,2023-11-10,VERIFIED
3136,8882,9006,Motor Accident,2025-09-23,29561.77,APPROVED,0,4,44109.18,2025-12-08,PENDING
3137,6141,54,Health Claim,2026-04-03,23581.95,REJECTED,0,87,64572.64,2025-10-26,VERIFIED
3138,14909,7992,Life Claim,2026-05-14,3051.28,APPROVED,0,31,8665.45,2026-03-04,PENDING
3139,13118,2926,Health Claim,2025-09-17,12874.83,REJECTED,0,60,48265.09,2026-03-31,VERIFIED
3140,19835,2813,Motor Accident,2025-09-03,3209.94,REJECTED,0,57,7336.38,2024-07-14,VERIFIED
3141,19984,8725,Health Claim,2025-09-02,102749.37,APPROVED,0,5,88902.4,2025-06-08,PENDING
3142,15047,8405,Life Claim,2026-05-23,14751.19,REJECTED,0,97,7841.65,2023-09-22,VERIFIED
3143,15179,2666,Motor Accident,2025-06-11,8964.07,APPROVED,0,98,77431.44,2024-02-11,VERIFIED
3144,17526,2932,Life Claim,2025-07-25,15548.33,APPROVED,0,54,30586.52,2024-03-18,PENDING
3145,16917,4267,Health Claim,2025-10-14,2026.48,PENDING,0,70,15294.19,2024-08-19,PENDING
3146,13432,4022,Motor Accident,2025-10-04,76052.27,PENDING,0,71,55414.4,2024-11-08,PENDING
3147,16019,6720,Life Claim,2026-04-19,12239.06,APPROVED,0,96,60879.39,2023-06-07,PENDING
3148,21628,3246,Health Claim,2026-04-18,44898.81,APPROVED,0,30,81662.12,2024-03-06,PENDING
3149,10689,4758,Motor Accident,2025-12-23,17091.69,APPROVED,0,82,48484.27,2023-10-27,PENDING
3150,18190,4960,Life Claim,2025-09-28,14598.2,APPROVED,0,49,66449.56,2025-11-04,PENDING
3151,10663,6504,Health Claim,2026-04-26,42282.08,PENDING,0,59,85812.36,2025-12-27,VERIFIED
3152,20560,5543,Health Claim,2026-05-12,4935.89,PENDING,0,45,29114.63,2024-03-03,PENDING
3153,22171,412,Property Damage,2026-04-13,10664.09,REJECTED,0,40,31918.26,2024-08-04,VERIFIED
3154,14992,2095,Health Claim,2026-01-05,6956.76,APPROVED,0,57,44776.13,2023-07-09,PENDING
3155,17966,8423,Health Claim,2025-10-30,3975.97,PENDING,0,31,16289.52,2024-08-02,VERIFIED
3156,14522,68,Life Claim,2026-02-08,51496.4,REJECTED,0,11,49641.33,2025-06-12,VERIFIED
3157,7510,5170,Health Claim,2026-05-07,1075.69,REJECTED,0,18,8773.01,2024-02-23,VERIFIED
3158,13905,3789,Health Claim,2026-02-15,24996.0,PENDING,0,79,65216.83,2023-10-25,VERIFIED
3159,22200,2642,Motor Accident,2026-03-10,14181.35,REJECTED,0,53,44965.15,2025-08-23,VERIFIED
3160,22038,185,Motor Accident,2025-07-17,22924.41,APPROVED,0,30,43566.39,2023-12-29,PENDING
3161,8940,2974,Motor Accident,2026-03-01,6344.86,PENDING,0,6,14607.76,2025-12-15,VERIFIED
3162,4741,6693,Health Claim,2025-08-10,12397.09,APPROVED,0,67,7205.61,2024-07-14,PENDING
3163,22979,559,Life Claim,2025-12-09,18773.06,APPROVED,0,7,56255.95,2025-05-10,VERIFIED
3164,5284,8375,Property Damage,2026-01-21,11782.99,APPROVED,0,93,53449.87,2025-04-19,VERIFIED
3165,7879,7059,Motor Accident,2025-07-15,33863.38,APPROVED,0,86,52253.29,2024-02-07,PENDING
3166,2015,9312,Property Damage,2025-05-29,50311.39,APPROVED,0,54,38016.25,2023-12-21,VERIFIED
3167,3725,9861,Health Claim,2025-05-25,39004.03,PENDING,0,7,74494.33,2025-08-01,VERIFIED
3168,17378,228,Motor Accident,2026-01-17,35621.2,APPROVED,0,11,89040.3,2024-08-22,PENDING
3169,16176,2553,Property Damage,2025-09-24,1139.3,APPROVED,0,9,9475.72,2024-02-20,PENDING
3170,19987,9083,Motor Accident,2026-04-03,5427.15,PENDING,0,12,10248.27,2026-02-06,PENDING
3171,23995,7904,Motor Accident,2026-01-14,52917.13,APPROVED,0,94,97521.09,2025-12-21,PENDING
3172,13424,2278,Motor Accident,2025-06-11,41511.12,REJECTED,0,89,78597.11,2025-01-10,VERIFIED
3173,17088,3855,Life Claim,2026-03-27,44077.81,APPROVED,0,29,31106.31,2024-12-01,PENDING
3174,24551,9125,Health Claim,2025-06-30,17306.67,APPROVED,0,16,63191.21,2025-08-27,VERIFIED
3175,24331,737,Motor Accident,2026-04-06,4540.46,APPROVED,0,98,9483.63,2025-09-27,VERIFIED
3176,2349,2689,Motor Accident,2025-08-21,44812.97,REJECTED,0,72,77783.13,2025-06-10,VERIFIED
3177,4841,8744,Property Damage,2026-01-07,15601.46,APPROVED,0,60,25796.29,2025-10-10,VERIFIED
3178,10222,4543,Motor Accident,2025-09-15,18810.12,PENDING,0,4,58661.96,2025-08-02,PENDING
3179,2933,6706,Property Damage,2025-11-24,23992.15,APPROVED,0,40,40915.92,2024-10-04,PENDING
3180,8151,5364,Property Damage,2026-04-14,14602.24,REJECTED,0,66,40825.36,2026-02-24,PENDING
3181,12152,8317,Motor Accident,2026-02-15,138539.95,APPROVED,0,38,96674.32,2023-08-02,PENDING
3182,23897,9369,Property Damage,2026-02-07,9205.17,PENDING,0,60,17186.94,2025-12-28,PENDING
3183,17800,7661,Health Claim,2026-04-05,11765.26,APPROVED,0,81,8130.56,2026-01-15,PENDING
3184,15394,388,Health Claim,2025-05-25,30664.45,REJECTED,0,64,60871.44,2024-02-16,PENDING
3185,23768,3659,Motor Accident,2025-12-31,14341.79,REJECTED,0,3,33199.15,2024-02-15,VERIFIED
3186,19262,8593,Motor Accident,2025-12-09,74503.02,REJECTED,0,88,69325.52,2024-02-17,PENDING
3187,19504,5692,Property Damage,2026-02-28,2626.35,APPROVED,0,98,11201.82,2024-12-26,PENDING
3188,11859,2050,Property Damage,2025-11-14,19696.95,PENDING,0,24,51366.06,2026-02-06,PENDING
3189,12219,7198,Motor Accident,2026-04-13,11479.56,REJECTED,0,49,29067.39,2024-09-01,VERIFIED
3190,2615,3899,Health Claim,2026-01-21,20602.77,PENDING,0,33,54378.01,2025-12-05,PENDING
3191,20829,1040,Property Damage,2025-06-03,2533.33,APPROVED,0,86,11605.42,2025-04-23,PENDING
3192,21558,4176,Motor Accident,2026-03-28,35137.65,PENDING,0,50,90700.7,2025-11-25,PENDING
3193,20950,3665,Health Claim,2025-09-19,49173.43,APPROVED,0,17,97308.01,2026-02-06,VERIFIED
3194,16805,3585,Property Damage,2025-10-11,3003.04,PENDING,0,17,25807.51,2024-01-15,PENDING
3195,17807,1947,Motor Accident,2025-10-05,12679.62,APPROVED,0,84,11829.44,2023-11-02,PENDING
3196,7569,3072,Property Damage,2026-01-08,34347.48,PENDING,0,95,54718.66,2025-09-28,VERIFIED
3197,18722,1427,Health Claim,2025-12-04,18699.2,APPROVED,0,59,42842.06,2024-08-10,PENDING
3198,21404,8019,Life Claim,2025-09-30,8307.98,PENDING,0,19,17457.73,2025-08-16,PENDING
3199,13095,57,Property Damage,2026-01-15,138685.44,REJECTED,0,95,80119.06,2026-05-08,VERIFIED
3200,300,7727,Health Claim,2025-05-27,22130.21,PENDING,0,50,37197.73,2024-07-25,PENDING
3201,24060,438,Life Claim,2026-01-12,6095.09,REJECTED,0,63,24318.79,2023-11-16,VERIFIED
3202,20118,7948,Health Claim,2026-03-26,41388.22,PENDING,0,90,71134.97,2026-02-25,PENDING
3203,7699,7703,Motor Accident,2026-05-08,7556.55,APPROVED,0,21,5281.45,2023-10-04,VERIFIED
3204,18770,5501,Life Claim,2025-11-03,22538.83,APPROVED,0,50,84907.97,2023-12-11,PENDING
3205,24727,1490,Motor Accident,2026-03-28,42302.95,REJECTED,0,50,31351.33,2024-10-15,VERIFIED
3206,5239,816,Property Damage,2025-08-10,9251.13,APPROVED,0,27,20623.77,2025-07-20,VERIFIED
3207,22598,7824,Life Claim,2025-09-07,5782.38,REJECTED,0,28,30267.37,2025-04-28,VERIFIED
3208,9173,6241,Life Claim,2026-02-28,12196.91,PENDING,0,85,10004.54,2025-05-15,PENDING
3209,8832,5218,Life Claim,2026-05-04,75139.64,PENDING,0,33,45051.23,2024-05-11,VERIFIED
3210,15585,328,Life Claim,2026-04-30,34876.12,APPROVED,0,83,66593.43,2024-11-16,VERIFIED
3211,3804,8103,Life Claim,2025-10-13,30010.03,PENDING,0,43,69483.31,2025-03-17,VERIFIED
3212,7523,2028,Motor Accident,2025-12-10,8277.58,APPROVED,0,10,12895.09,2025-10-22,VERIFIED
3213,9688,1435,Life Claim,2025-07-29,70705.94,APPROVED,0,23,54403.31,2025-07-07,PENDING
3214,196,4003,Motor Accident,2025-12-09,122734.77,REJECTED,0,56,64997.11,2024-04-08,PENDING
3215,17213,6807,Motor Accident,2025-06-17,9937.17,REJECTED,0,66,18159.48,2024-01-18,PENDING
3216,22002,5181,Motor Accident,2025-07-15,6496.05,APPROVED,0,45,53422.05,2024-03-26,PENDING
3217,22103,8942,Health Claim,2025-12-15,16508.1,PENDING,0,38,49620.25,2024-09-13,PENDING
3218,6523,4677,Motor Accident,2026-04-14,27675.76,PENDING,0,51,90652.69,2025-11-23,PENDING
3219,9221,7843,Health Claim,2025-09-07,5403.0,PENDING,0,77,30578.32,2025-01-31,PENDING
3220,22907,3035,Motor Accident,2025-12-23,8670.77,REJECTED,0,61,40464.53,2023-11-24,PENDING
3221,13938,1991,Health Claim,2026-02-09,24909.14,REJECTED,0,64,41795.28,2023-11-29,PENDING
3222,9783,7918,Life Claim,2025-12-17,7456.53,APPROVED,0,33,37257.88,2023-09-11,PENDING
3223,13075,8615,Motor Accident,2025-06-26,41145.81,REJECTED,0,68,72231.39,2025-01-09,VERIFIED
3224,4629,4700,Life Claim,2025-09-08,8681.61,REJECTED,0,3,46577.29,2024-10-13,PENDING
3225,11638,3819,Property Damage,2025-10-10,48675.73,PENDING,0,1,38698.2,2023-09-20,PENDING
3226,20551,5055,Property Damage,2026-01-06,15324.1,APPROVED,0,5,57610.62,2024-07-04,PENDING
3227,18883,5142,Health Claim,2025-09-08,38942.53,REJECTED,0,38,25413.98,2026-01-04,VERIFIED
3228,13606,8568,Motor Accident,2025-07-10,43909.9,PENDING,0,16,75865.55,2026-04-27,VERIFIED
3229,6972,5617,Health Claim,2025-11-20,78886.08,REJECTED,0,81,75439.35,2025-06-12,PENDING
3230,20942,9888,Life Claim,2026-02-19,5721.73,REJECTED,0,19,18762.37,2025-07-27,VERIFIED
3231,2396,8867,Motor Accident,2026-01-16,21912.51,PENDING,0,98,35692.43,2024-09-19,VERIFIED
3232,23385,2839,Motor Accident,2025-09-08,44727.08,PENDING,0,6,78227.83,2024-10-13,PENDING
3233,14747,7441,Motor Accident,2026-02-04,131490.12,REJECTED,0,41,67474.5,2025-04-01,PENDING
3234,11172,1059,Health Claim,2025-11-23,28829.14,REJECTED,0,92,75329.82,2025-04-18,VERIFIED
3235,5333,1065,Health Claim,2025-10-18,28252.67,APPROVED,0,84,62094.72,2024-01-12,PENDING
3236,7196,9096,Motor Accident,2026-05-02,26094.98,APPROVED,0,67,91828.76,2025-11-17,VERIFIED
3237,11166,2633,Property Damage,2025-08-04,48613.56,PENDING,0,96,30417.88,2024-08-09,PENDING
3238,4565,6853,Motor Accident,2025-07-19,7327.72,APPROVED,0,46,22780.81,2025-06-25,VERIFIED
3239,24860,1603,Life Claim,2025-11-09,8011.33,PENDING,0,19,62728.58,2024-12-11,VERIFIED
3240,14050,6191,Health Claim,2025-08-23,3386.38,APPROVED,0,49,6864.73,2025-08-28,PENDING
3241,18050,1021,Life Claim,2025-10-17,8360.15,REJECTED,0,53,65629.34,2024-07-08,VERIFIED
3242,19667,4170,Motor Accident,2026-01-22,176527.84,REJECTED,0,23,95076.07,2025-06-02,PENDING
3243,9557,6897,Property Damage,2026-04-30,37003.17,PENDING,0,59,88704.92,2026-02-28,PENDING
3244,22924,5070,Property Damage,2025-06-21,20218.25,PENDING,0,15,39340.12,2024-06-30,PENDING
3245,10254,3655,Life Claim,2026-05-05,23815.62,APPROVED,0,20,47019.6,2023-08-28,VERIFIED
3246,6533,8455,Property Damage,2026-05-17,1868.78,PENDING,0,36,13483.16,2023-07-15,VERIFIED
3247,9761,1051,Health Claim,2026-02-12,33821.04,REJECTED,0,32,18799.93,2023-09-13,PENDING
3248,19675,673,Property Damage,2025-08-27,24761.02,PENDING,0,93,50095.15,2024-10-28,PENDING
3249,15876,701,Health Claim,2026-04-11,54703.81,REJECTED,0,51,96445.74,2024-03-15,VERIFIED
3250,18272,6542,Life Claim,2025-10-25,18260.53,PENDING,0,18,74743.66,2024-08-27,VERIFIED
3251,14799,6829,Property Damage,2026-01-15,43423.24,REJECTED,0,53,88220.71,2023-10-14,PENDING
3252,13569,9150,Life Claim,2025-07-20,13375.52,APPROVED,0,48,21234.14,2024-01-28,PENDING
3253,11416,1704,Health Claim,2025-12-07,18924.59,REJECTED,0,2,63195.17,2024-08-12,PENDING
3254,743,9328,Motor Accident,2025-06-16,12670.22,APPROVED,0,62,99485.25,2024-06-23,VERIFIED
3255,7194,4172,Life Claim,2025-10-18,3235.54,REJECTED,0,52,5369.79,2025-05-07,VERIFIED
3256,18637,3016,Life Claim,2025-12-26,35132.1,PENDING,0,5,27747.65,2026-05-15,VERIFIED
3257,24706,3296,Life Claim,2026-03-18,11393.76,PENDING,0,61,35589.78,2026-05-22,VERIFIED
3258,8205,6308,Property Damage,2025-08-03,7489.79,REJECTED,0,25,43818.5,2023-08-13,VERIFIED
3259,22454,890,Health Claim,2026-03-03,6245.06,PENDING,0,89,18601.71,2026-04-06,PENDING
3260,1522,8372,Motor Accident,2025-10-19,8685.67,PENDING,0,85,57159.58,2026-05-08,VERIFIED
3261,6894,7365,Motor Accident,2025-11-02,53095.58,PENDING,0,97,79757.36,2024-01-05,VERIFIED
3262,17349,9879,Health Claim,2026-01-22,20890.56,PENDING,0,25,79984.21,2024-12-02,VERIFIED
3263,14770,4846,Life Claim,2025-12-02,9383.72,APPROVED,0,93,68546.56,2025-12-03,VERIFIED
3264,14633,4461,Property Damage,2026-05-23,22262.23,REJECTED,0,38,32367.22,2025-05-01,PENDING
3265,3153,1877,Property Damage,2025-09-11,8771.55,REJECTED,0,49,14281.34,2024-05-01,VERIFIED
3266,2164,3762,Health Claim,2026-02-22,86427.51,PENDING,0,75,77906.9,2023-10-08,PENDING
3267,10878,6579,Motor Accident,2026-05-12,25391.47,REJECTED,0,20,85834.98,2026-02-05,VERIFIED
3268,10518,6000,Life Claim,2026-04-18,89020.07,REJECTED,0,76,53042.08,2024-06-02,PENDING
3269,10253,862,Property Damage,2026-03-26,14154.24,PENDING,0,34,53620.36,2023-11-25,PENDING
3270,23199,698,Property Damage,2025-06-30,29571.44,PENDING,0,40,97720.2,2026-01-23,VERIFIED
3271,24152,2890,Life Claim,2025-10-07,18030.73,REJECTED,0,80,74564.65,2024-10-03,VERIFIED
3272,14224,7226,Motor Accident,2025-11-13,22694.89,APPROVED,0,7,43791.17,2025-12-04,PENDING
3273,15344,51,Property Damage,2025-10-03,23102.38,PENDING,0,34,34752.41,2023-10-14,VERIFIED
3274,2139,6883,Life Claim,2025-09-21,870.15,PENDING,0,61,5862.54,2026-02-03,PENDING
3275,2375,3879,Health Claim,2025-11-28,18396.01,REJECTED,0,11,27454.93,2025-02-01,VERIFIED
3276,12284,1904,Property Damage,2026-01-12,105217.42,PENDING,0,37,79184.35,2024-06-14,VERIFIED
3277,13778,9550,Health Claim,2026-03-14,56096.88,APPROVED,0,24,83741.97,2026-04-02,PENDING
3278,8866,4186,Property Damage,2025-12-23,27300.65,APPROVED,0,42,79264.07,2023-12-25,VERIFIED
3279,13845,3400,Life Claim,2025-08-04,1749.77,REJECTED,0,67,9097.77,2026-04-03,VERIFIED
3280,13976,4939,Property Damage,2026-04-30,5998.23,PENDING,0,39,25262.62,2024-01-17,PENDING
3281,16907,4382,Life Claim,2025-10-27,31381.84,APPROVED,0,63,60316.6,2024-08-09,PENDING
3282,13263,4195,Life Claim,2025-09-15,86157.16,PENDING,0,65,55263.4,2023-12-06,PENDING
3283,8662,223,Motor Accident,2025-11-16,95325.89,PENDING,0,3,65049.8,2024-11-23,PENDING
3284,23124,2992,Property Damage,2026-03-21,30158.35,REJECTED,0,97,21498.05,2026-02-16,VERIFIED
3285,15016,2669,Health Claim,2025-10-19,103728.63,APPROVED,0,71,85630.91,2025-10-31,VERIFIED
3286,14031,7120,Motor Accident,2025-10-22,14753.3,PENDING,0,39,56704.02,2025-05-23,PENDING
3287,14043,7771,Property Damage,2026-02-26,1626.32,REJECTED,0,99,11703.37,2024-10-26,PENDING
3288,12111,7637,Motor Accident,2025-09-08,18119.19,PENDING,0,57,26917.74,2023-07-30,PENDING
3289,24797,5904,Health Claim,2025-06-18,10074.72,PENDING,0,33,35458.21,2025-05-11,VERIFIED
3290,3916,4933,Health Claim,2025-07-16,9456.01,REJECTED,0,24,19233.57,2023-06-11,PENDING
3291,18663,8666,Motor Accident,2025-10-21,21886.42,PENDING,0,72,32330.57,2023-08-21,VERIFIED
3292,21906,72,Life Claim,2025-11-23,2828.97,APPROVED,0,26,8008.98,2026-05-05,VERIFIED
3293,3899,295,Motor Accident,2025-06-19,28782.51,REJECTED,0,77,68721.03,2025-04-02,PENDING
3294,14462,2671,Motor Accident,2025-09-04,31481.91,APPROVED,0,84,75219.84,2023-10-03,PENDING
3295,13711,5223,Motor Accident,2025-10-28,43684.32,PENDING,0,63,65752.5,2025-11-24,VERIFIED
3296,12779,2857,Property Damage,2025-07-06,24357.55,REJECTED,0,78,44387.73,2025-10-25,VERIFIED
3297,24857,9344,Life Claim,2025-08-01,11664.45,REJECTED,0,86,29864.52,2023-06-10,VERIFIED
3298,17809,3769,Life Claim,2026-05-19,29114.36,APPROVED,0,95,63317.49,2025-07-11,PENDING
3299,5619,6894,Health Claim,2026-02-05,97574.41,PENDING,0,34,75026.3,2025-11-09,PENDING
3300,11587,429,Health Claim,2025-12-19,16521.45,REJECTED,0,52,47048.5,2025-05-18,PENDING
3301,11461,5726,Property Damage,2026-02-26,13130.86,REJECTED,0,42,44612.72,2025-05-27,PENDING
3302,11516,6191,Life Claim,2025-12-10,33992.97,REJECTED,0,11,78844.88,2026-03-19,PENDING
3303,13014,9578,Life Claim,2025-07-31,8224.15,PENDING,0,1,28670.56,2025-10-01,VERIFIED
3304,16546,5057,Health Claim,2026-01-10,37739.71,APPROVED,0,86,33796.89,2023-05-27,VERIFIED
3305,10653,4887,Property Damage,2025-07-29,3000.71,PENDING,0,5,12659.03,2024-04-24,VERIFIED
3306,5720,2602,Life Claim,2025-11-03,14946.9,APPROVED,0,5,22108.19,2023-08-29,VERIFIED
3307,16618,9305,Health Claim,2026-01-17,11889.03,PENDING,0,85,33436.82,2024-01-22,VERIFIED
3308,19873,4605,Life Claim,2026-05-20,30957.79,REJECTED,0,3,48002.23,2026-04-07,VERIFIED
3309,16587,6692,Property Damage,2026-03-14,18673.47,REJECTED,0,90,39975.37,2024-08-18,PENDING
3310,20611,1553,Health Claim,2026-04-23,34734.85,APPROVED,0,67,93605.11,2025-12-31,VERIFIED
3311,12259,9283,Life Claim,2025-12-29,10954.16,PENDING,0,79,75903.15,2025-08-07,PENDING
3312,8401,1980,Life Claim,2025-08-11,44638.38,REJECTED,0,54,66333.89,2026-01-07,VERIFIED
3313,2366,709,Life Claim,2025-06-01,24719.66,PENDING,0,2,43352.78,2024-10-30,PENDING
3314,17810,8359,Life Claim,2026-05-15,7800.2,APPROVED,0,64,47079.41,2025-11-14,VERIFIED
3315,6405,6079,Motor Accident,2025-08-31,64262.13,REJECTED,0,58,33111.47,2024-03-29,VERIFIED
3316,380,4902,Health Claim,2026-03-30,11606.17,REJECTED,0,90,19047.54,2026-03-31,PENDING
3317,22687,4011,Life Claim,2025-07-16,63288.75,PENDING,0,16,94051.76,2025-05-30,VERIFIED
3318,9895,1763,Property Damage,2025-12-16,132843.52,PENDING,0,36,82326.08,2026-01-27,VERIFIED
3319,4078,4092,Health Claim,2025-12-24,128504.87,PENDING,0,90,68965.91,2026-01-11,VERIFIED
3320,16848,7207,Health Claim,2025-08-09,120230.23,APPROVED,0,86,98056.44,2023-10-09,VERIFIED
3321,21542,8785,Health Claim,2025-11-07,12097.58,REJECTED,0,25,69935.5,2024-04-06,VERIFIED
3322,2011,7055,Motor Accident,2026-04-27,5514.75,PENDING,0,72,27178.59,2024-07-16,VERIFIED
3323,22083,4080,Property Damage,2026-05-08,27907.65,PENDING,0,18,43680.23,2025-03-27,VERIFIED
3324,22236,5026,Property Damage,2026-02-17,15119.56,APPROVED,0,66,25712.73,2025-11-07,VERIFIED
3325,8265,3920,Motor Accident,2025-08-05,13797.25,APPROVED,0,9,29033.2,2024-12-29,PENDING
3326,21902,233,Property Damage,2025-08-27,15876.44,APPROVED,0,57,12760.26,2025-11-10,VERIFIED
3327,7381,8290,Health Claim,2026-05-08,16660.75,APPROVED,0,34,29077.88,2025-03-15,PENDING
3328,8584,5435,Motor Accident,2026-05-23,106333.8,REJECTED,0,40,56238.09,2026-01-12,VERIFIED
3329,6439,8833,Health Claim,2025-08-28,6556.76,PENDING,0,89,32074.75,2025-10-27,PENDING
3330,13065,2923,Motor Accident,2025-06-22,140434.43,APPROVED,0,37,71685.68,2024-02-20,PENDING
3331,15116,6632,Property Damage,2025-07-03,5481.55,REJECTED,0,71,20169.67,2023-06-23,VERIFIED
3332,13366,1120,Property Damage,2025-08-26,73470.46,REJECTED,0,89,63792.07,2025-10-28,PENDING
3333,11960,3688,Health Claim,2025-07-18,8963.85,REJECTED,0,2,20749.26,2023-08-20,PENDING
3334,6682,2678,Motor Accident,2026-04-11,14171.54,REJECTED,0,27,21487.43,2024-11-30,VERIFIED
3335,19118,9814,Motor Accident,2025-10-21,17598.15,REJECTED,0,42,95287.92,2025-03-09,VERIFIED
3336,1279,2943,Life Claim,2025-06-29,48033.43,REJECTED,0,38,68704.41,2025-09-07,PENDING
3337,18481,3122,Life Claim,2026-03-14,126853.14,PENDING,0,76,73131.27,2025-04-12,PENDING
3338,831,8557,Life Claim,2025-09-27,127678.24,PENDING,0,79,66018.27,2025-03-16,VERIFIED
3339,8968,697,Motor Accident,2026-01-09,31625.99,REJECTED,0,79,98717.19,2024-11-09,PENDING
3340,7610,5122,Health Claim,2026-03-04,12701.27,APPROVED,0,20,44481.06,2024-07-19,PENDING
3341,3783,941,Motor Accident,2025-09-20,148271.36,REJECTED,0,45,83059.15,2023-08-03,VERIFIED
3342,12439,3787,Motor Accident,2026-05-05,98534.49,REJECTED,0,38,67762.61,2023-06-18,VERIFIED
3343,8994,3623,Life Claim,2026-01-28,8946.23,REJECTED,0,57,16418.37,2023-08-09,PENDING
3344,18068,7849,Life Claim,2026-02-10,99141.48,REJECTED,0,61,60285.95,2025-04-14,PENDING
3345,22876,684,Motor Accident,2025-12-05,56504.72,PENDING,0,35,89086.99,2024-10-03,PENDING
3346,17813,4844,Motor Accident,2026-02-26,2149.45,APPROVED,0,87,6372.68,2026-03-12,VERIFIED
3347,4019,1554,Health Claim,2025-09-08,41569.37,APPROVED,0,54,78693.43,2025-09-26,PENDING
3348,9147,5607,Property Damage,2025-06-27,15545.07,REJECTED,0,83,42542.04,2025-06-20,VERIFIED
3349,15448,50,Property Damage,2026-03-30,32324.68,PENDING,0,85,82206.85,2025-01-07,VERIFIED
3350,7445,649,Life Claim,2026-01-09,47224.65,APPROVED,0,57,70689.83,2025-06-08,PENDING
3351,16453,8820,Life Claim,2025-12-24,7239.32,REJECTED,0,40,22360.39,2025-06-20,VERIFIED
3352,9724,2718,Health Claim,2025-08-03,35498.3,REJECTED,0,74,51138.27,2023-08-15,PENDING
3353,14982,933,Property Damage,2026-04-29,105140.27,REJECTED,0,16,79349.29,2023-06-19,PENDING
3354,1118,5550,Motor Accident,2025-10-05,17590.18,REJECTED,0,59,29343.84,2024-07-27,PENDING
3355,19987,652,Life Claim,2025-12-02,27994.67,APPROVED,0,78,72706.28,2024-05-31,PENDING
3356,10586,8793,Health Claim,2025-10-14,21528.26,PENDING,0,31,79768.53,2025-10-23,PENDING
3357,10803,9800,Motor Accident,2026-01-15,4238.76,REJECTED,0,20,20864.84,2023-10-30,PENDING
3358,6823,1084,Property Damage,2025-11-29,10214.99,REJECTED,0,68,18577.56,2025-11-29,VERIFIED
3359,4013,6090,Health Claim,2025-10-19,135292.19,REJECTED,0,53,90151.89,2024-11-18,PENDING
3360,3264,8299,Health Claim,2025-10-26,36724.37,REJECTED,0,83,85329.7,2024-11-21,VERIFIED
3361,22815,1191,Property Damage,2025-08-07,66574.88,PENDING,0,65,34909.68,2025-02-01,VERIFIED
3362,15407,7737,Health Claim,2025-10-14,23291.33,PENDING,0,23,94335.0,2023-10-26,PENDING
3363,18950,1227,Health Claim,2025-09-29,1603.53,APPROVED,0,4,6366.29,2026-01-14,VERIFIED
3364,5115,7217,Property Damage,2025-12-28,44127.99,APPROVED,0,94,74504.29,2025-06-16,PENDING
3365,5927,1325,Life Claim,2025-06-10,20766.39,APPROVED,0,60,86852.39,2025-04-04,VERIFIED
3366,3645,1639,Motor Accident,2026-04-11,18930.73,REJECTED,0,6,77649.53,2026-03-17,PENDING
3367,24075,9032,Health Claim,2026-03-23,17330.32,REJECTED,0,58,58939.61,2023-12-19,PENDING
3368,23986,2685,Life Claim,2026-03-11,21596.57,REJECTED,0,52,67412.11,2026-01-30,VERIFIED
3369,16721,67,Motor Accident,2025-10-27,134825.7,APPROVED,0,60,96683.64,2024-01-25,PENDING
3370,6672,192,Life Claim,2026-02-02,55534.1,REJECTED,0,51,34937.72,2025-02-23,PENDING
3371,24983,1910,Property Damage,2025-05-30,56120.02,PENDING,0,51,36145.32,2026-01-07,VERIFIED
3372,7820,8726,Health Claim,2025-06-03,55257.87,PENDING,0,35,32119.52,2024-02-29,PENDING
3373,24012,7123,Property Damage,2026-05-10,33937.62,APPROVED,0,4,87997.12,2025-01-26,PENDING
3374,16184,7227,Health Claim,2025-12-27,15601.64,PENDING,0,67,63638.19,2023-10-06,PENDING
3375,20410,8122,Health Claim,2026-03-11,32153.87,APPROVED,0,95,49240.06,2026-04-09,VERIFIED
3376,23466,2471,Life Claim,2025-06-21,6851.97,REJECTED,0,53,32393.16,2025-02-14,VERIFIED
3377,10510,3663,Life Claim,2025-09-24,6328.01,PENDING,0,5,57443.32,2025-11-01,VERIFIED
3378,17378,458,Property Damage,2025-11-19,34356.39,APPROVED,0,33,49266.21,2024-01-19,PENDING
3379,4253,589,Property Damage,2026-01-17,10886.4,PENDING,0,14,65799.32,2025-10-02,VERIFIED
3380,8590,6477,Motor Accident,2026-01-01,1047.36,PENDING,0,78,8510.86,2025-07-29,PENDING
3381,22090,6792,Property Damage,2025-09-27,41289.54,PENDING,0,4,39837.98,2024-04-17,VERIFIED
3382,1601,8857,Life Claim,2025-10-20,6203.86,PENDING,0,94,27433.95,2026-05-02,VERIFIED
3383,23796,6135,Motor Accident,2026-05-24,14868.77,PENDING,0,32,58521.6,2025-06-10,PENDING
3384,2160,4844,Health Claim,2026-02-23,8579.87,APPROVED,0,98,12594.38,2023-06-30,PENDING
3385,7380,6652,Life Claim,2026-03-25,49813.88,PENDING,0,20,91918.27,2026-03-13,PENDING
3386,20753,2761,Motor Accident,2025-06-22,11437.55,PENDING,0,29,45736.03,2024-05-19,PENDING
3387,3558,8129,Motor Accident,2025-08-19,45874.73,APPROVED,0,9,66136.85,2024-06-22,PENDING
3388,21810,682,Motor Accident,2026-04-19,27203.07,APPROVED,0,36,41638.86,2025-03-13,VERIFIED
3389,5169,2856,Motor Accident,2025-08-31,3402.13,PENDING,0,48,9161.46,2023-12-05,PENDING
3390,20512,3769,Life Claim,2025-09-16,18991.62,PENDING,0,75,50094.68,2024-09-29,PENDING
3391,12258,2010,Motor Accident,2025-12-25,87409.0,APPROVED,0,43,61190.89,2026-05-03,VERIFIED
3392,7784,7477,Health Claim,2025-09-08,116242.51,PENDING,0,76,68850.02,2025-10-15,PENDING
3393,10192,4592,Health Claim,2026-04-03,17676.73,REJECTED,0,18,59046.59,2025-01-02,VERIFIED
3394,1545,680,Health Claim,2026-02-24,6804.53,PENDING,0,16,17505.88,2023-09-29,VERIFIED
3395,17038,3339,Motor Accident,2025-08-09,69530.5,REJECTED,0,48,53234.19,2023-07-14,PENDING
3396,23144,8668,Property Damage,2025-11-26,18919.57,REJECTED,0,94,59405.08,2026-01-24,PENDING
3397,7247,3832,Life Claim,2025-09-25,32141.11,APPROVED,0,38,72524.9,2024-01-02,VERIFIED
3398,22684,2049,Life Claim,2026-05-22,37706.69,APPROVED,0,32,69176.26,2024-07-27,VERIFIED
3399,14098,6565,Motor Accident,2026-05-01,2396.27,PENDING,0,68,11768.84,2026-03-26,VERIFIED
3400,11500,7768,Life Claim,2026-03-04,38720.73,REJECTED,0,67,25225.2,2026-02-18,VERIFIED
3401,24590,9717,Health Claim,2025-05-28,64197.37,APPROVED,0,17,34938.95,2025-07-14,PENDING
3402,266,6861,Life Claim,2025-08-03,18252.53,REJECTED,0,3,29294.51,2023-05-31,VERIFIED
3403,24179,635,Life Claim,2025-07-31,27884.94,APPROVED,0,95,71851.5,2023-08-13,PENDING
3404,21276,1251,Health Claim,2025-07-16,19312.14,APPROVED,0,47,47707.96,2023-11-07,PENDING
3405,8828,3777,Life Claim,2025-07-02,4379.13,REJECTED,0,10,14856.01,2024-11-29,VERIFIED
3406,12964,2967,Life Claim,2025-10-24,45159.48,REJECTED,0,92,67991.89,2024-05-02,VERIFIED
3407,9444,7134,Motor Accident,2025-06-26,42360.62,PENDING,0,29,79420.54,2024-12-07,VERIFIED
3408,3623,5995,Health Claim,2025-10-24,4351.53,APPROVED,0,56,7442.76,2026-03-27,PENDING
3409,7894,8320,Life Claim,2025-10-07,52331.52,REJECTED,0,34,78260.75,2025-01-17,VERIFIED
3410,21965,7169,Health Claim,2025-09-24,32000.5,REJECTED,0,37,21343.33,2023-08-17,VERIFIED
3411,17363,2031,Motor Accident,2026-03-29,10735.83,APPROVED,0,73,74662.2,2024-07-06,VERIFIED
3412,6883,4082,Property Damage,2026-02-16,16172.87,PENDING,0,54,31270.46,2026-03-01,PENDING
3413,22797,8540,Motor Accident,2025-09-04,10632.25,REJECTED,0,18,19836.47,2025-06-28,PENDING
3414,16447,7775,Life Claim,2025-08-27,12696.77,PENDING,0,55,39520.88,2025-06-26,PENDING
3415,6938,9091,Life Claim,2025-10-15,59961.93,PENDING,0,74,52349.44,2024-12-28,VERIFIED
3416,1951,2487,Motor Accident,2026-05-09,7030.91,REJECTED,0,15,16227.89,2024-01-15,PENDING
3417,6504,4985,Health Claim,2025-12-28,51024.77,PENDING,0,19,74121.08,2024-08-06,PENDING
3418,9247,2125,Health Claim,2025-07-05,23268.37,APPROVED,0,50,63474.33,2026-02-26,PENDING
3419,5813,2779,Life Claim,2026-05-07,59902.4,APPROVED,0,35,35221.66,2025-04-17,VERIFIED
3420,19564,6095,Property Damage,2025-07-15,16454.61,PENDING,0,43,41941.18,2024-06-28,VERIFIED
3421,4743,4419,Health Claim,2025-06-03,46711.08,REJECTED,0,39,36554.46,2024-07-05,PENDING
3422,11414,7169,Health Claim,2025-09-12,15046.87,APPROVED,0,14,61494.52,2024-07-12,VERIFIED
3423,1765,6059,Property Damage,2026-03-10,19190.72,APPROVED,0,54,14058.99,2026-02-18,VERIFIED
3424,24253,6081,Motor Accident,2025-11-17,16996.64,PENDING,0,35,97985.01,2024-12-19,VERIFIED
3425,15340,9104,Health Claim,2025-06-25,25661.28,PENDING,0,27,20129.99,2025-11-28,VERIFIED
3426,4505,3308,Motor Accident,2025-07-08,4439.56,PENDING,0,11,18851.8,2025-02-22,PENDING
3427,9218,4612,Motor Accident,2025-10-19,19111.23,PENDING,0,3,42739.0,2026-02-13,PENDING
3428,24514,4209,Life Claim,2026-01-23,28087.5,PENDING,0,42,71712.96,2026-04-26,VERIFIED
3429,20640,5098,Motor Accident,2026-04-28,22410.74,PENDING,0,18,21485.19,2025-08-18,VERIFIED
3430,22854,114,Property Damage,2025-08-03,97283.03,APPROVED,0,17,56165.17,2024-07-14,PENDING
3431,4261,4260,Health Claim,2025-10-22,19347.69,PENDING,0,98,89455.35,2025-08-12,VERIFIED
3432,16381,2938,Health Claim,2025-09-07,25929.07,PENDING,0,88,22430.72,2024-01-28,PENDING
3433,5222,9673,Life Claim,2025-12-23,13077.03,APPROVED,0,19,34051.52,2024-05-02,VERIFIED
3434,4522,3224,Property Damage,2025-10-03,50912.31,PENDING,0,4,94011.37,2025-05-30,VERIFIED
3435,340,7055,Life Claim,2026-01-14,42877.99,PENDING,0,11,81664.84,2023-11-04,PENDING
3436,16782,2264,Motor Accident,2025-07-26,60869.4,PENDING,0,27,47760.22,2023-06-12,PENDING
3437,23436,3108,Motor Accident,2026-03-10,2250.27,REJECTED,0,41,11174.35,2023-10-30,PENDING
3438,13008,5213,Life Claim,2025-09-19,13640.06,PENDING,0,12,66075.2,2025-03-02,PENDING
3439,9925,6427,Health Claim,2025-06-06,43342.51,APPROVED,0,60,79134.9,2023-08-23,VERIFIED
3440,4338,3684,Life Claim,2026-03-30,148483.91,PENDING,0,29,91378.03,2025-03-25,VERIFIED
3441,3620,52,Health Claim,2025-09-04,62664.64,APPROVED,0,10,94020.02,2025-02-16,PENDING
3442,6455,929,Motor Accident,2026-02-03,145100.79,REJECTED,0,44,81487.28,2024-11-05,PENDING
3443,2881,2442,Health Claim,2026-02-01,158707.7,PENDING,0,23,98028.24,2024-07-12,VERIFIED
3444,19273,2117,Life Claim,2026-04-22,4278.9,PENDING,0,33,41977.27,2025-09-21,VERIFIED
3445,8886,3135,Life Claim,2025-08-12,18427.07,PENDING,0,63,40828.85,2026-02-09,VERIFIED
3446,11323,1044,Property Damage,2026-01-10,28731.86,APPROVED,0,9,24130.17,2025-09-11,PENDING
3447,7149,3662,Property Damage,2026-01-28,26944.36,APPROVED,0,29,63778.46,2024-11-30,PENDING
3448,13817,3145,Motor Accident,2026-03-14,16053.28,PENDING,0,1,58902.17,2024-07-13,PENDING
3449,16395,679,Property Damage,2025-11-18,113691.73,REJECTED,0,32,62133.37,2025-07-21,VERIFIED
3450,13480,556,Life Claim,2026-01-01,11358.45,PENDING,0,86,57946.71,2025-05-05,VERIFIED
3451,13099,1327,Property Damage,2026-02-02,6073.72,REJECTED,0,5,19194.63,2023-09-18,PENDING
3452,14328,8005,Motor Accident,2026-03-09,9035.15,APPROVED,0,86,17711.81,2023-07-02,VERIFIED
3453,21547,6656,Life Claim,2026-04-15,58052.77,REJECTED,0,29,40308.2,2024-05-02,VERIFIED
3454,5659,4230,Health Claim,2026-02-11,88976.5,PENDING,0,56,88702.87,2025-10-26,PENDING
3455,10973,305,Motor Accident,2025-10-19,19020.16,REJECTED,0,33,79802.97,2026-02-20,PENDING
3456,4992,1830,Life Claim,2026-04-04,12366.24,APPROVED,0,32,40695.59,2023-12-01,VERIFIED
3457,16722,4266,Health Claim,2025-10-27,44297.35,PENDING,0,6,88641.99,2023-05-30,VERIFIED
3458,23117,7241,Health Claim,2025-07-12,4092.58,APPROVED,0,75,33373.27,2026-01-02,PENDING
3459,23151,1086,Motor Accident,2025-11-05,776.5,APPROVED,0,55,5410.73,2025-06-07,PENDING
3460,14820,8550,Property Damage,2025-09-28,16231.2,APPROVED,0,54,10643.27,2023-09-28,PENDING
3461,16448,7439,Property Damage,2026-02-23,11646.79,PENDING,0,41,10091.53,2023-07-18,VERIFIED
3462,8540,6283,Life Claim,2025-11-18,53979.06,REJECTED,0,38,40206.6,2026-03-21,PENDING
3463,24934,1743,Property Damage,2026-02-13,8815.54,APPROVED,0,67,85043.14,2024-08-10,PENDING
3464,2177,3076,Property Damage,2026-02-06,16881.55,REJECTED,0,23,54781.27,2024-04-17,PENDING
3465,10841,5354,Motor Accident,2025-11-21,10817.37,APPROVED,0,9,74170.25,2024-10-26,VERIFIED
3466,6426,6335,Property Damage,2026-02-28,5447.83,PENDING,0,75,10683.38,2024-08-30,PENDING
3467,24287,2944,Health Claim,2025-10-09,38505.55,APPROVED,0,13,26090.17,2024-12-03,PENDING
3468,24705,5871,Property Damage,2026-01-12,10601.16,APPROVED,0,18,36636.85,2025-11-05,PENDING
3469,4021,9689,Motor Accident,2025-06-06,38281.39,PENDING,0,3,20455.67,2023-08-05,VERIFIED
3470,11121,2054,Property Damage,2026-05-19,23219.05,REJECTED,0,46,13439.84,2024-03-29,PENDING
3471,6510,9689,Property Damage,2025-12-19,40456.69,REJECTED,0,71,58998.61,2024-02-20,PENDING
3472,2770,9339,Health Claim,2025-09-02,6961.6,PENDING,0,29,62271.88,2025-11-13,PENDING
3473,6093,6456,Health Claim,2025-05-26,6887.43,PENDING,0,19,59540.51,2024-07-13,PENDING
3474,20977,3571,Health Claim,2025-06-30,19323.82,APPROVED,0,96,99865.28,2024-01-12,VERIFIED
3475,10980,5245,Property Damage,2026-05-04,32542.88,APPROVED,0,13,99020.76,2024-04-03,PENDING
3476,11964,3621,Motor Accident,2025-07-22,36895.26,REJECTED,0,51,82718.82,2024-03-03,PENDING
3477,12656,8159,Property Damage,2025-08-16,26232.58,PENDING,0,97,14260.87,2025-11-07,VERIFIED
3478,198,7386,Life Claim,2026-02-21,10454.07,REJECTED,0,73,73000.6,2024-08-16,VERIFIED
3479,159,3893,Property Damage,2025-11-02,13829.05,PENDING,0,64,58792.23,2025-08-29,VERIFIED
3480,11650,1951,Life Claim,2025-06-29,111824.01,APPROVED,0,80,82468.92,2023-06-20,PENDING
3481,2179,8345,Property Damage,2026-02-28,38074.75,REJECTED,0,98,60544.89,2023-12-23,PENDING
3482,24991,7629,Property Damage,2025-06-24,17213.02,PENDING,0,99,84157.54,2025-05-13,VERIFIED
3483,10735,790,Health Claim,2025-12-29,1301.53,PENDING,0,67,5085.32,2026-05-04,PENDING
3484,1977,9152,Property Damage,2025-09-12,26850.14,REJECTED,0,58,82977.76,2023-06-08,PENDING
3485,22411,3963,Life Claim,2025-11-13,16813.9,PENDING,0,16,86864.54,2025-05-17,VERIFIED
3486,14099,8871,Life Claim,2025-06-15,153671.06,PENDING,0,68,82212.4,2024-10-02,PENDING
3487,12389,7628,Motor Accident,2026-03-08,36345.39,REJECTED,0,20,73117.4,2026-04-17,VERIFIED
3488,24722,3787,Life Claim,2026-03-01,116758.88,REJECTED,0,28,99715.27,2023-06-07,VERIFIED
3489,14838,5997,Property Damage,2025-07-31,7342.19,APPROVED,0,61,71284.81,2025-02-25,VERIFIED
3490,8672,6304,Life Claim,2025-09-22,14377.84,REJECTED,0,17,9577.54,2023-07-19,PENDING
3491,14202,9862,Health Claim,2025-09-12,78608.99,PENDING,0,89,46395.91,2023-07-23,PENDING
3492,4190,233,Health Claim,2025-12-26,5094.3,PENDING,0,66,27305.18,2025-12-17,VERIFIED
3493,4866,2467,Life Claim,2026-05-11,95836.31,APPROVED,0,58,63741.39,2025-09-18,PENDING
3494,9668,9058,Health Claim,2025-08-07,31668.35,REJECTED,0,11,19158.02,2025-08-29,VERIFIED
3495,4618,6329,Life Claim,2026-04-16,28619.01,PENDING,0,94,19190.51,2025-08-06,PENDING
3496,19714,9889,Life Claim,2025-08-16,47112.55,REJECTED,0,70,27886.99,2025-01-27,PENDING
3497,20244,4838,Property Damage,2025-10-22,34721.04,APPROVED,0,70,24995.67,2024-05-17,VERIFIED
3498,22737,4515,Property Damage,2026-01-09,110791.97,APPROVED,0,1,65914.86,2026-01-29,PENDING
3499,3273,5391,Life Claim,2025-10-03,11553.93,REJECTED,0,100,46956.88,2024-04-19,PENDING
3500,9934,161,Property Damage,2026-03-18,84783.74,PENDING,0,80,63785.59,2025-03-05,VERIFIED
3501,8651,4357,Property Damage,2026-03-04,21654.2,APPROVED,0,65,47832.07,2023-06-15,PENDING
3502,18228,4752,Life Claim,2025-10-12,27168.96,REJECTED,0,19,69154.04,2025-07-01,PENDING
3503,15565,3201,Motor Accident,2025-12-14,33640.25,APPROVED,0,23,83151.42,2026-01-02,VERIFIED
3504,17179,4284,Life Claim,2025-09-01,63269.74,PENDING,0,89,98480.75,2025-12-01,PENDING
3505,17530,4330,Property Damage,2025-12-21,9696.74,APPROVED,0,60,25851.33,2024-06-03,PENDING
3506,17454,277,Property Damage,2025-11-20,5021.45,PENDING,0,17,8839.76,2025-10-03,VERIFIED
3507,7573,7835,Life Claim,2026-02-22,25781.68,PENDING,0,38,80969.66,2024-08-18,VERIFIED
3508,12548,4198,Life Claim,2025-09-07,10841.61,REJECTED,0,6,10057.65,2025-08-22,PENDING
3509,23356,9455,Property Damage,2026-03-10,3013.2,PENDING,0,43,28208.07,2024-10-09,VERIFIED
3510,11887,4488,Health Claim,2026-04-29,11308.56,PENDING,0,36,95025.08,2023-11-04,PENDING
3511,11321,431,Property Damage,2025-12-07,31483.38,REJECTED,0,80,96118.38,2026-05-02,VERIFIED
3512,3398,6976,Property Damage,2026-03-03,19233.03,APPROVED,0,90,52048.36,2026-03-11,PENDING
3513,20609,8651,Life Claim,2025-06-12,56383.1,APPROVED,0,5,54833.87,2023-06-13,PENDING
3514,14040,1223,Property Damage,2025-12-24,37554.52,PENDING,0,75,68667.69,2024-06-06,VERIFIED
3515,6205,9332,Health Claim,2026-04-24,32952.8,REJECTED,0,47,50068.52,2024-05-02,PENDING
3516,10569,3847,Motor Accident,2025-09-28,13293.7,REJECTED,0,15,28558.26,2024-09-01,VERIFIED
3517,10758,6869,Motor Accident,2025-07-23,38821.79,APPROVED,0,6,21503.69,2024-10-06,VERIFIED
3518,3787,1808,Life Claim,2025-08-03,50386.82,REJECTED,0,15,47643.45,2024-05-04,VERIFIED
3519,1859,2950,Health Claim,2026-01-11,166124.45,REJECTED,0,41,88124.04,2023-10-12,PENDING
3520,5977,5709,Life Claim,2026-01-28,38978.14,PENDING,0,93,31347.11,2026-03-03,PENDING
3521,7250,9284,Health Claim,2025-06-20,78037.03,REJECTED,0,85,45223.39,2025-07-27,PENDING
3522,17773,5213,Motor Accident,2025-06-14,26873.91,PENDING,0,83,77938.84,2023-09-09,PENDING
3523,3251,6068,Life Claim,2025-08-02,8803.11,PENDING,0,15,71750.87,2023-08-11,VERIFIED
3524,8071,7255,Health Claim,2025-12-20,4774.59,APPROVED,0,35,9876.52,2024-10-18,VERIFIED
3525,6136,9278,Motor Accident,2026-04-30,52977.04,PENDING,0,23,85601.58,2024-04-30,VERIFIED
3526,17326,2706,Property Damage,2026-01-18,3864.62,PENDING,0,20,10094.53,2024-07-01,VERIFIED
3527,19155,668,Life Claim,2025-10-20,133245.89,REJECTED,0,89,73171.82,2025-01-31,PENDING
3528,20745,4105,Health Claim,2025-08-24,9712.81,PENDING,0,3,31595.49,2023-10-28,VERIFIED
3529,3432,6666,Health Claim,2025-08-13,19075.62,APPROVED,0,34,47064.05,2025-10-07,VERIFIED
3530,24359,2796,Health Claim,2025-06-03,28914.25,REJECTED,0,50,43373.81,2025-07-23,PENDING
3531,8989,5702,Life Claim,2025-12-18,21173.91,PENDING,0,65,57014.42,2024-04-12,VERIFIED
3532,24011,8399,Property Damage,2026-03-20,8050.83,APPROVED,0,22,52565.27,2023-12-22,VERIFIED
3533,21564,8615,Property Damage,2026-02-13,11490.13,PENDING,0,83,97019.16,2023-11-04,VERIFIED
3534,966,2226,Motor Accident,2026-03-11,7987.44,APPROVED,0,78,16399.63,2025-04-24,PENDING
3535,1241,1957,Property Damage,2026-03-12,2546.9,REJECTED,0,43,8251.06,2024-02-12,PENDING
3536,10400,5865,Motor Accident,2025-10-11,37045.8,PENDING,0,75,60492.4,2023-06-29,VERIFIED
3537,5894,4534,Life Claim,2025-06-29,5241.53,REJECTED,0,63,24263.88,2025-03-02,VERIFIED
3538,13527,5381,Property Damage,2025-09-23,25679.7,APPROVED,0,93,45600.83,2023-11-22,VERIFIED
3539,12168,4535,Health Claim,2026-01-19,35203.42,PENDING,0,90,93312.35,2023-12-13,VERIFIED
3540,11995,800,Property Damage,2026-04-15,4510.82,REJECTED,0,77,6461.17,2023-07-13,VERIFIED
3541,16082,9666,Life Claim,2025-12-06,26001.93,APPROVED,0,18,94375.53,2026-02-24,PENDING
3542,568,247,Health Claim,2025-05-29,35988.34,REJECTED,0,59,60409.57,2025-02-17,VERIFIED
3543,251,8494,Motor Accident,2025-12-30,21716.99,REJECTED,0,50,38610.37,2024-03-16,PENDING
3544,1078,5675,Health Claim,2026-01-14,57845.9,PENDING,0,15,94559.33,2023-10-26,VERIFIED
3545,1014,3683,Property Damage,2025-08-26,12025.53,APPROVED,0,69,21442.8,2023-12-19,VERIFIED
3546,13137,1834,Motor Accident,2025-08-20,86865.68,REJECTED,0,19,66745.24,2025-05-31,PENDING
3547,2238,6000,Property Damage,2025-10-24,23916.11,PENDING,0,73,59350.75,2025-04-27,PENDING
3548,659,7065,Life Claim,2025-08-27,13814.35,PENDING,0,29,88596.26,2026-03-10,PENDING
3549,22029,7762,Property Damage,2025-11-06,86119.68,APPROVED,0,58,58139.37,2024-04-16,PENDING
3550,19,3881,Health Claim,2026-02-20,26399.91,REJECTED,0,26,92232.49,2026-02-14,PENDING
3551,14218,2866,Property Damage,2025-12-06,23169.27,APPROVED,0,17,64940.96,2024-07-02,VERIFIED
3552,24982,2292,Motor Accident,2025-09-28,40048.97,PENDING,0,93,77165.26,2024-09-16,PENDING
3553,17770,5867,Health Claim,2026-01-21,32944.4,REJECTED,0,36,50836.95,2026-02-06,VERIFIED
3554,9045,7097,Property Damage,2026-05-09,149378.58,APPROVED,0,14,79418.07,2024-06-01,PENDING
3555,16877,9970,Property Damage,2025-11-09,42957.54,REJECTED,0,68,86898.04,2025-06-13,VERIFIED
3556,16463,760,Motor Accident,2026-04-28,138253.4,REJECTED,0,84,87965.97,2025-04-14,PENDING
3557,10743,1378,Motor Accident,2026-05-10,14614.62,APPROVED,0,44,61673.98,2026-03-29,PENDING
3558,20599,7161,Motor Accident,2025-09-16,8989.1,APPROVED,0,4,27637.23,2023-07-28,VERIFIED
3559,220,1689,Life Claim,2025-12-07,42801.61,REJECTED,0,36,82828.69,2023-09-23,PENDING
3560,19664,2024,Motor Accident,2025-06-29,10337.21,APPROVED,0,92,35065.43,2024-07-02,PENDING
3561,13516,4463,Health Claim,2026-03-11,10036.8,REJECTED,0,45,46467.7,2025-07-04,VERIFIED
3562,1944,7660,Life Claim,2026-02-14,14372.54,APPROVED,0,21,7464.94,2025-11-06,VERIFIED
3563,22064,8207,Health Claim,2025-06-07,18227.82,APPROVED,0,27,47395.91,2023-07-21,PENDING
3564,12804,3240,Property Damage,2026-01-17,9529.88,PENDING,0,32,14126.41,2026-04-12,VERIFIED
3565,2265,4383,Property Damage,2026-05-06,11041.2,PENDING,0,18,65238.87,2024-07-28,VERIFIED
3566,4438,9917,Life Claim,2025-11-26,3513.45,PENDING,0,26,5153.83,2023-05-27,VERIFIED
3567,22628,1993,Health Claim,2025-10-22,30961.61,REJECTED,0,35,49889.53,2025-09-14,PENDING
3568,17640,100,Motor Accident,2025-08-18,45495.65,REJECTED,0,93,70529.53,2023-07-17,PENDING
3569,2404,1400,Motor Accident,2026-01-31,18860.89,APPROVED,0,60,99694.06,2025-04-02,VERIFIED
3570,2660,9614,Motor Accident,2025-10-29,5661.28,PENDING,0,73,20581.69,2025-01-17,VERIFIED
3571,24681,2181,Health Claim,2025-12-27,36074.86,APPROVED,0,4,73517.9,2025-10-18,PENDING
3572,23693,6168,Life Claim,2026-02-19,68834.62,REJECTED,0,51,46690.48,2025-11-24,PENDING
3573,21991,4450,Motor Accident,2025-12-04,149518.45,REJECTED,0,21,96661.27,2025-11-07,PENDING
3574,21262,8777,Property Damage,2025-08-22,44194.75,PENDING,0,41,63271.21,2023-12-13,PENDING
3575,21257,3551,Motor Accident,2026-01-31,14482.56,APPROVED,0,3,59225.77,2024-03-03,PENDING
3576,7077,4108,Life Claim,2025-07-03,49536.92,REJECTED,0,71,95205.63,2024-01-20,VERIFIED
3577,13926,9373,Life Claim,2025-06-08,6769.73,APPROVED,0,37,61166.17,2024-07-06,PENDING
3578,17674,4531,Motor Accident,2025-06-22,50302.32,PENDING,0,94,93543.75,2023-12-06,PENDING
3579,24171,2109,Life Claim,2025-06-01,1343.94,APPROVED,0,63,6352.72,2025-07-19,VERIFIED
3580,10314,9328,Property Damage,2026-04-07,40093.11,APPROVED,0,26,62918.45,2025-03-31,VERIFIED
3581,11459,9571,Life Claim,2025-06-05,18616.04,PENDING,0,73,42025.08,2023-06-24,PENDING
3582,20688,4205,Motor Accident,2025-07-05,2657.74,PENDING,0,24,6878.17,2024-04-22,PENDING
3583,732,3593,Property Damage,2025-09-15,6533.76,PENDING,0,44,15460.74,2025-09-01,VERIFIED
3584,16619,5210,Life Claim,2025-08-12,22275.4,REJECTED,0,77,67382.7,2024-03-12,PENDING
3585,10517,3174,Life Claim,2026-03-02,11403.5,REJECTED,0,17,16977.22,2024-04-10,PENDING
3586,10694,678,Health Claim,2026-04-03,70846.94,PENDING,0,47,60806.29,2025-03-28,VERIFIED
3587,9091,365,Property Damage,2026-01-22,44426.94,APPROVED,0,38,70194.95,2026-04-23,VERIFIED
3588,23582,8472,Health Claim,2026-05-21,65871.73,REJECTED,0,11,99059.29,2024-06-23,PENDING
3589,13561,3576,Motor Accident,2025-12-06,32954.45,PENDING,0,41,52478.17,2024-09-13,VERIFIED
3590,24840,7823,Life Claim,2025-11-19,78916.28,PENDING,0,27,63672.24,2024-12-15,VERIFIED
3591,6848,4881,Property Damage,2025-11-26,27962.75,PENDING,0,51,57379.6,2025-11-03,PENDING
3592,21409,9269,Health Claim,2026-04-20,160616.54,REJECTED,0,16,82397.21,2025-01-17,VERIFIED
3593,13959,7074,Health Claim,2025-08-28,46738.73,REJECTED,0,38,73102.48,2023-12-03,PENDING
3594,839,5898,Motor Accident,2026-01-31,99772.79,APPROVED,0,38,62798.39,2026-01-18,VERIFIED
3595,23958,2767,Health Claim,2025-09-09,11078.81,APPROVED,0,85,64150.52,2024-03-15,VERIFIED
3596,584,8921,Health Claim,2025-11-21,1966.27,APPROVED,0,94,7859.38,2026-05-18,PENDING
3597,10688,9570,Motor Accident,2026-05-17,5965.89,PENDING,0,81,46053.86,2023-12-03,VERIFIED
3598,14081,7025,Property Damage,2025-09-30,35075.26,PENDING,0,58,56217.04,2024-09-24,VERIFIED
3599,10906,7972,Life Claim,2025-08-10,169729.42,REJECTED,0,31,90546.41,2025-09-30,VERIFIED
3600,21476,335,Health Claim,2025-12-15,12230.59,REJECTED,0,13,34680.5,2025-12-31,PENDING
3601,24511,1643,Life Claim,2026-01-26,6297.14,REJECTED,0,16,42418.63,2024-05-19,VERIFIED
3602,2077,7709,Life Claim,2025-08-20,3094.35,APPROVED,0,58,8430.78,2023-08-03,PENDING
3603,14532,1822,Property Damage,2025-11-22,110405.34,APPROVED,0,61,99103.99,2024-08-06,VERIFIED
3604,1815,5667,Health Claim,2026-04-04,28944.13,APPROVED,0,26,59913.79,2024-01-07,PENDING
3605,8778,1279,Health Claim,2026-02-04,18939.63,REJECTED,0,23,30866.77,2026-04-11,VERIFIED
3606,20025,4816,Life Claim,2025-12-25,57176.63,REJECTED,0,69,89388.72,2023-08-25,VERIFIED
3607,20387,4176,Property Damage,2026-02-09,82423.18,PENDING,0,26,60125.58,2024-12-07,PENDING
3608,21834,6370,Motor Accident,2026-03-22,35277.94,PENDING,0,72,51323.49,2025-03-25,PENDING
3609,15605,243,Motor Accident,2026-04-09,26226.9,APPROVED,0,24,68152.84,2025-10-20,VERIFIED
3610,5248,4937,Life Claim,2026-03-21,78777.86,APPROVED,0,45,60023.23,2023-07-25,VERIFIED
3611,23217,4426,Property Damage,2026-03-30,26292.15,REJECTED,0,55,68801.19,2023-09-04,VERIFIED
3612,1517,4215,Life Claim,2025-06-09,40706.28,PENDING,0,39,65282.33,2025-02-23,VERIFIED
3613,24062,5927,Motor Accident,2026-04-26,63340.74,APPROVED,0,38,97257.48,2025-04-12,PENDING
3614,22412,5331,Property Damage,2025-11-28,13572.77,PENDING,0,34,55996.35,2023-10-01,PENDING
3615,14199,95,Health Claim,2025-12-25,13351.03,APPROVED,0,97,81279.62,2025-05-23,VERIFIED
3616,467,2100,Health Claim,2025-10-16,6055.34,APPROVED,0,11,24263.84,2023-12-12,VERIFIED
3617,2610,529,Life Claim,2026-05-06,6269.56,REJECTED,0,38,12439.2,2023-12-01,PENDING
3618,17427,31,Health Claim,2025-12-31,66992.16,APPROVED,0,52,37558.39,2024-01-01,PENDING
3619,15683,5572,Health Claim,2026-01-22,14828.72,APPROVED,0,91,8074.3,2024-11-04,PENDING
3620,13321,9840,Life Claim,2026-04-22,14200.89,REJECTED,0,46,40128.02,2024-11-27,VERIFIED
3621,22502,4446,Property Damage,2026-01-11,5508.75,APPROVED,0,90,39283.4,2023-06-29,PENDING
3622,2372,2186,Property Damage,2026-05-01,15857.64,REJECTED,0,59,94897.03,2026-03-25,PENDING
3623,6085,3471,Property Damage,2025-08-10,23767.32,PENDING,0,41,35903.23,2025-01-28,VERIFIED
3624,122,9782,Health Claim,2025-06-29,7881.43,PENDING,0,20,32753.04,2023-10-09,PENDING
3625,21283,4411,Health Claim,2025-06-25,19814.45,REJECTED,0,83,80496.0,2025-04-09,PENDING
3626,11637,7662,Property Damage,2026-01-31,7520.26,PENDING,0,77,26584.89,2025-05-17,VERIFIED
3627,1753,9039,Health Claim,2026-03-10,9004.96,PENDING,0,52,54023.19,2025-08-17,PENDING
3628,13491,2664,Motor Accident,2025-08-17,9088.49,REJECTED,0,62,21139.04,2023-06-04,VERIFIED
3629,18954,2080,Health Claim,2025-10-23,26403.95,PENDING,0,56,86399.52,2026-03-16,VERIFIED
3630,11067,1303,Motor Accident,2025-11-03,20074.05,PENDING,0,56,76120.99,2025-05-05,VERIFIED
3631,8130,7446,Property Damage,2025-09-25,54676.98,PENDING,0,38,86329.32,2025-07-21,VERIFIED
3632,15327,7623,Life Claim,2026-01-29,20020.27,REJECTED,0,31,15501.11,2024-08-22,PENDING
3633,22671,3650,Life Claim,2026-05-16,28539.2,PENDING,0,37,87333.55,2025-05-13,VERIFIED
3634,16044,1215,Life Claim,2026-03-17,29578.96,REJECTED,0,61,70343.79,2026-05-21,VERIFIED
3635,11843,9662,Property Damage,2026-04-02,13085.03,REJECTED,0,2,72277.02,2024-07-19,PENDING
3636,17962,9600,Life Claim,2026-01-29,78816.96,PENDING,0,38,48195.53,2026-05-12,PENDING
3637,21545,5979,Property Damage,2025-11-13,18395.72,REJECTED,0,44,33977.56,2026-02-16,PENDING
3638,15273,5252,Life Claim,2025-08-09,11100.45,APPROVED,0,74,23256.5,2023-10-04,PENDING
3639,8757,1845,Motor Accident,2025-09-11,18242.75,APPROVED,0,37,38921.41,2023-11-24,VERIFIED
3640,2797,3794,Property Damage,2025-09-29,622.94,APPROVED,0,15,5244.17,2024-11-15,PENDING
3641,8133,9389,Motor Accident,2025-05-25,17470.73,PENDING,0,25,64025.63,2024-07-27,VERIFIED
3642,78,3451,Life Claim,2025-12-01,74512.34,APPROVED,0,17,51467.94,2024-08-04,VERIFIED
3643,21532,3559,Property Damage,2025-11-21,29252.17,PENDING,0,17,27250.62,2024-09-19,PENDING
3644,9059,6693,Life Claim,2025-10-12,90703.61,PENDING,0,66,50281.41,2025-09-16,VERIFIED
3645,10049,7800,Property Damage,2026-05-24,35294.45,APPROVED,0,44,55091.62,2025-07-20,VERIFIED
3646,23818,5324,Property Damage,2025-06-24,38249.51,APPROVED,0,71,29207.9,2026-04-18,VERIFIED
3647,6274,171,Life Claim,2025-12-20,12454.78,REJECTED,0,78,19478.78,2023-09-22,VERIFIED
3648,7260,3955,Property Damage,2026-05-02,37744.67,REJECTED,0,45,98557.89,2023-12-08,PENDING
3649,6194,681,Life Claim,2025-11-26,32434.46,PENDING,0,14,88518.78,2026-03-09,VERIFIED
3650,15551,6558,Motor Accident,2025-10-19,19285.83,REJECTED,0,80,58016.87,2024-07-12,PENDING
3651,14166,3500,Life Claim,2025-10-03,37348.83,APPROVED,0,100,71311.99,2026-04-18,PENDING
3652,1776,7303,Health Claim,2026-02-03,71539.12,APPROVED,0,71,40494.59,2025-09-01,VERIFIED
3653,10399,4521,Motor Accident,2026-05-24,27303.3,APPROVED,0,56,57574.31,2026-05-09,PENDING
3654,4270,494,Health Claim,2025-06-08,9039.95,PENDING,0,4,19059.76,2024-07-16,PENDING
3655,18982,2181,Health Claim,2025-06-08,15359.16,PENDING,0,67,43607.45,2025-01-08,VERIFIED
3656,17894,5501,Property Damage,2026-02-18,20020.42,APPROVED,0,96,72443.54,2024-08-24,VERIFIED
3657,11594,5462,Motor Accident,2025-09-25,21634.03,APPROVED,0,48,82382.51,2024-03-23,VERIFIED
3658,1535,5755,Health Claim,2025-07-03,14563.31,REJECTED,0,46,21172.35,2024-04-23,PENDING
3659,16395,6518,Life Claim,2025-08-27,95877.47,REJECTED,0,19,72307.79,2024-12-29,VERIFIED
3660,21289,688,Life Claim,2026-01-23,15749.1,APPROVED,0,49,23557.67,2024-12-09,PENDING
3661,22206,5169,Health Claim,2025-06-20,36624.25,REJECTED,0,85,90341.75,2023-10-07,VERIFIED
3662,22970,3292,Health Claim,2025-11-17,21111.04,PENDING,0,27,41258.17,2024-12-18,VERIFIED
3663,1576,5987,Property Damage,2026-01-01,10887.63,REJECTED,0,21,26176.42,2025-06-17,VERIFIED
3664,16828,2014,Motor Accident,2025-08-08,4601.49,REJECTED,0,85,9652.65,2025-12-11,PENDING
3665,828,8799,Property Damage,2025-08-12,11424.36,APPROVED,0,87,76808.73,2025-08-31,VERIFIED
3666,19178,3684,Health Claim,2025-06-24,135580.83,APPROVED,0,57,75727.0,2026-04-28,VERIFIED
3667,17730,904,Property Damage,2025-10-16,23247.39,REJECTED,0,46,39347.33,2024-01-12,PENDING
3668,6075,1701,Motor Accident,2026-05-04,116614.51,PENDING,0,76,86852.3,2023-12-26,PENDING
3669,10010,4498,Motor Accident,2025-05-25,15709.38,PENDING,0,54,95695.19,2024-01-30,VERIFIED
3670,2571,3682,Life Claim,2025-12-19,40290.76,REJECTED,0,5,88106.75,2023-09-03,VERIFIED
3671,16620,7445,Health Claim,2025-11-27,15419.65,REJECTED,0,68,93859.35,2025-01-30,PENDING
3672,16510,4807,Life Claim,2025-11-23,172489.77,APPROVED,0,49,90352.07,2025-01-26,VERIFIED
3673,9677,9357,Health Claim,2025-07-24,1764.52,REJECTED,0,51,14814.13,2025-02-03,VERIFIED
3674,22949,2608,Property Damage,2025-06-09,23041.3,REJECTED,0,9,33995.65,2023-06-04,VERIFIED
3675,11786,3094,Motor Accident,2025-08-17,17988.05,PENDING,0,53,16709.88,2025-08-01,VERIFIED
3676,16130,7399,Health Claim,2026-01-31,51689.02,APPROVED,0,43,89729.49,2024-02-17,VERIFIED
3677,10582,9238,Health Claim,2025-06-18,31407.24,APPROVED,0,100,68156.72,2024-05-04,PENDING
3678,22740,6208,Life Claim,2025-09-14,3707.59,REJECTED,0,84,10644.89,2024-03-15,VERIFIED
3679,13479,6214,Health Claim,2026-01-04,95417.89,REJECTED,0,21,60948.6,2024-08-19,VERIFIED
3680,18104,3832,Motor Accident,2026-04-21,4585.21,PENDING,0,7,11027.92,2024-06-01,VERIFIED
3681,11588,6697,Life Claim,2025-09-19,13160.23,PENDING,0,12,27765.54,2024-01-12,PENDING
3682,6523,9622,Motor Accident,2025-10-17,6056.53,APPROVED,0,63,50490.72,2025-07-08,VERIFIED
3683,10026,9517,Health Claim,2025-10-12,15255.61,PENDING,0,4,92868.69,2026-05-05,VERIFIED
3684,2365,8140,Property Damage,2026-01-08,11702.55,APPROVED,0,52,54254.04,2023-11-03,VERIFIED
3685,1378,638,Health Claim,2025-08-23,18908.3,REJECTED,0,96,44268.57,2024-02-01,VERIFIED
3686,21041,5810,Life Claim,2025-10-24,1893.05,APPROVED,0,66,8487.83,2025-11-03,VERIFIED
3687,9460,9326,Motor Accident,2025-12-12,27879.37,REJECTED,0,88,88984.75,2023-09-16,PENDING
3688,14484,3319,Motor Accident,2025-11-24,132186.25,PENDING,0,95,82263.46,2024-01-16,PENDING
3689,5647,1778,Property Damage,2026-05-19,15996.26,REJECTED,0,91,39574.32,2025-09-08,VERIFIED
3690,397,5460,Property Damage,2025-07-03,38236.87,PENDING,0,67,73887.43,2025-07-11,VERIFIED
3691,1432,8385,Motor Accident,2025-06-11,26462.59,PENDING,0,31,72838.36,2023-11-17,PENDING
3692,21120,5867,Motor Accident,2026-01-20,14649.87,APPROVED,0,72,41709.92,2024-02-25,VERIFIED
3693,16572,6431,Motor Accident,2026-04-11,23662.02,REJECTED,0,28,76485.14,2024-09-17,VERIFIED
3694,7835,3898,Life Claim,2026-01-27,9466.77,REJECTED,0,41,28359.24,2024-07-23,VERIFIED
3695,14897,6992,Motor Accident,2025-05-25,10439.68,REJECTED,0,94,28345.34,2024-07-22,VERIFIED
3696,9647,7845,Motor Accident,2025-12-13,41055.57,REJECTED,0,40,62663.66,2026-04-18,VERIFIED
3697,128,5769,Motor Accident,2026-01-29,39243.85,PENDING,0,52,73340.22,2023-10-01,VERIFIED
3698,23409,8115,Health Claim,2026-03-07,28691.43,PENDING,0,86,65678.35,2026-02-24,VERIFIED
3699,6259,8792,Life Claim,2026-02-23,12844.43,APPROVED,0,28,36258.14,2024-04-08,PENDING
3700,5118,5043,Property Damage,2026-01-20,16188.12,PENDING,0,40,75526.02,2024-03-07,VERIFIED
3701,5285,9527,Health Claim,2026-04-16,9909.78,PENDING,0,1,18499.26,2024-02-24,PENDING
3702,15513,5910,Health Claim,2025-12-03,16366.83,PENDING,0,55,49281.56,2026-02-05,VERIFIED
3703,22801,1818,Life Claim,2026-01-11,15305.21,PENDING,0,64,72650.5,2024-09-05,VERIFIED
3704,7717,5161,Property Damage,2026-04-06,14496.43,APPROVED,0,33,44621.45,2026-01-14,VERIFIED
3705,10052,4852,Life Claim,2025-12-31,6945.32,PENDING,0,79,18728.86,2025-09-25,PENDING
3706,13419,579,Health Claim,2026-04-10,79907.48,PENDING,0,3,41675.49,2024-01-24,PENDING
3707,3019,6670,Motor Accident,2025-08-20,88831.07,PENDING,0,1,48834.23,2025-07-27,PENDING
3708,1916,8849,Life Claim,2025-10-21,56138.22,APPROVED,0,88,43898.47,2025-10-14,PENDING
3709,23119,7656,Health Claim,2026-02-11,19619.24,REJECTED,0,69,68840.96,2025-08-11,PENDING
3710,12866,7952,Property Damage,2026-02-08,30848.68,APPROVED,0,57,78487.01,2026-01-29,PENDING
3711,3702,744,Health Claim,2025-09-02,28587.49,REJECTED,0,42,56338.54,2025-04-15,VERIFIED
3712,20979,2743,Motor Accident,2026-02-17,4481.79,PENDING,0,53,19257.48,2023-05-27,VERIFIED
3713,21211,312,Motor Accident,2025-09-30,28554.44,REJECTED,0,85,43325.51,2025-03-31,PENDING
3714,5329,2665,Health Claim,2025-09-22,6434.32,APPROVED,0,97,36348.93,2025-02-22,VERIFIED
3715,9568,1225,Motor Accident,2025-08-01,16174.06,PENDING,0,21,43698.0,2023-12-08,VERIFIED
3716,21264,1247,Motor Accident,2025-12-05,33779.71,APPROVED,0,48,72010.14,2026-05-13,PENDING
3717,16519,4113,Motor Accident,2026-05-03,14008.81,PENDING,0,27,22644.07,2025-10-17,PENDING
3718,9302,9485,Motor Accident,2025-12-15,47494.11,REJECTED,0,4,28314.78,2023-11-28,VERIFIED
3719,19180,5465,Property Damage,2026-03-06,21899.78,PENDING,0,77,82759.98,2025-08-04,PENDING
3720,13914,4558,Property Damage,2026-01-13,59375.46,PENDING,0,64,38421.68,2025-10-13,PENDING
3721,5806,7285,Life Claim,2025-11-13,14453.31,APPROVED,0,49,29004.37,2025-03-17,VERIFIED
3722,23980,1593,Motor Accident,2025-06-16,55670.08,PENDING,0,29,42613.47,2025-06-07,PENDING
3723,18612,6124,Life Claim,2026-02-03,46071.15,APPROVED,0,37,66929.72,2024-07-30,VERIFIED
3724,16983,6246,Motor Accident,2025-10-05,52214.39,REJECTED,0,43,96666.28,2023-07-13,VERIFIED
3725,15077,9352,Motor Accident,2025-09-28,38411.13,APPROVED,0,32,73575.97,2025-06-29,VERIFIED
3726,2103,5307,Motor Accident,2026-04-11,57443.62,REJECTED,0,25,94553.64,2025-09-25,VERIFIED
3727,17985,1006,Property Damage,2025-11-20,2528.95,REJECTED,0,63,10027.9,2023-09-07,PENDING
3728,24589,7277,Motor Accident,2025-09-12,37485.16,APPROVED,0,27,21136.3,2024-12-09,PENDING
3729,19980,4030,Life Claim,2026-01-12,54990.48,PENDING,0,23,95745.45,2023-07-03,PENDING
3730,20938,4080,Motor Accident,2026-04-19,88060.96,APPROVED,0,84,54674.99,2025-02-13,PENDING
3731,14477,6509,Motor Accident,2026-03-10,64186.6,APPROVED,0,46,46065.41,2024-03-10,PENDING
3732,6096,3818,Health Claim,2025-11-06,13440.45,REJECTED,0,61,30974.1,2024-09-02,VERIFIED
3733,17227,7082,Property Damage,2026-05-16,14184.24,PENDING,0,92,51053.66,2026-02-26,PENDING
3734,22008,2606,Life Claim,2025-09-06,17393.09,PENDING,0,30,40248.06,2024-11-18,PENDING
3735,21655,4959,Motor Accident,2025-08-08,32337.41,PENDING,0,85,64796.35,2024-06-11,VERIFIED
3736,21106,6075,Health Claim,2026-03-10,44039.49,REJECTED,0,69,23886.05,2024-05-04,PENDING
3737,5329,9000,Health Claim,2025-06-05,14943.78,PENDING,0,88,58019.73,2026-01-25,VERIFIED
3738,11692,1920,Life Claim,2025-12-24,64438.56,APPROVED,0,12,49702.85,2025-01-12,PENDING
3739,21329,6474,Property Damage,2025-07-11,99970.72,APPROVED,0,88,61985.68,2024-03-31,VERIFIED
3740,17454,2175,Motor Accident,2025-08-24,44919.59,PENDING,0,52,84042.4,2025-03-26,VERIFIED
3741,5583,4355,Life Claim,2025-06-24,13053.55,PENDING,0,18,39269.36,2024-08-02,VERIFIED
3742,13868,6081,Property Damage,2025-12-23,4058.89,APPROVED,0,72,34244.39,2025-11-03,PENDING
3743,5804,455,Property Damage,2026-01-25,3186.3,APPROVED,0,86,6760.28,2025-09-08,VERIFIED
3744,20559,4247,Health Claim,2026-02-20,3651.54,APPROVED,0,18,8160.72,2024-09-21,VERIFIED
3745,24132,364,Property Damage,2025-07-26,23807.49,REJECTED,0,23,69807.16,2025-02-16,PENDING
3746,21066,7977,Health Claim,2026-02-03,15519.06,REJECTED,0,74,11892.76,2024-02-14,VERIFIED
3747,20013,4980,Motor Accident,2025-06-25,8023.64,PENDING,0,38,50265.01,2026-01-02,PENDING
3748,125,4344,Motor Accident,2026-04-29,11049.95,REJECTED,0,20,23153.12,2023-06-22,VERIFIED
3749,21466,52,Life Claim,2025-07-08,104262.01,APPROVED,0,24,81291.7,2025-06-18,VERIFIED
3750,11908,2786,Property Damage,2026-05-20,13342.91,REJECTED,0,96,7306.01,2025-01-12,VERIFIED
3751,1737,7839,Motor Accident,2025-10-29,26522.56,APPROVED,0,30,49489.07,2024-11-29,VERIFIED
3752,24333,5545,Motor Accident,2026-03-25,7373.54,PENDING,0,58,12751.59,2026-03-20,PENDING
3753,19038,527,Property Damage,2026-04-10,7285.0,PENDING,0,8,18228.43,2024-10-08,VERIFIED
3754,5509,5979,Property Damage,2026-01-22,27353.84,PENDING,0,9,91489.64,2023-10-16,PENDING
3755,5319,7415,Motor Accident,2025-09-21,11922.33,APPROVED,0,18,72024.16,2024-02-20,VERIFIED
3756,11800,7016,Life Claim,2026-05-16,154888.45,REJECTED,0,9,78139.83,2023-10-11,VERIFIED
3757,16577,1695,Motor Accident,2025-09-21,25044.36,REJECTED,0,63,51611.73,2025-10-25,VERIFIED
3758,14967,5166,Property Damage,2025-09-19,29600.74,REJECTED,0,77,42921.98,2024-07-15,VERIFIED
3759,8603,5500,Life Claim,2025-10-23,26645.6,APPROVED,0,82,94062.18,2023-05-26,PENDING
3760,16710,2122,Life Claim,2025-08-06,8856.66,PENDING,0,10,31588.59,2024-11-11,VERIFIED
3761,22395,3151,Motor Accident,2025-10-03,15446.72,PENDING,0,18,24486.01,2023-12-19,PENDING
3762,75,6584,Life Claim,2025-11-13,11947.2,PENDING,0,81,20630.16,2025-03-23,VERIFIED
3763,14143,7094,Health Claim,2026-05-23,57592.61,APPROVED,0,58,48826.83,2023-09-22,PENDING
3764,19608,8096,Health Claim,2025-08-12,8038.06,REJECTED,0,26,56143.15,2025-01-31,PENDING
3765,19720,4555,Health Claim,2025-06-24,55332.93,PENDING,0,58,92810.87,2023-08-11,VERIFIED
3766,19014,8776,Life Claim,2025-07-08,45032.57,REJECTED,0,34,89360.3,2023-09-16,PENDING
3767,6685,3975,Life Claim,2025-09-08,43367.94,REJECTED,0,58,88834.32,2024-07-17,VERIFIED
3768,23763,2534,Property Damage,2025-12-31,9341.74,APPROVED,0,86,52495.93,2024-10-21,PENDING
3769,8442,1101,Health Claim,2026-01-06,79245.54,REJECTED,0,55,45612.12,2025-11-08,PENDING
3770,3834,8966,Health Claim,2025-09-17,138586.42,PENDING,0,9,93194.43,2026-02-01,PENDING
3771,6909,7537,Health Claim,2025-07-11,18869.13,APPROVED,0,4,34607.0,2024-02-12,PENDING
3772,23739,2545,Life Claim,2025-11-22,103097.19,REJECTED,0,60,71791.85,2023-12-23,PENDING
3773,6771,9670,Life Claim,2025-12-11,32293.75,APPROVED,0,92,18536.75,2025-01-01,PENDING
3774,19011,3107,Property Damage,2025-12-22,124660.63,REJECTED,0,27,94518.41,2023-10-28,VERIFIED
3775,2401,6197,Life Claim,2025-11-30,28308.36,APPROVED,0,40,69936.2,2025-10-26,VERIFIED
3776,4734,8002,Health Claim,2026-03-11,10586.67,PENDING,0,47,63045.22,2025-04-02,PENDING
3777,3122,5675,Property Damage,2025-09-13,9641.91,PENDING,0,74,18021.11,2026-04-14,VERIFIED
3778,22328,8923,Life Claim,2025-07-01,10569.32,REJECTED,0,27,59789.61,2024-04-05,VERIFIED
3779,2415,2314,Health Claim,2026-05-15,18702.51,PENDING,0,6,39055.58,2024-04-02,PENDING
3780,14867,7069,Property Damage,2026-05-20,48489.94,PENDING,0,53,86693.69,2025-05-19,VERIFIED
3781,3803,9789,Motor Accident,2026-03-13,46238.0,APPROVED,0,46,70100.03,2023-11-04,PENDING
3782,2785,6525,Health Claim,2025-12-09,4123.92,PENDING,0,13,28905.46,2024-04-25,PENDING
3783,2103,170,Health Claim,2025-08-21,29218.46,PENDING,0,92,56369.07,2023-07-14,VERIFIED
3784,19499,6764,Health Claim,2026-01-14,155901.73,APPROVED,0,87,83518.92,2023-11-28,PENDING
3785,1425,5709,Health Claim,2025-08-30,38758.68,APPROVED,0,23,23066.65,2026-03-05,PENDING
3786,2335,6431,Motor Accident,2026-02-05,22047.58,APPROVED,0,76,33432.14,2024-05-08,VERIFIED
3787,12743,796,Life Claim,2026-02-19,44492.37,APPROVED,0,96,74899.61,2025-10-31,VERIFIED
3788,755,212,Property Damage,2025-10-18,13104.09,PENDING,0,78,8559.08,2025-01-21,PENDING
3789,15561,3612,Health Claim,2025-06-11,54043.56,APPROVED,0,48,32637.95,2025-01-29,PENDING
3790,12680,1636,Life Claim,2025-06-24,51418.68,REJECTED,0,21,89354.42,2025-04-25,PENDING
3791,10375,9982,Motor Accident,2026-04-09,45218.2,REJECTED,0,87,43399.92,2024-12-08,VERIFIED
3792,3810,2545,Life Claim,2025-12-21,15947.23,APPROVED,0,37,25368.83,2023-08-27,PENDING
3793,16529,8802,Health Claim,2026-04-10,7322.26,PENDING,0,43,6691.51,2023-11-09,VERIFIED
3794,12643,3284,Life Claim,2025-11-07,35314.65,PENDING,0,47,58117.06,2024-12-05,VERIFIED
3795,24781,9550,Motor Accident,2026-03-24,24477.25,APPROVED,0,53,70446.75,2026-01-18,VERIFIED
3796,9811,9852,Property Damage,2025-08-24,107970.74,APPROVED,0,31,79412.55,2026-01-21,PENDING
3797,12437,217,Life Claim,2026-02-24,14851.24,APPROVED,0,63,43136.45,2024-08-22,VERIFIED
3798,6538,8349,Life Claim,2025-06-06,44848.86,APPROVED,0,9,97443.24,2026-01-11,VERIFIED
3799,21927,8438,Property Damage,2025-06-20,106341.78,REJECTED,0,65,76860.31,2024-04-06,VERIFIED
3800,23879,4993,Health Claim,2025-08-31,30674.78,PENDING,0,59,98638.04,2025-10-18,VERIFIED
3801,10571,1011,Property Damage,2026-04-03,84688.57,APPROVED,0,19,52072.1,2023-10-07,VERIFIED
3802,5110,9266,Motor Accident,2025-06-10,56865.34,APPROVED,0,56,83920.92,2024-10-03,PENDING
3803,8772,8373,Health Claim,2025-08-20,21550.19,APPROVED,0,32,90114.92,2023-08-29,PENDING
3804,14904,330,Life Claim,2026-04-14,46421.26,REJECTED,0,71,68114.87,2023-08-16,PENDING
3805,8476,2297,Motor Accident,2025-07-22,20251.22,PENDING,0,49,86170.12,2023-08-14,PENDING
3806,15474,6934,Health Claim,2026-02-04,41454.0,PENDING,0,90,79917.21,2024-04-29,PENDING
3807,13354,6520,Health Claim,2026-01-17,10954.9,REJECTED,0,91,81762.15,2023-06-28,PENDING
3808,4822,2483,Motor Accident,2025-12-11,141317.65,PENDING,0,90,79635.55,2026-04-03,PENDING
3809,13762,8158,Property Damage,2025-07-16,143584.34,PENDING,0,72,96809.63,2024-06-23,PENDING
3810,18880,6542,Health Claim,2025-07-08,40166.53,PENDING,0,75,64606.01,2024-08-17,VERIFIED
3811,14115,884,Property Damage,2026-05-01,17086.64,REJECTED,0,51,35590.39,2024-03-03,PENDING
3812,16979,982,Health Claim,2025-06-08,1919.11,PENDING,0,69,12093.98,2025-06-17,PENDING
3813,20164,9002,Property Damage,2025-12-24,5868.27,PENDING,0,84,10583.46,2026-05-11,VERIFIED
3814,24311,3452,Property Damage,2025-08-31,97100.52,REJECTED,0,67,60692.08,2024-10-01,VERIFIED
3815,8730,4572,Motor Accident,2025-08-11,38298.81,PENDING,0,47,24746.91,2023-05-31,VERIFIED
3816,8174,2073,Life Claim,2025-10-27,35001.56,APPROVED,0,20,74310.62,2024-08-22,PENDING
3817,6573,2706,Property Damage,2026-04-21,65733.77,REJECTED,0,61,34734.06,2025-01-21,VERIFIED
3818,6881,9672,Life Claim,2025-07-12,21745.35,APPROVED,0,82,50708.65,2025-12-29,VERIFIED
3819,5903,7464,Health Claim,2025-12-12,103521.51,PENDING,0,96,88417.61,2024-11-06,PENDING
3820,5945,705,Health Claim,2026-04-03,27665.43,PENDING,0,25,17926.69,2024-10-26,VERIFIED
3821,1565,9294,Motor Accident,2025-05-29,53764.18,REJECTED,0,21,78888.33,2026-02-22,VERIFIED
3822,20422,6599,Property Damage,2025-10-09,184459.3,REJECTED,0,69,93097.68,2025-07-05,VERIFIED
3823,4998,7708,Health Claim,2026-05-12,11646.85,REJECTED,0,59,23074.44,2023-11-04,PENDING
3824,8294,7147,Motor Accident,2026-05-23,51768.47,REJECTED,0,87,86665.87,2024-06-16,PENDING
3825,8676,495,Health Claim,2026-03-26,4297.32,REJECTED,0,52,32721.37,2024-07-13,PENDING
3826,14767,3274,Health Claim,2026-03-29,4323.27,PENDING,0,78,26722.14,2025-10-09,VERIFIED
3827,18010,804,Life Claim,2026-02-24,19665.54,APPROVED,0,61,84733.83,2026-01-24,PENDING
3828,5895,4540,Motor Accident,2025-11-09,8979.39,PENDING,0,56,55729.62,2024-01-21,VERIFIED
3829,8793,4824,Health Claim,2025-12-03,17950.23,APPROVED,0,11,89801.52,2023-10-05,PENDING
3830,21470,3571,Property Damage,2026-03-27,15087.86,PENDING,0,19,89746.61,2025-07-20,VERIFIED
3831,12834,3450,Property Damage,2026-01-03,27756.95,PENDING,0,9,16268.55,2025-02-08,PENDING
3832,4367,8575,Property Damage,2025-07-01,27401.91,REJECTED,0,84,95976.13,2024-02-08,VERIFIED
3833,7187,4992,Motor Accident,2025-05-28,41825.28,REJECTED,0,59,95687.48,2023-07-25,PENDING
3834,15773,9556,Motor Accident,2025-07-14,78145.14,APPROVED,0,90,40799.7,2024-06-25,PENDING
3835,8854,5128,Life Claim,2026-01-13,18616.71,APPROVED,0,64,30137.32,2025-05-20,VERIFIED
3836,4850,5957,Health Claim,2026-02-26,16817.42,REJECTED,0,26,36277.66,2025-12-03,VERIFIED
3837,5226,6173,Health Claim,2025-08-22,27471.98,PENDING,0,64,59526.8,2025-01-25,VERIFIED
3838,6957,6077,Property Damage,2025-11-07,10929.7,REJECTED,0,65,20305.73,2025-03-30,VERIFIED
3839,5059,9562,Motor Accident,2025-12-25,28050.74,REJECTED,0,98,92300.89,2026-02-09,PENDING
3840,5520,7075,Life Claim,2025-08-22,13228.48,APPROVED,0,94,46402.24,2024-04-20,PENDING
3841,3446,2700,Life Claim,2026-04-07,14386.91,PENDING,0,65,73220.37,2023-09-13,PENDING
3842,22657,1376,Motor Accident,2026-01-30,17697.18,APPROVED,0,78,36738.4,2025-07-15,PENDING
3843,14874,6468,Property Damage,2026-04-20,6005.25,APPROVED,0,33,15470.6,2025-11-14,VERIFIED
3844,22038,6412,Health Claim,2025-12-11,24447.54,PENDING,0,66,78833.56,2025-09-17,PENDING
3845,15232,7249,Property Damage,2026-01-01,97168.17,APPROVED,0,50,91119.94,2025-06-18,VERIFIED
3846,18193,1949,Life Claim,2025-06-24,11393.41,REJECTED,0,75,37682.7,2026-04-26,VERIFIED
3847,551,821,Life Claim,2025-12-02,1636.16,PENDING,0,44,14507.68,2023-11-13,PENDING
3848,12625,6744,Health Claim,2025-07-14,52589.07,REJECTED,0,78,46502.52,2025-05-24,VERIFIED
3849,20453,1656,Health Claim,2025-08-31,28026.84,REJECTED,0,78,72517.03,2024-10-27,VERIFIED
3850,3107,2092,Life Claim,2026-02-12,65592.29,PENDING,0,83,94974.67,2023-07-16,PENDING
3851,19643,4931,Motor Accident,2025-11-01,8015.6,REJECTED,0,6,23680.68,2026-01-06,PENDING
3852,10225,589,Health Claim,2025-08-11,10298.69,REJECTED,0,70,54954.3,2025-04-20,PENDING
3853,6535,154,Life Claim,2026-05-17,51161.01,PENDING,0,41,81309.88,2025-06-13,VERIFIED
3854,7217,8908,Life Claim,2025-08-19,36476.0,PENDING,0,19,32618.19,2025-03-24,VERIFIED
3855,12755,2774,Life Claim,2026-04-03,99457.15,PENDING,0,89,58326.12,2026-02-20,VERIFIED
3856,11180,80,Motor Accident,2025-05-30,4513.06,REJECTED,0,34,19317.95,2024-07-06,PENDING
3857,15327,293,Life Claim,2026-05-01,29058.19,PENDING,0,61,24510.33,2024-02-27,VERIFIED
3858,19940,8682,Life Claim,2025-12-31,9716.52,REJECTED,0,43,37591.66,2023-07-15,VERIFIED
3859,19624,1568,Motor Accident,2025-08-14,4296.95,PENDING,0,23,7458.32,2023-07-06,VERIFIED
3860,16429,9458,Life Claim,2026-01-16,17592.22,REJECTED,0,79,9884.58,2023-09-11,VERIFIED
3861,21372,1633,Health Claim,2026-04-26,3273.26,PENDING,0,11,14229.17,2025-07-21,VERIFIED
3862,6769,3603,Property Damage,2026-01-11,14496.61,APPROVED,0,74,32602.93,2023-08-10,VERIFIED
3863,1547,9632,Life Claim,2026-02-08,19249.29,PENDING,0,61,74012.33,2026-01-12,PENDING
3864,7311,1483,Health Claim,2025-11-29,25396.81,REJECTED,0,5,64088.79,2024-12-18,VERIFIED
3865,534,688,Property Damage,2025-11-28,108942.6,APPROVED,0,35,64214.31,2024-08-02,VERIFIED
3866,7492,6952,Property Damage,2025-12-18,53531.06,PENDING,0,26,36421.21,2023-10-31,VERIFIED
3867,9528,9077,Motor Accident,2026-03-10,23841.94,APPROVED,0,46,81759.86,2026-04-24,VERIFIED
3868,9644,6726,Life Claim,2026-01-14,10136.94,PENDING,0,1,6565.86,2025-02-27,PENDING
3869,19051,3454,Motor Accident,2026-02-12,10467.67,PENDING,0,29,34034.02,2024-07-28,VERIFIED
3870,184,2861,Life Claim,2026-04-02,11275.28,APPROVED,0,17,94478.27,2024-11-03,PENDING
3871,6101,7163,Life Claim,2026-02-01,16957.37,PENDING,0,10,79431.91,2025-10-30,VERIFIED
3872,23565,5303,Health Claim,2026-01-13,27326.66,PENDING,0,78,68048.61,2024-03-14,VERIFIED
3873,11754,1821,Life Claim,2025-07-02,30338.75,PENDING,0,97,48970.72,2025-07-24,PENDING
3874,12250,1631,Health Claim,2025-08-22,8399.36,PENDING,0,44,25418.79,2024-05-11,PENDING
3875,19160,317,Property Damage,2025-11-21,55175.48,APPROVED,0,77,29536.78,2025-02-17,VERIFIED
3876,15162,6678,Life Claim,2025-09-30,104964.67,PENDING,0,41,95416.76,2023-06-05,VERIFIED
3877,22850,8189,Motor Accident,2025-10-06,18069.38,REJECTED,0,87,60290.16,2025-10-01,VERIFIED
3878,12358,2012,Property Damage,2026-05-24,6379.12,APPROVED,0,45,18469.78,2025-03-21,VERIFIED
3879,10393,8291,Motor Accident,2026-04-26,13467.17,REJECTED,0,66,21463.06,2026-03-08,PENDING
3880,13285,3213,Property Damage,2026-01-22,144377.43,REJECTED,0,75,88432.08,2026-05-04,VERIFIED
3881,19547,9700,Property Damage,2025-06-09,170285.96,PENDING,0,94,95005.97,2024-12-28,PENDING
3882,21158,593,Life Claim,2025-11-16,60467.07,APPROVED,0,66,42388.3,2024-05-19,PENDING
3883,10051,352,Property Damage,2025-11-23,112369.57,APPROVED,0,10,78148.29,2023-06-15,VERIFIED
3884,17904,7817,Health Claim,2026-05-25,60100.41,REJECTED,0,43,53254.0,2024-08-09,PENDING
3885,10435,1894,Life Claim,2025-08-23,8814.07,APPROVED,0,99,51849.28,2025-11-08,PENDING
3886,15362,3356,Life Claim,2025-08-19,9221.87,APPROVED,0,75,28078.78,2025-03-07,PENDING
3887,21553,3505,Life Claim,2025-11-23,28687.78,REJECTED,0,56,78474.19,2025-09-11,PENDING
3888,3112,3718,Life Claim,2026-02-13,99756.36,PENDING,0,31,82638.97,2025-02-08,VERIFIED
3889,410,8276,Property Damage,2026-05-03,10476.6,APPROVED,0,97,63245.0,2025-08-20,VERIFIED
3890,22449,9733,Life Claim,2026-02-19,104031.27,PENDING,0,63,55238.04,2026-04-14,VERIFIED
3891,16017,9682,Health Claim,2026-01-31,31243.44,REJECTED,0,47,67464.5,2024-01-24,VERIFIED
3892,12876,1069,Motor Accident,2026-03-23,22087.96,PENDING,0,64,91671.43,2025-08-21,VERIFIED
3893,17678,5737,Property Damage,2026-03-18,18946.77,REJECTED,0,20,29294.13,2025-04-23,PENDING
3894,23241,5052,Health Claim,2026-03-04,70429.91,REJECTED,0,97,50865.49,2024-07-30,PENDING
3895,20108,1012,Property Damage,2025-12-11,55267.33,APPROVED,0,27,88672.34,2023-06-11,PENDING
3896,21601,5744,Motor Accident,2025-11-23,22552.59,PENDING,0,82,17826.67,2024-05-19,VERIFIED
3897,2635,3883,Motor Accident,2025-10-12,11707.36,PENDING,0,75,87091.29,2026-01-11,VERIFIED
3898,15453,465,Health Claim,2025-07-23,8232.04,PENDING,0,5,12414.56,2025-03-06,PENDING
3899,12405,9232,Life Claim,2025-12-08,34180.2,PENDING,0,65,89272.66,2025-03-17,VERIFIED
3900,2638,7766,Health Claim,2025-11-03,22572.51,APPROVED,0,88,39302.73,2024-09-20,PENDING
3901,6069,6448,Health Claim,2026-02-21,8263.09,REJECTED,0,32,20867.8,2025-12-21,PENDING
3902,18681,3382,Property Damage,2025-12-04,17496.45,APPROVED,0,57,39091.81,2025-04-09,PENDING
3903,17545,6328,Motor Accident,2026-04-09,5917.33,APPROVED,0,80,10143.2,2025-07-26,VERIFIED
3904,11188,5833,Life Claim,2025-10-09,2338.39,PENDING,0,40,18757.83,2023-11-22,PENDING
3905,11175,834,Health Claim,2025-08-03,3153.32,REJECTED,0,83,7113.56,2024-02-12,PENDING
3906,11268,3949,Life Claim,2025-12-06,61641.77,APPROVED,0,64,33044.49,2024-04-28,VERIFIED
3907,7277,9499,Health Claim,2026-03-09,32542.57,REJECTED,0,18,52404.05,2023-09-25,PENDING
3908,10041,2878,Motor Accident,2025-12-14,15044.44,REJECTED,0,86,56819.6,2025-07-04,VERIFIED
3909,18573,4450,Property Damage,2025-08-01,3668.31,APPROVED,0,14,13686.84,2023-10-16,VERIFIED
3910,19987,1983,Property Damage,2025-08-30,11730.76,PENDING,0,64,92231.62,2026-05-19,VERIFIED
3911,17504,2827,Property Damage,2025-07-20,12024.41,PENDING,0,20,8267.44,2024-11-08,PENDING
3912,23070,5002,Motor Accident,2026-02-16,9718.02,PENDING,0,40,16759.54,2023-07-03,VERIFIED
3913,13906,6966,Health Claim,2025-08-23,54956.45,APPROVED,0,82,82693.75,2025-08-17,PENDING
3914,5966,7568,Life Claim,2025-12-08,38538.04,REJECTED,0,10,26237.32,2025-08-23,PENDING
3915,23649,2872,Life Claim,2026-03-14,18382.35,PENDING,0,33,16948.47,2024-04-21,VERIFIED
3916,5572,3815,Life Claim,2025-08-24,10065.02,PENDING,0,12,98077.14,2025-03-10,PENDING
3917,5564,4181,Health Claim,2025-07-21,17781.82,PENDING,0,22,56910.66,2024-09-29,PENDING
3918,3385,6411,Life Claim,2026-02-15,12256.06,PENDING,0,43,34223.99,2025-05-31,PENDING
3919,9900,782,Health Claim,2025-10-31,12673.36,PENDING,0,51,66623.42,2024-01-28,PENDING
3920,9855,3790,Motor Accident,2025-08-01,41065.34,PENDING,0,8,92361.65,2025-04-15,VERIFIED
3921,5536,4901,Life Claim,2025-09-14,46980.08,PENDING,0,32,26662.2,2023-09-23,PENDING
3922,13594,3152,Property Damage,2025-08-20,25652.25,PENDING,0,66,74745.55,2026-02-08,PENDING
3923,24001,7924,Property Damage,2025-08-10,3062.25,REJECTED,0,93,14970.39,2025-09-05,VERIFIED
3924,16202,2258,Life Claim,2025-07-17,3196.29,REJECTED,0,23,10334.18,2023-07-05,PENDING
3925,2584,3959,Health Claim,2025-09-04,53886.35,PENDING,0,13,85015.41,2024-12-25,VERIFIED
3926,429,9698,Health Claim,2025-10-14,186624.29,REJECTED,0,24,95537.24,2026-04-24,PENDING
3927,5805,3335,Motor Accident,2026-02-05,9890.27,APPROVED,0,69,44909.81,2025-11-09,PENDING
3928,8595,7397,Motor Accident,2026-05-04,31161.83,PENDING,0,56,78661.85,2025-06-10,PENDING
3929,16059,9432,Property Damage,2026-04-17,26256.81,APPROVED,0,21,18875.59,2024-09-05,PENDING
3930,1754,6095,Property Damage,2026-03-22,27620.34,APPROVED,0,7,26300.03,2023-07-13,VERIFIED
3931,8262,4343,Property Damage,2026-05-17,8086.9,REJECTED,0,75,21918.52,2025-02-18,VERIFIED
3932,20868,6022,Motor Accident,2025-08-15,29043.48,PENDING,0,54,72855.41,2025-10-26,VERIFIED
3933,11083,1912,Life Claim,2026-02-24,2905.61,PENDING,0,87,27538.21,2025-08-08,VERIFIED
3934,24908,6806,Life Claim,2026-05-02,8759.72,APPROVED,0,36,23095.04,2023-10-10,VERIFIED
3935,21747,6703,Motor Accident,2025-10-15,32312.17,PENDING,0,12,87575.67,2025-03-19,VERIFIED
3936,4442,4642,Health Claim,2025-10-31,66453.28,REJECTED,0,64,54255.93,2024-02-12,PENDING
3937,13360,5087,Property Damage,2025-09-24,40526.75,APPROVED,0,5,40328.46,2024-03-06,PENDING
3938,8857,8603,Motor Accident,2025-08-02,97142.84,REJECTED,0,18,92112.26,2024-10-12,VERIFIED
3939,3323,709,Property Damage,2025-06-17,87781.22,PENDING,0,95,67297.29,2024-01-20,PENDING
3940,17788,7187,Health Claim,2025-12-13,17029.09,PENDING,0,72,83083.15,2025-03-24,VERIFIED
3941,12279,5010,Motor Accident,2025-10-31,13226.69,APPROVED,0,16,33891.92,2023-07-02,PENDING
3942,4188,1769,Health Claim,2025-09-21,18973.72,PENDING,0,22,29934.28,2025-06-06,PENDING
3943,8887,2055,Motor Accident,2025-09-15,21776.87,REJECTED,0,53,48822.75,2025-12-02,VERIFIED
3944,7140,1623,Property Damage,2026-04-18,29243.2,APPROVED,0,14,27404.24,2025-11-13,VERIFIED
3945,6331,3070,Life Claim,2025-06-20,21773.54,PENDING,0,100,59280.52,2026-04-29,VERIFIED
3946,12708,9046,Motor Accident,2025-10-18,8854.98,PENDING,0,72,39429.29,2024-03-28,PENDING
3947,10731,8657,Property Damage,2026-01-02,26217.6,APPROVED,0,90,78015.34,2025-12-16,VERIFIED
3948,23606,7345,Health Claim,2026-04-16,11595.04,PENDING,0,12,46023.96,2026-01-27,VERIFIED
3949,2787,3639,Health Claim,2025-08-19,22782.26,REJECTED,0,74,41415.49,2023-11-13,VERIFIED
3950,18169,4465,Life Claim,2025-12-07,10800.93,REJECTED,0,42,23229.36,2026-01-26,VERIFIED
3951,24929,7769,Motor Accident,2025-08-13,25161.92,APPROVED,0,72,96666.13,2025-04-06,VERIFIED
3952,18468,7179,Property Damage,2026-05-11,11109.52,REJECTED,0,12,35142.55,2024-05-06,PENDING
3953,6992,9123,Life Claim,2026-05-23,50780.77,REJECTED,0,18,40875.75,2025-11-14,PENDING
3954,3688,537,Property Damage,2026-01-05,41334.78,PENDING,0,52,29847.76,2023-10-17,VERIFIED
3955,4525,3174,Property Damage,2025-11-04,2471.78,PENDING,0,60,23579.66,2023-10-09,PENDING
3956,14648,7200,Health Claim,2026-03-17,14502.78,REJECTED,0,25,76030.73,2025-07-26,PENDING
3957,379,6446,Property Damage,2026-04-20,83964.73,APPROVED,0,3,79246.41,2023-08-23,VERIFIED
3958,8475,3227,Motor Accident,2025-07-20,14143.06,APPROVED,0,67,45821.31,2025-01-24,PENDING
3959,4697,8431,Motor Accident,2025-10-31,3181.22,PENDING,0,85,15915.1,2023-06-22,PENDING
3960,13229,3145,Motor Accident,2026-01-24,6724.74,REJECTED,0,36,15208.13,2024-11-26,PENDING
3961,15361,3185,Health Claim,2025-07-25,59298.32,REJECTED,0,64,96396.05,2023-12-20,PENDING
3962,8311,6712,Health Claim,2026-03-28,28968.16,REJECTED,0,13,94252.21,2024-03-19,PENDING
3963,4045,8061,Motor Accident,2025-07-14,12278.54,PENDING,0,56,71013.02,2023-06-17,PENDING
3964,10280,2146,Motor Accident,2026-02-21,15811.43,REJECTED,0,15,23496.55,2024-04-24,VERIFIED
3965,4723,9272,Property Damage,2026-02-18,20195.12,APPROVED,0,62,59909.44,2025-06-27,PENDING
3966,1299,2079,Life Claim,2026-05-24,43360.58,APPROVED,0,34,68427.02,2023-07-27,VERIFIED
3967,19650,971,Motor Accident,2026-02-06,30386.77,PENDING,0,57,43462.63,2025-01-19,PENDING
3968,10712,4416,Health Claim,2025-12-28,29285.63,REJECTED,0,14,42348.59,2025-09-15,PENDING
3969,19728,3770,Property Damage,2026-01-30,82160.73,PENDING,0,69,58877.52,2025-02-22,VERIFIED
3970,571,5999,Motor Accident,2026-03-29,3985.94,PENDING,0,54,36059.99,2026-02-13,PENDING
3971,3437,1856,Property Damage,2025-09-27,78471.56,APPROVED,0,33,44407.76,2024-09-17,PENDING
3972,2758,220,Life Claim,2026-02-18,29324.19,APPROVED,0,59,15257.16,2026-05-11,PENDING
3973,7386,3996,Property Damage,2025-12-10,6771.83,APPROVED,0,24,15073.71,2025-08-30,PENDING
3974,12917,8959,Health Claim,2025-06-24,6356.79,APPROVED,0,74,48510.04,2025-01-07,VERIFIED
3975,20498,2774,Motor Accident,2025-07-05,16440.81,REJECTED,0,60,50184.69,2026-02-08,PENDING
3976,15958,5981,Property Damage,2025-09-21,7712.57,PENDING,0,47,72743.22,2024-03-04,PENDING
3977,2127,9622,Life Claim,2025-08-19,19954.59,REJECTED,0,2,65505.43,2023-06-14,VERIFIED
3978,17370,4157,Life Claim,2026-01-09,23020.84,APPROVED,0,72,12323.49,2025-11-11,VERIFIED
3979,6659,9725,Life Claim,2025-08-22,11013.9,PENDING,0,70,17261.26,2023-12-13,PENDING
3980,5641,4906,Property Damage,2025-12-04,30237.46,APPROVED,0,22,79893.38,2025-11-09,PENDING
3981,20347,2118,Life Claim,2025-11-08,13688.63,REJECTED,0,98,60722.61,2025-05-15,VERIFIED
3982,17291,6391,Life Claim,2026-04-24,3251.32,REJECTED,0,65,5000.2,2023-11-29,PENDING
3983,1097,6916,Motor Accident,2025-09-04,27126.45,APPROVED,0,55,96641.61,2025-09-14,PENDING
3984,19482,8037,Property Damage,2025-11-03,15452.31,REJECTED,0,25,72824.21,2025-03-20,VERIFIED
3985,14995,9561,Motor Accident,2026-02-03,91325.06,PENDING,0,52,59975.3,2024-11-17,PENDING
3986,4592,7690,Motor Accident,2026-01-07,12214.98,PENDING,0,15,29605.16,2024-08-08,VERIFIED
3987,22724,3323,Motor Accident,2025-12-01,2069.77,PENDING,0,63,18303.06,2025-06-20,PENDING
3988,17403,3334,Life Claim,2025-11-08,11435.7,REJECTED,0,36,36237.75,2024-06-17,VERIFIED
3989,14621,3799,Health Claim,2025-11-18,43363.61,APPROVED,0,89,69727.83,2023-12-16,VERIFIED
3990,7681,8470,Property Damage,2026-01-14,84261.04,REJECTED,0,28,84109.27,2024-05-03,VERIFIED
3991,11148,9977,Motor Accident,2025-07-27,64740.12,REJECTED,0,42,34762.27,2026-05-01,PENDING
3992,16407,322,Property Damage,2025-06-06,64818.5,PENDING,0,20,98723.8,2026-04-24,PENDING
3993,6492,1516,Property Damage,2025-08-09,32780.05,APPROVED,0,38,73964.7,2025-02-02,PENDING
3994,21910,2009,Health Claim,2025-12-02,18436.73,PENDING,0,8,10340.42,2024-05-16,VERIFIED
3995,2695,2223,Motor Accident,2026-03-04,23279.18,APPROVED,0,43,41243.27,2024-04-09,VERIFIED
3996,18997,1647,Property Damage,2026-01-18,85420.59,REJECTED,0,58,78581.17,2023-06-22,VERIFIED
3997,4484,8105,Motor Accident,2026-05-08,2864.33,PENDING,0,55,7393.28,2024-07-25,VERIFIED
3998,7171,3305,Life Claim,2025-12-10,46768.64,APPROVED,0,5,98312.66,2024-08-20,VERIFIED
3999,22234,6675,Property Damage,2026-05-02,36036.85,PENDING,0,64,25769.05,2025-05-06,PENDING
4000,455,4003,Life Claim,2026-02-14,21632.29,REJECTED,0,64,60035.07,2025-05-13,VERIFIED
4001,22775,6229,Life Claim,2026-03-02,13009.74,REJECTED,0,5,70446.48,2023-10-25,PENDING
4002,8253,3620,Property Damage,2026-03-20,16044.56,APPROVED,0,78,46755.95,2024-12-26,VERIFIED
4003,14736,5191,Motor Accident,2025-12-10,43067.61,REJECTED,0,9,68868.2,2024-03-18,PENDING
4004,12540,1970,Health Claim,2025-10-09,11820.57,APPROVED,0,63,21212.21,2023-12-09,VERIFIED
4005,1507,9237,Motor Accident,2025-08-11,57723.08,PENDING,0,36,47901.95,2024-07-16,VERIFIED
4006,6627,8515,Motor Accident,2025-07-22,47820.81,PENDING,0,49,87853.82,2024-03-31,PENDING
4007,15795,2604,Property Damage,2025-07-19,16097.54,REJECTED,0,41,46078.12,2023-10-10,VERIFIED
4008,21459,152,Life Claim,2025-05-30,29810.17,APPROVED,0,3,51419.46,2025-12-24,PENDING
4009,8484,8920,Motor Accident,2025-06-01,103007.17,PENDING,0,60,67561.43,2025-08-19,PENDING
4010,9739,7483,Property Damage,2025-11-01,99604.77,PENDING,0,49,68967.53,2024-09-09,VERIFIED
4011,16974,3783,Property Damage,2026-04-05,638.57,REJECTED,0,32,6380.59,2025-02-28,PENDING
4012,14359,57,Life Claim,2026-04-11,1373.24,PENDING,0,70,8909.57,2025-07-04,VERIFIED
4013,12995,1361,Motor Accident,2025-12-20,72660.71,REJECTED,0,28,59897.43,2024-08-10,VERIFIED
4014,22472,9499,Life Claim,2025-12-26,23962.56,PENDING,0,63,13067.29,2026-05-02,VERIFIED
4015,7263,8283,Health Claim,2026-03-10,11393.29,PENDING,0,52,97192.47,2023-08-13,PENDING
4016,8400,6878,Motor Accident,2026-02-09,39354.2,APPROVED,0,81,67111.36,2025-06-06,PENDING
4017,22104,3732,Property Damage,2026-04-29,10496.69,APPROVED,0,26,48262.38,2024-09-27,VERIFIED
4018,1802,2955,Health Claim,2025-07-23,38512.26,REJECTED,0,75,62123.93,2026-04-08,VERIFIED
4019,1129,8839,Health Claim,2026-03-29,29149.55,REJECTED,0,25,25018.1,2024-04-12,PENDING
4020,2824,3740,Health Claim,2025-06-03,34486.5,REJECTED,0,92,50445.98,2026-05-05,PENDING
4021,20049,5399,Property Damage,2026-02-25,34313.88,PENDING,0,89,84644.65,2025-08-24,VERIFIED
4022,12998,3528,Motor Accident,2025-09-19,23752.43,APPROVED,0,57,42521.91,2026-01-06,VERIFIED
4023,7262,2643,Life Claim,2026-01-03,90277.53,APPROVED,0,18,83520.99,2025-07-19,VERIFIED
4024,12631,5339,Health Claim,2025-09-27,43508.58,APPROVED,0,94,74721.11,2026-03-30,PENDING
4025,4818,7296,Property Damage,2026-05-22,4857.38,REJECTED,0,64,9213.0,2025-08-08,PENDING
4026,20980,7908,Health Claim,2025-12-25,167015.01,APPROVED,0,67,89465.24,2024-05-27,PENDING
4027,1910,7737,Motor Accident,2025-06-30,49747.89,PENDING,0,15,92347.29,2025-11-22,VERIFIED
4028,3792,7867,Life Claim,2026-04-15,8723.72,REJECTED,0,46,15191.29,2024-12-06,PENDING
4029,18072,2796,Life Claim,2025-09-02,26015.17,REJECTED,0,37,40537.6,2025-01-15,VERIFIED
4030,10819,6325,Motor Accident,2025-12-30,6204.96,APPROVED,0,41,16952.9,2024-02-25,PENDING
4031,14349,2167,Motor Accident,2025-10-01,6845.9,REJECTED,0,49,10201.92,2024-03-07,VERIFIED
4032,15372,1828,Property Damage,2026-02-21,80124.99,PENDING,0,48,52196.55,2024-05-10,PENDING
4033,477,3743,Motor Accident,2025-07-07,8512.63,REJECTED,0,98,68082.67,2025-09-04,VERIFIED
4034,11403,941,Health Claim,2025-09-22,72032.18,APPROVED,0,90,42249.7,2026-01-30,PENDING
4035,10294,423,Motor Accident,2026-04-18,33669.09,APPROVED,0,16,27737.71,2024-07-14,VERIFIED
4036,927,5683,Life Claim,2025-10-26,9735.68,REJECTED,0,55,66750.93,2023-08-08,PENDING
4037,23460,2764,Life Claim,2025-09-16,45211.72,PENDING,0,98,70972.88,2025-10-04,PENDING
4038,4794,5669,Motor Accident,2026-05-23,4292.07,APPROVED,0,51,15472.92,2025-03-12,VERIFIED
4039,15261,4147,Motor Accident,2025-09-16,13649.37,REJECTED,0,3,24476.69,2024-11-23,VERIFIED
4040,6164,6774,Motor Accident,2025-06-22,30188.23,REJECTED,0,23,93275.48,2025-01-02,PENDING
4041,22303,5322,Health Claim,2026-02-16,4064.27,APPROVED,0,58,7021.21,2023-06-03,PENDING
4042,19966,851,Life Claim,2025-06-22,11055.21,PENDING,0,46,79104.84,2024-11-20,VERIFIED
4043,697,9295,Property Damage,2025-06-29,29386.17,APPROVED,0,94,95982.96,2026-03-13,PENDING
4044,12960,4191,Motor Accident,2026-01-26,4949.62,APPROVED,0,36,14892.64,2024-11-24,VERIFIED
4045,15595,8372,Motor Accident,2025-07-04,125913.58,REJECTED,0,14,92390.68,2026-01-18,VERIFIED
4046,2258,7361,Life Claim,2025-07-14,35227.43,PENDING,0,95,98008.95,2024-03-29,PENDING
4047,16898,3221,Property Damage,2025-09-19,9883.48,APPROVED,0,56,92035.01,2024-11-05,VERIFIED
4048,430,1141,Health Claim,2026-03-24,28175.03,PENDING,0,43,60772.04,2023-12-30,PENDING
4049,17914,1523,Property Damage,2026-01-31,73768.68,PENDING,0,45,68949.45,2023-12-13,PENDING
4050,11710,7283,Property Damage,2026-01-17,38232.41,REJECTED,0,85,57956.12,2024-08-11,PENDING
4051,7825,6904,Property Damage,2025-10-23,11671.64,APPROVED,0,66,40966.22,2023-10-27,PENDING
4052,23003,4149,Health Claim,2025-07-21,2332.65,REJECTED,0,2,13630.16,2024-05-06,VERIFIED
4053,6017,4305,Property Damage,2025-11-16,12814.04,REJECTED,0,53,88346.84,2024-06-19,VERIFIED
4054,7357,8121,Property Damage,2025-11-14,4926.19,APPROVED,0,72,13770.08,2025-05-10,PENDING
4055,21324,3203,Health Claim,2025-07-27,27042.98,REJECTED,0,98,67759.95,2025-01-09,PENDING
4056,6245,6509,Property Damage,2026-03-17,39759.98,REJECTED,0,82,20192.8,2025-06-28,PENDING
4057,9849,6875,Life Claim,2025-10-19,34372.74,REJECTED,0,36,53050.75,2024-01-31,PENDING
4058,13521,2733,Property Damage,2026-04-27,126259.81,APPROVED,0,82,76953.15,2025-06-26,PENDING
4059,13671,997,Health Claim,2025-07-21,47829.11,REJECTED,0,9,75801.38,2024-04-10,PENDING
4060,22601,2777,Health Claim,2025-11-04,2276.45,APPROVED,0,40,6613.35,2024-02-05,VERIFIED
4061,11378,9089,Motor Accident,2025-10-05,5767.21,REJECTED,0,8,11323.85,2025-02-16,VERIFIED
4062,19529,558,Property Damage,2026-03-15,66658.77,APPROVED,0,28,60881.37,2024-12-05,VERIFIED
4063,10877,354,Life Claim,2025-08-04,51374.78,REJECTED,0,22,88914.52,2025-07-19,VERIFIED
4064,16753,2606,Motor Accident,2025-11-02,30859.43,REJECTED,0,84,88719.72,2023-12-04,PENDING
4065,22190,5946,Health Claim,2026-03-15,42783.71,APPROVED,0,97,64246.08,2024-09-16,VERIFIED
4066,662,5153,Property Damage,2025-10-17,14019.62,PENDING,0,2,37967.42,2023-09-20,PENDING
4067,23266,6891,Property Damage,2026-03-04,25769.34,REJECTED,0,37,99880.52,2024-06-08,PENDING
4068,16190,58,Health Claim,2026-02-24,39576.14,APPROVED,0,96,91018.21,2024-07-24,VERIFIED
4069,2906,265,Motor Accident,2025-07-03,19003.26,REJECTED,0,90,67964.79,2023-09-12,VERIFIED
4070,6527,487,Health Claim,2025-06-10,17583.99,APPROVED,0,99,28968.6,2024-04-30,VERIFIED
4071,20428,4761,Health Claim,2025-07-28,7813.59,PENDING,0,4,14379.71,2026-05-07,VERIFIED
4072,12484,3554,Health Claim,2025-06-27,48983.22,REJECTED,0,95,86380.85,2025-04-20,PENDING
4073,9960,7782,Health Claim,2026-02-19,121611.42,APPROVED,0,54,88323.53,2025-05-02,PENDING
4074,13834,7263,Property Damage,2025-07-20,77234.84,PENDING,0,76,59325.15,2023-11-27,PENDING
4075,13254,5500,Life Claim,2025-06-29,43944.18,REJECTED,0,37,99860.3,2026-02-03,PENDING
4076,10236,6794,Motor Accident,2026-03-28,107609.81,PENDING,0,70,84380.22,2024-04-27,VERIFIED
4077,12640,8790,Life Claim,2025-06-05,15790.13,APPROVED,0,84,11660.02,2024-04-02,VERIFIED
4078,15412,4933,Health Claim,2025-06-13,110515.95,REJECTED,0,49,84626.37,2025-02-13,PENDING
4079,22512,8817,Motor Accident,2026-05-23,12959.91,REJECTED,0,17,94302.87,2025-07-28,PENDING
4080,12994,1218,Property Damage,2025-08-21,31579.33,REJECTED,0,75,89647.75,2024-01-25,PENDING
4081,3902,2752,Life Claim,2026-05-25,45531.22,APPROVED,0,88,79731.01,2023-12-21,PENDING
4082,13676,239,Health Claim,2025-06-03,80534.42,APPROVED,0,91,72898.55,2024-06-03,PENDING
4083,4757,125,Property Damage,2026-02-28,28420.28,PENDING,0,44,91695.97,2025-02-17,PENDING
4084,3214,4508,Property Damage,2025-12-15,19692.66,APPROVED,0,42,92760.25,2024-08-03,PENDING
4085,6258,9222,Property Damage,2025-11-09,133919.65,APPROVED,0,39,76626.74,2026-01-13,PENDING
4086,10593,6455,Motor Accident,2026-02-18,154314.5,APPROVED,0,84,84976.61,2023-06-22,VERIFIED
4087,16327,5650,Life Claim,2026-04-13,14142.96,REJECTED,0,95,24560.84,2024-05-06,PENDING
4088,23117,2050,Property Damage,2025-06-21,8129.26,PENDING,0,6,30151.95,2025-01-13,PENDING
4089,8617,222,Motor Accident,2025-10-14,10342.76,APPROVED,0,11,21594.56,2025-02-21,PENDING
4090,11220,5698,Motor Accident,2025-12-26,29316.97,PENDING,0,11,57562.95,2024-01-03,VERIFIED
4091,9729,1825,Life Claim,2026-05-21,8313.88,REJECTED,0,96,41491.05,2025-03-23,VERIFIED
4092,6710,3582,Motor Accident,2025-06-06,33807.85,REJECTED,0,30,57861.94,2024-02-28,VERIFIED
4093,9803,2788,Motor Accident,2025-09-21,13944.37,PENDING,0,4,10231.31,2023-12-11,PENDING
4094,2517,8663,Health Claim,2026-02-26,55396.38,REJECTED,0,89,31667.77,2024-05-02,VERIFIED
4095,13861,9011,Motor Accident,2025-08-12,10790.82,REJECTED,0,46,25391.49,2025-05-06,VERIFIED
4096,16990,3431,Property Damage,2025-10-12,62998.87,PENDING,0,82,48754.08,2024-03-25,VERIFIED
4097,19016,628,Property Damage,2026-04-10,38600.78,APPROVED,0,21,63077.12,2024-01-13,PENDING
4098,13477,3994,Life Claim,2026-03-17,12990.33,REJECTED,0,31,29487.61,2026-02-06,VERIFIED
4099,5534,7000,Property Damage,2025-10-01,100853.05,APPROVED,0,99,93387.0,2026-04-03,VERIFIED
4100,22351,1484,Motor Accident,2026-02-09,46720.72,REJECTED,0,92,94564.82,2025-05-04,VERIFIED
4101,19100,378,Health Claim,2026-02-14,41554.56,APPROVED,0,29,67746.41,2023-12-10,PENDING
4102,20044,203,Health Claim,2025-08-16,38373.1,PENDING,0,11,35872.73,2025-03-04,PENDING
4103,10906,4676,Life Claim,2025-10-26,33144.75,PENDING,0,72,26112.56,2023-12-29,PENDING
4104,22146,7415,Health Claim,2025-09-10,38808.06,REJECTED,0,81,97752.11,2024-07-29,PENDING
4105,6545,1972,Health Claim,2025-05-30,111185.32,APPROVED,0,69,80291.5,2024-02-24,VERIFIED
4106,21513,4421,Motor Accident,2025-11-12,24873.05,REJECTED,0,7,66309.12,2023-06-04,PENDING
4107,8794,3285,Life Claim,2026-02-25,13576.75,APPROVED,0,72,76808.78,2025-07-24,VERIFIED
4108,2569,9466,Motor Accident,2025-08-02,55938.27,PENDING,0,48,28444.93,2025-10-13,PENDING
4109,1830,4186,Motor Accident,2026-02-16,17538.58,APPROVED,0,17,52928.26,2024-01-31,VERIFIED
4110,20072,3667,Life Claim,2026-02-23,15825.53,PENDING,0,72,59554.59,2024-03-09,VERIFIED
4111,15756,4403,Property Damage,2025-10-12,27348.17,APPROVED,0,60,93035.68,2024-10-10,PENDING
4112,7650,2826,Motor Accident,2025-12-16,19277.68,APPROVED,0,81,62643.76,2026-05-18,VERIFIED
4113,4358,8388,Life Claim,2025-05-29,3508.25,APPROVED,0,65,7697.26,2026-01-20,VERIFIED
4114,13428,537,Motor Accident,2026-05-11,9447.93,REJECTED,0,57,22452.21,2024-12-23,PENDING
4115,22668,8710,Motor Accident,2025-09-19,52202.21,REJECTED,0,56,79016.06,2025-11-15,VERIFIED
4116,20263,3239,Motor Accident,2025-12-31,89082.78,APPROVED,0,17,59043.07,2025-05-07,PENDING
4117,9822,3084,Health Claim,2026-04-24,35439.49,PENDING,0,97,18971.98,2025-07-16,PENDING
4118,19805,4226,Motor Accident,2026-01-15,32286.58,REJECTED,0,22,94479.63,2024-10-22,VERIFIED
4119,10777,2255,Property Damage,2026-03-08,43422.02,REJECTED,0,60,94371.75,2024-01-28,PENDING
4120,23169,7153,Health Claim,2025-08-28,24168.54,APPROVED,0,4,58915.61,2025-09-03,PENDING
4121,11906,8565,Life Claim,2025-08-22,25423.62,APPROVED,0,4,80153.91,2024-03-21,PENDING
4122,7667,3949,Life Claim,2026-03-25,55916.01,REJECTED,0,65,87825.61,2024-06-29,VERIFIED
4123,9948,7523,Property Damage,2025-07-31,1109.96,APPROVED,0,21,6314.78,2024-12-01,VERIFIED
4124,15508,5682,Life Claim,2025-07-18,7932.15,APPROVED,0,68,45507.37,2024-08-08,PENDING
4125,3472,8198,Property Damage,2025-11-02,18389.64,REJECTED,0,49,73578.21,2024-03-27,VERIFIED
4126,467,930,Property Damage,2025-09-17,79542.28,APPROVED,0,22,50432.09,2024-02-03,PENDING
4127,13091,6772,Life Claim,2026-03-18,50467.49,APPROVED,0,77,92710.35,2024-08-17,VERIFIED
4128,2231,6165,Life Claim,2025-10-17,19337.78,PENDING,0,83,45652.96,2025-11-26,VERIFIED
4129,14780,4095,Motor Accident,2025-06-23,4493.99,APPROVED,0,58,18122.88,2023-12-10,VERIFIED
4130,17638,9912,Motor Accident,2025-12-21,20772.17,REJECTED,0,46,74946.16,2024-09-27,VERIFIED
4131,13589,9719,Motor Accident,2026-03-26,20721.55,REJECTED,0,10,96430.0,2025-07-01,VERIFIED
4132,13456,7171,Motor Accident,2025-06-04,29372.13,APPROVED,0,28,71785.47,2024-03-23,PENDING
4133,20055,1709,Property Damage,2025-05-30,38822.18,REJECTED,0,80,72330.12,2023-07-15,VERIFIED
4134,20016,8155,Motor Accident,2026-03-26,139034.47,REJECTED,0,7,94844.24,2024-04-13,VERIFIED
4135,7499,9560,Health Claim,2025-10-03,158321.45,APPROVED,0,31,84814.62,2025-01-25,PENDING
4136,11507,3777,Motor Accident,2025-05-25,7796.47,REJECTED,0,70,25650.31,2023-12-19,PENDING
4137,16624,9606,Health Claim,2025-07-23,72460.78,PENDING,0,94,69573.72,2023-08-26,VERIFIED
4138,3030,2095,Life Claim,2026-03-24,6835.79,REJECTED,0,88,10317.48,2023-05-29,PENDING
4139,23290,9723,Motor Accident,2026-01-23,101611.38,APPROVED,0,15,72735.48,2026-02-03,PENDING
4140,4266,8648,Property Damage,2025-10-22,17850.2,PENDING,0,38,27904.8,2025-03-07,PENDING
4141,11817,3915,Motor Accident,2026-02-14,10853.14,APPROVED,0,1,10184.54,2025-08-19,PENDING
4142,10863,7296,Health Claim,2025-07-31,20844.34,REJECTED,0,87,53862.13,2023-10-27,PENDING
4143,17581,6746,Health Claim,2025-12-28,6111.05,REJECTED,0,35,26772.51,2024-02-01,VERIFIED
4144,17857,582,Health Claim,2025-08-18,27861.75,REJECTED,0,5,16950.28,2023-10-15,VERIFIED
4145,1171,8410,Motor Accident,2026-05-16,31963.0,REJECTED,0,48,63040.29,2026-03-04,VERIFIED
4146,22110,1520,Health Claim,2025-11-20,23183.42,APPROVED,0,45,41449.84,2025-01-06,VERIFIED
4147,5538,8329,Property Damage,2025-07-05,39612.87,REJECTED,0,96,88907.77,2023-12-24,PENDING
4148,7776,1878,Life Claim,2025-08-31,13448.0,PENDING,0,99,7486.92,2026-03-07,PENDING
4149,10391,3849,Motor Accident,2025-10-29,40825.62,PENDING,0,9,39929.18,2023-11-23,PENDING
4150,12793,6990,Health Claim,2025-07-11,18051.19,APPROVED,0,19,34360.02,2026-03-05,PENDING
4151,2338,9942,Motor Accident,2026-02-13,60590.68,REJECTED,0,58,53626.37,2026-02-24,PENDING
4152,9856,3908,Life Claim,2025-12-22,175947.39,PENDING,0,15,97321.85,2024-02-03,PENDING
4153,13067,7665,Motor Accident,2026-03-12,43657.8,REJECTED,0,82,80201.34,2024-11-24,PENDING
4154,22444,6382,Motor Accident,2026-02-15,57583.17,PENDING,0,47,91312.85,2024-02-28,PENDING
4155,12402,9874,Motor Accident,2025-09-07,28181.56,APPROVED,0,66,50454.57,2024-08-28,PENDING
4156,20007,6769,Health Claim,2026-05-24,90188.77,APPROVED,0,41,57480.45,2025-09-20,VERIFIED
4157,5051,43,Property Damage,2026-01-22,24996.47,APPROVED,0,3,60686.59,2023-06-25,VERIFIED
4158,19043,5287,Motor Accident,2025-07-31,14673.1,REJECTED,0,2,67706.16,2026-01-09,PENDING
4159,11733,7979,Health Claim,2025-10-23,8149.81,APPROVED,0,97,53833.18,2025-01-26,VERIFIED
4160,6361,6493,Life Claim,2026-02-12,96221.8,REJECTED,0,14,68925.71,2024-10-18,PENDING
4161,5007,4037,Motor Accident,2026-02-10,41535.64,REJECTED,0,43,87443.88,2024-11-18,PENDING
4162,23289,1975,Property Damage,2025-07-21,16783.42,PENDING,0,6,64546.11,2026-04-22,VERIFIED
4163,23807,7274,Life Claim,2025-08-13,71533.2,PENDING,0,71,66944.47,2025-05-03,PENDING
4164,24662,1368,Motor Accident,2026-04-18,38090.08,REJECTED,0,14,88259.06,2025-08-22,VERIFIED
4165,11277,5709,Property Damage,2025-06-07,52852.12,REJECTED,0,10,34194.98,2024-03-17,VERIFIED
4166,9809,3399,Life Claim,2025-10-19,5761.84,REJECTED,0,91,30547.13,2023-11-27,PENDING
4167,3707,4919,Motor Accident,2026-04-28,29765.54,PENDING,0,52,16829.85,2025-12-23,VERIFIED
4168,16763,2134,Health Claim,2025-06-19,5214.79,APPROVED,0,94,35332.12,2024-10-04,VERIFIED
4169,11569,1007,Property Damage,2026-02-14,37421.52,REJECTED,0,7,63823.11,2023-12-08,PENDING
4170,7186,1548,Property Damage,2026-02-20,25698.65,REJECTED,0,64,50724.08,2025-10-07,VERIFIED
4171,15315,9866,Health Claim,2026-02-19,3357.54,APPROVED,0,98,6474.95,2024-09-26,VERIFIED
4172,10739,4682,Health Claim,2025-08-09,3756.55,REJECTED,0,92,26283.51,2024-10-02,VERIFIED
4173,22881,5265,Health Claim,2026-05-16,4871.85,REJECTED,0,79,9399.73,2025-01-02,VERIFIED
4174,18330,2590,Health Claim,2025-08-09,45276.09,REJECTED,0,35,69576.24,2025-08-23,PENDING
4175,8576,3907,Life Claim,2026-02-28,53211.7,APPROVED,0,85,79133.67,2025-06-25,PENDING
4176,13355,1826,Motor Accident,2025-10-25,14090.58,APPROVED,0,17,22113.33,2025-12-03,VERIFIED
4177,11282,9948,Motor Accident,2026-02-20,13353.02,REJECTED,0,77,81371.65,2024-03-22,PENDING
4178,20797,7155,Property Damage,2025-07-11,24654.5,PENDING,0,48,17592.64,2023-06-10,PENDING
4179,24297,7817,Motor Accident,2026-01-31,9635.31,APPROVED,0,53,74205.44,2026-03-06,PENDING
4180,4911,5803,Property Damage,2026-03-16,17272.78,PENDING,0,3,81022.59,2025-03-04,VERIFIED
4181,2622,1602,Property Damage,2026-01-26,11408.72,APPROVED,0,96,16999.86,2024-08-18,PENDING
4182,579,2223,Motor Accident,2025-07-26,55146.2,PENDING,0,68,79361.21,2025-08-08,VERIFIED
4183,24613,2646,Property Damage,2025-05-30,86016.0,APPROVED,0,84,57745.63,2024-07-06,PENDING
4184,3550,6589,Motor Accident,2026-01-01,3088.42,REJECTED,0,43,28051.57,2026-02-16,PENDING
4185,10389,6982,Motor Accident,2025-05-30,41946.0,PENDING,0,76,63006.79,2025-03-03,PENDING
4186,9449,9133,Property Damage,2026-04-04,14600.57,REJECTED,0,5,14265.17,2025-07-24,VERIFIED
4187,10766,7407,Life Claim,2026-03-17,10165.87,REJECTED,0,16,16036.53,2024-08-09,VERIFIED
4188,11674,406,Property Damage,2026-05-17,9529.4,PENDING,0,70,37950.12,2025-08-11,VERIFIED
4189,4150,1487,Motor Accident,2025-08-21,20253.94,PENDING,0,10,52173.85,2023-10-06,VERIFIED
4190,5071,7856,Health Claim,2025-09-09,20783.52,APPROVED,0,36,90491.54,2023-11-26,VERIFIED
4191,6399,9581,Life Claim,2026-05-17,10710.43,APPROVED,0,3,47363.18,2023-09-24,VERIFIED
4192,4067,6357,Motor Accident,2025-06-14,35652.55,APPROVED,0,11,72681.62,2025-07-19,VERIFIED
4193,22183,9397,Health Claim,2026-04-09,6717.6,APPROVED,0,55,54527.76,2024-04-07,VERIFIED
4194,2196,2572,Property Damage,2025-12-16,37540.97,REJECTED,0,45,84147.92,2025-02-22,VERIFIED
4195,19063,5135,Motor Accident,2026-05-05,23232.13,REJECTED,0,30,96645.44,2024-11-05,VERIFIED
4196,4366,6284,Life Claim,2026-05-23,8248.15,APPROVED,0,74,23523.03,2026-01-12,VERIFIED
4197,17992,473,Property Damage,2025-11-19,21733.25,REJECTED,0,22,43610.87,2024-07-31,VERIFIED
4198,10759,6198,Health Claim,2025-10-23,97771.13,APPROVED,0,25,63740.45,2023-11-17,VERIFIED
4199,21217,3741,Health Claim,2025-11-12,22245.69,APPROVED,0,55,42545.16,2023-09-19,PENDING
4200,14958,7656,Life Claim,2026-01-16,101242.65,REJECTED,0,17,72155.68,2024-08-07,VERIFIED
4201,10059,6640,Life Claim,2026-03-12,11190.93,REJECTED,0,4,20218.43,2024-02-20,VERIFIED
4202,794,3284,Health Claim,2025-09-17,21573.84,PENDING,0,60,34014.78,2026-03-03,VERIFIED
4203,3739,1432,Property Damage,2026-05-03,53800.86,APPROVED,0,51,30903.42,2024-08-17,VERIFIED
4204,10840,2086,Motor Accident,2025-10-26,45830.45,APPROVED,0,23,22916.01,2026-04-29,PENDING
4205,13600,9493,Motor Accident,2026-04-06,19324.32,PENDING,0,87,46063.94,2024-07-27,VERIFIED
4206,13713,613,Life Claim,2025-11-16,10635.69,APPROVED,0,83,72670.92,2025-08-30,VERIFIED
4207,17200,7519,Health Claim,2026-04-29,104257.47,PENDING,0,46,56129.82,2024-03-09,PENDING
4208,12269,2887,Property Damage,2026-01-09,39119.27,PENDING,0,94,38422.96,2024-06-29,PENDING
4209,3250,6464,Property Damage,2026-02-22,33715.83,REJECTED,0,33,88425.07,2024-01-15,VERIFIED
4210,5922,9249,Life Claim,2025-09-13,33803.88,APPROVED,0,55,27755.55,2023-07-22,VERIFIED
4211,4785,9935,Health Claim,2026-03-18,12595.9,REJECTED,0,46,96353.26,2024-04-20,VERIFIED
4212,9141,2458,Property Damage,2025-10-15,17571.1,PENDING,0,38,38604.66,2023-08-25,VERIFIED
4213,9805,9140,Property Damage,2025-08-13,118807.85,REJECTED,0,2,61164.38,2025-07-21,VERIFIED
4214,9875,3949,Health Claim,2025-12-19,25276.98,PENDING,0,2,51396.07,2024-05-06,VERIFIED
4215,24370,1911,Life Claim,2025-06-07,6914.32,APPROVED,0,56,15240.82,2025-08-24,VERIFIED
4216,23976,3348,Life Claim,2025-07-03,31196.75,REJECTED,0,21,86720.75,2024-01-10,VERIFIED
4217,4504,5553,Life Claim,2026-02-21,42244.82,REJECTED,0,73,73880.35,2023-06-01,PENDING
4218,8949,4977,Health Claim,2026-04-03,41559.55,PENDING,0,63,74075.8,2024-06-14,PENDING
4219,22140,4025,Life Claim,2025-10-03,31405.9,PENDING,0,18,28146.58,2024-12-01,PENDING
4220,22574,5245,Health Claim,2025-09-06,39865.57,PENDING,0,59,94254.27,2025-09-29,PENDING
4221,6464,2772,Property Damage,2025-11-05,21183.02,REJECTED,0,22,71993.3,2025-09-19,PENDING
4222,5753,4148,Property Damage,2025-11-08,2042.12,REJECTED,0,48,6980.62,2024-06-13,VERIFIED
4223,6596,7357,Health Claim,2026-04-16,116218.78,APPROVED,0,22,80234.5,2024-01-07,VERIFIED
4224,203,2791,Motor Accident,2025-11-16,3045.58,APPROVED,0,55,19990.73,2025-03-22,PENDING
4225,13783,4554,Property Damage,2025-12-10,16372.83,PENDING,0,20,48387.67,2024-05-08,PENDING
4226,23910,7445,Life Claim,2026-03-07,64427.77,APPROVED,0,22,50368.17,2025-05-13,PENDING
4227,5604,8853,Motor Accident,2025-09-03,127606.43,REJECTED,0,32,69665.94,2025-10-26,VERIFIED
4228,22839,8927,Property Damage,2025-10-16,38764.84,PENDING,0,95,55732.75,2023-10-30,VERIFIED
4229,11204,6611,Motor Accident,2026-01-19,12442.37,REJECTED,0,30,19056.65,2026-03-07,VERIFIED
4230,6149,9488,Motor Accident,2025-06-03,33551.42,REJECTED,0,8,55535.97,2026-03-25,PENDING
4231,20436,8249,Life Claim,2026-01-09,4831.11,APPROVED,0,3,7678.53,2023-07-27,PENDING
4232,20693,3469,Property Damage,2025-12-20,8509.24,APPROVED,0,57,57257.42,2025-10-12,PENDING
4233,23165,7207,Motor Accident,2025-06-08,49241.69,REJECTED,0,6,73016.15,2023-07-21,VERIFIED
4234,14792,3059,Property Damage,2025-11-11,84139.06,APPROVED,0,95,79580.14,2023-07-12,PENDING
4235,20915,6101,Life Claim,2025-06-07,41206.29,PENDING,0,34,72921.98,2023-10-15,PENDING
4236,9344,9609,Motor Accident,2025-10-20,101636.48,PENDING,0,100,63740.64,2024-11-09,VERIFIED
4237,21969,3385,Property Damage,2025-07-04,23841.17,APPROVED,0,73,66429.73,2024-01-16,PENDING
4238,17521,1904,Motor Accident,2025-12-09,16086.43,PENDING,0,51,37861.34,2025-11-30,VERIFIED
4239,932,5406,Health Claim,2025-08-20,4349.87,APPROVED,0,44,38227.02,2024-10-27,PENDING
4240,8298,5682,Life Claim,2026-02-19,27650.48,REJECTED,0,8,53080.86,2023-09-05,VERIFIED
4241,16245,8539,Motor Accident,2026-03-13,40790.15,APPROVED,0,92,97797.07,2023-06-18,PENDING
4242,11310,7789,Motor Accident,2026-02-10,16891.4,APPROVED,0,37,27933.47,2023-11-22,VERIFIED
4243,17509,8476,Health Claim,2025-10-22,4672.19,PENDING,0,43,18795.19,2025-04-04,VERIFIED
4244,18289,8210,Property Damage,2025-08-11,8391.78,PENDING,0,57,65363.92,2023-11-25,PENDING
4245,14737,2792,Life Claim,2025-10-15,5196.87,REJECTED,0,16,14962.89,2024-04-13,VERIFIED
4246,18853,1924,Health Claim,2025-10-08,23364.8,APPROVED,0,66,47993.61,2026-04-03,VERIFIED
4247,9310,3109,Life Claim,2025-12-09,39926.82,APPROVED,0,32,57489.85,2026-02-06,PENDING
4248,6988,9549,Life Claim,2025-08-12,12927.29,PENDING,0,65,64938.89,2023-10-23,PENDING
4249,8081,7128,Motor Accident,2025-12-06,13243.58,PENDING,0,4,74732.36,2024-05-17,PENDING
4250,23708,7818,Life Claim,2026-04-30,47129.67,PENDING,0,41,67550.07,2026-03-01,VERIFIED
4251,15674,3112,Property Damage,2025-10-05,21132.78,APPROVED,0,50,32436.26,2025-01-07,VERIFIED
4252,950,8895,Property Damage,2026-05-21,44939.15,PENDING,0,3,72645.23,2025-09-04,PENDING
4253,17709,2236,Health Claim,2025-05-26,31524.72,PENDING,0,41,22042.62,2024-07-16,VERIFIED
4254,10603,9936,Health Claim,2025-12-19,9770.63,PENDING,0,47,79004.45,2025-06-23,VERIFIED
4255,5733,4124,Health Claim,2026-03-25,31555.51,APPROVED,0,50,86928.93,2023-12-03,VERIFIED
4256,51,8875,Property Damage,2026-03-05,14770.26,APPROVED,0,45,8616.31,2025-04-13,PENDING
4257,19648,7043,Health Claim,2025-09-08,7237.11,PENDING,0,99,12919.68,2026-02-22,PENDING
4258,16676,352,Health Claim,2025-06-23,693.86,PENDING,0,70,5283.17,2025-10-25,PENDING
4259,2956,9142,Health Claim,2025-12-03,13815.09,APPROVED,0,34,44073.75,2023-07-19,PENDING
4260,7078,1183,Health Claim,2026-01-19,55735.02,REJECTED,0,88,99471.38,2024-10-11,VERIFIED
4261,12407,1071,Motor Accident,2025-11-19,13567.54,REJECTED,0,32,50658.36,2023-05-26,VERIFIED
4262,2390,490,Life Claim,2025-10-10,9317.72,APPROVED,0,30,81007.53,2023-05-26,VERIFIED
4263,11541,1609,Life Claim,2026-04-01,24315.17,REJECTED,0,7,56961.81,2023-12-10,VERIFIED
4264,22957,1402,Health Claim,2026-03-02,16291.01,PENDING,0,62,53866.88,2025-10-20,PENDING
4265,20620,5018,Life Claim,2025-11-08,45215.0,APPROVED,0,20,76938.26,2026-04-13,VERIFIED
4266,8351,8991,Property Damage,2026-05-12,83945.18,PENDING,0,71,52821.5,2023-10-01,PENDING
4267,7585,8785,Life Claim,2026-05-01,6493.3,PENDING,0,11,22384.85,2024-11-26,PENDING
4268,4302,4878,Property Damage,2025-12-24,13601.0,REJECTED,0,94,99595.86,2025-06-08,VERIFIED
4269,1491,2857,Property Damage,2026-05-21,4472.02,APPROVED,0,82,39451.23,2026-03-11,PENDING
4270,21689,203,Property Damage,2026-02-27,123058.13,PENDING,0,25,80178.09,2023-12-27,VERIFIED
4271,15696,8088,Property Damage,2026-04-19,66592.53,REJECTED,0,98,43366.84,2025-09-19,VERIFIED
4272,6208,7419,Life Claim,2025-06-05,14421.62,REJECTED,0,40,37067.47,2024-04-22,PENDING
4273,11684,9117,Motor Accident,2025-11-06,22723.47,PENDING,0,62,17252.5,2023-08-23,VERIFIED
4274,3872,5814,Health Claim,2025-11-28,36046.82,PENDING,0,51,55975.88,2025-08-17,PENDING
4275,6277,8381,Property Damage,2025-12-25,19139.3,REJECTED,0,64,54967.4,2025-10-21,PENDING
4276,1883,39,Health Claim,2025-09-02,6692.05,REJECTED,0,16,13631.75,2023-09-23,VERIFIED
4277,11630,8018,Life Claim,2025-06-11,45965.15,PENDING,0,38,75348.01,2024-03-04,PENDING
4278,5877,8910,Motor Accident,2025-10-22,5532.87,REJECTED,0,32,42403.48,2026-04-02,PENDING
4279,14961,1579,Health Claim,2025-06-04,15664.46,APPROVED,0,10,57919.83,2023-08-17,VERIFIED
4280,3445,4812,Health Claim,2025-07-16,21908.81,REJECTED,0,6,89434.6,2024-07-09,PENDING
4281,963,1820,Property Damage,2025-12-02,26748.13,APPROVED,0,32,66626.6,2024-02-14,VERIFIED
4282,2694,8283,Motor Accident,2025-08-29,10650.47,APPROVED,0,10,38072.7,2024-06-06,PENDING
4283,19913,1432,Motor Accident,2025-12-31,18892.78,REJECTED,0,88,44909.47,2023-09-14,PENDING
4284,20261,8476,Life Claim,2025-08-25,36388.81,PENDING,0,44,34982.44,2023-08-16,PENDING
4285,18042,3592,Property Damage,2025-10-19,3957.32,APPROVED,0,15,13528.55,2024-02-21,PENDING
4286,288,1348,Life Claim,2025-06-28,11920.87,PENDING,0,95,17567.88,2025-09-25,VERIFIED
4287,16859,5440,Property Damage,2025-09-27,11623.29,APPROVED,0,55,20668.96,2024-03-09,PENDING
4288,6857,7563,Life Claim,2026-03-07,9309.07,REJECTED,0,23,39396.18,2025-12-20,PENDING
4289,7972,9670,Property Damage,2025-10-23,17286.34,PENDING,0,51,87591.9,2023-05-30,VERIFIED
4290,5839,1527,Life Claim,2025-07-20,100721.81,REJECTED,0,50,66878.85,2023-11-27,VERIFIED
4291,7753,1533,Life Claim,2025-07-12,31278.86,PENDING,0,45,24396.5,2025-06-07,PENDING
4292,6096,3612,Health Claim,2026-05-24,20910.2,PENDING,0,74,68296.03,2024-01-04,PENDING
4293,13413,6569,Motor Accident,2026-02-07,24877.46,APPROVED,0,21,61411.7,2023-08-05,VERIFIED
4294,8919,8997,Life Claim,2025-05-27,9085.68,APPROVED,0,33,38588.9,2024-05-22,VERIFIED
4295,17926,8851,Property Damage,2026-05-25,169432.35,PENDING,0,85,94492.64,2024-12-01,VERIFIED
4296,9335,5153,Property Damage,2026-04-02,20617.58,PENDING,0,78,74197.23,2024-08-15,VERIFIED
4297,24070,1235,Health Claim,2025-09-03,43402.5,PENDING,0,35,79421.5,2025-01-08,PENDING
4298,22527,9652,Motor Accident,2025-09-17,4024.84,PENDING,0,58,11311.56,2024-07-04,VERIFIED
4299,11906,6674,Motor Accident,2025-06-12,13638.24,REJECTED,0,95,80709.44,2026-01-13,VERIFIED
4300,6913,4208,Motor Accident,2025-11-02,15491.51,APPROVED,0,43,41039.57,2023-09-07,PENDING
4301,10325,5433,Life Claim,2025-10-13,157923.01,APPROVED,0,34,94249.83,2026-04-29,VERIFIED
4302,4177,6254,Motor Accident,2025-08-14,13320.83,REJECTED,0,72,20625.75,2024-04-28,PENDING
4303,19141,8956,Motor Accident,2026-03-06,25403.87,APPROVED,0,4,73830.81,2023-06-14,VERIFIED
4304,20292,9971,Property Damage,2025-09-08,79796.31,PENDING,0,90,50178.13,2025-01-14,PENDING
4305,7690,2759,Motor Accident,2026-01-10,1563.91,APPROVED,0,15,12008.57,2024-08-21,PENDING
4306,23044,6425,Motor Accident,2025-11-08,14653.95,REJECTED,0,38,73061.25,2024-10-30,VERIFIED
4307,373,1039,Health Claim,2025-06-03,10105.24,PENDING,0,71,74728.35,2025-01-04,PENDING
4308,5156,9908,Life Claim,2025-06-05,10680.54,REJECTED,0,96,28712.58,2024-03-27,VERIFIED
4309,701,4920,Life Claim,2025-05-27,14325.47,APPROVED,0,71,51467.48,2024-02-16,PENDING
4310,2435,5135,Health Claim,2025-09-30,38851.2,REJECTED,0,32,30340.72,2025-04-27,PENDING
4311,21981,3252,Property Damage,2025-11-16,37364.62,REJECTED,0,44,58374.82,2024-12-16,PENDING
4312,6425,3776,Health Claim,2025-11-07,17075.04,PENDING,0,13,50636.8,2025-04-29,PENDING
4313,9686,5947,Health Claim,2026-01-25,41465.24,PENDING,0,12,63481.06,2025-04-16,VERIFIED
4314,17624,8631,Life Claim,2026-03-16,36802.58,APPROVED,0,19,66163.76,2023-12-05,PENDING
4315,10275,6581,Motor Accident,2025-11-21,18587.05,APPROVED,0,45,38834.66,2025-08-04,VERIFIED
4316,5803,9131,Health Claim,2025-06-03,9431.93,REJECTED,0,59,80515.3,2023-07-14,VERIFIED
4317,411,627,Motor Accident,2026-04-03,22030.33,REJECTED,0,96,64246.17,2026-04-25,VERIFIED
4318,12904,3140,Health Claim,2025-08-04,55686.45,PENDING,0,6,95646.94,2026-03-07,VERIFIED
4319,16901,5726,Health Claim,2026-02-15,12255.41,REJECTED,0,86,96505.88,2024-05-24,PENDING
4320,14672,8625,Health Claim,2025-09-06,17071.24,REJECTED,0,32,98464.43,2026-04-30,PENDING
4321,2169,6268,Health Claim,2025-09-26,3892.89,APPROVED,0,8,15890.8,2024-07-09,PENDING
4322,24367,2353,Health Claim,2025-10-19,12227.34,REJECTED,0,12,29828.82,2026-01-22,PENDING
4323,13025,4496,Motor Accident,2026-02-02,34772.46,REJECTED,0,15,67757.01,2023-09-10,VERIFIED
4324,14077,9023,Motor Accident,2025-07-08,113530.02,REJECTED,0,98,82130.35,2024-11-11,VERIFIED
4325,11623,4101,Property Damage,2026-01-03,118611.31,APPROVED,0,72,82534.49,2024-08-11,PENDING
4326,2120,9941,Property Damage,2025-12-03,15845.77,PENDING,0,94,93818.09,2023-09-19,VERIFIED
4327,20665,28,Life Claim,2026-03-17,124876.24,REJECTED,0,24,95387.31,2025-12-29,PENDING
4328,18122,761,Property Damage,2026-04-01,32398.6,APPROVED,0,87,73206.9,2024-07-15,VERIFIED
4329,8680,9298,Property Damage,2026-02-19,20207.31,APPROVED,0,55,95043.75,2025-10-26,VERIFIED
4330,20386,6792,Health Claim,2025-11-08,114544.83,REJECTED,0,94,60836.51,2026-02-13,VERIFIED
4331,6870,2220,Health Claim,2025-12-31,1134.29,APPROVED,0,25,9392.87,2025-02-28,PENDING
4332,11369,8525,Life Claim,2025-05-28,34286.67,REJECTED,0,40,56816.53,2025-10-15,VERIFIED
4333,83,1265,Health Claim,2025-07-06,26467.88,PENDING,0,25,47530.1,2023-10-14,PENDING
4334,1896,1422,Property Damage,2025-12-24,48365.71,APPROVED,0,35,81257.6,2025-07-10,VERIFIED
4335,1725,7439,Property Damage,2025-10-02,828.76,PENDING,0,57,5275.01,2026-02-19,PENDING
4336,3957,2783,Health Claim,2026-05-22,9396.59,APPROVED,0,17,15350.26,2023-10-05,PENDING
4337,1368,4430,Property Damage,2025-07-02,125865.28,REJECTED,0,3,71246.93,2024-01-16,PENDING
4338,21465,2581,Health Claim,2025-12-18,8351.55,APPROVED,0,48,45413.83,2024-10-11,PENDING
4339,6796,7641,Health Claim,2026-01-30,54231.92,REJECTED,0,1,92883.79,2025-06-05,PENDING
4340,15779,4430,Motor Accident,2026-02-08,40983.55,REJECTED,0,37,77736.41,2025-08-27,VERIFIED
4341,16225,7064,Health Claim,2025-06-21,20269.76,PENDING,0,63,57958.82,2023-07-19,VERIFIED
4342,4460,7189,Health Claim,2026-02-13,16519.64,REJECTED,0,37,27265.44,2025-05-09,PENDING
4343,16597,766,Motor Accident,2025-11-17,21056.2,REJECTED,0,1,85553.2,2025-04-29,PENDING
4344,5907,9455,Property Damage,2026-04-10,28133.8,REJECTED,0,42,94640.88,2026-01-06,VERIFIED
4345,20184,2117,Life Claim,2026-05-23,27264.2,PENDING,0,18,40699.39,2025-12-15,VERIFIED
4346,20363,5285,Health Claim,2026-01-27,16985.66,REJECTED,0,57,29814.45,2024-01-19,PENDING
4347,9414,2172,Health Claim,2026-04-15,29968.24,APPROVED,0,83,86027.23,2025-02-23,PENDING
4348,24656,4259,Life Claim,2025-10-23,128804.53,APPROVED,0,74,64485.58,2026-03-18,PENDING
4349,17402,5310,Motor Accident,2025-06-09,8474.58,REJECTED,0,22,21192.4,2026-01-04,PENDING
4350,4294,3659,Health Claim,2025-09-30,8425.41,REJECTED,0,68,7862.59,2025-01-05,PENDING
4351,9766,5659,Motor Accident,2025-07-18,58701.2,REJECTED,0,98,52507.99,2024-03-30,PENDING
4352,15126,4126,Life Claim,2025-12-02,37923.91,APPROVED,0,54,56137.72,2025-02-05,PENDING
4353,20781,8582,Health Claim,2026-03-31,34831.78,REJECTED,0,6,90912.91,2024-11-27,PENDING
4354,4715,9892,Life Claim,2025-12-30,5204.7,PENDING,0,35,10902.73,2024-03-21,VERIFIED
4355,6625,3428,Motor Accident,2026-01-08,169826.23,APPROVED,0,78,92072.02,2025-07-10,VERIFIED
4356,2048,5661,Motor Accident,2025-09-20,65107.97,APPROVED,0,68,57995.71,2025-02-06,VERIFIED
4357,15851,6844,Health Claim,2026-04-17,8857.05,REJECTED,0,7,27184.6,2024-12-17,VERIFIED
4358,2315,8191,Property Damage,2025-10-24,6632.19,PENDING,0,90,41780.46,2024-06-15,PENDING
4359,3282,4933,Property Damage,2025-10-18,55322.34,PENDING,0,16,28199.86,2024-11-12,PENDING
4360,5643,3205,Motor Accident,2025-12-13,34643.27,REJECTED,0,35,33814.15,2025-09-09,VERIFIED
4361,11612,691,Property Damage,2025-12-05,9514.6,APPROVED,0,15,71199.43,2024-02-19,PENDING
4362,23210,5638,Life Claim,2025-11-02,47009.07,APPROVED,0,10,92497.64,2025-04-29,VERIFIED
4363,20400,7423,Motor Accident,2025-11-08,93890.75,REJECTED,0,46,66578.33,2025-03-11,VERIFIED
4364,2886,2452,Motor Accident,2025-07-24,66105.34,PENDING,0,19,39980.36,2024-11-08,PENDING
4365,1886,2854,Property Damage,2026-03-12,34540.9,PENDING,0,57,63519.47,2025-07-02,VERIFIED
4366,22639,399,Motor Accident,2026-02-24,5565.42,PENDING,0,17,35372.46,2025-11-19,VERIFIED
4367,5223,3508,Health Claim,2025-09-12,8776.9,APPROVED,0,17,85800.84,2024-10-22,VERIFIED
4368,24027,3828,Property Damage,2026-04-04,10730.11,REJECTED,0,46,18365.63,2024-02-05,PENDING
4369,12905,9822,Motor Accident,2026-02-28,135154.46,PENDING,0,19,89190.4,2025-10-14,VERIFIED
4370,4869,1669,Life Claim,2026-02-11,6638.27,APPROVED,0,55,56540.27,2023-10-24,VERIFIED
4371,15776,54,Life Claim,2026-03-07,32221.61,APPROVED,0,49,68376.16,2024-06-19,PENDING
4372,24714,8497,Property Damage,2026-03-04,6097.2,PENDING,0,14,37307.02,2024-04-02,PENDING
4373,18358,3848,Health Claim,2026-02-17,39511.24,APPROVED,0,13,57186.49,2024-06-17,VERIFIED
4374,20126,2053,Life Claim,2025-06-25,22771.78,PENDING,0,41,81649.08,2025-04-20,PENDING
4375,21751,3465,Property Damage,2025-10-31,23339.67,PENDING,0,41,54901.51,2025-08-18,VERIFIED
4376,3617,608,Property Damage,2026-05-15,41211.86,PENDING,0,29,61484.49,2024-06-26,VERIFIED
4377,20210,7059,Motor Accident,2025-09-11,6531.12,REJECTED,0,39,46306.1,2025-05-17,PENDING
4378,7587,8912,Property Damage,2025-06-06,44397.37,REJECTED,0,72,76656.94,2024-10-15,PENDING
4379,282,6681,Property Damage,2026-04-30,14446.02,REJECTED,0,29,58552.67,2023-12-02,VERIFIED
4380,5545,3798,Motor Accident,2025-08-11,7584.21,APPROVED,0,88,14383.51,2023-11-27,PENDING
4381,1217,5680,Health Claim,2025-10-19,38750.08,REJECTED,0,54,74745.04,2024-08-07,VERIFIED
4382,9371,3955,Life Claim,2026-04-05,89373.06,REJECTED,0,70,57892.15,2023-06-14,PENDING
4383,4921,9557,Motor Accident,2026-02-11,46104.38,PENDING,0,3,89882.54,2024-04-24,PENDING
4384,6780,141,Life Claim,2025-07-14,36183.42,PENDING,0,26,62138.76,2025-08-26,VERIFIED
4385,22012,9485,Motor Accident,2025-06-30,37585.25,REJECTED,0,92,54304.08,2024-01-01,PENDING
4386,6051,7919,Life Claim,2026-04-25,25747.89,APPROVED,0,93,83058.2,2026-01-01,VERIFIED
4387,6379,233,Property Damage,2025-08-16,45030.08,REJECTED,0,16,28236.16,2025-08-04,PENDING
4388,3042,9495,Health Claim,2026-02-24,35729.67,APPROVED,0,28,57126.73,2024-09-10,PENDING
4389,4656,7744,Property Damage,2025-12-11,8760.49,APPROVED,0,45,18219.68,2024-09-21,VERIFIED
4390,9981,3363,Motor Accident,2026-01-05,6474.74,PENDING,0,65,12266.48,2026-01-29,VERIFIED
4391,17967,4914,Life Claim,2025-09-26,61023.58,APPROVED,0,56,88927.27,2025-12-23,VERIFIED
4392,14052,5404,Property Damage,2026-01-14,84924.03,REJECTED,0,22,72243.48,2026-04-28,VERIFIED
4393,2339,5468,Motor Accident,2025-12-27,35544.72,APPROVED,0,13,60313.43,2024-03-04,VERIFIED
4394,15994,8642,Property Damage,2026-02-06,13640.61,APPROVED,0,97,29132.68,2025-12-28,VERIFIED
4395,9058,7997,Life Claim,2026-03-20,61517.86,REJECTED,0,27,89553.38,2023-07-19,PENDING
4396,15817,5055,Health Claim,2025-11-29,136679.0,APPROVED,0,34,84637.48,2024-04-04,VERIFIED
4397,15728,1505,Property Damage,2026-04-11,3901.07,REJECTED,0,97,10523.17,2025-02-20,VERIFIED
4398,16442,2300,Property Damage,2026-05-19,32172.07,PENDING,0,96,63626.77,2025-01-28,VERIFIED
4399,22108,8719,Motor Accident,2025-12-13,13281.27,APPROVED,0,4,89591.96,2024-08-29,VERIFIED
4400,10377,1169,Motor Accident,2026-03-01,15473.68,APPROVED,0,94,49032.98,2025-05-31,VERIFIED
4401,20382,2055,Motor Accident,2026-01-21,18896.31,REJECTED,0,9,31916.21,2025-11-05,VERIFIED
4402,12519,7225,Property Damage,2025-09-29,185667.19,APPROVED,0,63,99412.75,2024-03-14,VERIFIED
4403,16967,214,Health Claim,2025-05-30,7844.01,REJECTED,0,42,6160.47,2025-07-18,VERIFIED
4404,9336,9465,Health Claim,2025-06-15,25649.68,APPROVED,0,93,56975.01,2025-10-13,VERIFIED
4405,21447,4298,Property Damage,2025-06-17,124528.04,REJECTED,0,74,79599.05,2025-09-06,PENDING
4406,926,8552,Health Claim,2025-06-01,26505.66,PENDING,0,61,52516.5,2026-05-21,VERIFIED
4407,19304,9479,Life Claim,2025-08-10,56689.48,REJECTED,0,88,85748.4,2025-04-15,PENDING
4408,15262,5640,Property Damage,2025-08-01,62593.28,APPROVED,0,93,40898.23,2023-10-02,VERIFIED
4409,6465,3848,Property Damage,2025-08-20,3006.52,REJECTED,0,41,5033.71,2023-06-01,VERIFIED
4410,15705,8556,Life Claim,2025-09-09,20174.27,REJECTED,0,17,39411.32,2024-01-23,PENDING
4411,13757,7018,Life Claim,2025-07-28,3587.31,PENDING,0,79,12726.06,2026-03-24,VERIFIED
4412,23405,2391,Property Damage,2026-01-05,26215.78,APPROVED,0,24,61633.85,2024-06-05,VERIFIED
4413,17466,9098,Property Damage,2026-05-09,7016.32,REJECTED,0,84,18586.85,2023-09-26,PENDING
4414,11597,6385,Motor Accident,2026-01-05,34323.64,APPROVED,0,49,85316.79,2025-11-21,VERIFIED
4415,22137,3848,Motor Accident,2025-10-19,18928.79,REJECTED,0,72,50249.45,2023-06-23,PENDING
4416,19530,707,Motor Accident,2026-01-05,31640.46,REJECTED,0,10,68239.24,2025-03-08,PENDING
4417,23951,9599,Life Claim,2026-02-12,4727.34,PENDING,0,63,11517.7,2023-09-27,VERIFIED
4418,6344,2792,Property Damage,2025-06-13,30562.9,REJECTED,0,44,58943.91,2023-11-19,PENDING
4419,18127,103,Health Claim,2025-10-07,7532.34,PENDING,0,55,13995.01,2025-09-26,PENDING
4420,1862,1069,Property Damage,2025-08-19,3144.71,APPROVED,0,85,21614.05,2025-12-03,PENDING
4421,22870,4513,Motor Accident,2026-01-21,29647.61,APPROVED,0,44,99216.94,2025-11-18,PENDING
4422,13187,3121,Life Claim,2026-04-23,12641.19,REJECTED,0,44,47161.69,2024-04-21,VERIFIED
4423,14236,250,Life Claim,2025-11-06,20289.77,APPROVED,0,90,34992.54,2023-05-30,PENDING
4424,4597,3276,Motor Accident,2026-02-05,7927.86,APPROVED,0,99,11878.69,2026-03-02,VERIFIED
4425,5012,3012,Life Claim,2026-02-28,14058.65,REJECTED,0,78,37055.08,2024-01-18,VERIFIED
4426,498,2327,Health Claim,2025-11-12,18138.44,APPROVED,0,80,81026.63,2023-10-10,VERIFIED
4427,7286,1169,Health Claim,2025-10-30,17131.28,REJECTED,0,75,83782.56,2025-04-26,PENDING
4428,16018,7104,Life Claim,2025-12-25,21869.46,REJECTED,0,94,13840.8,2024-10-23,PENDING
4429,21413,9117,Health Claim,2026-01-06,27170.07,PENDING,0,43,93633.05,2023-12-15,VERIFIED
4430,12576,5739,Health Claim,2026-04-18,95874.1,PENDING,0,49,54836.56,2023-06-23,VERIFIED
4431,21415,5160,Property Damage,2026-02-24,1987.35,APPROVED,0,14,6372.95,2024-07-03,PENDING
4432,22443,8908,Property Damage,2025-06-13,23759.93,APPROVED,0,32,48364.38,2023-08-18,VERIFIED
4433,8871,8464,Property Damage,2026-04-16,17810.61,REJECTED,0,64,32746.59,2023-12-30,PENDING
4434,9316,1964,Property Damage,2025-06-17,42846.23,REJECTED,0,24,85196.94,2023-06-07,VERIFIED
4435,10800,6385,Property Damage,2026-05-12,9214.48,REJECTED,0,51,31587.05,2025-12-22,PENDING
4436,1047,2987,Life Claim,2025-06-25,67092.98,APPROVED,0,14,65614.94,2026-01-27,VERIFIED
4437,7687,3160,Life Claim,2025-12-05,27440.8,APPROVED,0,55,53761.1,2025-03-15,PENDING
4438,21873,7552,Health Claim,2025-10-18,2414.3,APPROVED,0,52,8478.04,2025-04-22,PENDING
4439,2822,6483,Health Claim,2026-02-26,29248.4,PENDING,0,20,48069.25,2025-05-31,VERIFIED
4440,21338,3601,Health Claim,2025-08-11,13148.12,APPROVED,0,59,39245.73,2025-10-22,VERIFIED
4441,23077,8573,Life Claim,2025-09-21,897.43,PENDING,0,13,6921.74,2026-03-09,VERIFIED
4442,18809,3290,Motor Accident,2026-02-13,36970.56,PENDING,0,74,61993.06,2024-11-01,VERIFIED
4443,24755,7556,Property Damage,2026-05-11,67420.28,APPROVED,0,52,46324.05,2026-03-03,VERIFIED
4444,18987,3786,Life Claim,2026-03-06,43699.99,REJECTED,0,73,69268.35,2025-05-09,PENDING
4445,2262,7354,Health Claim,2026-01-03,32123.66,REJECTED,0,6,54791.79,2025-11-14,VERIFIED
4446,34,1191,Property Damage,2026-05-04,21044.71,PENDING,0,77,37254.53,2025-07-15,VERIFIED
4447,2870,4602,Life Claim,2026-05-16,3396.44,APPROVED,0,39,25054.68,2025-01-27,VERIFIED
4448,11828,9513,Life Claim,2026-01-30,32244.5,PENDING,0,4,79277.69,2024-10-14,PENDING
4449,2297,9615,Life Claim,2025-09-03,5601.66,APPROVED,0,57,29560.19,2025-04-20,PENDING
4450,14169,5767,Motor Accident,2025-08-17,12048.57,PENDING,0,88,35372.56,2026-03-19,PENDING
4451,3227,3078,Health Claim,2025-12-29,27354.68,PENDING,0,20,94255.22,2025-10-29,PENDING
4452,8471,2202,Motor Accident,2026-03-21,10799.68,REJECTED,0,34,99101.86,2025-07-03,VERIFIED
4453,23926,3503,Health Claim,2025-07-16,10869.82,APPROVED,0,68,17483.65,2025-03-30,PENDING
4454,19755,8733,Health Claim,2025-06-20,59663.56,REJECTED,0,67,38917.9,2025-12-22,PENDING
4455,24023,5699,Motor Accident,2026-01-16,39731.24,APPROVED,0,98,24128.38,2026-02-22,VERIFIED
4456,5932,6825,Motor Accident,2026-04-14,22608.99,PENDING,0,12,48411.62,2024-05-31,PENDING
4457,457,3990,Property Damage,2025-09-22,57698.18,APPROVED,0,96,95824.21,2026-02-25,PENDING
4458,2211,2920,Property Damage,2026-05-07,32789.24,REJECTED,0,57,89703.54,2025-03-23,PENDING
4459,19217,4429,Life Claim,2025-06-19,47056.97,PENDING,0,3,99746.91,2023-08-13,VERIFIED
4460,4543,9882,Health Claim,2025-10-28,16086.92,REJECTED,0,98,45504.42,2026-05-21,VERIFIED
4461,7139,2177,Motor Accident,2026-04-13,14696.82,APPROVED,0,12,25079.65,2023-11-18,VERIFIED
4462,11462,5841,Health Claim,2025-05-26,20574.18,PENDING,0,32,88036.93,2025-08-11,VERIFIED
4463,17765,7075,Life Claim,2025-09-23,9586.87,APPROVED,0,82,81911.32,2024-08-22,VERIFIED
4464,13905,2303,Life Claim,2025-10-21,11910.36,PENDING,0,6,7428.4,2025-03-02,PENDING
4465,21457,2390,Motor Accident,2025-12-11,43938.78,APPROVED,0,51,79151.95,2024-09-15,VERIFIED
4466,12396,6688,Property Damage,2025-07-13,30506.85,REJECTED,0,90,69109.56,2023-09-30,PENDING
4467,19063,6926,Property Damage,2025-07-30,66771.92,APPROVED,0,99,96860.96,2024-04-20,VERIFIED
4468,3580,7892,Life Claim,2026-04-27,21722.6,PENDING,0,57,90942.34,2023-09-12,VERIFIED
4469,22490,9538,Property Damage,2026-04-27,37079.85,REJECTED,0,88,69157.57,2025-10-03,VERIFIED
4470,385,9841,Motor Accident,2025-06-04,7436.48,APPROVED,0,84,18149.46,2024-05-05,PENDING
4471,11457,9165,Health Claim,2025-08-10,39772.95,APPROVED,0,99,61369.09,2025-01-22,PENDING
4472,18401,9416,Property Damage,2025-11-25,15691.03,REJECTED,0,5,76931.3,2026-03-07,VERIFIED
4473,18643,5697,Life Claim,2025-10-06,19850.15,PENDING,0,24,32128.39,2024-11-24,VERIFIED
4474,19695,3371,Motor Accident,2025-06-04,101214.5,PENDING,0,38,99701.68,2025-06-21,VERIFIED
4475,18326,3560,Health Claim,2026-04-21,27901.5,PENDING,0,30,48967.96,2024-11-13,VERIFIED
4476,16752,8662,Life Claim,2025-12-21,4322.48,REJECTED,0,44,13167.0,2025-12-23,VERIFIED
4477,7504,8465,Property Damage,2026-02-17,11824.65,APPROVED,0,86,87344.9,2023-10-07,PENDING
4478,6286,4642,Motor Accident,2025-08-31,145685.07,PENDING,0,81,76485.5,2025-09-30,VERIFIED
4479,13139,969,Health Claim,2025-08-03,17303.72,APPROVED,0,54,33420.6,2025-03-02,PENDING
4480,2069,2429,Property Damage,2025-12-16,62655.18,PENDING,0,53,98974.11,2026-03-17,VERIFIED
4481,9647,5651,Motor Accident,2025-06-28,17745.63,APPROVED,0,21,57126.13,2023-09-19,VERIFIED
4482,1433,4900,Life Claim,2025-05-26,103677.35,APPROVED,0,100,51890.61,2025-02-25,PENDING
4483,11372,8692,Motor Accident,2025-11-15,24239.77,REJECTED,0,76,54143.15,2025-05-07,VERIFIED
4484,4763,491,Motor Accident,2026-01-13,32702.63,PENDING,0,2,18984.61,2025-08-03,VERIFIED
4485,4109,927,Health Claim,2026-02-24,129644.51,REJECTED,0,54,93416.19,2025-08-31,VERIFIED
4486,10726,8553,Motor Accident,2026-02-11,2161.07,APPROVED,0,55,20041.02,2025-05-14,VERIFIED
4487,13431,5288,Life Claim,2025-09-10,21915.16,APPROVED,0,43,76457.94,2024-01-10,VERIFIED
4488,19052,3714,Life Claim,2025-07-17,4886.24,REJECTED,0,59,18394.13,2025-12-26,VERIFIED
4489,1214,3544,Motor Accident,2025-10-17,31226.88,APPROVED,0,99,88732.31,2025-11-19,VERIFIED
4490,16359,8152,Property Damage,2026-05-07,13535.86,PENDING,0,66,44702.21,2024-07-11,VERIFIED
4491,929,1815,Health Claim,2025-11-11,14845.99,REJECTED,0,73,56272.89,2024-09-01,PENDING
4492,7750,3433,Health Claim,2025-12-13,25844.56,REJECTED,0,15,70511.56,2023-06-19,PENDING
4493,23782,145,Health Claim,2025-06-28,28654.22,APPROVED,0,4,55196.82,2026-05-24,VERIFIED
4494,443,1057,Life Claim,2026-03-04,11849.85,APPROVED,0,76,70959.96,2026-05-19,VERIFIED
4495,4789,3334,Life Claim,2026-02-01,12025.64,PENDING,0,77,67356.29,2024-06-15,PENDING
4496,12923,7629,Motor Accident,2025-06-29,119140.33,APPROVED,0,69,71328.08,2024-06-30,PENDING
4497,23159,7308,Health Claim,2025-12-28,8077.59,REJECTED,0,86,34202.41,2024-02-08,PENDING
4498,848,9680,Life Claim,2025-10-10,16786.86,PENDING,0,46,28027.92,2026-03-20,PENDING
4499,7226,68,Property Damage,2025-11-24,46096.16,REJECTED,0,35,85790.88,2026-02-23,PENDING
4500,8518,1961,Life Claim,2025-09-23,11040.73,REJECTED,0,42,16047.53,2025-05-15,PENDING
4501,14395,7156,Motor Accident,2025-09-15,18478.02,PENDING,0,20,52725.04,2024-01-16,PENDING
4502,22953,1959,Health Claim,2025-10-09,22188.28,PENDING,0,27,40126.76,2023-06-27,VERIFIED
4503,1432,2181,Life Claim,2025-10-16,51598.17,APPROVED,0,94,31421.18,2024-06-28,VERIFIED
4504,14320,5704,Life Claim,2025-12-11,63205.19,PENDING,0,65,60221.73,2024-04-27,VERIFIED
4505,19435,8342,Motor Accident,2026-03-19,64823.92,PENDING,0,79,53230.17,2023-12-31,VERIFIED
4506,11655,3336,Motor Accident,2025-11-01,30274.14,APPROVED,0,36,70466.39,2024-02-13,VERIFIED
4507,9351,8126,Life Claim,2026-04-09,48413.94,PENDING,0,43,80753.61,2025-07-21,VERIFIED
4508,23875,6642,Life Claim,2025-08-19,6383.3,APPROVED,0,5,9332.44,2026-01-27,PENDING
4509,17055,3982,Property Damage,2026-03-05,65045.29,PENDING,0,100,37531.81,2024-05-30,VERIFIED
4510,6985,1026,Property Damage,2025-08-17,43881.15,REJECTED,0,97,43193.34,2024-10-12,PENDING
4511,5676,536,Life Claim,2026-04-28,23562.67,REJECTED,0,96,50395.27,2025-07-11,PENDING
4512,6032,3189,Motor Accident,2026-05-25,20103.61,APPROVED,0,59,78300.74,2025-07-28,PENDING
4513,14877,5641,Property Damage,2025-07-19,13116.37,PENDING,0,91,26400.34,2024-10-10,PENDING
4514,11179,5155,Health Claim,2026-04-06,17718.52,PENDING,0,33,31188.4,2025-07-10,VERIFIED
4515,15495,9305,Health Claim,2026-01-16,33582.57,PENDING,0,76,26865.0,2024-03-13,PENDING
4516,190,3311,Health Claim,2025-10-19,79458.55,REJECTED,0,24,42717.35,2026-02-22,VERIFIED
4517,1354,8349,Property Damage,2026-01-03,26070.98,APPROVED,0,51,49274.97,2026-02-09,VERIFIED
4518,24074,8799,Motor Accident,2026-05-17,108969.18,PENDING,0,4,55603.97,2025-10-24,VERIFIED
4519,3492,2163,Health Claim,2025-09-04,19900.71,REJECTED,0,41,31245.25,2025-10-02,VERIFIED
4520,22187,308,Health Claim,2026-02-23,13182.48,REJECTED,0,16,20610.31,2023-10-17,VERIFIED
4521,1044,6810,Health Claim,2026-03-07,10789.38,REJECTED,0,69,31818.67,2024-02-21,PENDING
4522,532,6495,Property Damage,2025-11-24,24201.33,REJECTED,0,79,92298.55,2023-11-21,VERIFIED
4523,1681,6173,Life Claim,2026-04-06,34005.22,APPROVED,0,78,82319.27,2025-06-11,VERIFIED
4524,18271,2915,Motor Accident,2026-04-07,58917.95,PENDING,0,59,86227.06,2025-10-29,VERIFIED
4525,14818,1032,Property Damage,2025-11-13,35443.05,REJECTED,0,77,57803.13,2024-08-15,VERIFIED
4526,180,3440,Motor Accident,2025-07-10,5387.9,REJECTED,0,17,44298.39,2024-04-16,VERIFIED
4527,14880,2214,Life Claim,2026-04-20,9185.57,REJECTED,0,88,46155.41,2025-05-06,PENDING
4528,15056,1128,Health Claim,2025-06-22,45583.91,REJECTED,0,19,99132.97,2023-11-23,PENDING
4529,22570,9985,Life Claim,2025-11-29,36320.17,REJECTED,0,9,94079.88,2025-05-23,PENDING
4530,7153,2914,Life Claim,2026-04-13,131468.54,APPROVED,0,69,96547.52,2025-05-19,VERIFIED
4531,20222,610,Property Damage,2025-08-07,61109.67,PENDING,0,18,41765.22,2024-06-11,VERIFIED
4532,1329,7999,Life Claim,2025-09-15,29292.69,APPROVED,0,90,52629.16,2026-03-11,PENDING
4533,8374,8965,Health Claim,2025-12-04,11338.12,APPROVED,0,10,56219.36,2026-01-05,VERIFIED
4534,8012,2018,Motor Accident,2026-01-05,26257.83,PENDING,0,4,86777.77,2025-11-18,PENDING
4535,19313,5690,Motor Accident,2026-03-09,47366.99,APPROVED,0,4,23757.18,2024-07-14,PENDING
4536,1700,735,Health Claim,2025-06-20,16335.95,REJECTED,0,53,56649.6,2025-09-28,VERIFIED
4537,6827,4676,Health Claim,2026-05-04,2327.23,REJECTED,0,58,8047.91,2024-11-18,PENDING
4538,10823,5689,Property Damage,2026-01-08,3641.55,PENDING,0,72,19328.84,2025-07-20,VERIFIED
4539,19295,821,Life Claim,2025-10-29,86934.14,PENDING,0,93,52692.81,2025-12-15,VERIFIED
4540,20153,5741,Motor Accident,2025-12-03,3293.31,APPROVED,0,18,9162.42,2025-11-02,VERIFIED
4541,23753,630,Life Claim,2025-10-17,30286.26,PENDING,0,1,55397.3,2026-03-07,VERIFIED
4542,21417,6904,Health Claim,2026-02-03,9960.25,APPROVED,0,50,51216.37,2024-10-02,VERIFIED
4543,6087,6395,Property Damage,2026-02-26,104566.8,PENDING,0,5,81873.19,2025-02-15,VERIFIED
4544,14982,7883,Motor Accident,2025-08-29,15877.57,PENDING,0,63,28491.85,2025-03-10,VERIFIED
4545,24757,2007,Property Damage,2025-07-12,4491.37,APPROVED,0,56,19760.15,2025-02-11,VERIFIED
4546,18846,3448,Life Claim,2025-06-20,29005.92,PENDING,0,83,62526.25,2023-08-07,VERIFIED
4547,20802,6211,Property Damage,2025-10-31,51707.88,PENDING,0,10,98924.65,2025-04-29,PENDING
4548,15828,247,Life Claim,2025-10-20,15569.46,APPROVED,0,17,75584.09,2024-06-07,PENDING
4549,11608,5308,Property Damage,2025-12-14,8522.12,APPROVED,0,30,6314.58,2024-12-02,VERIFIED
4550,2276,4078,Health Claim,2025-08-22,93852.24,PENDING,0,50,62137.39,2024-11-22,PENDING
4551,22629,1047,Life Claim,2025-12-27,12065.04,REJECTED,0,77,31472.22,2026-02-28,VERIFIED
4552,10976,4323,Health Claim,2025-11-20,41007.28,PENDING,0,22,73100.35,2024-11-08,PENDING
4553,21342,2426,Property Damage,2025-07-05,162883.2,APPROVED,0,79,93530.21,2024-06-06,PENDING
4554,24435,282,Motor Accident,2025-06-28,1237.99,APPROVED,0,47,10395.25,2025-05-25,PENDING
4555,12266,9131,Health Claim,2026-01-17,7183.48,REJECTED,0,64,7060.32,2024-10-01,VERIFIED
4556,21964,3665,Health Claim,2025-11-06,3046.07,PENDING,0,79,9080.62,2024-01-27,VERIFIED
4557,3156,160,Motor Accident,2025-10-22,38041.95,REJECTED,0,61,68690.09,2024-10-27,VERIFIED
4558,16362,8096,Life Claim,2026-02-27,19829.44,APPROVED,0,75,36075.29,2025-11-20,VERIFIED
4559,12568,2103,Motor Accident,2026-03-11,14008.25,PENDING,0,2,12234.34,2024-06-08,PENDING
4560,3819,387,Health Claim,2026-01-17,37687.84,REJECTED,0,46,78905.03,2024-09-30,VERIFIED
4561,23226,5154,Motor Accident,2025-09-04,74527.83,REJECTED,0,75,41035.87,2026-04-13,VERIFIED
4562,8791,5320,Property Damage,2025-07-31,53541.14,APPROVED,0,31,47613.82,2024-07-30,VERIFIED
4563,19178,9532,Life Claim,2026-02-05,136981.95,REJECTED,0,92,86550.0,2023-07-28,VERIFIED
4564,20543,8027,Health Claim,2025-09-25,21270.74,APPROVED,0,98,93292.48,2023-07-24,PENDING
4565,13193,4839,Life Claim,2026-03-03,16961.51,APPROVED,0,97,79140.78,2025-06-12,VERIFIED
4566,13057,2592,Life Claim,2026-04-01,102426.95,APPROVED,0,90,91357.25,2024-09-07,VERIFIED
4567,6984,4737,Property Damage,2025-05-26,52611.99,APPROVED,0,56,79624.12,2023-08-24,PENDING
4568,14835,3444,Property Damage,2025-08-30,20962.1,REJECTED,0,91,35102.07,2025-02-02,VERIFIED
4569,18415,8582,Health Claim,2026-03-02,52701.63,REJECTED,0,67,26676.32,2025-10-06,VERIFIED
4570,19103,4557,Health Claim,2025-06-10,2437.88,APPROVED,0,81,6396.6,2024-05-20,VERIFIED
4571,12346,4278,Health Claim,2025-06-10,11670.09,APPROVED,0,58,17805.15,2023-09-14,PENDING
4572,8054,4227,Motor Accident,2025-10-03,7015.6,REJECTED,0,92,56555.5,2024-03-19,PENDING
4573,16693,9297,Motor Accident,2026-04-15,109616.59,REJECTED,0,69,94797.41,2024-09-19,VERIFIED
4574,9840,3967,Health Claim,2026-04-26,8848.18,APPROVED,0,76,42711.02,2026-02-07,VERIFIED
4575,14182,7859,Motor Accident,2025-09-12,10524.2,APPROVED,0,71,92378.37,2025-04-24,VERIFIED
4576,8434,2171,Property Damage,2025-08-05,35170.28,REJECTED,0,11,60335.86,2024-10-08,PENDING
4577,13488,5430,Health Claim,2025-09-14,101654.26,APPROVED,0,48,65647.91,2024-04-10,VERIFIED
4578,20394,3667,Property Damage,2025-12-22,46602.45,REJECTED,0,21,74211.39,2026-04-03,PENDING
4579,23523,1819,Motor Accident,2025-09-14,27220.94,APPROVED,0,94,51394.94,2023-07-23,PENDING
4580,20296,5464,Motor Accident,2026-03-09,13505.52,REJECTED,0,47,45524.94,2025-04-07,VERIFIED
4581,7836,7795,Motor Accident,2025-08-16,43924.76,APPROVED,0,83,62933.77,2026-03-19,PENDING
4582,1447,5902,Property Damage,2025-09-02,9345.12,PENDING,0,6,59671.18,2024-10-09,VERIFIED
4583,7279,3856,Health Claim,2026-01-13,19510.67,APPROVED,0,1,82551.46,2024-03-04,PENDING
4584,7247,3946,Life Claim,2025-06-13,21165.51,APPROVED,0,85,59811.17,2023-08-16,VERIFIED
4585,11220,8467,Property Damage,2026-01-11,34710.45,APPROVED,0,78,88086.06,2023-09-25,PENDING
4586,11896,6841,Property Damage,2026-03-05,107825.42,PENDING,0,1,73302.17,2026-01-19,VERIFIED
4587,14071,6803,Property Damage,2025-08-21,56064.07,APPROVED,0,28,41203.09,2026-02-25,VERIFIED
4588,24601,6039,Motor Accident,2025-07-13,11726.2,REJECTED,0,68,34111.35,2025-08-07,PENDING
4589,8265,810,Life Claim,2025-07-15,31181.93,REJECTED,0,97,67385.52,2023-06-03,VERIFIED
4590,15989,2720,Motor Accident,2025-07-08,147505.9,APPROVED,0,49,90153.67,2025-05-25,VERIFIED
4591,17446,7362,Property Damage,2025-09-06,21078.51,APPROVED,0,13,43139.8,2023-07-13,VERIFIED
4592,6156,5887,Health Claim,2026-04-26,4983.82,APPROVED,0,58,21508.88,2025-05-24,PENDING
4593,4056,5388,Motor Accident,2025-07-17,109998.2,APPROVED,0,85,64789.59,2023-06-21,VERIFIED
4594,13408,8129,Health Claim,2025-07-10,48622.5,PENDING,0,10,99236.41,2024-06-08,VERIFIED
4595,1382,7715,Health Claim,2025-08-04,17499.28,APPROVED,0,44,65182.58,2026-05-14,PENDING
4596,20435,7276,Health Claim,2026-01-08,17216.96,REJECTED,0,16,14655.23,2026-05-12,VERIFIED
4597,5022,1804,Motor Accident,2026-04-06,13172.51,APPROVED,0,92,27215.63,2024-11-06,VERIFIED
4598,5717,9829,Health Claim,2025-10-05,13509.4,PENDING,0,22,36993.06,2023-06-12,VERIFIED
4599,14605,8420,Life Claim,2025-07-04,27398.78,REJECTED,0,70,65159.62,2026-02-07,VERIFIED
4600,1570,3828,Motor Accident,2025-08-07,31264.41,APPROVED,0,86,96189.56,2023-08-22,PENDING
4601,1382,2988,Property Damage,2026-01-31,3608.46,APPROVED,0,39,6885.27,2026-03-20,VERIFIED
4602,19637,7949,Life Claim,2026-04-14,8600.58,PENDING,0,77,44108.45,2026-04-02,VERIFIED
4603,16174,4066,Motor Accident,2025-05-28,10734.12,APPROVED,0,63,19312.58,2026-05-07,VERIFIED
4604,7373,2242,Property Damage,2026-01-18,19368.98,PENDING,0,100,73053.43,2024-11-16,VERIFIED
4605,12988,4902,Health Claim,2025-11-07,41995.03,PENDING,0,25,80232.72,2025-10-30,VERIFIED
4606,20470,5786,Property Damage,2025-08-02,4324.26,APPROVED,0,10,6812.27,2025-09-28,VERIFIED
4607,15654,7364,Motor Accident,2026-04-27,95885.4,PENDING,0,3,70679.41,2025-07-14,VERIFIED
4608,14112,9481,Motor Accident,2025-08-09,19116.96,PENDING,0,49,30590.63,2023-07-18,PENDING
4609,13485,1468,Property Damage,2026-01-26,22047.95,APPROVED,0,26,66530.94,2024-07-28,VERIFIED
4610,5634,3524,Life Claim,2025-12-18,16958.73,APPROVED,0,79,79244.22,2023-10-28,VERIFIED
4611,6045,8377,Motor Accident,2025-08-06,6795.5,APPROVED,0,99,12168.63,2025-05-16,VERIFIED
4612,24228,7806,Motor Accident,2026-03-13,2347.04,APPROVED,0,35,9898.35,2024-06-27,VERIFIED
4613,17072,2170,Life Claim,2025-06-13,12665.88,REJECTED,0,56,32376.4,2023-11-27,PENDING
4614,13926,1777,Life Claim,2026-03-24,34935.57,APPROVED,0,8,19551.11,2025-05-12,PENDING
4615,3557,9569,Health Claim,2026-02-04,60019.01,REJECTED,0,35,37270.31,2025-03-29,PENDING
4616,22336,9288,Health Claim,2025-10-22,98904.19,REJECTED,0,68,94514.63,2026-05-15,PENDING
4617,23445,8642,Property Damage,2025-07-12,29284.7,PENDING,0,80,53078.81,2024-07-11,PENDING
4618,23322,8118,Life Claim,2025-10-27,21874.98,REJECTED,0,53,68479.13,2024-04-08,VERIFIED
4619,18356,7767,Property Damage,2025-07-12,39612.2,REJECTED,0,70,90634.18,2025-05-21,VERIFIED
4620,11750,3409,Health Claim,2025-07-17,6484.78,REJECTED,0,74,22900.58,2026-02-14,VERIFIED
4621,23225,751,Motor Accident,2025-11-03,9143.26,REJECTED,0,76,66260.62,2025-04-29,VERIFIED
4622,10380,9050,Motor Accident,2026-03-04,31278.67,APPROVED,0,2,76144.72,2025-10-20,PENDING
4623,3609,140,Property Damage,2025-10-01,1956.79,REJECTED,0,99,8566.6,2025-04-17,PENDING
4624,23387,4903,Property Damage,2026-05-13,176811.24,PENDING,0,13,96447.66,2024-06-11,VERIFIED
4625,10761,2498,Life Claim,2025-11-28,38417.67,PENDING,0,21,59089.07,2025-10-25,VERIFIED
4626,638,5926,Health Claim,2026-01-08,59800.89,REJECTED,0,47,56409.43,2026-02-18,PENDING
4627,22675,73,Life Claim,2026-05-07,189594.99,REJECTED,0,13,98179.08,2023-08-06,VERIFIED
4628,15183,589,Life Claim,2026-03-26,84183.3,APPROVED,0,7,53681.07,2024-10-13,PENDING
4629,13562,8774,Health Claim,2025-05-30,12960.97,REJECTED,0,2,25696.76,2025-11-10,VERIFIED
4630,22244,6144,Life Claim,2025-11-01,37565.46,APPROVED,0,51,84067.57,2025-11-09,PENDING
4631,13802,1429,Property Damage,2025-08-17,23093.65,PENDING,0,30,98755.19,2023-06-20,PENDING
4632,11418,7858,Health Claim,2026-04-11,63194.5,APPROVED,0,56,98580.55,2024-12-17,VERIFIED
4633,21172,2326,Property Damage,2025-09-15,95950.64,REJECTED,0,53,66493.65,2026-05-24,VERIFIED
4634,13654,5970,Motor Accident,2026-05-12,10005.47,REJECTED,0,7,45403.18,2025-07-18,PENDING
4635,17816,906,Property Damage,2025-07-16,15077.57,REJECTED,0,83,99143.68,2023-08-04,PENDING
4636,7495,5081,Life Claim,2026-03-27,24038.67,PENDING,0,98,98058.92,2023-06-12,PENDING
4637,8323,2912,Motor Accident,2026-04-15,21765.22,APPROVED,0,49,95242.65,2025-06-12,PENDING
4638,2293,6456,Property Damage,2026-02-08,17652.1,REJECTED,0,35,29664.59,2024-06-19,VERIFIED
4639,4297,7376,Property Damage,2026-02-12,40056.54,APPROVED,0,25,68579.82,2025-09-06,PENDING
4640,5676,2734,Motor Accident,2025-07-23,61953.09,PENDING,0,33,91507.3,2025-12-03,VERIFIED
4641,8146,7048,Life Claim,2026-01-16,21585.25,REJECTED,0,15,38015.4,2024-10-23,PENDING
4642,18440,6543,Life Claim,2025-11-11,9564.93,APPROVED,0,43,50035.52,2024-04-20,VERIFIED
4643,6795,2376,Life Claim,2025-09-15,4779.08,APPROVED,0,63,33270.01,2026-05-01,VERIFIED
4644,22375,5812,Life Claim,2025-07-04,24019.26,APPROVED,0,32,43494.56,2025-06-21,PENDING
4645,21912,1682,Property Damage,2025-10-01,13111.51,PENDING,0,10,28590.31,2024-09-16,VERIFIED
4646,16346,9145,Health Claim,2025-12-02,151810.99,PENDING,0,11,98620.13,2024-03-28,VERIFIED
4647,14098,9012,Motor Accident,2025-10-02,2534.18,PENDING,0,7,21144.0,2024-03-06,PENDING
4648,6953,2293,Property Damage,2025-07-21,8367.52,APPROVED,0,79,6828.79,2024-06-21,VERIFIED
4649,1372,1625,Health Claim,2025-08-27,7652.26,REJECTED,0,75,56990.29,2025-04-13,VERIFIED
4650,10579,8337,Motor Accident,2026-03-13,22743.95,REJECTED,0,35,42978.03,2025-06-11,PENDING
4651,1322,7478,Life Claim,2025-10-17,98674.42,APPROVED,0,95,82902.21,2023-06-27,PENDING
4652,24234,8750,Life Claim,2026-03-05,122011.93,REJECTED,0,85,85837.13,2024-12-28,VERIFIED
4653,16348,9203,Health Claim,2025-08-28,4422.06,PENDING,0,50,7937.93,2023-11-25,PENDING
4654,7494,9353,Health Claim,2026-02-17,28814.9,APPROVED,0,46,14863.83,2023-10-12,PENDING
4655,16288,9072,Life Claim,2026-01-01,35964.19,APPROVED,0,91,21385.31,2026-03-26,VERIFIED
4656,19577,7034,Motor Accident,2026-05-22,2062.0,APPROVED,0,72,6627.67,2025-04-20,PENDING
4657,628,343,Health Claim,2025-06-25,21569.13,PENDING,0,99,43148.92,2024-02-01,VERIFIED
4658,15108,8445,Health Claim,2026-05-02,45423.76,REJECTED,0,45,38771.59,2025-09-06,VERIFIED
4659,5269,3571,Life Claim,2025-11-12,11166.66,APPROVED,0,21,42260.6,2024-05-15,PENDING
4660,24024,2617,Property Damage,2026-05-24,32433.08,PENDING,0,19,23708.92,2025-09-06,VERIFIED
4661,14663,7047,Health Claim,2026-05-12,20975.65,REJECTED,0,85,13766.99,2023-10-22,PENDING
4662,3136,9308,Health Claim,2025-09-26,118650.89,PENDING,0,57,85879.45,2024-01-03,VERIFIED
4663,23632,1630,Life Claim,2026-02-08,29563.15,PENDING,0,19,44233.47,2024-07-11,VERIFIED
4664,17741,5127,Property Damage,2026-03-24,6852.83,APPROVED,0,42,29492.27,2024-09-19,VERIFIED
4665,9758,2825,Motor Accident,2025-09-04,23412.65,REJECTED,0,75,15969.85,2023-06-19,VERIFIED
4666,13190,745,Motor Accident,2025-11-05,34230.28,PENDING,0,92,76769.52,2025-07-14,VERIFIED
4667,12986,7692,Health Claim,2025-06-10,26067.12,APPROVED,0,2,89749.75,2024-10-06,VERIFIED
4668,15083,6996,Property Damage,2026-04-10,16781.65,PENDING,0,29,73561.84,2024-05-10,VERIFIED
4669,23900,106,Property Damage,2026-04-06,7386.48,APPROVED,0,37,33248.21,2023-08-14,VERIFIED
4670,24927,6283,Property Damage,2025-08-16,9812.01,PENDING,0,14,86277.55,2024-04-17,PENDING
4671,22418,8434,Health Claim,2026-01-31,9297.91,REJECTED,0,3,70001.26,2023-08-11,PENDING
4672,23532,3842,Property Damage,2025-08-22,42310.23,REJECTED,0,70,69913.62,2025-02-18,VERIFIED
4673,14936,6752,Property Damage,2025-10-08,37323.68,REJECTED,0,24,69275.51,2025-05-31,PENDING
4674,11840,2789,Property Damage,2025-12-06,174287.24,APPROVED,0,13,98642.44,2025-10-03,VERIFIED
4675,6370,6858,Life Claim,2025-12-23,147665.53,PENDING,0,40,74749.86,2024-08-16,PENDING
4676,4248,3971,Property Damage,2025-11-05,11173.02,REJECTED,0,57,29908.32,2026-03-12,VERIFIED
4677,22426,4098,Property Damage,2025-12-28,122358.68,REJECTED,0,20,81908.4,2025-05-26,PENDING
4678,8207,2369,Health Claim,2025-12-19,35640.91,PENDING,0,59,66890.24,2026-03-04,VERIFIED
4679,1643,9862,Motor Accident,2026-01-13,27224.71,APPROVED,0,43,63503.54,2023-09-16,VERIFIED
4680,12481,6950,Motor Accident,2026-05-18,13536.94,APPROVED,0,20,56874.72,2023-08-15,VERIFIED
4681,20680,7145,Life Claim,2025-07-14,12798.52,REJECTED,0,34,19006.77,2025-09-09,VERIFIED
4682,18333,8167,Motor Accident,2025-08-23,132901.59,REJECTED,0,54,87939.4,2024-10-04,PENDING
4683,24962,4754,Property Damage,2025-09-22,35826.26,APPROVED,0,4,83364.49,2023-12-22,PENDING
4684,19397,6260,Life Claim,2026-04-28,62729.33,APPROVED,0,82,37409.52,2023-10-27,PENDING
4685,5203,7810,Motor Accident,2025-11-29,55097.34,APPROVED,0,79,93749.6,2023-06-26,VERIFIED
4686,21554,4410,Health Claim,2026-01-31,5733.86,APPROVED,0,38,27639.57,2025-05-07,PENDING
4687,12732,6969,Property Damage,2025-06-21,82990.51,PENDING,0,42,44330.05,2026-05-15,PENDING
4688,22368,1155,Property Damage,2026-04-25,127042.26,APPROVED,0,51,84896.97,2026-02-03,VERIFIED
4689,19858,4504,Motor Accident,2026-04-13,22359.88,REJECTED,0,60,62638.17,2024-11-21,PENDING
4690,22736,4487,Health Claim,2025-10-05,25411.88,REJECTED,0,73,23271.13,2026-02-16,VERIFIED
4691,4650,9536,Life Claim,2026-01-09,12915.8,PENDING,0,78,18476.41,2024-10-24,VERIFIED
4692,11158,3891,Property Damage,2026-04-12,3818.94,PENDING,0,62,7055.43,2023-08-04,PENDING
4693,16164,3345,Life Claim,2026-01-09,55981.09,REJECTED,0,11,53666.56,2024-07-23,VERIFIED
4694,23206,8439,Motor Accident,2025-06-01,21406.25,APPROVED,0,33,74542.14,2025-11-24,VERIFIED
4695,7321,7690,Health Claim,2026-04-17,36758.98,REJECTED,0,24,66746.97,2024-06-08,PENDING
4696,5758,1445,Life Claim,2026-03-14,25433.35,PENDING,0,23,57679.56,2025-07-30,VERIFIED
4697,16643,2921,Life Claim,2026-05-05,54191.13,PENDING,0,36,82667.31,2024-02-14,PENDING
4698,10591,6526,Property Damage,2025-12-10,14469.38,REJECTED,0,71,26652.93,2024-09-17,PENDING
4699,9575,5639,Life Claim,2025-09-08,10743.16,APPROVED,0,47,85226.64,2024-06-18,VERIFIED
4700,3840,3376,Property Damage,2025-12-05,20600.03,APPROVED,0,75,66681.53,2025-12-02,VERIFIED
4701,11719,6360,Health Claim,2025-06-15,28973.14,PENDING,0,14,77031.12,2025-12-09,PENDING
4702,15399,3135,Life Claim,2025-11-07,38158.59,APPROVED,0,5,72737.23,2024-06-02,PENDING
4703,2678,8334,Life Claim,2026-01-13,20533.98,PENDING,0,4,64916.55,2024-05-20,PENDING
4704,11116,1807,Property Damage,2026-01-29,36023.63,REJECTED,0,7,93487.56,2025-11-09,VERIFIED
4705,18144,968,Life Claim,2025-12-13,11436.54,APPROVED,0,69,28110.72,2024-07-02,PENDING
4706,19844,2527,Health Claim,2025-11-09,6136.0,REJECTED,0,80,43759.16,2025-12-07,PENDING
4707,8762,9778,Life Claim,2025-10-29,26685.33,PENDING,0,99,82348.4,2026-05-19,VERIFIED
4708,2498,4755,Property Damage,2026-03-01,3982.96,PENDING,0,6,37906.97,2024-12-10,VERIFIED
4709,16336,1984,Motor Accident,2025-11-12,12158.07,PENDING,0,75,9520.96,2025-06-21,VERIFIED
4710,5380,1617,Motor Accident,2025-12-15,36853.41,PENDING,0,23,75589.8,2026-01-25,PENDING
4711,6982,9140,Health Claim,2025-09-04,5170.37,PENDING,0,6,19962.5,2025-12-31,VERIFIED
4712,2516,4814,Property Damage,2025-07-04,10211.58,PENDING,0,20,51285.94,2023-10-31,VERIFIED
4713,19249,6415,Life Claim,2025-10-29,37196.33,APPROVED,0,65,22147.39,2025-01-13,PENDING
4714,5517,124,Motor Accident,2026-01-02,6437.13,APPROVED,0,27,55959.07,2024-12-19,PENDING
4715,13088,1260,Motor Accident,2025-10-30,30287.22,PENDING,0,30,44163.99,2024-12-09,PENDING
4716,16521,1073,Health Claim,2025-11-24,41328.95,REJECTED,0,49,64883.35,2025-07-16,PENDING
4717,14701,4016,Health Claim,2025-10-19,34913.42,REJECTED,0,47,74609.98,2026-05-15,VERIFIED
4718,3391,8264,Health Claim,2025-12-20,27924.11,REJECTED,0,8,82709.28,2023-07-19,VERIFIED
4719,4899,6245,Life Claim,2026-05-24,8366.59,APPROVED,0,82,69180.03,2024-06-16,PENDING
4720,16986,3541,Health Claim,2026-05-05,24838.88,PENDING,0,14,41168.6,2025-06-22,PENDING
4721,23429,1733,Health Claim,2026-03-21,13579.06,REJECTED,0,40,39504.82,2023-06-27,VERIFIED
4722,8413,3082,Health Claim,2026-01-04,12163.22,REJECTED,0,15,72159.75,2023-09-18,PENDING
4723,4258,9259,Property Damage,2025-08-03,9196.43,PENDING,0,28,22445.43,2025-12-05,PENDING
4724,22191,5900,Property Damage,2026-03-07,25529.1,PENDING,0,5,72288.56,2025-02-06,VERIFIED
4725,20259,8347,Health Claim,2026-03-11,28772.97,APPROVED,0,53,58049.98,2026-02-26,VERIFIED
4726,21729,2112,Health Claim,2025-10-12,29689.94,APPROVED,0,62,42730.24,2023-07-11,VERIFIED
4727,21440,2364,Life Claim,2025-09-24,8060.91,REJECTED,0,76,67287.67,2025-04-09,PENDING
4728,11223,1037,Property Damage,2026-04-01,53568.59,PENDING,0,84,78572.92,2025-05-03,VERIFIED
4729,22400,7283,Life Claim,2026-03-13,16149.01,APPROVED,0,49,13746.6,2026-04-24,VERIFIED
4730,8732,5676,Motor Accident,2026-04-15,7169.38,REJECTED,0,84,23871.73,2023-11-18,PENDING
4731,20377,4450,Life Claim,2026-04-12,11185.28,REJECTED,0,60,17117.9,2023-08-07,VERIFIED
4732,1264,9105,Property Damage,2025-06-01,4410.36,APPROVED,0,94,24901.84,2025-07-24,VERIFIED
4733,697,4186,Life Claim,2026-04-18,15271.44,PENDING,0,43,34382.03,2023-10-12,PENDING
4734,1030,8158,Life Claim,2025-12-17,134057.18,PENDING,0,2,92397.41,2025-01-02,PENDING
4735,8309,6032,Property Damage,2025-10-28,21454.49,REJECTED,0,62,41506.42,2025-03-03,VERIFIED
4736,6039,6238,Health Claim,2026-01-05,50545.76,APPROVED,0,99,76238.63,2025-08-07,PENDING
4737,2167,9111,Motor Accident,2025-11-22,6070.28,PENDING,0,14,26167.96,2025-11-27,PENDING
4738,13326,2468,Property Damage,2025-07-23,90271.1,PENDING,0,95,51400.2,2023-12-28,PENDING
4739,6800,2723,Property Damage,2026-01-09,69865.89,REJECTED,0,98,49844.65,2025-09-28,VERIFIED
4740,13883,1531,Life Claim,2026-02-08,4062.37,APPROVED,0,55,20967.56,2025-11-19,PENDING
4741,23014,2603,Property Damage,2025-08-19,2967.53,PENDING,0,30,12821.42,2024-07-21,PENDING
4742,2758,7224,Life Claim,2026-02-06,2397.96,APPROVED,0,70,21636.24,2026-05-16,VERIFIED
4743,150,1800,Life Claim,2026-04-12,19502.61,PENDING,0,49,32321.05,2026-05-20,PENDING
4744,24480,8278,Property Damage,2025-09-12,30264.47,PENDING,0,2,71247.75,2026-04-20,PENDING
4745,4208,8000,Property Damage,2025-07-11,17829.39,APPROVED,0,57,44445.72,2024-04-22,VERIFIED
4746,10487,5549,Life Claim,2025-06-19,12667.03,REJECTED,0,60,77104.88,2023-11-25,PENDING
4747,18101,6345,Health Claim,2026-02-03,26995.12,REJECTED,0,14,44467.08,2023-11-24,PENDING
4748,16684,6869,Motor Accident,2025-08-22,16181.41,PENDING,0,89,27881.75,2025-01-04,PENDING
4749,14564,8901,Life Claim,2026-04-06,41145.84,PENDING,0,50,21684.66,2026-04-03,PENDING
4750,6133,8585,Life Claim,2026-02-08,52570.31,REJECTED,0,74,36061.35,2023-12-14,PENDING
4751,20350,7808,Property Damage,2026-04-21,56692.14,REJECTED,0,74,46028.04,2024-01-07,VERIFIED
4752,19387,3568,Life Claim,2025-06-27,13824.07,REJECTED,0,27,55887.11,2025-01-19,PENDING
4753,129,8219,Property Damage,2025-11-07,7283.8,APPROVED,0,77,13773.78,2025-05-06,VERIFIED
4754,11410,5370,Life Claim,2025-09-30,14112.64,PENDING,0,82,71555.96,2024-03-04,VERIFIED
4755,7366,3808,Motor Accident,2026-01-31,5284.62,REJECTED,0,88,14929.45,2023-06-23,VERIFIED
4756,5662,2242,Health Claim,2025-11-16,8601.46,APPROVED,0,47,13595.68,2025-08-27,PENDING
4757,6421,1365,Health Claim,2025-11-14,27485.42,APPROVED,0,50,43492.53,2025-01-05,PENDING
4758,22741,9985,Health Claim,2026-01-11,126332.4,PENDING,0,92,83393.88,2023-08-11,PENDING
4759,18946,9212,Motor Accident,2026-03-07,1447.18,PENDING,0,65,9161.65,2025-04-22,PENDING
4760,24945,6694,Health Claim,2025-06-01,29437.9,APPROVED,0,12,96640.19,2023-07-07,PENDING
4761,23962,7149,Property Damage,2026-02-03,37023.62,REJECTED,0,65,76007.5,2023-07-03,VERIFIED
4762,16199,614,Health Claim,2026-05-23,29145.06,REJECTED,0,15,58452.09,2023-12-01,VERIFIED
4763,22484,4035,Property Damage,2025-07-26,9588.44,REJECTED,0,29,35646.53,2023-11-29,VERIFIED
4764,5906,8617,Motor Accident,2026-01-12,12856.5,REJECTED,0,68,9373.63,2024-06-02,VERIFIED
4765,19073,7738,Life Claim,2025-08-22,50906.29,APPROVED,0,47,81035.76,2026-01-09,VERIFIED
4766,6806,7587,Health Claim,2025-11-18,12644.85,APPROVED,0,4,33258.24,2025-08-20,PENDING
4767,23564,3979,Health Claim,2025-12-16,4914.8,APPROVED,0,88,27607.61,2025-06-03,PENDING
4768,613,6141,Life Claim,2026-04-21,9911.56,PENDING,0,74,48752.32,2025-11-25,VERIFIED
4769,489,7285,Health Claim,2025-11-29,31647.5,PENDING,0,93,50442.38,2025-02-15,VERIFIED
4770,23950,6009,Property Damage,2026-04-19,33608.12,PENDING,0,92,54680.71,2025-08-02,PENDING
4771,5760,3113,Property Damage,2026-04-04,30570.13,REJECTED,0,70,49850.38,2026-01-01,VERIFIED
4772,15199,4301,Health Claim,2026-05-17,52950.07,APPROVED,0,91,36007.9,2025-11-21,VERIFIED
4773,14831,5151,Life Claim,2025-12-22,15401.32,APPROVED,0,39,12398.17,2025-12-04,PENDING
4774,711,3579,Life Claim,2026-01-28,38437.09,APPROVED,0,9,70603.3,2025-03-24,VERIFIED
4775,239,6108,Health Claim,2025-07-19,170583.87,PENDING,0,88,93979.48,2024-10-22,VERIFIED
4776,3968,5994,Property Damage,2025-12-05,105486.7,APPROVED,0,37,68184.3,2024-12-20,VERIFIED
4777,7786,279,Property Damage,2026-02-04,24693.33,PENDING,0,14,48574.73,2025-12-28,PENDING
4778,13421,4533,Life Claim,2025-12-27,34110.3,REJECTED,0,70,20554.66,2023-11-06,PENDING
4779,21702,2015,Motor Accident,2025-12-03,12411.48,APPROVED,0,66,21672.43,2025-04-24,VERIFIED
4780,16711,5909,Motor Accident,2026-03-01,94553.2,APPROVED,0,59,73253.8,2026-01-21,VERIFIED
4781,2627,4617,Life Claim,2026-05-12,9581.7,PENDING,0,83,23609.16,2025-07-05,PENDING
4782,19271,3823,Health Claim,2026-02-04,27087.82,PENDING,0,61,88354.27,2026-03-26,PENDING
4783,3093,5072,Motor Accident,2026-03-19,12712.91,PENDING,0,16,20107.42,2024-05-17,PENDING
4784,6475,6948,Life Claim,2025-11-12,126016.58,APPROVED,0,81,65044.88,2025-09-08,VERIFIED
4785,13702,3071,Health Claim,2026-02-15,10426.92,APPROVED,0,40,5421.47,2026-03-25,VERIFIED
4786,18403,398,Motor Accident,2025-07-12,19090.35,PENDING,0,29,88603.0,2024-10-19,VERIFIED
4787,14273,5418,Property Damage,2025-10-14,101594.23,APPROVED,0,48,61793.33,2025-07-14,VERIFIED
4788,12782,7559,Property Damage,2025-10-04,18409.67,APPROVED,0,79,41674.23,2024-08-22,PENDING
4789,354,8624,Property Damage,2025-07-10,27764.71,APPROVED,0,40,55328.61,2024-05-04,PENDING
4790,5563,2352,Motor Accident,2025-07-05,32126.0,PENDING,0,51,92428.14,2023-09-02,VERIFIED
4791,20945,6566,Life Claim,2025-07-28,179957.89,PENDING,0,88,92685.96,2023-10-05,PENDING
4792,7488,2558,Health Claim,2025-09-01,30090.33,REJECTED,0,7,74758.21,2025-10-13,PENDING
4793,2602,8182,Life Claim,2025-11-17,19435.96,REJECTED,0,59,75167.13,2023-06-26,PENDING
4794,3725,1217,Motor Accident,2025-10-30,83021.72,APPROVED,0,8,46179.28,2026-05-16,VERIFIED
4795,5499,6931,Motor Accident,2026-04-06,30716.54,PENDING,0,100,16644.18,2024-11-07,PENDING
4796,324,8386,Health Claim,2025-10-10,37752.83,PENDING,0,44,92771.52,2023-10-08,PENDING
4797,303,8712,Life Claim,2025-08-09,24545.28,APPROVED,0,94,65544.94,2024-04-22,VERIFIED
4798,11612,2678,Motor Accident,2026-02-25,9350.1,REJECTED,0,45,37465.18,2025-03-24,VERIFIED
4799,24653,3626,Health Claim,2025-08-16,33685.06,PENDING,0,50,61049.93,2024-06-10,PENDING
4800,2504,8293,Life Claim,2026-02-18,14143.35,PENDING,0,14,25614.9,2023-07-24,VERIFIED
4801,17214,7120,Property Damage,2026-01-13,61754.17,PENDING,0,76,41723.62,2024-10-17,VERIFIED
4802,16469,4819,Property Damage,2025-07-07,78217.22,APPROVED,0,57,73206.89,2023-10-08,VERIFIED
4803,1632,3224,Property Damage,2026-05-23,109038.5,PENDING,0,79,79512.15,2023-06-24,VERIFIED
4804,24441,8618,Life Claim,2026-02-09,40190.96,REJECTED,0,16,60054.05,2024-03-21,PENDING
4805,17952,787,Health Claim,2025-09-20,4963.82,PENDING,0,84,13815.75,2023-06-17,PENDING
4806,16770,563,Property Damage,2025-09-07,31440.09,APPROVED,0,47,68579.75,2024-10-14,VERIFIED
4807,15905,8139,Motor Accident,2026-03-21,14825.68,APPROVED,0,58,47065.95,2023-06-24,VERIFIED
4808,20565,1284,Health Claim,2025-07-14,17694.47,REJECTED,0,25,44395.8,2025-01-27,PENDING
4809,21005,5121,Life Claim,2025-06-26,24459.54,REJECTED,0,56,75123.44,2025-08-26,PENDING
4810,15826,1377,Life Claim,2025-10-28,39558.24,APPROVED,0,46,73577.37,2023-10-18,VERIFIED
4811,15251,2115,Life Claim,2026-05-12,1868.19,APPROVED,0,88,14162.68,2025-07-21,PENDING
4812,17082,193,Property Damage,2026-04-19,41079.78,APPROVED,0,79,67476.25,2025-01-31,VERIFIED
4813,2678,2666,Property Damage,2025-11-27,81501.66,APPROVED,0,42,66881.93,2024-11-25,PENDING
4814,2664,578,Motor Accident,2025-08-27,45230.72,APPROVED,0,32,65236.02,2025-03-23,VERIFIED
4815,19297,1895,Property Damage,2025-11-19,177340.29,REJECTED,0,34,93956.08,2025-05-09,PENDING
4816,12210,2405,Property Damage,2025-07-25,5271.22,PENDING,0,41,26229.15,2023-08-14,VERIFIED
4817,11897,1094,Health Claim,2025-07-12,86089.85,REJECTED,0,62,74119.61,2026-03-04,PENDING
4818,13838,1019,Life Claim,2026-03-30,43298.03,PENDING,0,98,74708.67,2024-08-08,VERIFIED
4819,8070,6690,Property Damage,2025-07-01,44649.34,APPROVED,0,91,92249.14,2023-06-21,PENDING
4820,22601,8020,Property Damage,2026-02-10,4003.79,PENDING,0,75,21169.73,2023-11-27,VERIFIED
4821,6209,2915,Motor Accident,2026-03-24,80897.88,APPROVED,0,27,54044.69,2023-12-05,VERIFIED
4822,19386,7338,Health Claim,2026-04-14,7009.97,REJECTED,0,23,6370.13,2023-07-09,PENDING
4823,2370,8314,Property Damage,2026-01-15,7397.09,REJECTED,0,55,12369.02,2025-06-27,VERIFIED
4824,9369,8906,Motor Accident,2025-12-10,26754.6,PENDING,0,80,70814.57,2025-03-01,PENDING
4825,5225,8102,Health Claim,2025-09-26,12848.01,PENDING,0,15,27709.72,2025-01-31,PENDING
4826,17054,3277,Motor Accident,2025-07-29,9987.68,REJECTED,0,88,18860.29,2025-04-07,PENDING
4827,7447,1931,Health Claim,2025-06-12,71828.53,APPROVED,0,48,42737.14,2024-05-04,PENDING
4828,17602,280,Property Damage,2026-05-23,31119.99,REJECTED,0,100,59880.19,2025-07-14,VERIFIED
4829,2196,6153,Property Damage,2026-01-22,23476.18,APPROVED,0,90,93593.47,2024-06-01,PENDING
4830,12311,9509,Motor Accident,2025-09-04,41413.7,PENDING,0,93,85722.95,2025-05-19,PENDING
4831,14952,9757,Property Damage,2025-07-03,70610.5,APPROVED,0,46,43654.0,2026-03-29,VERIFIED
4832,3634,2273,Life Claim,2025-12-24,19353.38,PENDING,0,49,79346.34,2024-06-03,PENDING
4833,14866,9140,Motor Accident,2025-06-01,11020.51,APPROVED,0,83,44129.35,2023-11-08,PENDING
4834,5428,7280,Health Claim,2025-05-29,42006.43,PENDING,0,74,98021.24,2025-08-24,PENDING
4835,20081,8108,Life Claim,2026-02-28,42927.41,REJECTED,0,69,88942.16,2023-11-17,VERIFIED
4836,3520,1807,Life Claim,2025-07-13,8817.1,PENDING,0,21,45434.66,2023-11-16,PENDING
4837,18992,9246,Health Claim,2026-02-12,21625.74,REJECTED,0,56,42298.02,2023-06-12,VERIFIED
4838,13021,4908,Property Damage,2026-03-08,12319.54,PENDING,0,45,62961.7,2024-03-14,VERIFIED
4839,11037,9395,Life Claim,2025-09-24,33729.81,REJECTED,0,88,51248.87,2026-01-12,PENDING
4840,11746,5782,Property Damage,2025-08-12,121473.71,REJECTED,0,51,90201.99,2025-07-25,PENDING
4841,3578,6336,Motor Accident,2025-10-16,62423.24,PENDING,0,32,96084.45,2024-05-08,VERIFIED
4842,24423,2337,Life Claim,2025-10-23,61974.05,APPROVED,0,23,94381.96,2024-08-06,VERIFIED
4843,22959,1197,Life Claim,2025-10-12,21703.82,PENDING,0,48,32065.83,2024-08-14,VERIFIED
4844,17004,5700,Property Damage,2025-07-04,21273.99,APPROVED,0,25,93641.64,2023-08-19,PENDING
4845,13065,3874,Health Claim,2025-11-17,52371.07,PENDING,0,65,35359.05,2024-09-28,PENDING
4846,21481,488,Motor Accident,2025-09-25,53064.67,APPROVED,0,53,39615.28,2025-05-01,VERIFIED
4847,4428,7508,Property Damage,2025-08-26,14856.37,APPROVED,0,100,76225.53,2023-09-05,PENDING
4848,9224,3495,Motor Accident,2026-04-04,72196.47,APPROVED,0,74,38352.95,2024-10-09,VERIFIED
4849,13103,9368,Motor Accident,2025-10-11,6470.1,PENDING,0,5,10064.38,2025-05-06,VERIFIED
4850,24121,3612,Motor Accident,2025-05-25,142646.15,REJECTED,0,52,78234.56,2026-04-04,VERIFIED
4851,282,4498,Life Claim,2025-12-08,131220.2,APPROVED,0,86,82173.43,2025-06-24,VERIFIED
4852,14197,2960,Life Claim,2025-10-07,38559.55,REJECTED,0,65,61663.16,2023-11-11,PENDING
4853,14193,7188,Property Damage,2026-03-27,11752.19,PENDING,0,18,21275.11,2024-12-31,VERIFIED
4854,3305,1259,Motor Accident,2026-04-14,4936.45,REJECTED,0,85,23798.91,2025-01-09,PENDING
4855,23762,5487,Health Claim,2026-03-31,8158.52,REJECTED,0,98,15785.43,2025-01-11,VERIFIED
4856,9496,1840,Property Damage,2025-07-16,87018.52,REJECTED,0,36,86568.57,2024-03-11,VERIFIED
4857,21526,7768,Life Claim,2025-11-15,16577.11,APPROVED,0,74,84661.71,2024-10-16,VERIFIED
4858,21884,7569,Life Claim,2025-07-25,45094.03,PENDING,0,38,76037.49,2026-01-20,VERIFIED
4859,7349,2058,Property Damage,2026-02-13,136175.88,APPROVED,0,51,79319.16,2025-07-31,PENDING
4860,19012,3159,Property Damage,2026-03-29,24415.53,REJECTED,0,52,37383.71,2024-02-06,VERIFIED
4861,14433,8787,Property Damage,2025-07-20,9674.27,PENDING,0,13,69625.12,2024-08-29,VERIFIED
4862,21455,760,Health Claim,2025-11-12,24261.11,PENDING,0,93,74252.9,2023-12-28,PENDING
4863,14635,6972,Health Claim,2025-10-16,28458.71,APPROVED,0,40,43278.97,2025-01-05,VERIFIED
4864,7534,6063,Life Claim,2025-06-21,5995.23,REJECTED,0,4,19256.7,2024-04-16,PENDING
4865,15576,6533,Life Claim,2026-01-21,21584.19,APPROVED,0,8,58877.17,2023-09-09,VERIFIED
4866,23759,6562,Life Claim,2026-03-10,18806.28,APPROVED,0,75,33266.78,2025-04-23,VERIFIED
4867,21095,4080,Life Claim,2025-11-07,6148.31,PENDING,0,83,36450.98,2024-05-09,VERIFIED
4868,18133,5420,Motor Accident,2025-10-13,4333.17,APPROVED,0,94,12935.63,2026-05-10,VERIFIED
4869,19697,4624,Property Damage,2026-03-21,170677.08,PENDING,0,64,92087.42,2026-05-01,VERIFIED
4870,9034,8082,Property Damage,2026-01-23,129340.0,PENDING,0,47,73001.5,2025-01-25,PENDING
4871,9730,5529,Health Claim,2025-08-16,34968.12,REJECTED,0,15,84852.0,2025-07-01,VERIFIED
4872,1305,1230,Motor Accident,2026-04-19,11012.82,APPROVED,0,65,83892.28,2023-06-07,VERIFIED
4873,16442,6494,Health Claim,2026-02-02,10051.85,PENDING,0,78,34406.97,2023-05-26,VERIFIED
4874,22488,569,Property Damage,2026-02-13,42056.17,APPROVED,0,18,83271.23,2026-04-26,PENDING
4875,13157,9859,Property Damage,2025-10-26,13733.77,APPROVED,0,68,19623.13,2025-07-12,PENDING
4876,473,8217,Life Claim,2025-08-30,44157.85,PENDING,0,42,82313.3,2026-05-10,VERIFIED
4877,14300,3167,Life Claim,2025-06-12,8126.24,PENDING,0,24,12239.22,2024-04-05,PENDING
4878,9903,3795,Property Damage,2026-04-20,10828.05,APPROVED,0,23,64765.72,2025-11-14,VERIFIED
4879,22038,7421,Property Damage,2025-08-05,172963.0,APPROVED,0,31,97768.19,2024-06-25,PENDING
4880,14714,7795,Motor Accident,2026-04-08,13072.39,APPROVED,0,81,23449.9,2025-10-09,PENDING
4881,5230,8884,Life Claim,2025-09-24,20920.31,REJECTED,0,54,51053.65,2025-04-10,PENDING
4882,21888,4487,Health Claim,2025-10-09,40362.07,APPROVED,0,87,24628.97,2023-12-04,VERIFIED
4883,21470,4543,Health Claim,2026-03-12,111150.26,APPROVED,0,4,55947.39,2024-01-03,PENDING
4884,11308,9906,Life Claim,2025-07-13,85691.32,PENDING,0,33,62430.38,2023-06-07,VERIFIED
4885,11318,4974,Property Damage,2026-05-19,5013.14,PENDING,0,10,42603.74,2025-04-10,VERIFIED
4886,22906,9017,Property Damage,2025-07-05,52126.71,APPROVED,0,34,78559.8,2026-04-03,PENDING
4887,21606,6401,Life Claim,2025-06-29,18018.07,REJECTED,0,10,34253.88,2025-12-16,VERIFIED
4888,1512,2188,Property Damage,2025-12-15,42634.57,PENDING,0,82,26193.06,2024-12-05,PENDING
4889,4204,8272,Property Damage,2025-06-27,40456.43,REJECTED,0,64,94625.0,2024-04-27,PENDING
4890,20243,7336,Motor Accident,2025-05-29,4387.99,REJECTED,0,28,28147.12,2025-02-01,PENDING
4891,5348,4292,Life Claim,2026-02-25,20172.32,REJECTED,0,63,83356.64,2024-12-22,PENDING
4892,8594,3526,Motor Accident,2025-09-24,43096.37,APPROVED,0,48,23431.52,2025-08-27,PENDING
4893,22219,5893,Life Claim,2025-12-01,7678.42,PENDING,0,10,57338.21,2025-06-10,VERIFIED
4894,1186,6266,Life Claim,2026-04-13,94698.1,REJECTED,0,49,62231.71,2026-04-12,VERIFIED
4895,5320,6800,Property Damage,2026-04-26,37298.57,PENDING,0,3,90608.42,2026-04-08,VERIFIED
4896,4976,5641,Health Claim,2025-10-12,18240.51,PENDING,0,76,86852.34,2024-09-01,PENDING
4897,9391,6563,Motor Accident,2026-03-26,23592.2,REJECTED,0,34,53407.17,2024-08-24,VERIFIED
4898,2370,7597,Property Damage,2025-12-25,7442.46,APPROVED,0,48,19280.91,2026-03-24,PENDING
4899,23395,8903,Health Claim,2026-05-16,42551.48,APPROVED,0,26,61075.63,2026-03-29,PENDING
4900,5599,5759,Life Claim,2025-11-25,5152.04,REJECTED,0,2,26251.21,2025-04-14,PENDING
4901,11486,2114,Property Damage,2026-01-10,7654.29,APPROVED,0,86,32014.29,2024-12-08,PENDING
4902,5255,9881,Motor Accident,2026-05-20,51138.29,PENDING,0,59,99295.43,2024-11-04,VERIFIED
4903,20498,7533,Motor Accident,2025-09-09,33110.49,PENDING,0,61,65797.22,2025-09-07,PENDING
4904,13839,7078,Property Damage,2026-05-09,37862.04,APPROVED,0,23,63041.75,2023-07-12,VERIFIED
4905,23408,9387,Life Claim,2025-07-30,17976.11,APPROVED,0,38,52278.47,2025-08-22,PENDING
4906,12704,4246,Life Claim,2026-05-23,4374.37,PENDING,0,64,9319.39,2024-04-10,VERIFIED
4907,24672,7658,Motor Accident,2026-02-28,31908.15,APPROVED,0,10,63356.5,2023-12-12,VERIFIED
4908,22411,3360,Property Damage,2025-09-05,944.39,PENDING,0,74,6195.49,2024-03-25,VERIFIED
4909,23963,9600,Life Claim,2026-02-06,49015.5,APPROVED,0,49,32892.99,2026-05-18,PENDING
4910,149,6625,Property Damage,2026-02-24,156216.79,PENDING,0,70,95969.37,2024-06-14,PENDING
4911,20204,3356,Motor Accident,2026-03-20,5731.3,REJECTED,0,23,9008.24,2025-02-24,VERIFIED
4912,4877,2940,Health Claim,2025-08-31,2959.73,APPROVED,0,17,7928.29,2024-03-09,VERIFIED
4913,15088,3575,Motor Accident,2025-07-02,5335.18,REJECTED,0,28,26553.88,2023-11-19,VERIFIED
4914,21332,5940,Health Claim,2026-04-29,21279.72,APPROVED,0,32,15948.91,2023-09-21,VERIFIED
4915,6896,8024,Health Claim,2025-07-17,146059.45,REJECTED,0,44,85752.19,2024-10-17,PENDING
4916,22467,9536,Motor Accident,2025-08-07,43543.6,PENDING,0,84,75988.49,2026-03-30,VERIFIED
4917,4173,3094,Life Claim,2025-06-13,9275.4,REJECTED,0,5,18696.87,2023-12-19,PENDING
4918,24238,941,Health Claim,2026-05-23,12049.4,APPROVED,0,10,27243.74,2026-01-18,PENDING
4919,13229,4850,Health Claim,2025-08-09,5580.91,APPROVED,0,46,18866.92,2025-07-01,VERIFIED
4920,23278,3760,Motor Accident,2025-11-16,37308.37,PENDING,0,8,59121.2,2024-09-19,PENDING
4921,19610,3514,Life Claim,2025-06-20,94951.84,APPROVED,0,13,58093.53,2025-06-14,PENDING
4922,1724,4602,Health Claim,2026-04-16,16022.18,REJECTED,0,67,58392.63,2024-12-29,PENDING
4923,18789,864,Motor Accident,2025-09-22,47020.55,REJECTED,0,90,87608.28,2024-03-25,PENDING
4924,6126,4736,Property Damage,2025-08-31,21239.42,REJECTED,0,41,44942.93,2026-03-30,VERIFIED
4925,3555,9222,Health Claim,2026-01-10,42170.07,REJECTED,0,7,31296.65,2025-11-30,VERIFIED
4926,20434,3157,Health Claim,2025-11-28,19894.68,PENDING,0,52,70386.31,2026-01-23,VERIFIED
4927,16638,3684,Life Claim,2026-03-18,106998.59,REJECTED,0,96,91008.95,2025-03-18,PENDING
4928,20045,1831,Life Claim,2025-12-10,122170.4,REJECTED,0,44,70384.05,2025-07-08,PENDING
4929,4639,7392,Life Claim,2025-08-10,17859.11,APPROVED,0,90,42539.19,2025-08-25,VERIFIED
4930,9475,7487,Health Claim,2026-04-07,9710.73,APPROVED,0,29,26662.05,2024-10-23,VERIFIED
4931,1663,3558,Property Damage,2025-10-01,28221.3,APPROVED,0,7,57652.85,2023-06-16,PENDING
4932,21459,3531,Property Damage,2026-05-10,51010.01,APPROVED,0,84,87495.54,2025-12-30,VERIFIED
4933,3222,9835,Motor Accident,2025-12-18,156640.05,APPROVED,0,96,86876.01,2024-05-08,VERIFIED
4934,18624,7586,Motor Accident,2025-06-21,49106.8,APPROVED,0,10,74547.29,2023-08-02,PENDING
4935,7102,1632,Health Claim,2025-09-29,12545.29,REJECTED,0,19,27042.79,2026-05-12,PENDING
4936,7249,2074,Motor Accident,2025-06-09,2396.39,REJECTED,0,45,6175.47,2025-10-05,VERIFIED
4937,2942,4657,Life Claim,2025-09-12,27590.61,PENDING,0,50,50455.32,2025-01-29,PENDING
4938,440,6199,Life Claim,2025-10-25,2272.15,PENDING,0,42,14850.81,2024-08-12,PENDING
4939,24865,5604,Property Damage,2025-12-13,93648.67,APPROVED,0,74,83920.33,2024-04-28,VERIFIED
4940,10796,4269,Health Claim,2025-06-03,7391.86,REJECTED,0,11,12816.94,2025-11-17,PENDING
4941,21047,6621,Property Damage,2025-07-06,21435.48,REJECTED,0,9,39642.38,2023-07-04,PENDING
4942,18386,2305,Motor Accident,2025-06-27,43168.83,APPROVED,0,6,88113.95,2025-05-02,PENDING
4943,19631,1010,Life Claim,2026-04-23,9970.87,PENDING,0,4,24503.8,2024-11-26,VERIFIED
4944,24044,448,Motor Accident,2025-11-12,27238.32,APPROVED,0,76,54055.9,2024-04-13,PENDING
4945,3099,8745,Life Claim,2025-10-06,18939.41,REJECTED,0,70,83200.88,2026-05-23,VERIFIED
4946,19952,1895,Life Claim,2026-04-24,53043.96,PENDING,0,13,77348.09,2025-05-20,VERIFIED
4947,3308,4046,Property Damage,2025-06-08,10972.65,PENDING,0,1,29807.97,2024-02-10,PENDING
4948,10113,9316,Property Damage,2025-06-13,32933.55,APPROVED,0,10,27207.92,2024-11-13,VERIFIED
4949,7667,6714,Motor Accident,2025-11-28,14296.53,APPROVED,0,25,29484.13,2025-12-20,PENDING
4950,1840,4855,Health Claim,2025-06-06,28281.46,PENDING,0,66,45470.4,2024-04-07,VERIFIED
4951,12591,1220,Life Claim,2025-08-01,23695.77,APPROVED,0,10,58247.25,2023-10-08,VERIFIED
4952,9669,3267,Health Claim,2025-06-13,9108.84,PENDING,0,21,63475.94,2025-05-30,VERIFIED
4953,9233,3084,Life Claim,2026-02-09,5430.07,APPROVED,0,3,34783.1,2025-09-07,VERIFIED
4954,3658,2684,Motor Accident,2025-06-18,9883.49,REJECTED,0,64,70985.68,2024-10-18,VERIFIED
4955,10859,1624,Health Claim,2025-07-13,7981.6,APPROVED,0,11,20231.79,2023-08-11,VERIFIED
4956,22718,1493,Property Damage,2026-01-30,24136.79,PENDING,0,78,82073.06,2025-07-29,VERIFIED
4957,14629,2126,Motor Accident,2026-01-24,11819.79,REJECTED,0,66,47105.46,2024-09-30,VERIFIED
4958,4489,6270,Health Claim,2026-01-08,22202.98,REJECTED,0,90,43865.79,2025-12-13,VERIFIED
4959,19663,4664,Life Claim,2025-12-06,3539.01,APPROVED,0,35,28515.0,2024-12-26,PENDING
4960,18982,4093,Health Claim,2025-10-23,5017.1,PENDING,0,66,14886.93,2026-01-03,VERIFIED
4961,12383,1442,Property Damage,2025-11-24,21747.78,APPROVED,0,27,77331.26,2025-08-11,PENDING
4962,23792,5226,Property Damage,2025-06-11,87269.37,APPROVED,0,27,49726.73,2024-11-29,PENDING
4963,22475,5564,Life Claim,2025-12-22,82726.97,PENDING,0,48,55995.38,2026-05-12,VERIFIED
4964,8171,4655,Life Claim,2026-05-06,11412.53,REJECTED,0,73,56867.05,2025-02-16,VERIFIED
4965,3047,9035,Property Damage,2026-02-09,171140.0,PENDING,0,88,95583.62,2023-09-27,VERIFIED
4966,1039,5307,Motor Accident,2025-12-01,139397.6,PENDING,0,99,70098.57,2023-09-20,PENDING
4967,7396,1747,Motor Accident,2025-09-21,3881.79,PENDING,0,39,17218.87,2025-04-13,PENDING
4968,1629,1405,Property Damage,2025-10-06,5122.69,REJECTED,0,11,11692.05,2023-08-02,PENDING
4969,12550,2571,Life Claim,2026-01-08,40188.12,PENDING,0,77,72707.37,2025-07-17,PENDING
4970,9667,1581,Health Claim,2025-12-24,2071.62,REJECTED,0,20,10075.6,2026-03-15,VERIFIED
4971,12088,7203,Motor Accident,2025-08-12,111398.71,PENDING,0,26,87874.09,2023-11-14,PENDING
4972,3136,7190,Health Claim,2025-10-28,27192.9,PENDING,0,61,82264.03,2023-11-15,PENDING
4973,489,4861,Health Claim,2025-12-31,110936.75,PENDING,0,14,84025.82,2025-03-03,PENDING
4974,22584,9575,Life Claim,2026-03-20,10415.42,REJECTED,0,84,44391.05,2024-04-09,PENDING
4975,1645,5652,Motor Accident,2025-08-03,52243.15,APPROVED,0,37,96656.89,2023-07-03,PENDING
4976,8647,6599,Motor Accident,2025-07-21,21795.01,APPROVED,0,81,37092.56,2025-04-21,PENDING
4977,8268,7720,Life Claim,2025-09-01,19185.15,REJECTED,0,77,31618.37,2024-09-25,PENDING
4978,20778,4775,Motor Accident,2025-12-12,9125.16,REJECTED,0,70,21647.69,2026-03-13,VERIFIED
4979,13861,8228,Health Claim,2025-05-30,13469.87,APPROVED,0,55,37435.01,2025-04-01,VERIFIED
4980,15457,1840,Life Claim,2026-01-20,103404.53,APPROVED,0,64,82551.39,2025-07-07,PENDING
4981,11088,735,Life Claim,2025-09-06,8869.9,APPROVED,0,80,32734.01,2025-09-12,VERIFIED
4982,9441,9614,Life Claim,2026-03-08,11564.06,REJECTED,0,42,72608.75,2025-09-11,PENDING
4983,18076,23,Health Claim,2025-09-15,21281.65,APPROVED,0,3,12176.31,2025-12-26,VERIFIED
4984,11240,5004,Motor Accident,2025-08-25,21140.25,PENDING,0,54,35463.78,2025-10-11,VERIFIED
4985,23378,8908,Life Claim,2026-04-14,112107.97,REJECTED,0,96,94833.96,2025-01-10,VERIFIED
4986,10230,4812,Motor Accident,2026-03-10,4042.82,APPROVED,0,59,36527.78,2026-03-03,PENDING
4987,14926,6456,Life Claim,2025-10-16,8442.25,REJECTED,0,18,52329.24,2026-03-06,PENDING
4988,15141,2993,Life Claim,2026-03-25,11417.3,REJECTED,0,90,21425.0,2023-12-02,VERIFIED
4989,3336,4554,Life Claim,2025-05-29,4800.92,REJECTED,0,100,11834.63,2024-09-04,PENDING
4990,4268,4192,Motor Accident,2025-12-22,13479.06,PENDING,0,81,21931.55,2023-08-10,PENDING
4991,910,4555,Life Claim,2025-11-08,33049.76,PENDING,0,45,66121.78,2025-01-25,VERIFIED
4992,18405,4633,Life Claim,2026-05-15,36324.26,APPROVED,0,1,73244.01,2024-04-27,VERIFIED
4993,14858,8042,Health Claim,2025-09-05,122562.49,PENDING,0,13,64567.86,2024-07-30,VERIFIED
4994,24701,2187,Motor Accident,2025-11-26,21283.1,APPROVED,0,60,56800.88,2023-08-27,PENDING
4995,18246,9056,Life Claim,2025-10-05,25922.69,APPROVED,0,84,61414.52,2025-10-26,PENDING
4996,15278,2791,Life Claim,2025-12-11,27519.17,PENDING,0,23,53689.76,2023-12-26,VERIFIED
4997,1407,4307,Motor Accident,2025-06-06,104551.0,APPROVED,0,51,67862.06,2025-09-22,PENDING
4998,3700,4522,Health Claim,2026-04-29,8620.31,PENDING,0,34,30290.09,2025-10-08,PENDING
4999,15192,9982,Motor Accident,2026-03-18,9101.63,REJECTED,0,84,18890.18,2023-09-04,PENDING
5000,19387,3971,Motor Accident,2025-12-25,18512.28,REJECTED,0,46,42923.68,2024-08-07,VERIFIED
5001,19624,116,Motor Accident,2025-09-07,2191.22,APPROVED,0,40,18064.92,2024-12-02,PENDING
5002,11856,9123,Motor Accident,2025-09-13,33484.55,REJECTED,0,1,70269.89,2023-10-17,PENDING
5003,22746,5888,Life Claim,2025-11-05,62862.75,PENDING,0,42,99685.96,2024-04-29,PENDING
5004,21913,1214,Life Claim,2026-01-01,37622.73,APPROVED,0,2,95323.36,2023-12-21,PENDING
5005,16386,7933,Health Claim,2025-08-21,17747.99,REJECTED,0,84,45535.97,2023-10-13,PENDING
5006,20093,1078,Motor Accident,2025-08-06,27430.32,PENDING,0,46,98243.0,2026-01-03,PENDING
5007,16212,5411,Motor Accident,2025-11-15,43596.62,APPROVED,0,17,68727.14,2024-04-16,PENDING
5008,20943,8811,Motor Accident,2025-10-10,3076.39,REJECTED,0,53,23862.85,2025-02-25,VERIFIED
5009,286,4598,Health Claim,2025-12-28,21187.69,APPROVED,0,3,80905.57,2024-10-19,VERIFIED
5010,9293,6467,Motor Accident,2025-11-02,13569.18,APPROVED,0,29,74837.56,2025-11-27,VERIFIED
5011,13257,2680,Life Claim,2026-05-05,8240.61,PENDING,0,47,42690.05,2025-03-26,VERIFIED
5012,4247,1172,Health Claim,2025-10-23,10565.94,PENDING,0,92,29726.19,2024-07-05,VERIFIED
5013,14293,7867,Health Claim,2026-03-27,20046.24,APPROVED,0,13,40042.84,2024-06-02,PENDING
5014,18810,3317,Health Claim,2026-05-20,86188.45,REJECTED,0,74,56915.34,2025-02-05,PENDING
5015,24197,9681,Health Claim,2025-12-04,26617.25,REJECTED,0,15,48735.71,2023-08-14,VERIFIED
5016,22566,3960,Property Damage,2026-01-10,26064.5,APPROVED,0,42,77606.13,2024-11-03,VERIFIED
5017,3643,2377,Property Damage,2026-04-16,40078.79,PENDING,0,97,61981.92,2024-06-06,PENDING
5018,10041,8399,Life Claim,2025-10-31,14624.52,APPROVED,0,5,28742.46,2024-03-24,VERIFIED
5019,13426,6701,Motor Accident,2025-10-28,43880.61,APPROVED,0,4,26113.51,2024-04-24,VERIFIED
5020,16330,6884,Property Damage,2026-04-14,9530.78,APPROVED,0,85,79722.23,2025-08-02,PENDING
5021,21778,7321,Property Damage,2025-12-25,96568.76,PENDING,0,93,77764.99,2025-02-15,VERIFIED
5022,11238,1124,Property Damage,2026-05-02,10657.23,REJECTED,0,54,7285.73,2025-03-31,PENDING
5023,9963,7050,Life Claim,2026-04-29,26394.4,PENDING,0,75,40607.49,2023-11-24,PENDING
5024,20238,1177,Property Damage,2025-11-03,89467.98,APPROVED,0,72,47531.98,2024-12-28,PENDING
5025,1829,1935,Life Claim,2025-09-10,41416.25,APPROVED,0,23,34212.18,2026-05-11,VERIFIED
5026,8980,7350,Health Claim,2025-11-21,28986.61,PENDING,0,19,79111.72,2024-03-19,VERIFIED
5027,6117,5437,Life Claim,2025-06-20,4114.61,APPROVED,0,91,30282.76,2023-08-10,VERIFIED
5028,4111,9181,Life Claim,2025-08-08,37516.04,PENDING,0,6,65055.47,2026-04-17,PENDING
5029,13682,2387,Life Claim,2026-02-21,27098.0,APPROVED,0,1,84263.41,2023-09-26,PENDING
5030,5531,4841,Health Claim,2025-08-28,3876.19,PENDING,0,44,22511.81,2023-09-09,VERIFIED
5031,7638,7518,Health Claim,2025-06-07,79450.3,PENDING,0,82,78655.86,2025-07-10,VERIFIED
5032,13941,7878,Motor Accident,2025-11-30,49061.62,REJECTED,0,85,31290.87,2025-06-11,VERIFIED
5033,5955,8458,Life Claim,2026-05-20,8124.53,PENDING,0,13,73061.73,2024-09-26,VERIFIED
5034,2947,4928,Motor Accident,2025-08-05,32850.89,REJECTED,0,34,98546.57,2025-12-25,PENDING
5035,12297,1412,Motor Accident,2026-04-02,21699.63,REJECTED,0,57,98762.04,2025-07-22,VERIFIED
5036,16587,9347,Health Claim,2026-05-05,15417.22,APPROVED,0,61,40782.62,2023-10-30,PENDING
5037,11938,29,Health Claim,2026-04-09,152823.49,APPROVED,0,79,82654.19,2023-08-21,VERIFIED
5038,197,6281,Property Damage,2025-10-26,17452.31,PENDING,0,73,25530.94,2023-11-17,PENDING
5039,11080,5067,Health Claim,2025-10-28,37463.01,PENDING,0,80,94886.24,2024-03-25,VERIFIED
5040,2084,5501,Life Claim,2026-04-15,42460.5,APPROVED,0,26,96702.48,2024-06-21,VERIFIED
5041,24987,7137,Health Claim,2025-09-17,20797.85,REJECTED,0,30,32399.65,2025-05-30,PENDING
5042,10603,1907,Property Damage,2025-08-14,28658.0,REJECTED,0,46,54219.31,2024-12-29,VERIFIED
5043,1210,3825,Property Damage,2026-04-20,49368.57,PENDING,0,95,79084.69,2024-08-01,VERIFIED
5044,18804,8960,Life Claim,2025-10-26,11163.68,APPROVED,0,51,20828.82,2025-05-14,PENDING
5045,16158,4203,Property Damage,2026-05-23,8996.26,PENDING,0,43,89617.86,2025-04-03,VERIFIED
5046,10770,49,Motor Accident,2025-10-20,9386.91,PENDING,0,40,19888.98,2023-12-31,PENDING
5047,14066,5620,Motor Accident,2026-05-07,19720.21,PENDING,0,28,84242.03,2024-04-07,PENDING
5048,2991,2385,Life Claim,2025-06-11,151016.9,PENDING,0,60,76034.03,2025-12-13,PENDING
5049,965,607,Life Claim,2025-06-19,23096.84,APPROVED,0,98,50308.66,2024-01-25,PENDING
5050,7913,2047,Life Claim,2025-10-31,4462.79,PENDING,0,81,34796.58,2024-02-02,PENDING
5051,4020,6314,Motor Accident,2026-03-10,132068.48,APPROVED,0,10,71537.19,2024-03-12,VERIFIED
5052,15814,8612,Motor Accident,2025-12-25,29888.77,REJECTED,0,75,86823.39,2025-01-25,PENDING
5053,4799,2798,Property Damage,2025-09-30,87362.78,PENDING,0,85,77878.66,2025-11-23,PENDING
5054,24430,6699,Health Claim,2026-01-25,2567.34,APPROVED,0,74,5620.93,2024-11-27,PENDING
5055,2778,7907,Health Claim,2026-02-18,34742.58,APPROVED,0,2,69133.32,2023-09-04,VERIFIED
5056,12985,1423,Health Claim,2025-11-13,7254.46,APPROVED,0,86,31179.14,2023-07-09,PENDING
5057,3225,5850,Property Damage,2026-04-25,18625.91,APPROVED,0,1,12415.79,2023-08-28,PENDING
5058,10280,79,Life Claim,2026-01-05,56303.34,PENDING,0,18,82548.19,2025-10-13,VERIFIED
5059,764,5319,Health Claim,2026-01-21,33289.25,APPROVED,0,12,64165.65,2024-04-07,PENDING
5060,17169,439,Life Claim,2026-05-04,56634.27,APPROVED,0,16,95987.99,2025-01-26,VERIFIED
5061,2017,1789,Motor Accident,2025-06-14,25032.12,APPROVED,0,78,71757.26,2025-12-31,PENDING
5062,7496,168,Life Claim,2026-04-21,110096.51,REJECTED,0,78,92550.83,2026-03-06,VERIFIED
5063,15477,9682,Health Claim,2026-02-21,21307.23,APPROVED,0,91,35742.43,2025-05-19,PENDING
5064,881,407,Property Damage,2025-10-14,11730.74,PENDING,0,7,29344.14,2023-10-30,PENDING
5065,1465,7630,Life Claim,2025-09-26,10629.83,REJECTED,0,74,24529.93,2026-03-30,VERIFIED
5066,18080,4007,Motor Accident,2025-09-19,52719.2,PENDING,0,89,83611.61,2023-11-04,VERIFIED
5067,2992,2454,Motor Accident,2025-06-16,5418.55,PENDING,0,44,21739.29,2024-08-23,PENDING
5068,2636,8939,Motor Accident,2025-11-30,5039.88,PENDING,0,15,31624.92,2024-07-30,VERIFIED
5069,3014,5371,Motor Accident,2025-10-08,37213.48,PENDING,0,65,91572.44,2025-03-13,VERIFIED
5070,17702,9420,Property Damage,2026-01-05,1633.83,REJECTED,0,97,13935.94,2023-06-16,PENDING
5071,10149,3826,Health Claim,2025-09-18,27065.69,PENDING,0,63,58142.7,2026-04-02,VERIFIED
5072,6904,7884,Property Damage,2026-04-17,19785.19,REJECTED,0,40,55519.75,2025-02-02,VERIFIED
5073,23137,1565,Property Damage,2026-02-19,11851.24,REJECTED,0,42,44905.56,2026-04-07,VERIFIED
5074,823,7503,Property Damage,2025-12-06,15431.7,REJECTED,0,26,51953.19,2024-02-10,PENDING
5075,21432,8171,Life Claim,2025-09-21,71511.58,PENDING,0,60,48177.89,2026-01-02,VERIFIED
5076,6757,7723,Life Claim,2025-06-21,66518.04,PENDING,0,55,43433.74,2025-07-28,PENDING
5077,10915,3610,Life Claim,2025-06-05,118702.94,REJECTED,0,26,94934.81,2024-03-16,PENDING
5078,8794,8971,Life Claim,2025-09-19,5797.51,REJECTED,0,84,32239.4,2023-11-07,VERIFIED
5079,24789,9043,Property Damage,2026-03-30,12199.41,APPROVED,0,35,21117.54,2025-09-11,VERIFIED
5080,8100,4558,Motor Accident,2025-06-18,3227.12,APPROVED,0,31,13109.47,2025-06-28,VERIFIED
5081,18721,7999,Life Claim,2026-03-05,7965.58,APPROVED,0,36,54700.91,2025-08-17,VERIFIED
5082,17515,7196,Health Claim,2025-06-01,20507.95,PENDING,0,56,78674.28,2025-09-26,PENDING
5083,17650,7914,Property Damage,2025-12-11,12836.15,APPROVED,0,82,46117.17,2026-05-23,VERIFIED
5084,8836,483,Property Damage,2026-03-30,75762.86,APPROVED,0,37,67908.87,2023-12-21,PENDING
5085,24698,3133,Health Claim,2026-05-12,4900.1,PENDING,0,4,10724.13,2025-09-21,VERIFIED
5086,954,353,Life Claim,2026-05-13,126389.91,REJECTED,0,49,87377.36,2025-07-14,PENDING
5087,6545,4374,Property Damage,2025-07-25,10962.34,PENDING,0,96,70777.41,2025-03-29,VERIFIED
5088,4099,1308,Motor Accident,2025-11-11,139503.38,PENDING,0,20,71276.88,2025-07-31,PENDING
5089,11818,7370,Life Claim,2025-12-14,29809.25,APPROVED,0,81,59013.98,2024-07-06,VERIFIED
5090,20275,175,Life Claim,2026-03-14,9066.07,PENDING,0,4,20494.44,2025-07-31,VERIFIED
5091,21826,3913,Health Claim,2026-05-05,16833.33,REJECTED,0,43,41956.13,2026-04-02,PENDING
5092,8721,4976,Property Damage,2026-04-10,12530.93,REJECTED,0,3,94087.56,2025-10-05,PENDING
5093,22833,6566,Life Claim,2025-06-22,61925.04,REJECTED,0,58,95891.6,2024-01-07,PENDING
5094,19425,4845,Health Claim,2025-08-27,78139.94,APPROVED,0,60,62410.06,2026-03-01,VERIFIED
5095,14781,1075,Property Damage,2025-08-11,12025.94,PENDING,0,96,32896.22,2024-10-17,PENDING
5096,12658,2057,Health Claim,2025-09-15,13147.6,REJECTED,0,48,50840.8,2024-10-18,VERIFIED
5097,21157,5365,Health Claim,2026-04-23,9791.81,APPROVED,0,52,23889.96,2023-09-18,VERIFIED
5098,366,4086,Health Claim,2025-10-26,5227.41,APPROVED,0,95,18059.59,2024-11-15,PENDING
5099,17977,5592,Health Claim,2025-12-04,98847.5,APPROVED,0,92,67312.51,2024-08-10,VERIFIED
5100,14969,1187,Motor Accident,2026-02-25,11361.97,REJECTED,0,39,37800.11,2024-05-05,PENDING
5101,6880,3562,Motor Accident,2025-05-31,17655.54,REJECTED,0,32,32408.41,2026-01-04,PENDING
5102,12260,5352,Health Claim,2025-10-28,21695.35,REJECTED,0,59,63648.97,2024-08-04,PENDING
5103,2532,4787,Motor Accident,2025-11-17,137417.5,REJECTED,0,32,82377.45,2024-06-15,PENDING
5104,18174,2829,Motor Accident,2026-03-14,20656.96,APPROVED,0,81,35924.01,2025-09-20,VERIFIED
5105,9077,5410,Property Damage,2025-08-09,25832.8,REJECTED,0,53,42243.61,2024-09-18,VERIFIED
5106,19172,9738,Life Claim,2025-09-29,7244.18,PENDING,0,75,11321.13,2024-08-09,VERIFIED
5107,2783,6096,Property Damage,2025-12-26,33504.2,APPROVED,0,54,92874.85,2023-08-30,VERIFIED
5108,15358,564,Health Claim,2026-01-30,15824.52,REJECTED,0,47,7977.02,2026-02-18,VERIFIED
5109,6174,250,Life Claim,2025-09-25,16874.53,APPROVED,0,53,11059.4,2025-08-05,VERIFIED
5110,22680,8219,Health Claim,2026-01-16,9577.26,REJECTED,0,19,34649.94,2023-06-20,PENDING
5111,17461,2753,Life Claim,2025-07-24,6445.4,REJECTED,0,7,37839.73,2025-01-09,VERIFIED
5112,18305,2354,Property Damage,2025-07-06,36161.78,APPROVED,0,81,85479.8,2025-03-14,PENDING
5113,978,5899,Life Claim,2026-05-21,148609.44,APPROVED,0,85,95887.38,2026-02-05,VERIFIED
5114,11260,9096,Health Claim,2025-12-03,11108.4,PENDING,0,54,25766.03,2026-03-28,PENDING
5115,24224,5041,Motor Accident,2025-11-08,62481.2,APPROVED,0,15,92674.44,2026-05-24,PENDING
5116,15584,4661,Property Damage,2025-10-11,26839.52,APPROVED,0,22,48388.81,2025-08-13,PENDING
5117,6708,284,Property Damage,2026-03-08,34312.68,PENDING,0,53,60011.43,2024-10-11,VERIFIED
5118,9985,5671,Motor Accident,2025-10-14,18948.37,APPROVED,0,26,60575.4,2024-09-01,PENDING
5119,11994,4263,Property Damage,2025-12-17,47826.11,REJECTED,0,35,36890.22,2025-07-23,PENDING
5120,17331,8795,Property Damage,2025-08-22,40978.1,REJECTED,0,74,92360.73,2026-04-22,PENDING
5121,22493,3134,Life Claim,2025-09-29,49213.93,REJECTED,0,28,77056.97,2025-03-20,PENDING
5122,20108,524,Motor Accident,2026-02-20,5662.84,REJECTED,0,63,27330.83,2023-09-25,VERIFIED
5123,20762,6726,Health Claim,2025-09-25,17007.85,APPROVED,0,78,56694.72,2024-04-01,VERIFIED
5124,20090,3813,Motor Accident,2025-08-01,20689.28,APPROVED,0,4,62979.96,2023-07-06,PENDING
5125,3588,9694,Motor Accident,2025-08-25,12245.51,PENDING,0,54,43211.12,2026-02-02,PENDING
5126,15432,1799,Motor Accident,2025-12-06,5293.68,REJECTED,0,72,23215.03,2025-12-08,VERIFIED
5127,16457,2611,Health Claim,2026-05-16,62423.03,APPROVED,0,31,90532.23,2024-04-06,PENDING
5128,16107,229,Life Claim,2025-12-12,25693.28,REJECTED,0,12,67614.98,2025-11-14,PENDING
5129,10524,6002,Health Claim,2025-05-25,19279.39,PENDING,0,77,72290.13,2024-12-25,VERIFIED
5130,15434,7040,Health Claim,2026-04-20,17446.93,REJECTED,0,81,43420.07,2024-03-17,VERIFIED
5131,23875,5158,Health Claim,2025-06-11,15940.9,REJECTED,0,11,40077.12,2023-07-18,PENDING
5132,22406,3120,Motor Accident,2025-05-31,8368.55,APPROVED,0,22,13239.11,2025-08-31,VERIFIED
5133,13808,1293,Property Damage,2025-06-28,11464.98,REJECTED,0,46,9634.05,2024-11-21,VERIFIED
5134,24039,2202,Motor Accident,2026-01-12,20532.82,REJECTED,0,25,97116.57,2025-10-30,VERIFIED
5135,13019,8086,Property Damage,2026-03-05,3225.01,PENDING,0,58,9916.74,2024-05-18,PENDING
5136,10092,907,Health Claim,2025-05-25,26212.24,PENDING,0,28,64882.75,2025-08-18,PENDING
5137,4216,5314,Property Damage,2026-01-31,6445.68,APPROVED,0,39,10793.53,2024-07-17,VERIFIED
5138,20641,2,Motor Accident,2025-10-17,37986.42,REJECTED,0,78,65854.01,2023-09-05,VERIFIED
5139,4070,9405,Health Claim,2025-12-17,68614.06,PENDING,0,10,54284.85,2024-03-04,PENDING
5140,18340,3213,Property Damage,2026-03-28,20578.29,APPROVED,0,63,29438.16,2026-04-08,VERIFIED
5141,8804,7643,Property Damage,2025-10-04,18670.49,APPROVED,0,61,38994.43,2023-08-23,VERIFIED
5142,6456,2693,Life Claim,2025-11-08,97876.24,APPROVED,0,98,68750.78,2025-11-20,PENDING
5143,332,2474,Property Damage,2025-12-23,29924.66,PENDING,0,8,24982.3,2024-07-30,VERIFIED
5144,20785,9106,Property Damage,2025-08-15,22506.78,PENDING,0,15,17538.37,2023-07-10,PENDING
5145,15684,4928,Motor Accident,2025-08-27,20212.8,REJECTED,0,29,82680.81,2025-10-26,PENDING
5146,342,5856,Life Claim,2026-03-25,2818.41,REJECTED,0,98,8253.47,2025-06-27,VERIFIED
5147,2861,4773,Property Damage,2025-06-29,61608.85,APPROVED,0,24,88524.73,2025-08-24,VERIFIED
5148,13599,1141,Motor Accident,2025-12-12,31624.13,PENDING,0,43,57101.85,2025-11-24,PENDING
5149,167,5738,Life Claim,2025-11-20,13857.54,PENDING,0,86,44044.09,2024-03-15,VERIFIED
5150,14669,9807,Motor Accident,2025-08-09,11115.0,PENDING,0,86,16534.81,2025-07-22,VERIFIED
5151,3721,9147,Motor Accident,2025-07-18,6657.63,PENDING,0,99,35153.15,2025-06-01,PENDING
5152,7793,9681,Health Claim,2025-10-14,1494.45,REJECTED,0,19,6055.15,2024-11-21,PENDING
5153,7129,1615,Motor Accident,2025-12-02,179416.17,APPROVED,0,28,91465.4,2024-06-23,VERIFIED
5154,23544,9576,Property Damage,2025-12-29,21755.52,PENDING,0,41,60305.68,2024-04-05,PENDING
5155,14734,7634,Health Claim,2025-09-11,96934.65,REJECTED,0,24,60430.32,2024-01-21,VERIFIED
5156,15938,745,Property Damage,2026-02-25,25400.26,PENDING,0,13,16642.09,2025-12-26,PENDING
5157,23748,489,Property Damage,2026-04-07,24887.91,PENDING,0,75,38829.92,2026-02-05,PENDING
5158,15279,1620,Health Claim,2025-11-29,41102.64,APPROVED,0,18,24332.41,2025-10-03,VERIFIED
5159,2114,3205,Health Claim,2025-09-30,15818.99,REJECTED,0,40,83804.96,2025-02-16,VERIFIED
5160,4741,3273,Health Claim,2026-03-24,17547.61,PENDING,0,41,84369.63,2026-01-04,PENDING
5161,24298,5771,Health Claim,2025-07-18,7218.75,PENDING,0,13,11022.42,2024-11-13,VERIFIED
5162,22513,4512,Motor Accident,2026-04-26,109841.39,REJECTED,0,28,78089.86,2025-05-29,VERIFIED
5163,6715,6303,Motor Accident,2026-04-08,50367.71,PENDING,0,23,86864.36,2024-01-02,VERIFIED
5164,9225,857,Health Claim,2026-05-15,10737.57,PENDING,0,54,51611.99,2023-11-27,PENDING
5165,24580,4671,Motor Accident,2025-10-12,26825.64,APPROVED,0,3,69416.19,2024-12-12,PENDING
5166,16434,773,Property Damage,2026-02-06,40053.76,APPROVED,0,61,88916.44,2025-05-06,PENDING
5167,12002,302,Motor Accident,2025-11-01,3192.46,APPROVED,0,91,7735.47,2024-09-09,PENDING
5168,558,3219,Health Claim,2025-09-03,97563.49,PENDING,0,70,49531.23,2023-06-12,VERIFIED
5169,15725,5206,Health Claim,2025-09-09,9407.15,REJECTED,0,23,51658.33,2026-01-01,PENDING
5170,22226,6828,Property Damage,2025-12-01,5177.44,REJECTED,0,85,11773.95,2026-05-05,PENDING
5171,16702,7820,Health Claim,2025-10-22,57071.63,PENDING,0,10,93061.14,2024-02-18,VERIFIED
5172,19016,2294,Motor Accident,2026-02-24,61109.46,APPROVED,0,99,95158.58,2026-02-25,PENDING
5173,14421,6508,Health Claim,2025-08-05,37519.8,PENDING,0,68,72660.09,2025-03-22,PENDING
5174,10896,822,Life Claim,2025-07-22,70301.36,PENDING,0,100,37591.3,2024-03-27,PENDING
5175,4097,8386,Health Claim,2025-12-05,45673.85,REJECTED,0,58,97457.46,2025-06-16,VERIFIED
5176,2900,3447,Health Claim,2025-09-21,40086.44,APPROVED,0,68,96215.76,2023-10-01,VERIFIED
5177,12524,3533,Life Claim,2025-11-06,30569.16,APPROVED,0,57,83383.56,2024-10-23,PENDING
5178,17171,6980,Life Claim,2026-04-03,5901.93,APPROVED,0,19,11118.85,2025-08-21,PENDING
5179,9965,1918,Motor Accident,2026-02-16,16247.38,REJECTED,0,4,29149.84,2025-03-20,PENDING
5180,18515,7446,Health Claim,2026-02-09,23275.82,REJECTED,0,41,50872.66,2024-08-14,PENDING
5181,767,2305,Property Damage,2026-05-18,44893.61,REJECTED,0,65,89098.15,2025-01-07,VERIFIED
5182,24102,7394,Life Claim,2025-08-18,46784.6,REJECTED,0,73,38664.54,2025-07-17,PENDING
5183,6320,9077,Life Claim,2025-07-14,5739.29,PENDING,0,31,13808.24,2025-03-19,VERIFIED
5184,12346,6205,Life Claim,2026-02-20,41465.68,PENDING,0,49,68605.05,2024-08-09,VERIFIED
5185,3340,6624,Life Claim,2026-05-08,8983.32,PENDING,0,29,52598.95,2023-09-21,VERIFIED
5186,15470,6034,Health Claim,2026-04-08,9435.63,APPROVED,0,28,26626.11,2025-10-09,PENDING
5187,22338,9662,Motor Accident,2025-11-02,15110.8,PENDING,0,17,92226.75,2026-03-19,VERIFIED
5188,2436,9941,Life Claim,2025-12-15,10045.0,PENDING,0,37,46494.75,2024-09-14,VERIFIED
5189,8067,4764,Health Claim,2025-07-18,2980.6,REJECTED,0,31,24226.7,2025-01-19,VERIFIED
5190,7258,1691,Property Damage,2025-06-08,20108.1,APPROVED,0,91,90355.73,2025-03-17,VERIFIED
5191,11405,5299,Motor Accident,2025-10-10,33050.04,PENDING,0,7,47302.28,2026-01-11,VERIFIED
5192,18260,7819,Health Claim,2026-04-08,130735.38,PENDING,0,64,71072.96,2024-03-17,PENDING
5193,18770,7960,Property Damage,2025-08-29,6252.08,PENDING,0,9,12471.84,2023-11-13,VERIFIED
5194,10063,2910,Health Claim,2025-10-16,30087.74,REJECTED,0,24,23734.69,2025-06-18,PENDING
5195,1927,2452,Property Damage,2026-02-01,8101.2,APPROVED,0,97,16612.89,2023-10-08,PENDING
5196,21942,2694,Motor Accident,2025-11-02,13873.49,PENDING,0,90,24386.13,2025-11-30,VERIFIED
5197,11191,8180,Life Claim,2025-12-17,41209.83,PENDING,0,60,78475.86,2024-11-04,VERIFIED
5198,15522,6497,Life Claim,2026-04-04,47879.33,REJECTED,0,42,69618.02,2024-07-20,VERIFIED
5199,11966,1209,Property Damage,2025-10-02,23562.7,PENDING,0,95,37965.99,2024-08-24,PENDING
5200,14921,7614,Life Claim,2026-04-29,57858.98,APPROVED,0,26,44692.52,2024-05-10,VERIFIED
5201,11296,6634,Property Damage,2025-08-21,11232.67,PENDING,0,65,34730.76,2024-04-22,VERIFIED
5202,20582,4398,Motor Accident,2026-05-07,21272.07,APPROVED,0,61,14269.6,2024-10-05,VERIFIED
5203,16530,1181,Property Damage,2025-12-11,26039.98,PENDING,0,87,71097.02,2025-08-05,VERIFIED
5204,13599,49,Motor Accident,2025-11-05,17002.24,REJECTED,0,88,32141.0,2023-09-18,PENDING
5205,17576,5798,Health Claim,2025-08-04,19819.13,PENDING,0,24,51948.16,2024-12-07,PENDING
5206,16972,2781,Health Claim,2025-08-31,129407.06,APPROVED,0,40,98569.91,2025-10-19,PENDING
5207,11724,9980,Health Claim,2025-11-12,27713.25,APPROVED,0,54,75557.96,2024-05-05,PENDING
5208,13839,5822,Life Claim,2025-08-31,22040.12,REJECTED,0,46,94013.5,2023-09-21,VERIFIED
5209,6879,8521,Life Claim,2026-05-11,61357.14,REJECTED,0,94,95558.08,2024-05-05,PENDING
5210,17801,7796,Health Claim,2025-08-15,9787.86,REJECTED,0,42,79370.08,2023-09-23,VERIFIED
5211,16421,3736,Health Claim,2026-04-04,8713.16,APPROVED,0,83,19339.98,2024-02-14,VERIFIED
5212,9614,2844,Life Claim,2026-02-08,38490.73,APPROVED,0,51,98176.69,2026-04-09,VERIFIED
5213,20379,389,Health Claim,2025-10-27,13410.42,PENDING,0,49,28608.44,2025-10-14,PENDING
5214,22822,6631,Motor Accident,2025-10-30,25698.33,APPROVED,0,54,43292.18,2025-11-24,VERIFIED
5215,2459,7428,Life Claim,2025-06-06,27119.22,REJECTED,0,60,48968.26,2025-06-12,PENDING
5216,10098,619,Life Claim,2026-04-13,39883.83,APPROVED,0,15,96679.8,2024-07-08,VERIFIED
5217,22161,1526,Life Claim,2025-12-30,40021.84,PENDING,0,21,68395.98,2023-11-25,PENDING
5218,2468,5828,Life Claim,2025-09-25,104590.32,REJECTED,0,88,56534.08,2024-03-31,PENDING
5219,4980,6429,Motor Accident,2026-03-04,7785.42,REJECTED,0,22,36702.11,2024-06-29,PENDING
5220,19052,6329,Property Damage,2025-07-16,55602.67,REJECTED,0,67,83666.63,2023-12-18,VERIFIED
5221,21544,3412,Life Claim,2026-02-09,42278.33,PENDING,0,45,73946.61,2025-09-08,PENDING
5222,1628,104,Motor Accident,2025-07-25,12981.55,PENDING,0,96,44014.1,2025-02-07,PENDING
5223,20068,756,Property Damage,2026-02-06,4257.13,PENDING,0,41,10149.46,2023-11-14,VERIFIED
5224,14680,8120,Property Damage,2026-01-22,3428.33,APPROVED,0,1,22257.95,2025-02-02,PENDING
5225,9771,8440,Health Claim,2026-02-05,35402.0,REJECTED,0,13,67763.91,2023-06-24,VERIFIED
5226,3022,2503,Motor Accident,2025-07-17,27631.19,PENDING,0,53,75270.04,2024-11-03,VERIFIED
5227,18819,1011,Property Damage,2026-03-28,33065.72,REJECTED,0,6,91440.61,2025-11-20,VERIFIED
5228,286,6017,Motor Accident,2026-01-13,76599.24,APPROVED,0,72,38473.19,2024-02-12,VERIFIED
5229,3485,5131,Property Damage,2026-04-22,12639.5,REJECTED,0,65,29770.41,2024-06-07,VERIFIED
5230,7163,3524,Life Claim,2025-12-04,73258.68,APPROVED,0,99,59088.12,2023-10-27,PENDING
5231,9355,4920,Health Claim,2026-04-16,3285.01,APPROVED,0,11,15456.96,2024-05-27,VERIFIED
5232,10649,9999,Property Damage,2025-11-17,13052.48,APPROVED,0,94,9199.64,2026-04-16,PENDING
5233,23980,9612,Health Claim,2025-10-10,47020.58,REJECTED,0,11,95010.92,2025-09-10,VERIFIED
5234,22713,3083,Health Claim,2026-02-03,46226.58,REJECTED,0,38,66879.48,2023-12-29,PENDING
5235,3220,2343,Health Claim,2026-05-08,12834.17,APPROVED,0,31,10389.14,2023-11-03,PENDING
5236,18111,7799,Life Claim,2025-09-13,163023.78,APPROVED,0,96,97972.31,2026-01-11,PENDING
5237,19564,3520,Property Damage,2025-07-15,4052.41,APPROVED,0,50,28972.28,2025-11-13,PENDING
5238,21541,7576,Life Claim,2026-02-18,15981.27,APPROVED,0,7,79640.82,2026-01-28,PENDING
5239,9373,7895,Life Claim,2025-12-25,28231.84,REJECTED,0,72,60985.23,2025-07-14,VERIFIED
5240,16633,540,Health Claim,2025-09-18,10038.15,APPROVED,0,4,45303.8,2026-05-24,VERIFIED
5241,24526,7501,Life Claim,2026-01-21,1457.38,APPROVED,0,60,14174.37,2023-06-21,VERIFIED
5242,13904,9593,Life Claim,2026-02-17,49373.76,APPROVED,0,52,35245.53,2025-04-07,PENDING
5243,8171,4128,Life Claim,2025-11-23,27824.97,REJECTED,0,9,73414.49,2025-11-23,PENDING
5244,6779,4317,Property Damage,2025-12-06,39348.07,APPROVED,0,45,37950.87,2026-05-04,VERIFIED
5245,11322,256,Motor Accident,2026-03-28,97152.51,PENDING,0,49,52584.77,2025-08-19,VERIFIED
5246,20427,2632,Motor Accident,2025-10-10,11602.1,REJECTED,0,77,22028.64,2026-01-22,PENDING
5247,16697,9684,Life Claim,2026-05-01,89039.34,APPROVED,0,64,53353.0,2024-01-06,PENDING
5248,18417,7608,Property Damage,2025-06-12,3132.39,PENDING,0,99,13610.92,2024-04-03,PENDING
5249,22372,5694,Health Claim,2025-09-04,9759.55,REJECTED,0,29,90218.37,2026-01-31,PENDING
5250,19455,2975,Health Claim,2026-04-03,34470.19,PENDING,0,33,75820.29,2025-04-09,VERIFIED
5251,2308,3712,Life Claim,2026-05-04,1592.76,REJECTED,0,47,5774.33,2024-03-17,VERIFIED
5252,3672,669,Property Damage,2026-03-19,11289.66,REJECTED,0,99,6489.56,2025-01-04,VERIFIED
5253,12140,2254,Property Damage,2025-11-26,42159.07,PENDING,0,71,39010.8,2023-11-10,VERIFIED
5254,20066,5414,Motor Accident,2025-12-18,72318.78,REJECTED,0,53,62819.25,2024-08-30,VERIFIED
5255,8543,8223,Property Damage,2025-08-29,36458.09,APPROVED,0,51,88072.14,2024-07-19,VERIFIED
5256,7791,7843,Health Claim,2026-01-15,25966.62,APPROVED,0,21,82540.9,2024-08-01,PENDING
5257,22798,7643,Property Damage,2025-06-11,14764.24,REJECTED,0,48,43212.38,2024-09-03,VERIFIED
5258,24875,5187,Health Claim,2026-05-19,10378.04,APPROVED,0,99,18910.96,2025-03-20,PENDING
5259,16937,2249,Motor Accident,2026-01-29,7960.27,REJECTED,0,16,13624.75,2026-05-18,PENDING
5260,4876,4605,Health Claim,2025-08-06,160073.35,REJECTED,0,37,86827.52,2025-10-02,PENDING
5261,17961,377,Health Claim,2025-08-03,41764.91,REJECTED,0,97,81363.58,2024-09-05,VERIFIED
5262,16744,9632,Motor Accident,2026-03-13,6931.99,PENDING,0,81,47010.25,2026-05-18,VERIFIED
5263,16485,6359,Motor Accident,2025-06-23,163685.62,APPROVED,0,99,81990.4,2025-06-30,VERIFIED
5264,12143,2050,Motor Accident,2025-11-18,14735.95,REJECTED,0,65,78095.11,2025-11-14,VERIFIED
5265,8351,8440,Property Damage,2025-12-14,25763.64,APPROVED,0,81,88768.27,2023-06-15,PENDING
5266,19801,6315,Motor Accident,2025-06-16,153341.64,REJECTED,0,38,86801.32,2024-04-04,PENDING
5267,16455,4737,Life Claim,2026-05-16,13625.06,APPROVED,0,67,84556.67,2025-01-31,PENDING
5268,12300,2272,Motor Accident,2025-09-14,10150.12,REJECTED,0,88,80175.25,2026-02-27,PENDING
5269,3639,1162,Property Damage,2026-05-06,3235.68,REJECTED,0,38,10997.53,2025-12-15,PENDING
5270,3176,500,Property Damage,2025-11-23,22173.62,PENDING,0,62,78669.25,2025-06-10,PENDING
5271,14766,1168,Property Damage,2026-02-16,54332.87,APPROVED,0,73,88346.47,2025-10-13,PENDING
5272,965,7300,Property Damage,2026-01-08,8199.09,REJECTED,0,99,27018.63,2025-01-11,VERIFIED
5273,20677,1371,Motor Accident,2025-10-27,7267.08,APPROVED,0,66,67812.43,2024-10-15,PENDING
5274,17610,1582,Health Claim,2025-05-26,76043.94,PENDING,0,66,57579.48,2025-05-14,VERIFIED
5275,14509,3103,Life Claim,2026-05-07,4545.32,APPROVED,0,35,14497.14,2023-12-01,VERIFIED
5276,23876,2373,Health Claim,2025-12-17,71649.93,APPROVED,0,87,46598.18,2025-03-23,PENDING
5277,3942,2447,Life Claim,2026-01-23,15888.3,APPROVED,0,39,46024.34,2024-09-24,PENDING
5278,14418,6399,Health Claim,2026-03-22,21678.54,APPROVED,0,91,50690.61,2023-11-18,PENDING
5279,2036,3413,Property Damage,2025-07-23,154542.82,APPROVED,0,89,94039.08,2024-12-04,VERIFIED
5280,18086,8428,Life Claim,2025-08-28,102600.58,REJECTED,0,96,64432.85,2025-06-23,VERIFIED
5281,9986,6280,Property Damage,2025-06-12,18454.17,PENDING,0,20,50802.28,2024-01-13,VERIFIED
5282,5457,6155,Life Claim,2025-11-19,20386.0,APPROVED,0,68,79583.11,2024-03-22,PENDING
5283,11469,8666,Life Claim,2025-07-18,2356.87,REJECTED,0,36,9003.94,2024-11-15,PENDING
5284,16217,2894,Motor Accident,2025-08-11,28943.88,APPROVED,0,68,61153.76,2023-12-14,VERIFIED
5285,18102,36,Health Claim,2026-04-21,16603.08,APPROVED,0,2,43096.3,2024-01-28,VERIFIED
5286,22070,3095,Motor Accident,2025-05-25,50689.73,APPROVED,0,49,77283.51,2025-02-20,PENDING
5287,11052,249,Life Claim,2025-06-05,15884.07,APPROVED,0,20,28794.77,2024-09-02,VERIFIED
5288,17605,8440,Health Claim,2025-09-25,37104.01,APPROVED,0,41,56064.69,2025-08-11,VERIFIED
5289,13120,2866,Property Damage,2025-07-09,35810.04,REJECTED,0,22,97573.2,2025-03-21,VERIFIED
5290,23820,8797,Motor Accident,2025-08-30,43926.22,REJECTED,0,33,63442.8,2026-05-22,PENDING
5291,22539,6485,Property Damage,2025-10-21,16492.61,REJECTED,0,95,28843.77,2024-06-27,VERIFIED
5292,3386,9219,Motor Accident,2025-06-13,19406.94,REJECTED,0,17,63176.68,2024-01-16,PENDING
5293,18362,2356,Motor Accident,2025-12-04,11842.92,REJECTED,0,4,93885.77,2026-02-06,PENDING
5294,1746,7995,Life Claim,2026-04-16,9112.84,PENDING,0,27,27962.18,2025-02-09,PENDING
5295,21242,8642,Property Damage,2025-09-05,13172.22,REJECTED,0,35,99599.91,2024-05-12,VERIFIED
5296,13497,6818,Motor Accident,2025-11-17,114954.65,REJECTED,0,8,76506.74,2024-08-22,VERIFIED
5297,12525,3910,Health Claim,2025-07-10,25456.48,PENDING,0,3,45357.91,2025-07-08,VERIFIED
5298,7992,965,Health Claim,2026-05-16,4882.65,APPROVED,0,90,10240.45,2024-11-23,VERIFIED
5299,8523,3314,Life Claim,2026-02-09,5022.9,REJECTED,0,21,15484.11,2023-08-12,VERIFIED
5300,9211,7861,Life Claim,2025-07-25,24259.54,PENDING,0,20,81953.49,2023-09-11,VERIFIED
5301,24114,4776,Life Claim,2025-07-22,10064.82,APPROVED,0,18,31330.09,2026-01-29,VERIFIED
5302,10205,7722,Property Damage,2025-12-24,4258.2,PENDING,0,11,33942.64,2024-05-24,VERIFIED
5303,9091,394,Health Claim,2025-08-06,31879.87,PENDING,0,48,51208.64,2025-07-28,PENDING
5304,12230,5799,Property Damage,2025-12-13,40471.57,REJECTED,0,82,87587.25,2024-05-01,PENDING
5305,18471,1327,Life Claim,2025-05-25,25713.22,APPROVED,0,74,67346.99,2024-09-11,PENDING
5306,9559,2356,Property Damage,2026-02-25,65620.62,PENDING,0,23,34699.9,2024-08-29,PENDING
5307,3911,6607,Health Claim,2025-08-23,11336.25,REJECTED,0,95,6124.2,2024-06-04,PENDING
5308,11106,3127,Property Damage,2026-03-25,55615.7,APPROVED,0,40,91321.33,2023-08-31,PENDING
5309,779,3352,Motor Accident,2026-02-13,2659.64,APPROVED,0,41,5050.99,2025-02-18,PENDING
5310,19950,957,Motor Accident,2026-05-18,21590.69,PENDING,0,26,42310.03,2024-10-18,PENDING
5311,5132,2616,Motor Accident,2026-03-11,27324.36,REJECTED,0,76,39516.89,2025-06-07,PENDING
5312,3493,8064,Life Claim,2025-09-29,12440.28,PENDING,0,59,45931.07,2024-01-29,PENDING
5313,9766,8959,Life Claim,2025-05-26,29703.09,PENDING,0,38,28134.33,2025-09-14,PENDING
5314,21765,7042,Property Damage,2025-12-03,32206.19,APPROVED,0,14,74461.6,2024-02-07,VERIFIED
5315,5995,8006,Life Claim,2026-03-10,27129.53,PENDING,0,41,66587.62,2026-03-14,PENDING
5316,5844,1061,Health Claim,2025-06-19,32362.62,PENDING,0,62,87473.07,2023-08-29,VERIFIED
5317,687,421,Property Damage,2025-09-03,6421.52,APPROVED,0,2,12804.19,2025-10-19,PENDING
5318,11131,4395,Health Claim,2026-03-17,2298.0,PENDING,0,69,17839.92,2026-05-20,VERIFIED
5319,9281,96,Property Damage,2025-09-15,9421.61,REJECTED,0,88,49331.19,2025-03-30,VERIFIED
5320,23598,5773,Property Damage,2025-07-18,2710.82,APPROVED,0,77,13656.88,2025-02-16,VERIFIED
5321,576,362,Motor Accident,2025-07-10,5975.58,PENDING,0,10,9614.15,2025-04-05,VERIFIED
5322,18110,1240,Life Claim,2026-03-21,24144.59,PENDING,0,93,93979.63,2026-05-16,PENDING
5323,11491,6020,Motor Accident,2025-11-04,14514.16,APPROVED,0,69,7836.68,2023-10-27,PENDING
5324,6427,7551,Motor Accident,2025-12-19,77691.07,APPROVED,0,34,47440.23,2025-12-04,VERIFIED
5325,10768,6675,Property Damage,2025-08-28,31186.23,APPROVED,0,35,17850.21,2025-08-03,VERIFIED
5326,18567,6240,Life Claim,2026-05-22,116241.14,PENDING,0,65,85546.55,2026-05-02,VERIFIED
5327,9166,1248,Health Claim,2025-10-13,17210.18,PENDING,0,4,90092.29,2024-12-10,PENDING
5328,20009,9772,Motor Accident,2025-07-25,12103.99,PENDING,0,69,23123.25,2026-03-15,PENDING
5329,2566,2696,Motor Accident,2026-02-04,73403.92,REJECTED,0,67,42284.18,2023-07-14,PENDING
5330,13083,8684,Property Damage,2026-04-23,8167.22,APPROVED,0,69,32156.32,2025-08-16,VERIFIED
5331,2519,4614,Motor Accident,2026-02-27,58016.22,APPROVED,0,33,92569.97,2025-05-14,PENDING
5332,4036,9246,Life Claim,2025-08-30,100414.13,PENDING,0,88,65745.79,2024-11-03,PENDING
5333,2219,2165,Health Claim,2026-04-07,13573.28,PENDING,0,21,22152.42,2024-10-25,VERIFIED
5334,6069,6906,Motor Accident,2026-04-14,60631.83,REJECTED,0,89,55435.37,2025-03-11,PENDING
5335,5529,8690,Health Claim,2025-09-08,34761.72,REJECTED,0,68,58902.17,2026-02-04,VERIFIED
5336,16064,1022,Motor Accident,2026-01-04,39782.97,APPROVED,0,62,75903.25,2026-02-13,VERIFIED
5337,18476,3753,Health Claim,2025-06-07,10982.11,PENDING,0,24,16822.67,2025-02-04,PENDING
5338,4569,9187,Motor Accident,2025-09-27,43979.08,PENDING,0,23,68354.82,2024-03-04,PENDING
5339,2398,9324,Motor Accident,2026-01-23,38944.89,REJECTED,0,64,68593.16,2024-12-01,VERIFIED
5340,24049,8187,Health Claim,2026-02-25,2970.91,PENDING,0,77,9023.18,2025-04-26,PENDING
5341,4018,6198,Health Claim,2025-11-13,43071.2,APPROVED,0,54,76877.87,2024-04-21,PENDING
5342,2773,7282,Health Claim,2025-06-07,35140.95,REJECTED,0,46,25594.1,2025-12-15,VERIFIED
5343,9906,9179,Life Claim,2026-01-04,29104.41,APPROVED,0,58,64752.52,2023-09-16,VERIFIED
5344,2746,3766,Health Claim,2026-01-06,77464.94,PENDING,0,7,70125.56,2023-09-11,VERIFIED
5345,19417,9729,Life Claim,2025-09-26,55861.28,REJECTED,0,44,92337.54,2024-08-22,PENDING
5346,10120,7611,Life Claim,2026-03-28,34805.29,PENDING,0,32,21060.33,2025-09-08,PENDING
5347,3393,491,Health Claim,2025-09-19,140936.64,PENDING,0,94,85406.59,2025-11-23,PENDING
5348,9179,3627,Motor Accident,2025-11-09,15494.68,APPROVED,0,11,30193.41,2026-02-03,PENDING
5349,21893,514,Motor Accident,2025-07-21,16056.43,APPROVED,0,40,44897.25,2023-12-27,PENDING
5350,19593,557,Property Damage,2026-05-19,147802.7,REJECTED,0,18,83406.86,2023-06-12,VERIFIED
5351,1177,1357,Motor Accident,2026-03-24,16975.12,PENDING,0,93,68265.62,2023-09-25,VERIFIED
5352,21622,3720,Property Damage,2025-09-01,117955.68,REJECTED,0,45,61881.88,2025-01-01,VERIFIED
5353,19642,793,Life Claim,2025-07-14,39327.91,PENDING,0,46,57140.84,2024-11-07,VERIFIED
5354,6919,2617,Property Damage,2026-02-02,58909.29,REJECTED,0,97,48142.84,2025-01-25,PENDING
5355,18398,7385,Life Claim,2026-01-08,6302.12,REJECTED,0,5,19771.29,2025-08-22,VERIFIED
5356,22856,8851,Property Damage,2025-12-15,23903.59,PENDING,0,18,75706.37,2023-06-30,VERIFIED
5357,22000,9868,Health Claim,2025-12-19,47502.33,APPROVED,0,62,73529.65,2024-10-31,PENDING
5358,14900,9515,Property Damage,2026-03-22,152123.19,REJECTED,0,68,95076.26,2024-02-24,VERIFIED
5359,9182,6701,Motor Accident,2025-09-21,110583.67,APPROVED,0,17,74172.85,2024-11-28,VERIFIED
5360,7807,3383,Health Claim,2026-04-13,135147.65,PENDING,0,46,77230.69,2023-06-29,PENDING
5361,7525,7008,Motor Accident,2025-10-09,18688.03,REJECTED,0,25,56166.93,2026-02-05,VERIFIED
5362,19791,1009,Life Claim,2026-01-31,7700.93,REJECTED,0,55,48477.47,2024-08-02,PENDING
5363,331,2171,Motor Accident,2025-08-09,121113.21,APPROVED,0,26,95402.7,2025-04-25,VERIFIED
5364,24760,7038,Health Claim,2026-02-04,56768.1,REJECTED,0,65,97670.48,2025-08-23,VERIFIED
5365,2933,5879,Motor Accident,2026-04-13,110378.84,REJECTED,0,46,93021.05,2024-11-22,VERIFIED
5366,21655,1504,Life Claim,2025-07-15,6456.75,REJECTED,0,41,34871.55,2025-06-07,VERIFIED
5367,14828,2571,Life Claim,2025-07-22,52501.58,REJECTED,0,57,76048.22,2023-06-12,PENDING
5368,6063,3291,Motor Accident,2025-08-25,32306.94,APPROVED,0,84,51047.36,2025-01-30,VERIFIED
5369,10224,1034,Motor Accident,2025-11-08,18437.73,PENDING,0,18,89768.98,2026-01-26,PENDING
5370,17617,275,Health Claim,2025-08-27,2725.51,PENDING,0,55,22387.9,2026-01-18,VERIFIED
5371,20145,7557,Life Claim,2025-10-23,32393.3,REJECTED,0,73,59643.77,2025-10-02,PENDING
5372,11837,9173,Life Claim,2026-03-19,18763.54,APPROVED,0,23,80418.98,2023-08-06,VERIFIED
5373,23601,1704,Motor Accident,2026-05-02,53683.65,PENDING,0,30,36175.47,2024-02-08,VERIFIED
5374,4462,6554,Life Claim,2025-10-17,41156.01,PENDING,0,42,96190.26,2026-03-15,VERIFIED
5375,24878,4168,Motor Accident,2025-08-06,5336.05,APPROVED,0,36,17456.82,2024-01-16,PENDING
5376,4260,8211,Health Claim,2025-09-24,5345.88,REJECTED,0,91,10504.39,2025-10-26,VERIFIED
5377,22652,3788,Motor Accident,2025-08-27,16225.82,APPROVED,0,76,14362.52,2024-11-08,VERIFIED
5378,20495,7402,Property Damage,2026-04-07,17736.29,PENDING,0,44,40518.19,2023-06-08,PENDING
5379,5968,3449,Life Claim,2026-02-26,29579.55,REJECTED,0,82,73520.61,2026-03-10,VERIFIED
5380,611,951,Health Claim,2025-12-18,12645.0,PENDING,0,37,22491.01,2024-01-03,VERIFIED
5381,22233,4386,Property Damage,2025-05-28,6591.68,APPROVED,0,68,58161.93,2024-05-28,VERIFIED
5382,9423,3362,Life Claim,2026-03-31,13154.31,APPROVED,0,26,98742.97,2024-02-17,PENDING
5383,14026,2786,Life Claim,2025-12-12,111843.56,REJECTED,0,66,76746.22,2025-01-11,PENDING
5384,4179,542,Property Damage,2025-08-14,43190.87,PENDING,0,34,73555.62,2025-01-14,VERIFIED
5385,752,6236,Property Damage,2025-09-29,15378.53,APPROVED,0,97,12157.59,2025-08-22,VERIFIED
5386,70,2069,Health Claim,2025-12-30,45275.96,APPROVED,0,8,99726.09,2026-04-26,VERIFIED
5387,5349,2795,Life Claim,2025-12-25,42180.26,PENDING,0,87,23380.31,2025-08-29,PENDING
5388,11028,133,Property Damage,2025-10-23,88649.71,APPROVED,0,72,84558.18,2025-03-21,VERIFIED
5389,6151,8915,Motor Accident,2025-09-07,57849.6,PENDING,0,69,36522.4,2025-07-04,PENDING
5390,20939,7694,Motor Accident,2026-05-16,11357.79,PENDING,0,12,24274.02,2025-01-08,PENDING
5391,22610,7521,Health Claim,2026-05-19,101108.64,REJECTED,0,89,71249.92,2024-04-09,PENDING
5392,20870,9741,Life Claim,2026-03-01,35180.02,APPROVED,0,60,28944.9,2024-04-01,VERIFIED
5393,13359,1016,Life Claim,2025-11-22,74455.97,PENDING,0,38,41554.75,2023-11-04,PENDING
5394,9712,202,Health Claim,2025-07-22,8799.51,APPROVED,0,24,37443.53,2025-07-24,PENDING
5395,19145,8285,Motor Accident,2025-06-03,117250.53,PENDING,0,39,70193.39,2024-04-21,PENDING
5396,19838,6080,Motor Accident,2026-05-16,17725.96,APPROVED,0,36,71314.56,2025-02-22,PENDING
5397,3391,6624,Health Claim,2026-05-23,52824.41,APPROVED,0,81,86044.93,2024-07-07,PENDING
5398,15187,9077,Motor Accident,2025-10-24,3910.29,APPROVED,0,66,24843.49,2023-08-01,VERIFIED
5399,10573,4542,Life Claim,2025-08-20,18970.29,REJECTED,0,95,36537.34,2025-05-24,PENDING
5400,8977,5660,Property Damage,2026-01-28,1375.67,REJECTED,0,98,12106.34,2024-01-27,PENDING
5401,24193,7685,Motor Accident,2026-04-01,88946.2,PENDING,0,63,83200.08,2024-02-26,PENDING
5402,20533,1515,Health Claim,2026-04-29,159223.12,REJECTED,0,73,90830.78,2025-02-21,PENDING
5403,16745,9008,Motor Accident,2026-03-12,24719.25,APPROVED,0,99,44669.8,2026-04-14,VERIFIED
5404,20795,2588,Motor Accident,2025-07-15,11498.69,APPROVED,0,44,55457.95,2025-05-28,VERIFIED
5405,1557,9555,Life Claim,2025-09-21,18308.96,APPROVED,0,54,58414.13,2024-10-26,PENDING
5406,2246,6388,Health Claim,2026-03-04,53082.88,REJECTED,0,34,84090.26,2024-05-05,PENDING
5407,1806,1682,Life Claim,2026-03-07,17605.59,APPROVED,0,35,79836.21,2025-08-10,PENDING
5408,8666,3532,Health Claim,2026-02-27,13235.94,PENDING,0,21,21378.23,2025-07-24,PENDING
5409,21344,5709,Motor Accident,2026-05-13,3492.74,APPROVED,0,71,10419.31,2024-12-27,VERIFIED
5410,2193,9335,Motor Accident,2025-12-02,9988.31,REJECTED,0,51,44991.09,2023-10-05,PENDING
5411,14974,7294,Health Claim,2026-01-18,16514.9,PENDING,0,86,60474.76,2024-06-26,PENDING
5412,9291,5068,Motor Accident,2025-10-21,31380.34,PENDING,0,60,67767.83,2026-03-25,VERIFIED
5413,1602,109,Life Claim,2025-07-19,18265.79,PENDING,0,59,53749.28,2024-05-05,PENDING
5414,14662,5940,Health Claim,2026-01-26,61915.43,APPROVED,0,34,35617.07,2025-06-04,PENDING
5415,17040,6048,Motor Accident,2026-03-17,30775.85,PENDING,0,63,50154.7,2025-05-05,PENDING
5416,14941,1014,Health Claim,2025-08-26,11800.27,PENDING,0,10,40132.69,2025-07-23,VERIFIED
5417,12747,2917,Health Claim,2025-12-17,23871.3,PENDING,0,53,39304.43,2024-09-30,PENDING
5418,8651,5501,Motor Accident,2025-08-14,30411.86,APPROVED,0,90,45933.63,2024-06-02,PENDING
5419,14871,7565,Property Damage,2025-12-06,15164.46,REJECTED,0,67,29732.67,2025-09-25,PENDING
5420,16946,8255,Life Claim,2026-04-14,138286.69,REJECTED,0,5,83816.54,2025-11-27,VERIFIED
5421,1876,5480,Motor Accident,2025-08-21,60621.97,APPROVED,0,92,57988.83,2024-04-16,PENDING
5422,19659,154,Life Claim,2025-08-03,49072.89,APPROVED,0,84,72331.45,2024-11-12,VERIFIED
5423,19207,4100,Health Claim,2025-08-01,46228.08,PENDING,0,22,35723.3,2023-11-02,PENDING
5424,6920,7987,Motor Accident,2025-08-05,53413.11,PENDING,0,53,88116.66,2023-12-14,PENDING
5425,14108,175,Health Claim,2025-08-21,3538.4,PENDING,0,4,25295.87,2024-01-06,VERIFIED
5426,4721,8727,Health Claim,2025-07-19,117291.24,REJECTED,0,89,61207.88,2024-11-08,VERIFIED
5427,7940,7744,Life Claim,2025-11-27,38067.67,REJECTED,0,58,25041.27,2023-08-18,PENDING
5428,5370,4270,Property Damage,2026-01-21,10211.7,APPROVED,0,14,73014.33,2026-03-15,VERIFIED
5429,22147,9088,Property Damage,2026-04-05,7384.91,PENDING,0,32,38706.79,2026-01-25,VERIFIED
5430,1442,2693,Motor Accident,2026-03-26,3655.13,APPROVED,0,89,16266.22,2024-08-23,PENDING
5431,8884,7203,Health Claim,2025-07-17,47919.07,PENDING,0,72,36469.32,2024-04-20,VERIFIED
5432,3733,6497,Motor Accident,2026-02-16,6021.29,PENDING,0,94,10826.37,2023-12-04,VERIFIED
5433,18643,5107,Motor Accident,2025-06-14,33090.86,REJECTED,0,33,79920.54,2025-04-01,PENDING
5434,7397,9189,Life Claim,2026-04-19,9166.03,APPROVED,0,54,89714.31,2024-01-04,PENDING
5435,11492,8774,Motor Accident,2026-03-05,69352.38,PENDING,0,85,61215.43,2025-03-04,VERIFIED
5436,16405,8863,Property Damage,2025-06-05,169522.42,APPROVED,0,32,95906.03,2024-06-27,PENDING
5437,20337,3244,Motor Accident,2025-07-31,138274.32,APPROVED,0,83,78372.69,2024-08-09,PENDING
5438,3164,9566,Motor Accident,2025-08-02,6340.61,APPROVED,0,8,45667.69,2023-09-22,VERIFIED
5439,18072,4180,Property Damage,2025-06-03,31927.84,REJECTED,0,66,30597.71,2025-09-27,VERIFIED
5440,6282,3870,Motor Accident,2025-10-07,29968.53,APPROVED,0,28,54234.36,2024-09-04,PENDING
5441,19206,9117,Health Claim,2025-07-07,36775.09,APPROVED,0,81,18862.97,2024-06-11,PENDING
5442,10637,325,Health Claim,2025-09-01,30592.74,REJECTED,0,32,25380.77,2023-11-08,VERIFIED
5443,16456,5438,Motor Accident,2026-01-20,21511.64,REJECTED,0,75,31218.74,2026-05-04,VERIFIED
5444,6706,760,Property Damage,2025-08-29,49305.51,PENDING,0,82,83179.14,2024-08-03,VERIFIED
5445,3208,7667,Property Damage,2025-08-15,118091.96,APPROVED,0,93,67050.19,2026-05-19,VERIFIED
5446,9052,1091,Life Claim,2025-11-21,25337.85,REJECTED,0,93,37607.89,2024-09-22,PENDING
5447,2058,1788,Property Damage,2026-04-08,78445.06,REJECTED,0,87,58653.73,2024-08-16,VERIFIED
5448,20560,3797,Health Claim,2026-03-26,46879.58,PENDING,0,2,73346.71,2024-02-20,VERIFIED
5449,44,7673,Property Damage,2025-10-02,7131.85,REJECTED,0,78,13825.25,2023-10-26,VERIFIED
5450,4342,8851,Motor Accident,2025-08-04,59791.73,REJECTED,0,61,41031.63,2024-01-14,VERIFIED
5451,22334,8727,Life Claim,2025-05-30,17993.75,APPROVED,0,31,13248.33,2023-11-20,PENDING
5452,12313,7983,Life Claim,2025-11-18,84204.57,APPROVED,0,96,51369.81,2024-06-05,PENDING
5453,1646,6549,Motor Accident,2025-12-23,12184.71,REJECTED,0,20,45487.88,2023-12-08,PENDING
5454,19247,7575,Life Claim,2025-06-13,21313.72,PENDING,0,95,15681.53,2025-06-01,VERIFIED
5455,7252,758,Motor Accident,2026-05-10,13003.15,APPROVED,0,16,20205.17,2023-07-20,VERIFIED
5456,22967,7793,Health Claim,2026-03-23,26213.17,REJECTED,0,74,55706.02,2025-12-01,VERIFIED
5457,12999,7354,Motor Accident,2025-09-09,12312.72,PENDING,0,57,37752.05,2024-07-17,VERIFIED
5458,5562,9298,Health Claim,2026-02-24,15143.47,PENDING,0,92,35067.48,2023-11-30,PENDING
5459,21065,6191,Motor Accident,2025-06-01,21845.0,PENDING,0,38,31642.61,2025-06-06,PENDING
5460,14979,9117,Property Damage,2026-05-17,71036.62,REJECTED,0,20,38255.24,2025-01-08,PENDING
5461,11874,7514,Life Claim,2025-07-12,52008.47,PENDING,0,36,90369.97,2024-12-13,VERIFIED
5462,11589,9030,Health Claim,2026-04-29,4093.2,REJECTED,0,42,8431.14,2026-01-29,PENDING
5463,20259,8210,Property Damage,2025-11-23,15016.01,APPROVED,0,2,45570.04,2024-12-25,VERIFIED
5464,21063,8478,Life Claim,2025-08-22,18040.47,PENDING,0,72,60032.37,2025-07-31,VERIFIED
5465,13426,2288,Motor Accident,2026-05-11,122652.05,APPROVED,0,36,71858.27,2025-03-16,VERIFIED
5466,21120,3074,Motor Accident,2025-08-29,19046.0,REJECTED,0,86,31993.51,2025-07-27,VERIFIED
5467,21081,2413,Property Damage,2026-01-23,28192.99,PENDING,0,27,50130.62,2026-04-28,VERIFIED
5468,23296,9923,Property Damage,2026-02-24,27965.91,REJECTED,0,44,52399.23,2023-12-13,PENDING
5469,22025,5113,Life Claim,2025-11-21,173270.2,REJECTED,0,82,93279.27,2025-07-13,VERIFIED
5470,12680,4704,Motor Accident,2026-02-27,24036.51,APPROVED,0,100,40621.57,2024-08-30,PENDING
5471,22979,3347,Motor Accident,2025-10-17,43252.79,APPROVED,0,28,65757.14,2025-07-15,PENDING
5472,18943,7464,Life Claim,2025-05-28,36775.45,REJECTED,0,46,54066.34,2026-03-25,VERIFIED
5473,20494,5829,Motor Accident,2025-09-10,14044.31,PENDING,0,67,51373.65,2025-08-09,PENDING
5474,3422,9904,Property Damage,2025-10-01,22961.6,REJECTED,0,11,20928.08,2023-09-08,VERIFIED
5475,21624,9471,Property Damage,2025-09-08,49849.58,PENDING,0,2,93689.05,2025-01-14,VERIFIED
5476,22037,3660,Property Damage,2026-05-08,5841.04,REJECTED,0,39,22696.12,2024-02-06,VERIFIED
5477,11194,9031,Life Claim,2025-05-25,49523.85,APPROVED,0,9,39125.86,2023-12-12,VERIFIED
5478,14041,8612,Property Damage,2025-07-15,35995.62,PENDING,0,7,60714.62,2023-10-22,PENDING
5479,9425,8363,Life Claim,2026-02-04,21766.79,REJECTED,0,14,40163.56,2025-07-16,PENDING
5480,12093,84,Life Claim,2025-08-26,14064.55,REJECTED,0,48,21857.15,2024-12-06,PENDING
5481,17369,6992,Property Damage,2025-08-26,24056.31,REJECTED,0,34,45516.77,2024-11-14,VERIFIED
5482,11690,8808,Health Claim,2026-05-17,7381.74,PENDING,0,92,31513.48,2023-08-29,PENDING
5483,8517,4731,Motor Accident,2025-09-10,104940.24,PENDING,0,4,52939.17,2023-05-29,VERIFIED
5484,3632,1724,Life Claim,2026-01-28,8297.95,REJECTED,0,2,22841.42,2024-11-25,VERIFIED
5485,16263,1609,Life Claim,2025-12-08,147888.65,APPROVED,0,86,96872.36,2024-09-18,PENDING
5486,9372,3918,Motor Accident,2026-01-17,15197.12,REJECTED,0,36,55111.23,2024-05-05,VERIFIED
5487,14251,6842,Life Claim,2026-05-06,27250.69,REJECTED,0,98,96086.07,2026-02-11,VERIFIED
5488,20989,8984,Life Claim,2025-12-22,43009.28,PENDING,0,53,88602.91,2023-08-28,VERIFIED
5489,7688,6715,Health Claim,2025-06-07,10994.88,APPROVED,0,47,38620.53,2024-03-05,PENDING
5490,20057,1385,Motor Accident,2026-04-11,64501.27,APPROVED,0,17,62758.9,2024-10-21,PENDING
5491,434,602,Motor Accident,2026-01-21,48690.09,PENDING,0,65,88271.5,2026-03-30,VERIFIED
5492,1123,2652,Property Damage,2025-09-07,27390.4,REJECTED,0,56,54149.17,2024-09-28,PENDING
5493,8084,8406,Property Damage,2025-09-25,9226.71,APPROVED,0,18,50593.21,2025-05-28,VERIFIED
5494,6539,4994,Life Claim,2026-01-27,156895.77,PENDING,0,81,79754.74,2025-03-29,VERIFIED
5495,19782,6221,Health Claim,2025-09-13,6494.92,PENDING,0,96,61737.21,2024-10-27,VERIFIED
5496,4050,8884,Health Claim,2025-06-09,38552.54,PENDING,0,17,33030.69,2025-04-01,PENDING
5497,24930,4038,Motor Accident,2025-12-04,14303.62,PENDING,0,76,35238.92,2025-10-15,VERIFIED
5498,11709,6071,Life Claim,2026-05-12,7398.14,APPROVED,0,88,10615.34,2024-12-08,PENDING
5499,23802,9330,Health Claim,2025-12-27,71176.41,REJECTED,0,54,40577.68,2024-12-05,PENDING
5500,17909,1993,Motor Accident,2026-02-28,7496.39,REJECTED,0,56,61094.6,2024-09-04,VERIFIED
5501,21100,132,Property Damage,2026-01-08,7566.47,REJECTED,0,33,67615.3,2024-01-29,PENDING
5502,18183,8124,Motor Accident,2026-03-22,53648.29,REJECTED,0,74,33020.22,2026-04-03,PENDING
5503,15800,224,Life Claim,2025-12-04,32383.19,REJECTED,0,37,84230.32,2023-10-15,VERIFIED
5504,15263,2446,Property Damage,2026-03-07,10171.22,APPROVED,0,6,24755.98,2025-05-10,VERIFIED
5505,24290,6612,Motor Accident,2025-07-27,8827.92,REJECTED,0,46,52035.23,2024-04-20,VERIFIED
5506,18401,507,Property Damage,2025-09-25,3948.82,REJECTED,0,48,9091.91,2024-04-06,PENDING
5507,3334,2620,Property Damage,2025-12-21,23965.66,PENDING,0,21,94599.23,2023-06-09,VERIFIED
5508,14067,364,Property Damage,2026-03-30,100503.26,APPROVED,0,22,59755.97,2025-12-29,VERIFIED
5509,1683,2878,Life Claim,2025-11-02,8462.22,PENDING,0,59,19498.53,2024-10-29,VERIFIED
5510,16191,8253,Property Damage,2026-04-20,52078.73,REJECTED,0,65,33477.98,2026-05-12,VERIFIED
5511,590,9336,Property Damage,2025-10-25,6681.69,PENDING,0,95,35780.35,2024-06-04,PENDING
5512,4451,2023,Motor Accident,2025-09-09,20340.31,PENDING,0,89,29398.19,2023-07-19,PENDING
5513,16837,6646,Motor Accident,2025-11-19,64039.17,APPROVED,0,71,55199.62,2025-05-09,PENDING
5514,233,3494,Health Claim,2025-10-31,44975.75,PENDING,0,28,73477.88,2026-03-21,PENDING
5515,15758,3217,Motor Accident,2026-02-26,30711.65,APPROVED,0,15,82228.82,2025-11-11,PENDING
5516,12746,2632,Motor Accident,2026-04-20,31300.71,APPROVED,0,94,79848.33,2025-02-18,PENDING
5517,19476,3142,Health Claim,2025-10-26,48675.97,PENDING,0,56,74509.35,2023-06-06,VERIFIED
5518,1181,5705,Property Damage,2026-01-05,39579.6,APPROVED,0,39,80943.07,2025-09-05,PENDING
5519,3325,8957,Motor Accident,2026-05-07,127329.79,APPROVED,0,98,67837.75,2023-10-18,PENDING
5520,23804,6491,Health Claim,2025-06-18,31465.76,REJECTED,0,100,22956.59,2024-04-27,PENDING
5521,12714,9521,Motor Accident,2026-03-10,42307.85,REJECTED,0,15,82744.15,2025-12-23,VERIFIED
5522,23822,3477,Health Claim,2026-05-24,11281.56,APPROVED,0,42,33865.07,2025-10-07,VERIFIED
5523,14595,9933,Motor Accident,2026-05-04,7878.44,APPROVED,0,11,13867.27,2023-08-15,PENDING
5524,22916,1443,Motor Accident,2026-05-12,14176.01,PENDING,0,90,95670.18,2024-05-13,PENDING
5525,20535,5748,Health Claim,2026-01-10,12305.59,APPROVED,0,86,21632.66,2024-03-10,PENDING
5526,6650,6658,Life Claim,2025-10-18,58300.17,APPROVED,0,87,90629.09,2025-10-04,VERIFIED
5527,2708,2893,Life Claim,2026-05-21,19782.78,REJECTED,0,13,48844.82,2026-05-13,VERIFIED
5528,9745,2610,Property Damage,2025-10-26,3826.45,APPROVED,0,98,20160.23,2023-05-28,VERIFIED
5529,20745,4368,Life Claim,2025-11-29,16875.28,APPROVED,0,93,45069.94,2024-05-08,VERIFIED
5530,8544,1338,Health Claim,2026-05-12,10137.48,APPROVED,0,28,57300.88,2026-03-27,PENDING
5531,2002,826,Life Claim,2025-05-31,21154.44,PENDING,0,71,69789.9,2023-09-18,VERIFIED
5532,4861,7870,Property Damage,2026-04-01,16193.79,REJECTED,0,1,55181.28,2024-05-04,VERIFIED
5533,5258,9694,Life Claim,2026-05-05,5557.2,APPROVED,0,60,16105.88,2024-11-13,PENDING
5534,21120,7512,Property Damage,2026-05-16,95329.54,PENDING,0,63,83134.67,2024-12-21,PENDING
5535,1738,941,Motor Accident,2025-07-23,56153.76,PENDING,0,61,99042.67,2025-09-30,PENDING
5536,20720,1415,Life Claim,2025-11-18,52630.15,PENDING,0,32,28550.88,2024-02-08,VERIFIED
5537,16726,6325,Health Claim,2025-11-23,9852.18,PENDING,0,59,22003.08,2023-09-10,PENDING
5538,11542,1373,Motor Accident,2025-11-10,16248.66,PENDING,0,17,10427.54,2024-04-24,VERIFIED
5539,19102,4830,Life Claim,2025-07-24,4265.72,REJECTED,0,46,30992.19,2024-11-22,VERIFIED
5540,10594,5147,Health Claim,2025-10-22,2397.65,APPROVED,0,72,11157.36,2023-06-27,PENDING
5541,3794,281,Life Claim,2025-11-11,53333.84,PENDING,0,81,98898.64,2024-03-16,PENDING
5542,5017,2024,Motor Accident,2025-06-27,61019.54,PENDING,0,71,95316.88,2023-12-01,PENDING
5543,24080,8850,Motor Accident,2025-08-16,3494.06,PENDING,0,23,5521.34,2025-03-04,PENDING
5544,23662,391,Life Claim,2025-12-29,66253.68,APPROVED,0,23,37395.34,2023-06-21,VERIFIED
5545,12381,1698,Motor Accident,2026-03-22,75142.58,APPROVED,0,79,73383.72,2024-01-06,VERIFIED
5546,6718,9059,Property Damage,2026-04-09,38630.66,REJECTED,0,56,61675.33,2026-05-04,VERIFIED
5547,1486,9927,Motor Accident,2025-06-29,5462.28,PENDING,0,67,21655.76,2025-05-28,VERIFIED
5548,2942,1736,Life Claim,2025-12-13,16971.61,APPROVED,0,95,91208.79,2025-01-02,PENDING
5549,22680,6031,Property Damage,2025-10-12,2956.42,APPROVED,0,32,24203.16,2025-04-08,VERIFIED
5550,24780,6526,Health Claim,2026-02-21,10685.68,APPROVED,0,31,26307.45,2025-10-16,PENDING
5551,270,877,Motor Accident,2026-01-25,14981.39,PENDING,0,83,30764.36,2025-10-12,PENDING
5552,21493,733,Property Damage,2026-03-05,93827.23,REJECTED,0,33,61846.61,2024-10-01,PENDING
5553,22225,8479,Property Damage,2025-06-01,11369.38,REJECTED,0,10,47874.65,2024-03-19,VERIFIED
5554,22399,757,Life Claim,2025-10-27,106225.9,APPROVED,0,91,87431.46,2026-04-02,PENDING
5555,14936,3025,Property Damage,2026-02-25,2040.72,PENDING,0,30,7449.94,2023-09-05,PENDING
5556,18857,2629,Motor Accident,2025-07-31,90299.84,REJECTED,0,66,89634.3,2026-05-23,VERIFIED
5557,6568,6027,Motor Accident,2025-10-11,6367.67,APPROVED,0,24,59007.22,2026-04-12,VERIFIED
5558,3139,4365,Life Claim,2025-07-02,4361.91,APPROVED,0,29,18094.9,2024-02-11,PENDING
5559,24855,7707,Life Claim,2025-07-30,140639.12,APPROVED,0,3,95706.15,2024-01-01,VERIFIED
5560,8884,7669,Property Damage,2026-02-06,32431.19,APPROVED,0,18,82010.62,2025-07-26,VERIFIED
5561,2191,1537,Motor Accident,2026-03-11,76168.12,PENDING,0,38,65669.53,2023-10-29,VERIFIED
5562,22593,5041,Property Damage,2026-01-17,23798.76,REJECTED,0,83,65206.98,2025-03-03,VERIFIED
5563,13530,2625,Property Damage,2026-04-06,8433.02,REJECTED,0,76,8056.53,2025-03-11,VERIFIED
5564,19334,4593,Life Claim,2025-08-01,21032.37,REJECTED,0,21,55418.92,2024-08-03,PENDING
5565,24818,2808,Life Claim,2025-06-09,112593.58,APPROVED,0,58,61597.29,2024-02-19,VERIFIED
5566,9194,3116,Health Claim,2025-07-12,132858.52,APPROVED,0,23,72395.77,2026-02-01,VERIFIED
5567,23770,2578,Life Claim,2025-11-13,9270.36,REJECTED,0,20,15752.44,2025-04-26,PENDING
5568,24821,1963,Property Damage,2025-06-17,83469.21,APPROVED,0,42,44608.16,2023-11-09,VERIFIED
5569,10800,8301,Life Claim,2026-02-04,6711.56,PENDING,0,64,29883.97,2025-07-11,PENDING
5570,20383,2237,Life Claim,2026-03-21,10766.44,APPROVED,0,29,7266.67,2024-09-28,VERIFIED
5571,16330,3600,Life Claim,2025-11-02,56343.84,APPROVED,0,81,81439.33,2024-02-11,VERIFIED
5572,21056,8888,Motor Accident,2025-12-03,85805.57,PENDING,0,33,53776.24,2023-10-30,PENDING
5573,21183,2755,Property Damage,2026-04-26,114116.48,APPROVED,0,45,79991.41,2025-03-18,PENDING
5574,13657,1680,Motor Accident,2025-10-07,29692.03,APPROVED,0,71,54203.26,2025-10-09,VERIFIED
5575,6327,2643,Motor Accident,2026-01-01,95867.24,REJECTED,0,37,51543.87,2025-08-03,VERIFIED
5576,16138,9393,Life Claim,2025-09-26,26258.64,PENDING,0,76,58846.26,2024-06-04,PENDING
5577,6847,6012,Life Claim,2026-02-19,21365.16,REJECTED,0,31,11899.05,2024-03-31,VERIFIED
5578,14354,1233,Life Claim,2025-11-16,26938.94,APPROVED,0,11,95056.05,2025-09-10,VERIFIED
5579,16891,1063,Health Claim,2025-08-28,5621.36,REJECTED,0,49,12292.89,2024-07-17,VERIFIED
5580,8906,83,Health Claim,2025-10-25,19470.06,REJECTED,0,57,65613.2,2024-09-15,PENDING
5581,6974,4261,Life Claim,2025-07-21,39195.38,REJECTED,0,33,78757.59,2024-04-29,VERIFIED
5582,13056,6166,Life Claim,2026-01-30,51497.86,APPROVED,0,72,77315.26,2026-04-29,VERIFIED
5583,13647,2162,Life Claim,2026-04-14,5276.93,REJECTED,0,50,11266.48,2024-06-20,VERIFIED
5584,15272,4523,Health Claim,2025-10-10,16625.58,PENDING,0,93,33277.26,2025-02-24,PENDING
5585,24267,5929,Life Claim,2025-09-19,60855.95,PENDING,0,89,40122.46,2025-04-01,PENDING
5586,8006,3393,Health Claim,2026-01-06,64412.23,APPROVED,0,35,96787.35,2025-02-07,VERIFIED
5587,7061,8719,Health Claim,2025-11-04,50150.06,APPROVED,0,13,37805.84,2025-09-25,VERIFIED
5588,3068,7756,Health Claim,2025-12-06,109366.58,REJECTED,0,18,74138.11,2024-02-11,VERIFIED
5589,12088,5514,Motor Accident,2026-01-21,30925.17,REJECTED,0,16,80713.96,2024-07-17,VERIFIED
5590,17517,9344,Motor Accident,2026-04-08,58019.85,REJECTED,0,66,41744.76,2026-03-09,PENDING
5591,24532,166,Motor Accident,2026-01-06,5640.91,PENDING,0,51,16801.9,2025-08-17,VERIFIED
5592,15082,5853,Property Damage,2025-09-06,85475.32,APPROVED,0,98,55138.81,2025-12-09,PENDING
5593,20067,3233,Life Claim,2026-02-26,42470.01,REJECTED,0,24,94394.51,2025-11-18,VERIFIED
5594,8198,4285,Property Damage,2025-06-19,6941.75,APPROVED,0,81,16585.19,2023-11-12,VERIFIED
5595,9390,1306,Health Claim,2025-09-28,1444.49,PENDING,0,12,7754.86,2025-12-11,PENDING
5596,24234,8631,Life Claim,2025-07-12,18688.64,APPROVED,0,8,40487.39,2025-06-08,VERIFIED
5597,18277,4725,Property Damage,2026-04-19,2390.1,PENDING,0,83,9987.33,2024-04-21,PENDING
5598,18991,8246,Property Damage,2026-02-24,34984.4,REJECTED,0,94,76099.46,2026-05-09,VERIFIED
5599,11371,3433,Life Claim,2025-12-17,40031.74,APPROVED,0,98,79535.7,2024-10-25,PENDING
5600,12720,335,Life Claim,2026-04-30,54766.0,APPROVED,0,57,32074.07,2025-06-26,VERIFIED
5601,24059,9497,Motor Accident,2025-12-10,82527.47,APPROVED,0,33,66643.73,2023-07-05,PENDING
5602,24660,2278,Property Damage,2025-09-27,35870.0,PENDING,0,66,84944.79,2024-08-11,VERIFIED
5603,21150,6606,Health Claim,2026-02-01,16527.59,APPROVED,0,68,15514.13,2025-04-26,VERIFIED
5604,225,5134,Property Damage,2025-06-22,22839.36,APPROVED,0,74,59214.42,2025-06-20,PENDING
5605,23555,3103,Motor Accident,2025-09-28,19742.32,REJECTED,0,40,11572.1,2025-02-24,PENDING
5606,7477,1960,Motor Accident,2026-03-20,22801.95,APPROVED,0,60,62652.66,2023-11-24,VERIFIED
5607,4880,5507,Property Damage,2025-06-02,47461.04,PENDING,0,11,78670.02,2025-03-15,PENDING
5608,10729,2124,Motor Accident,2025-10-26,33261.41,APPROVED,0,89,86676.29,2025-07-21,VERIFIED
5609,8918,3361,Life Claim,2026-05-25,42610.49,REJECTED,0,88,89949.77,2023-06-25,VERIFIED
5610,56,440,Life Claim,2025-06-08,26474.83,APPROVED,0,61,13911.58,2023-09-26,VERIFIED
5611,4390,1164,Motor Accident,2025-12-25,20558.06,REJECTED,0,28,10337.2,2024-05-22,VERIFIED
5612,20430,1294,Motor Accident,2025-11-18,75412.88,PENDING,0,83,43750.84,2025-12-21,VERIFIED
5613,715,3600,Health Claim,2025-07-08,15900.03,REJECTED,0,32,65722.57,2023-06-24,PENDING
5614,14205,7858,Property Damage,2025-08-27,4740.39,PENDING,0,35,18358.05,2026-01-01,PENDING
5615,8626,2455,Life Claim,2025-12-19,17950.94,REJECTED,0,25,42429.49,2025-03-31,PENDING
5616,1851,7214,Property Damage,2025-07-19,75696.4,PENDING,0,71,65752.4,2025-04-27,VERIFIED
5617,14874,758,Health Claim,2026-01-05,2885.07,APPROVED,0,17,16442.7,2024-10-12,PENDING
5618,3150,8384,Motor Accident,2026-03-15,111697.16,REJECTED,0,58,97298.36,2026-03-04,VERIFIED
5619,17666,87,Property Damage,2025-08-01,18687.86,APPROVED,0,12,11188.09,2024-08-10,PENDING
5620,17176,2501,Life Claim,2025-08-15,20713.91,PENDING,0,1,30469.22,2025-11-16,PENDING
5621,5200,7089,Health Claim,2026-02-05,100771.04,APPROVED,0,11,90584.52,2024-06-15,PENDING
5622,1166,7468,Life Claim,2025-07-25,50861.44,PENDING,0,95,41862.69,2023-11-21,PENDING
5623,6915,1691,Life Claim,2025-11-04,20893.33,REJECTED,0,86,80877.02,2026-01-23,PENDING
5624,13310,1951,Health Claim,2026-03-15,35965.95,APPROVED,0,93,62588.61,2023-08-27,PENDING
5625,20612,8439,Property Damage,2025-08-01,11243.29,REJECTED,0,6,76742.89,2026-02-10,VERIFIED
5626,9019,4580,Health Claim,2026-05-10,17022.32,REJECTED,0,90,90723.02,2024-02-20,PENDING
5627,2851,8566,Life Claim,2025-11-28,125097.91,APPROVED,0,96,79876.18,2026-01-29,PENDING
5628,20298,5205,Life Claim,2025-11-16,7016.22,REJECTED,0,81,16510.85,2024-11-07,PENDING
5629,10829,7979,Motor Accident,2025-12-01,44456.47,REJECTED,0,95,67554.98,2024-01-17,VERIFIED
5630,17537,1187,Health Claim,2026-02-02,8291.23,REJECTED,0,5,21012.35,2024-06-24,VERIFIED
5631,14086,6058,Motor Accident,2025-06-02,27584.08,REJECTED,0,33,71085.58,2026-03-12,VERIFIED
5632,6863,2272,Health Claim,2026-04-18,30767.24,REJECTED,0,63,50895.47,2025-09-25,VERIFIED
5633,1961,5333,Life Claim,2025-12-08,12511.89,PENDING,0,28,58245.51,2025-08-06,PENDING
5634,1170,7815,Health Claim,2025-10-24,9793.86,APPROVED,0,66,65108.0,2025-10-29,VERIFIED
5635,22187,8117,Property Damage,2026-01-30,13298.87,APPROVED,0,91,68231.72,2025-03-30,PENDING
5636,18195,7154,Motor Accident,2025-12-16,34202.52,REJECTED,0,81,50110.26,2023-06-27,PENDING
5637,9430,3912,Health Claim,2026-05-05,25666.13,APPROVED,0,31,82375.73,2025-12-25,PENDING
5638,4126,7588,Property Damage,2026-05-21,22179.37,REJECTED,0,1,32126.32,2025-09-24,PENDING
5639,9018,3010,Health Claim,2026-04-28,42370.83,REJECTED,0,47,88585.05,2024-05-24,VERIFIED
5640,14510,6933,Property Damage,2025-05-31,28152.7,PENDING,0,91,73809.66,2025-02-16,PENDING
5641,14172,1707,Health Claim,2026-02-25,140672.82,PENDING,0,37,90802.13,2026-01-25,VERIFIED
5642,138,3743,Life Claim,2026-01-21,11248.05,REJECTED,0,42,54820.39,2025-04-28,PENDING
5643,4070,3742,Life Claim,2026-03-13,7237.72,APPROVED,0,61,10741.49,2025-03-15,VERIFIED
5644,4879,5222,Property Damage,2025-09-29,40995.1,PENDING,0,47,81086.99,2023-08-05,PENDING
5645,3808,4321,Property Damage,2025-10-01,10701.05,PENDING,0,7,34937.95,2025-07-08,PENDING
5646,19042,3557,Property Damage,2025-11-27,44017.08,PENDING,0,72,72074.8,2025-03-15,VERIFIED
5647,22134,5490,Life Claim,2026-04-05,32490.67,PENDING,0,16,76302.05,2025-11-25,PENDING
5648,11862,4162,Motor Accident,2025-08-09,126396.48,PENDING,0,11,66020.64,2023-06-06,PENDING
5649,7589,2202,Property Damage,2025-08-15,50352.22,PENDING,0,86,85177.16,2024-11-27,PENDING
5650,19332,2006,Motor Accident,2025-07-05,122545.48,APPROVED,0,68,68332.82,2024-04-29,VERIFIED
5651,13267,5071,Health Claim,2025-11-24,125580.78,APPROVED,0,69,89663.36,2024-11-15,PENDING
5652,23177,5343,Life Claim,2025-07-20,34391.8,PENDING,0,71,28398.28,2024-08-11,VERIFIED
5653,15331,4129,Property Damage,2026-02-11,27876.86,APPROVED,0,4,41967.61,2024-12-03,VERIFIED
5654,19237,2752,Life Claim,2025-06-19,13215.83,REJECTED,0,25,21059.09,2023-06-05,VERIFIED
5655,19543,3082,Health Claim,2025-10-23,34573.71,APPROVED,0,85,88361.89,2024-11-25,PENDING
5656,2655,2602,Life Claim,2025-09-23,8966.72,REJECTED,0,52,13390.53,2025-02-26,PENDING
5657,17746,1902,Life Claim,2026-04-19,31388.75,PENDING,0,99,69268.31,2024-09-12,VERIFIED
5658,16066,6493,Motor Accident,2026-04-06,13624.08,REJECTED,0,9,51140.43,2024-11-28,PENDING
5659,20774,8352,Life Claim,2025-07-29,90942.62,REJECTED,0,48,88914.93,2025-06-16,PENDING
5660,23549,3172,Motor Accident,2025-07-25,7849.81,REJECTED,0,62,32455.36,2024-07-22,PENDING
5661,18156,9119,Motor Accident,2025-09-29,7530.85,PENDING,0,46,24050.15,2026-05-04,PENDING
5662,18511,9807,Health Claim,2025-09-25,4932.54,PENDING,0,76,17344.22,2024-07-13,VERIFIED
5663,11363,2612,Life Claim,2025-11-01,39632.42,PENDING,0,4,24402.09,2024-03-26,PENDING
5664,12586,9525,Life Claim,2026-03-31,37142.71,REJECTED,0,97,66239.54,2025-03-30,VERIFIED
5665,14279,2755,Health Claim,2025-06-07,29428.73,REJECTED,0,7,50795.34,2026-03-08,VERIFIED
5666,6640,5582,Property Damage,2025-12-06,84194.86,PENDING,0,77,72318.94,2025-03-22,VERIFIED
5667,22334,9753,Property Damage,2025-10-27,37301.23,APPROVED,0,90,73271.08,2024-11-19,VERIFIED
5668,3319,9657,Property Damage,2025-06-20,34731.5,REJECTED,0,6,71946.15,2025-07-08,VERIFIED
5669,6696,7306,Property Damage,2025-08-31,13470.93,APPROVED,0,97,32972.07,2026-03-22,VERIFIED
5670,17902,1796,Health Claim,2025-11-29,1381.58,PENDING,0,27,13120.39,2025-04-28,PENDING
5671,18676,2829,Motor Accident,2026-01-11,111913.3,APPROVED,0,61,63063.9,2026-04-09,PENDING
5672,10250,7989,Life Claim,2026-04-08,37862.89,APPROVED,0,71,55899.22,2024-04-02,PENDING
5673,4754,5374,Health Claim,2025-09-01,10783.31,PENDING,0,58,16925.44,2023-08-03,PENDING
5674,5522,332,Property Damage,2026-05-02,9380.3,PENDING,0,53,26282.24,2025-10-17,PENDING
5675,24558,5137,Health Claim,2025-11-24,4015.3,APPROVED,0,67,8983.8,2025-06-28,VERIFIED
5676,1560,9284,Property Damage,2026-04-18,11742.42,PENDING,0,24,28098.29,2025-07-10,PENDING
5677,18020,2347,Health Claim,2025-09-20,26206.99,PENDING,0,52,38994.13,2025-08-16,VERIFIED
5678,23083,4825,Life Claim,2026-05-08,20760.19,REJECTED,0,59,32468.72,2025-12-18,PENDING
5679,4942,7592,Health Claim,2026-05-22,7710.13,PENDING,0,29,11416.62,2025-08-10,PENDING
5680,16934,8138,Property Damage,2025-07-04,13013.41,APPROVED,0,5,34548.4,2025-01-29,VERIFIED
5681,23279,4193,Motor Accident,2026-05-18,149261.74,PENDING,0,2,77303.36,2024-09-21,VERIFIED
5682,10013,1207,Property Damage,2025-06-27,5694.23,REJECTED,0,63,43029.65,2023-06-10,VERIFIED
5683,24207,9793,Property Damage,2026-05-06,55381.97,PENDING,0,19,94291.68,2025-06-12,PENDING
5684,456,7741,Health Claim,2025-09-12,31903.05,APPROVED,0,79,76225.82,2023-09-21,VERIFIED
5685,15831,1588,Motor Accident,2026-04-18,14676.82,APPROVED,0,86,22755.32,2024-02-21,PENDING
5686,2919,9136,Life Claim,2025-06-03,33021.85,APPROVED,0,53,23930.56,2023-10-18,VERIFIED
5687,16230,2099,Motor Accident,2025-08-27,3876.66,PENDING,0,95,33228.36,2024-11-20,VERIFIED
5688,6210,4045,Life Claim,2025-09-16,22970.72,PENDING,0,39,40024.11,2024-06-18,VERIFIED
5689,16482,8783,Motor Accident,2025-09-17,13823.23,REJECTED,0,73,23053.9,2024-02-22,VERIFIED
5690,16913,547,Property Damage,2025-10-06,10142.73,APPROVED,0,42,19809.1,2025-05-13,VERIFIED
5691,23091,3555,Life Claim,2025-08-20,28863.01,APPROVED,0,34,46142.22,2026-04-14,VERIFIED
5692,23438,1013,Health Claim,2025-10-12,50288.38,REJECTED,0,89,84252.31,2025-10-12,PENDING
5693,23391,6199,Health Claim,2026-04-30,16440.9,APPROVED,0,87,31036.4,2024-10-06,VERIFIED
5694,14676,5388,Health Claim,2025-05-31,70759.52,REJECTED,0,94,70046.35,2024-06-10,PENDING
5695,6485,1217,Motor Accident,2026-04-14,23655.9,PENDING,0,50,72026.58,2025-11-15,PENDING
5696,9418,8318,Life Claim,2026-04-23,64628.05,PENDING,0,75,39499.23,2024-03-24,VERIFIED
5697,23930,6304,Health Claim,2025-12-02,38956.12,REJECTED,0,87,85874.14,2024-04-03,VERIFIED
5698,11102,9995,Life Claim,2025-10-30,53707.51,APPROVED,0,75,30571.85,2025-03-27,PENDING
5699,4730,1144,Motor Accident,2026-01-08,21455.11,REJECTED,0,48,42994.27,2026-05-22,PENDING
5700,13255,2067,Health Claim,2026-05-07,125752.03,APPROVED,0,98,77051.9,2024-06-27,VERIFIED
5701,16628,2483,Property Damage,2026-03-21,59414.2,APPROVED,0,46,87590.5,2025-08-17,PENDING
5702,14468,6922,Motor Accident,2025-07-20,23253.43,APPROVED,0,37,98267.02,2026-02-03,VERIFIED
5703,4915,9851,Life Claim,2026-05-13,35684.51,APPROVED,0,46,51180.26,2025-12-07,PENDING
5704,24465,6065,Life Claim,2026-05-17,36149.52,APPROVED,0,96,62291.26,2024-01-21,PENDING
5705,10670,5270,Property Damage,2026-04-19,8125.91,REJECTED,0,41,53493.76,2025-08-02,VERIFIED
5706,21739,9920,Health Claim,2026-01-18,15207.58,REJECTED,0,75,22795.31,2024-11-07,PENDING
5707,10650,6855,Property Damage,2026-02-21,16580.84,PENDING,0,95,12605.57,2023-07-27,PENDING
5708,16948,3234,Motor Accident,2025-11-09,24577.08,PENDING,0,93,37154.49,2026-04-04,VERIFIED
5709,11804,3415,Life Claim,2025-10-09,32777.29,REJECTED,0,94,58766.14,2023-09-10,VERIFIED
5710,19706,2594,Property Damage,2025-08-15,40737.13,REJECTED,0,42,67345.65,2024-02-14,VERIFIED
5711,9086,7461,Health Claim,2026-03-03,15017.98,REJECTED,0,1,30687.97,2025-11-18,PENDING
5712,9459,6097,Health Claim,2026-01-23,20687.12,APPROVED,0,39,15188.41,2025-01-09,VERIFIED
5713,13649,816,Motor Accident,2026-02-13,6569.29,REJECTED,0,12,28122.22,2024-04-17,VERIFIED
5714,21164,609,Property Damage,2026-01-03,3454.34,APPROVED,0,80,5441.3,2025-03-31,VERIFIED
5715,12178,2509,Health Claim,2026-01-15,3697.36,REJECTED,0,82,7378.68,2025-04-21,VERIFIED
5716,13574,8595,Motor Accident,2025-07-02,37886.89,PENDING,0,85,56759.03,2024-05-19,PENDING
5717,3073,636,Health Claim,2026-01-25,23767.05,REJECTED,0,25,90097.34,2026-04-16,PENDING
5718,10686,9811,Health Claim,2025-08-20,10976.52,REJECTED,0,34,34803.34,2023-09-23,PENDING
5719,15511,1750,Health Claim,2026-01-22,45049.93,REJECTED,0,3,41931.51,2023-06-29,PENDING
5720,17054,587,Health Claim,2026-04-21,32710.72,REJECTED,0,24,49333.17,2024-07-30,PENDING
5721,3861,6504,Motor Accident,2025-08-27,10896.64,PENDING,0,19,63423.02,2023-09-08,VERIFIED
5722,16334,6881,Motor Accident,2026-01-24,45207.34,APPROVED,0,99,78009.75,2023-09-02,PENDING
5723,9261,7812,Health Claim,2025-06-27,5354.15,REJECTED,0,54,8035.63,2023-11-13,PENDING
5724,11895,6852,Life Claim,2025-12-04,7187.94,PENDING,0,63,13245.22,2024-09-30,VERIFIED
5725,20949,3470,Property Damage,2025-12-02,42769.67,PENDING,0,55,90397.89,2025-02-14,PENDING
5726,11150,2622,Motor Accident,2025-06-12,3275.05,REJECTED,0,6,27959.43,2025-05-10,PENDING
5727,3554,2500,Property Damage,2025-11-14,17673.68,APPROVED,0,69,47035.06,2023-11-04,VERIFIED
5728,3929,4587,Health Claim,2025-12-10,59153.22,REJECTED,0,40,50891.65,2024-11-11,VERIFIED
5729,22648,9934,Health Claim,2026-05-13,109035.53,PENDING,0,34,56840.39,2024-03-12,VERIFIED
5730,1808,7528,Health Claim,2026-01-04,20662.88,PENDING,0,31,38673.13,2026-01-09,PENDING
5731,3311,8969,Life Claim,2026-01-19,11881.77,APPROVED,0,3,42106.3,2023-11-25,VERIFIED
5732,1126,7384,Property Damage,2025-11-17,11975.47,APPROVED,0,53,18995.4,2025-08-24,PENDING
5733,4866,4806,Property Damage,2026-05-25,54664.56,REJECTED,0,15,53415.04,2023-06-24,VERIFIED
5734,16421,471,Property Damage,2025-12-01,43094.14,REJECTED,0,92,23621.26,2025-10-21,VERIFIED
5735,10125,6388,Motor Accident,2025-08-25,10196.43,PENDING,0,51,77637.62,2023-06-26,VERIFIED
5736,23107,6746,Property Damage,2025-11-04,16777.7,APPROVED,0,79,56821.15,2025-01-29,PENDING
5737,4943,1609,Health Claim,2026-02-01,67030.57,REJECTED,0,17,46428.72,2024-02-03,VERIFIED
5738,5675,8714,Motor Accident,2025-09-05,2784.63,APPROVED,0,58,16057.21,2023-08-28,PENDING
5739,20917,7504,Property Damage,2026-03-07,30823.99,APPROVED,0,22,60980.31,2024-07-18,PENDING
5740,11453,445,Property Damage,2025-11-30,36922.79,APPROVED,0,25,31253.44,2026-02-17,VERIFIED
5741,15665,2874,Property Damage,2025-07-02,48830.84,PENDING,0,83,91462.67,2023-09-10,VERIFIED
5742,3617,8091,Life Claim,2025-10-12,39065.39,APPROVED,0,99,89689.99,2025-02-11,VERIFIED
5743,14732,6255,Motor Accident,2025-12-25,100726.78,REJECTED,0,13,86846.9,2023-08-08,PENDING
5744,19356,7508,Motor Accident,2025-12-26,17380.85,PENDING,0,58,90197.34,2024-06-26,PENDING
5745,22487,5336,Health Claim,2025-09-09,95347.11,APPROVED,0,23,52788.06,2024-07-06,VERIFIED
5746,8204,9840,Health Claim,2025-10-22,3626.88,PENDING,0,33,9544.59,2025-03-06,PENDING
5747,11233,501,Property Damage,2025-09-06,2046.26,REJECTED,0,88,9798.56,2026-05-10,VERIFIED
5748,16082,228,Property Damage,2026-03-08,13250.23,APPROVED,0,76,53798.3,2024-05-08,VERIFIED
5749,1505,8108,Motor Accident,2025-06-20,81962.34,APPROVED,0,10,80918.69,2024-09-20,PENDING
5750,17721,7883,Life Claim,2025-10-01,21105.17,APPROVED,0,33,12518.92,2025-11-19,PENDING
5751,17567,5542,Motor Accident,2026-04-30,34674.4,APPROVED,0,73,56983.88,2024-10-14,PENDING
5752,7907,5077,Motor Accident,2025-10-05,28066.91,APPROVED,0,39,74360.72,2024-07-08,VERIFIED
5753,15039,3384,Health Claim,2026-01-08,10603.35,APPROVED,0,11,57517.01,2024-03-25,PENDING
5754,59,7957,Health Claim,2026-03-19,17519.69,PENDING,0,62,28737.0,2024-08-13,VERIFIED
5755,5117,4971,Life Claim,2025-06-06,129060.28,APPROVED,0,44,64885.67,2023-05-29,VERIFIED
5756,13891,4084,Motor Accident,2026-01-21,22353.35,REJECTED,0,67,88344.22,2026-04-22,VERIFIED
5757,762,1286,Life Claim,2025-07-12,44695.3,REJECTED,0,86,23431.98,2025-07-21,VERIFIED
5758,5834,4706,Life Claim,2025-05-31,5326.47,APPROVED,0,52,48694.2,2025-10-29,VERIFIED
5759,9821,5043,Health Claim,2026-04-05,9552.02,REJECTED,0,33,36064.12,2026-01-23,VERIFIED
5760,4457,5353,Health Claim,2026-01-02,107509.3,REJECTED,0,49,75005.84,2024-01-22,PENDING
5761,3416,2363,Property Damage,2026-02-27,17783.47,PENDING,0,66,39915.28,2024-10-14,PENDING
5762,18644,5093,Health Claim,2025-08-17,56310.87,PENDING,0,72,88752.98,2024-10-14,VERIFIED
5763,1025,4633,Health Claim,2025-10-08,21303.78,PENDING,0,69,45210.84,2025-07-31,PENDING
5764,10846,2318,Property Damage,2025-11-02,9499.77,REJECTED,0,44,29274.32,2023-11-28,PENDING
5765,5954,7098,Property Damage,2025-09-10,14572.68,APPROVED,0,41,26262.76,2024-06-28,VERIFIED
5766,9692,9563,Motor Accident,2025-11-16,15264.11,APPROVED,0,88,97357.08,2026-03-04,VERIFIED
5767,10798,1989,Life Claim,2025-07-09,28180.02,PENDING,0,50,44925.58,2024-10-21,VERIFIED
5768,19795,1629,Motor Accident,2025-10-10,12060.79,APPROVED,0,57,18280.92,2024-12-31,PENDING
5769,727,6194,Health Claim,2025-09-08,45922.6,REJECTED,0,86,73559.58,2023-08-27,VERIFIED
5770,14645,3605,Health Claim,2026-03-26,30697.42,PENDING,0,28,96251.8,2024-09-19,PENDING
5771,15395,8421,Property Damage,2025-10-22,138870.01,APPROVED,0,70,89486.62,2025-10-17,VERIFIED
5772,7104,7732,Property Damage,2026-02-01,48477.21,APPROVED,0,48,71923.1,2023-09-16,VERIFIED
5773,20835,5111,Health Claim,2025-12-15,23849.24,PENDING,0,56,91724.49,2025-11-16,VERIFIED
5774,5302,4073,Health Claim,2025-07-06,8580.57,PENDING,0,30,54288.05,2026-03-07,VERIFIED
5775,5717,9038,Motor Accident,2026-02-14,4371.46,APPROVED,0,89,23467.72,2025-08-11,VERIFIED
5776,9675,1794,Motor Accident,2026-01-27,58207.33,APPROVED,0,79,37732.59,2023-12-14,PENDING
5777,22728,2692,Property Damage,2026-05-15,34219.91,PENDING,0,13,71223.18,2024-01-25,PENDING
5778,24741,2988,Health Claim,2025-12-02,17277.06,APPROVED,0,86,41591.31,2024-07-04,PENDING
5779,15817,3727,Motor Accident,2025-06-11,42641.02,PENDING,0,64,24727.57,2026-05-09,PENDING
5780,6172,7707,Motor Accident,2025-08-03,4349.53,PENDING,0,11,16920.05,2024-04-04,VERIFIED
5781,13176,5027,Property Damage,2026-01-12,39006.29,REJECTED,0,72,95117.79,2025-04-08,VERIFIED
5782,12639,4718,Health Claim,2025-07-13,162871.29,APPROVED,0,83,87581.34,2025-11-29,PENDING
5783,20101,5669,Health Claim,2025-12-30,32594.41,PENDING,0,98,88311.59,2025-04-22,VERIFIED
5784,16161,3553,Health Claim,2026-05-20,9400.17,PENDING,0,30,53616.77,2024-07-30,PENDING
5785,15789,7847,Motor Accident,2026-01-06,9726.08,PENDING,0,27,14190.96,2026-02-14,VERIFIED
5786,20664,3562,Motor Accident,2026-02-27,84204.0,APPROVED,0,29,72623.48,2025-09-02,VERIFIED
5787,15425,9769,Health Claim,2026-01-06,10481.93,APPROVED,0,18,7434.05,2025-09-26,VERIFIED
5788,24498,5420,Motor Accident,2026-01-25,67984.8,PENDING,0,96,97582.87,2025-04-04,PENDING
5789,17438,2107,Life Claim,2026-04-12,45981.08,REJECTED,0,91,91985.28,2024-01-23,PENDING
5790,20032,4530,Property Damage,2025-09-27,6357.61,APPROVED,0,88,13915.81,2025-01-25,PENDING
5791,13292,8,Property Damage,2025-11-18,33146.94,APPROVED,0,62,23844.4,2025-11-28,VERIFIED
5792,15656,3801,Life Claim,2026-05-03,12188.45,REJECTED,0,55,7581.74,2023-07-01,PENDING
5793,8428,728,Property Damage,2026-03-22,34812.4,PENDING,0,52,53862.74,2025-09-11,VERIFIED
5794,5595,8190,Property Damage,2025-10-31,16209.72,REJECTED,0,25,9702.74,2025-01-17,VERIFIED
5795,4927,6063,Motor Accident,2025-09-29,42764.15,APPROVED,0,33,30335.59,2024-06-05,VERIFIED
5796,9481,7725,Life Claim,2026-04-23,6899.56,APPROVED,0,82,26497.05,2026-01-01,VERIFIED
5797,16428,2192,Life Claim,2025-07-30,34868.07,APPROVED,0,94,32618.5,2025-02-17,VERIFIED
5798,8645,5584,Health Claim,2025-12-06,10226.2,REJECTED,0,8,16070.92,2024-02-03,VERIFIED
5799,7990,8304,Property Damage,2025-06-19,27168.23,PENDING,0,88,76893.87,2025-04-06,VERIFIED
5800,20104,8150,Life Claim,2025-08-26,13839.43,APPROVED,0,67,82841.62,2024-03-06,PENDING
5801,14250,9148,Life Claim,2026-04-14,16015.76,PENDING,0,46,55652.62,2023-09-16,PENDING
5802,13563,4956,Motor Accident,2026-05-23,42071.55,PENDING,0,97,72529.45,2023-10-31,VERIFIED
5803,2582,2053,Life Claim,2025-12-22,21900.41,REJECTED,0,31,50733.87,2025-01-05,VERIFIED
5804,20726,3439,Motor Accident,2025-06-13,2258.11,APPROVED,0,40,11119.54,2024-03-06,VERIFIED
5805,7116,3341,Property Damage,2026-03-16,25053.68,REJECTED,0,4,37267.87,2023-12-02,VERIFIED
5806,18108,6761,Motor Accident,2026-04-03,6232.11,APPROVED,0,78,17922.19,2024-07-11,PENDING
5807,23016,9909,Property Damage,2025-10-16,73010.75,REJECTED,0,10,63408.29,2025-03-27,PENDING
5808,22732,425,Life Claim,2025-11-15,12115.51,PENDING,0,99,34588.41,2025-08-05,PENDING
5809,12730,4670,Health Claim,2025-08-28,64571.5,APPROVED,0,30,43730.34,2025-01-12,PENDING
5810,20712,1639,Motor Accident,2025-12-02,18467.72,REJECTED,0,43,68833.17,2024-10-17,PENDING
5811,2117,952,Property Damage,2026-02-04,3077.79,REJECTED,0,6,11415.73,2024-08-13,PENDING
5812,6335,8147,Property Damage,2025-10-09,34265.75,REJECTED,0,73,97601.06,2024-11-12,VERIFIED
5813,9690,7773,Health Claim,2026-03-26,18945.04,REJECTED,0,4,37160.97,2026-01-30,VERIFIED
5814,7310,5711,Health Claim,2025-12-28,30729.49,PENDING,0,29,89197.49,2025-11-12,PENDING
5815,6002,8139,Motor Accident,2026-03-31,3429.56,APPROVED,0,31,25535.7,2024-01-27,PENDING
5816,2204,7620,Health Claim,2025-11-14,6711.88,APPROVED,0,23,32007.19,2024-09-09,VERIFIED
5817,18910,4696,Property Damage,2025-10-31,107437.19,PENDING,0,37,58000.82,2026-01-21,VERIFIED
5818,18865,7659,Health Claim,2026-03-29,17771.31,APPROVED,0,77,39469.17,2025-02-28,VERIFIED
5819,571,4273,Motor Accident,2025-11-06,125949.23,REJECTED,0,21,70583.98,2024-12-18,VERIFIED
5820,17162,9754,Property Damage,2025-11-07,103836.75,REJECTED,0,50,55121.24,2025-11-18,VERIFIED
5821,16811,6991,Life Claim,2025-10-28,10061.88,PENDING,0,52,15327.3,2024-02-07,VERIFIED
5822,14590,419,Life Claim,2026-04-17,9934.65,REJECTED,0,85,53369.98,2025-05-03,VERIFIED
5823,11467,1778,Property Damage,2026-01-21,23544.01,PENDING,0,38,44200.39,2025-09-24,PENDING
5824,22719,2716,Property Damage,2026-05-24,27427.31,REJECTED,0,12,44981.5,2024-01-02,VERIFIED
5825,14558,986,Life Claim,2026-05-22,10229.18,PENDING,0,15,36173.86,2025-11-08,PENDING
5826,9525,6397,Health Claim,2025-05-30,20711.44,PENDING,0,52,13813.69,2024-06-17,PENDING
5827,20462,9556,Life Claim,2025-08-27,22104.19,PENDING,0,41,38339.47,2024-01-30,PENDING
5828,14240,3888,Health Claim,2026-02-10,16971.14,REJECTED,0,35,39446.12,2026-01-16,VERIFIED
5829,2347,7319,Life Claim,2025-07-20,39489.73,APPROVED,0,68,63552.89,2025-03-04,PENDING
5830,14742,4477,Property Damage,2025-07-15,6286.64,APPROVED,0,93,12723.31,2024-09-03,PENDING
5831,1272,856,Life Claim,2025-11-13,30944.41,APPROVED,0,10,53525.95,2023-07-22,VERIFIED
5832,6457,2483,Property Damage,2026-05-19,10326.69,PENDING,0,5,70733.69,2024-11-08,PENDING
5833,12845,2767,Property Damage,2026-05-21,15064.02,REJECTED,0,89,72376.3,2025-02-26,PENDING
5834,14285,2759,Motor Accident,2026-01-03,32040.91,REJECTED,0,5,25614.1,2024-11-15,PENDING
5835,16101,504,Motor Accident,2026-05-16,37892.39,REJECTED,0,92,61539.52,2025-12-21,VERIFIED
5836,10110,8424,Motor Accident,2025-12-07,6495.68,APPROVED,0,82,14618.58,2024-07-17,PENDING
5837,11831,1381,Motor Accident,2026-03-30,42180.98,PENDING,0,56,89882.04,2023-09-14,PENDING
5838,8382,8236,Health Claim,2025-06-21,33837.26,PENDING,0,93,61264.08,2024-10-06,VERIFIED
5839,24814,7866,Property Damage,2025-10-26,42782.51,REJECTED,0,97,95260.5,2024-12-15,VERIFIED
5840,19555,7225,Health Claim,2026-01-16,29123.22,REJECTED,0,42,66200.39,2023-07-09,PENDING
5841,16205,763,Life Claim,2025-06-06,23416.33,APPROVED,0,56,36361.82,2024-08-31,PENDING
5842,21330,9717,Motor Accident,2025-07-17,2149.01,APPROVED,0,38,13238.72,2025-03-24,VERIFIED
5843,15642,2636,Life Claim,2026-01-13,55275.94,REJECTED,0,100,94085.62,2025-06-24,PENDING
5844,1101,2364,Property Damage,2026-02-18,11449.27,PENDING,0,74,22818.78,2024-08-11,PENDING
5845,19986,7235,Property Damage,2026-05-18,16253.72,APPROVED,0,90,30525.55,2025-10-13,PENDING
5846,14682,1602,Motor Accident,2026-03-29,8368.67,APPROVED,0,78,70179.76,2026-05-19,VERIFIED
5847,629,8355,Motor Accident,2025-08-15,52236.68,REJECTED,0,94,77114.55,2023-12-01,PENDING
5848,10791,1357,Motor Accident,2025-08-19,36271.08,REJECTED,0,4,89687.93,2025-08-05,VERIFIED
5849,3060,2357,Property Damage,2025-12-13,33677.68,APPROVED,0,40,49987.33,2026-05-04,VERIFIED
5850,17249,4740,Motor Accident,2026-04-10,13069.94,REJECTED,0,69,50404.25,2025-12-27,PENDING
5851,23540,5235,Health Claim,2025-12-16,9210.83,REJECTED,0,94,18030.76,2024-09-27,PENDING
5852,14528,2486,Life Claim,2025-07-14,12537.52,APPROVED,0,42,41254.43,2025-10-11,PENDING
5853,5578,426,Property Damage,2026-01-21,23594.05,PENDING,0,16,43822.31,2025-12-07,PENDING
5854,14096,3768,Life Claim,2026-03-10,12074.06,APPROVED,0,38,69820.34,2026-03-09,PENDING
5855,11856,6556,Motor Accident,2025-12-22,60610.81,REJECTED,0,56,40196.92,2025-08-19,PENDING
5856,15914,5893,Property Damage,2025-09-02,12051.31,REJECTED,0,60,10220.89,2024-03-29,VERIFIED
5857,11049,827,Health Claim,2025-06-16,60163.63,REJECTED,0,69,45200.62,2024-07-05,VERIFIED
5858,3088,7607,Property Damage,2025-07-23,7548.0,PENDING,0,52,26000.45,2026-01-08,PENDING
5859,7002,7277,Life Claim,2026-05-03,21902.47,PENDING,0,25,89591.63,2024-08-11,PENDING
5860,933,4226,Health Claim,2026-02-09,41301.99,PENDING,0,34,83495.69,2024-04-09,PENDING
5861,3104,8941,Motor Accident,2025-09-19,5505.09,REJECTED,0,39,15672.57,2023-11-18,VERIFIED
5862,2307,3555,Life Claim,2026-04-30,4485.1,REJECTED,0,52,38168.07,2025-05-17,VERIFIED
5863,7139,6545,Life Claim,2025-12-25,9802.91,REJECTED,0,31,54844.83,2025-01-09,VERIFIED
5864,17804,1467,Motor Accident,2025-06-21,12306.49,PENDING,0,29,48111.58,2025-10-28,PENDING
5865,23880,4248,Property Damage,2025-10-24,13455.07,PENDING,0,91,61834.27,2025-06-01,PENDING
5866,15460,7856,Motor Accident,2026-04-08,22998.27,PENDING,0,14,12583.19,2024-02-05,VERIFIED
5867,15106,3516,Property Damage,2025-07-04,119499.16,APPROVED,0,59,92533.74,2025-04-07,PENDING
5868,11373,7864,Health Claim,2026-01-12,12188.12,PENDING,0,87,28632.51,2023-11-12,VERIFIED
5869,23849,3048,Health Claim,2025-06-24,19710.41,REJECTED,0,12,37482.88,2025-11-28,VERIFIED
5870,100,2644,Life Claim,2026-03-11,60908.33,REJECTED,0,44,98401.48,2023-12-06,PENDING
5871,19943,5857,Property Damage,2026-03-02,27975.58,PENDING,0,12,71316.35,2026-01-27,PENDING
5872,828,6943,Life Claim,2026-02-23,19397.33,REJECTED,0,42,49209.95,2025-12-19,VERIFIED
5873,6101,6696,Health Claim,2026-01-23,1168.09,REJECTED,0,64,8378.59,2024-09-12,PENDING
5874,13144,7336,Motor Accident,2025-09-05,6908.19,REJECTED,0,99,12789.15,2025-06-13,PENDING
5875,15236,4929,Property Damage,2025-07-01,4031.54,APPROVED,0,58,26303.68,2025-12-22,PENDING
5876,14781,5325,Property Damage,2025-06-29,37606.09,APPROVED,0,64,69570.34,2023-09-01,PENDING
5877,19361,5681,Property Damage,2025-11-08,15910.72,PENDING,0,4,50156.31,2024-09-14,PENDING
5878,5546,6473,Motor Accident,2026-02-05,17046.46,PENDING,0,13,97359.87,2024-06-04,VERIFIED
5879,20358,7457,Motor Accident,2026-05-24,83662.16,PENDING,0,91,77339.61,2024-07-03,VERIFIED
5880,22891,4222,Motor Accident,2025-07-21,18707.79,REJECTED,0,61,55445.43,2023-08-16,VERIFIED
5881,12460,9037,Motor Accident,2026-02-25,32521.89,PENDING,0,11,55648.75,2025-04-25,PENDING
5882,8819,3402,Life Claim,2026-05-16,34802.06,APPROVED,0,25,72170.88,2025-12-12,VERIFIED
5883,8159,3875,Health Claim,2025-12-24,2913.43,PENDING,0,1,6781.8,2026-02-05,PENDING
5884,12305,9105,Motor Accident,2026-05-09,26832.47,APPROVED,0,23,46654.08,2025-04-04,PENDING
5885,19893,9312,Health Claim,2025-09-10,2123.09,REJECTED,0,14,5355.14,2023-12-13,VERIFIED
5886,5119,1397,Health Claim,2026-04-19,38810.02,PENDING,0,11,97363.58,2024-06-12,VERIFIED
5887,23839,6947,Motor Accident,2026-02-24,10523.86,REJECTED,0,95,75116.04,2023-06-13,VERIFIED
5888,7980,270,Motor Accident,2026-04-12,88725.55,REJECTED,0,45,55354.88,2026-02-11,VERIFIED
5889,10341,7816,Life Claim,2025-08-29,80206.81,APPROVED,0,100,56975.49,2024-01-31,PENDING
5890,24680,6221,Life Claim,2025-11-15,58911.93,PENDING,0,17,42716.58,2024-10-16,PENDING
5891,9580,3257,Health Claim,2025-07-25,131428.23,APPROVED,0,17,96205.19,2025-12-05,PENDING
5892,2211,8944,Motor Accident,2025-10-22,17056.74,PENDING,0,85,12005.27,2025-08-30,VERIFIED
5893,11129,1200,Property Damage,2025-10-23,67982.3,APPROVED,0,83,35810.66,2025-06-09,PENDING
5894,20233,925,Property Damage,2026-04-27,15294.36,PENDING,0,26,35223.26,2026-01-17,VERIFIED
5895,13022,7101,Life Claim,2025-06-23,32526.7,REJECTED,0,46,76913.05,2024-12-16,VERIFIED
5896,10969,5642,Health Claim,2025-06-04,26444.99,PENDING,0,90,19653.21,2025-03-20,VERIFIED
5897,22219,4262,Motor Accident,2026-01-26,10784.82,REJECTED,0,47,53452.54,2025-02-08,VERIFIED
5898,19177,3339,Life Claim,2026-04-10,10423.22,PENDING,0,38,29712.59,2023-06-21,VERIFIED
5899,11974,5273,Motor Accident,2026-04-03,20495.39,REJECTED,0,100,18219.64,2024-04-26,VERIFIED
5900,2237,2866,Life Claim,2025-10-31,13490.36,APPROVED,0,96,81210.87,2026-03-22,PENDING
5901,14405,7102,Property Damage,2025-11-06,41471.17,PENDING,0,83,74123.44,2024-02-06,PENDING
5902,21382,5151,Health Claim,2025-09-12,44128.02,PENDING,0,23,22702.3,2025-09-16,PENDING
5903,10513,4879,Life Claim,2026-03-21,18868.92,PENDING,0,10,41267.88,2025-03-08,PENDING
5904,16405,4034,Health Claim,2025-12-25,5713.96,APPROVED,0,99,5667.42,2026-05-15,VERIFIED
5905,20863,8612,Health Claim,2026-03-15,14325.99,APPROVED,0,8,71397.32,2024-10-03,VERIFIED
5906,24223,658,Life Claim,2026-05-18,113414.73,REJECTED,0,61,84464.21,2026-02-10,PENDING
5907,8638,1333,Life Claim,2025-10-24,56421.33,PENDING,0,87,41192.26,2025-11-03,VERIFIED
5908,393,8010,Property Damage,2026-02-08,20075.95,PENDING,0,96,38639.74,2025-12-04,PENDING
5909,7837,4469,Health Claim,2026-03-22,15946.5,APPROVED,0,20,11762.0,2026-05-17,PENDING
5910,6686,7532,Life Claim,2025-12-28,7019.26,REJECTED,0,58,11725.92,2024-11-10,PENDING
5911,10945,2500,Property Damage,2025-06-10,15678.82,PENDING,0,41,79074.07,2024-02-05,PENDING
5912,24879,5148,Life Claim,2025-07-02,31153.15,PENDING,0,60,98252.7,2024-08-21,VERIFIED
5913,24672,9307,Motor Accident,2026-05-10,48535.54,APPROVED,0,42,94718.26,2025-11-06,VERIFIED
5914,1841,4547,Motor Accident,2025-10-02,3594.46,REJECTED,0,42,10531.51,2023-06-14,VERIFIED
5915,14101,3072,Health Claim,2025-12-05,7990.45,PENDING,0,50,63560.07,2024-01-07,PENDING
5916,15784,6442,Property Damage,2025-08-27,7298.69,PENDING,0,42,18926.94,2026-01-26,PENDING
5917,14065,2886,Life Claim,2025-06-28,71192.61,APPROVED,0,91,48716.77,2023-05-27,PENDING
5918,1996,9086,Health Claim,2026-03-07,24994.12,APPROVED,0,74,74781.88,2023-06-23,VERIFIED
5919,14323,2799,Life Claim,2026-02-24,44259.67,REJECTED,0,63,98179.1,2023-08-21,VERIFIED
5920,1356,9808,Property Damage,2025-07-21,120875.81,PENDING,0,3,74479.24,2025-09-26,VERIFIED
5921,14506,7784,Life Claim,2025-09-21,41988.28,APPROVED,0,44,76905.2,2025-08-15,VERIFIED
5922,23134,3229,Life Claim,2025-06-20,43559.66,APPROVED,0,25,25586.05,2023-08-14,PENDING
5923,24623,9757,Motor Accident,2026-03-12,3858.46,REJECTED,0,59,27661.42,2024-03-01,VERIFIED
5924,1503,2532,Life Claim,2026-01-18,8760.15,APPROVED,0,45,25327.74,2026-01-11,VERIFIED
5925,13249,2593,Property Damage,2025-08-21,13754.23,PENDING,0,9,9855.47,2023-06-03,VERIFIED
5926,5310,7419,Property Damage,2026-04-04,31762.0,REJECTED,0,70,51057.17,2026-04-24,PENDING
5927,3621,7682,Life Claim,2026-02-15,51662.87,APPROVED,0,99,36874.44,2025-06-08,PENDING
5928,11913,6688,Life Claim,2026-04-08,17777.76,PENDING,0,24,75854.87,2024-01-23,PENDING
5929,3052,5727,Property Damage,2025-11-21,3155.91,REJECTED,0,69,11559.66,2024-08-20,PENDING
5930,586,9126,Motor Accident,2026-01-22,5248.74,PENDING,0,56,8408.85,2025-06-19,VERIFIED
5931,15009,9149,Health Claim,2025-11-23,17321.92,APPROVED,0,62,42233.31,2024-11-21,PENDING
5932,15789,5024,Health Claim,2025-12-06,16455.22,APPROVED,0,33,50502.45,2025-04-25,PENDING
5933,24571,1893,Life Claim,2026-03-26,15994.67,REJECTED,0,42,26629.77,2025-09-04,PENDING
5934,24256,962,Property Damage,2025-10-15,25342.84,PENDING,0,33,20001.02,2024-03-09,PENDING
5935,4916,3855,Motor Accident,2026-02-28,36727.47,REJECTED,0,53,86811.87,2023-10-14,PENDING
5936,1106,9664,Motor Accident,2025-06-14,19125.98,APPROVED,0,89,45549.31,2023-07-05,PENDING
5937,20015,7163,Property Damage,2026-05-19,5057.83,PENDING,0,96,48350.31,2024-06-04,PENDING
5938,8793,2004,Property Damage,2025-05-31,29199.64,REJECTED,0,40,73512.72,2024-11-20,VERIFIED
5939,3907,1506,Motor Accident,2025-10-27,1877.67,PENDING,0,23,9789.96,2023-06-04,PENDING
5940,12600,2015,Property Damage,2025-07-09,35849.35,PENDING,0,85,92019.07,2025-01-14,VERIFIED
5941,7158,8681,Motor Accident,2025-06-27,7268.85,REJECTED,0,80,6630.64,2024-01-22,VERIFIED
5942,20669,569,Life Claim,2025-12-08,118363.04,REJECTED,0,46,60061.62,2025-09-15,VERIFIED
5943,1510,9973,Property Damage,2025-12-04,67270.16,APPROVED,0,35,36445.8,2024-06-03,VERIFIED
5944,11520,4409,Property Damage,2026-02-26,11278.51,APPROVED,0,8,89957.29,2024-03-24,PENDING
5945,6031,3969,Life Claim,2025-06-07,58972.31,REJECTED,0,55,41328.54,2025-10-28,PENDING
5946,14271,1379,Property Damage,2025-10-26,25790.08,REJECTED,0,63,69518.44,2024-05-03,VERIFIED
5947,2227,4216,Property Damage,2025-11-29,29065.68,PENDING,0,39,98773.23,2025-05-27,VERIFIED
5948,536,865,Life Claim,2025-09-11,1642.05,PENDING,0,31,9212.63,2024-06-10,PENDING
5949,18867,4869,Life Claim,2025-08-20,29063.63,PENDING,0,41,88798.0,2023-10-22,PENDING
5950,6228,2059,Health Claim,2026-01-20,28408.47,APPROVED,0,48,76702.94,2023-08-30,VERIFIED
5951,19998,4889,Health Claim,2026-02-12,37146.97,APPROVED,0,37,57654.71,2025-11-14,VERIFIED
5952,18136,1014,Property Damage,2026-03-18,4509.04,APPROVED,0,67,14646.61,2025-06-05,VERIFIED
5953,2233,6248,Motor Accident,2025-10-25,24511.78,PENDING,0,42,64755.99,2025-03-16,PENDING
5954,1664,557,Motor Accident,2026-02-06,18591.87,APPROVED,0,11,30847.71,2023-07-24,PENDING
5955,18815,905,Life Claim,2026-03-23,2676.23,PENDING,0,94,6090.34,2026-04-06,PENDING
5956,3601,6029,Property Damage,2025-11-30,63597.17,PENDING,0,55,50379.86,2024-08-08,VERIFIED
5957,10050,7870,Life Claim,2026-04-10,89905.12,PENDING,0,9,57426.11,2026-01-08,PENDING
5958,23583,1073,Life Claim,2025-10-06,24817.3,PENDING,0,97,50582.66,2025-07-19,VERIFIED
5959,50,7689,Life Claim,2026-03-13,16068.03,PENDING,0,84,40339.41,2023-07-17,PENDING
5960,20961,9323,Life Claim,2025-10-16,23409.66,APPROVED,0,27,78833.22,2024-11-25,VERIFIED
5961,7972,9966,Health Claim,2025-11-25,15050.19,REJECTED,0,93,99048.99,2024-02-15,PENDING
5962,7612,5832,Property Damage,2026-05-02,11529.01,APPROVED,0,17,18957.8,2026-01-18,PENDING
5963,13135,4242,Motor Accident,2026-02-19,11705.59,APPROVED,0,47,75208.01,2024-06-09,VERIFIED
5964,20448,7525,Property Damage,2026-04-18,16547.72,APPROVED,0,36,34406.78,2025-04-19,PENDING
5965,1858,3654,Life Claim,2025-06-11,12924.08,REJECTED,0,63,8397.97,2025-08-05,VERIFIED
5966,9844,5613,Life Claim,2026-01-06,53124.08,PENDING,0,57,99753.32,2023-08-03,PENDING
5967,14483,4896,Motor Accident,2026-04-04,27543.18,PENDING,0,32,71111.1,2026-01-07,VERIFIED
5968,22461,3825,Property Damage,2025-08-28,16418.65,PENDING,0,53,80965.6,2025-01-18,VERIFIED
5969,21935,9169,Health Claim,2025-11-07,26240.78,APPROVED,0,44,89576.92,2023-10-03,VERIFIED
5970,12469,1056,Motor Accident,2025-10-08,30648.85,PENDING,0,16,19585.44,2025-09-15,PENDING
5971,6734,4822,Motor Accident,2026-05-01,7903.84,APPROVED,0,12,26118.15,2024-10-16,PENDING
5972,4317,5157,Life Claim,2025-09-17,46236.3,REJECTED,0,35,68949.16,2024-05-12,VERIFIED
5973,7636,259,Motor Accident,2025-12-06,16654.54,REJECTED,0,3,38287.25,2025-03-12,VERIFIED
5974,6338,9003,Life Claim,2025-08-12,40409.66,PENDING,0,74,29225.83,2025-08-08,VERIFIED
5975,18047,6145,Motor Accident,2026-02-11,33801.52,APPROVED,0,76,71242.5,2025-12-13,VERIFIED
5976,18207,4873,Health Claim,2026-02-27,43869.31,PENDING,0,30,67097.08,2024-08-31,PENDING
5977,9184,3096,Life Claim,2026-05-12,11261.69,APPROVED,0,3,18548.13,2024-10-25,PENDING
5978,18329,1971,Property Damage,2026-04-19,6103.26,PENDING,0,33,52326.7,2024-04-29,PENDING
5979,5715,7943,Health Claim,2026-05-19,32475.58,PENDING,0,97,29355.95,2025-07-07,PENDING
5980,24841,579,Motor Accident,2026-05-08,182865.69,APPROVED,0,41,94764.38,2026-04-20,PENDING
5981,13836,4573,Life Claim,2025-12-11,6666.94,PENDING,0,53,61820.37,2025-03-02,VERIFIED
5982,8213,106,Motor Accident,2025-09-24,11488.75,PENDING,0,49,23738.28,2024-07-20,PENDING
5983,3507,4767,Life Claim,2026-02-04,67269.98,APPROVED,0,56,96188.73,2025-09-08,VERIFIED
5984,22727,6922,Motor Accident,2026-05-11,11885.71,PENDING,0,60,8530.26,2024-12-25,VERIFIED
5985,18990,9037,Life Claim,2025-08-31,36909.4,APPROVED,0,22,30391.48,2024-01-20,PENDING
5986,17031,673,Health Claim,2026-03-26,75830.59,REJECTED,0,26,68449.58,2025-07-20,PENDING
5987,16431,3112,Motor Accident,2026-05-04,23099.02,APPROVED,0,20,36360.39,2024-04-05,VERIFIED
5988,17713,3888,Life Claim,2025-12-06,30969.36,REJECTED,0,59,80466.74,2023-10-10,VERIFIED
5989,9857,9909,Health Claim,2026-03-06,14055.21,APPROVED,0,99,35681.79,2024-05-26,PENDING
5990,16493,3410,Life Claim,2025-12-31,2159.76,APPROVED,0,23,15087.62,2023-07-01,PENDING
5991,1493,8460,Property Damage,2025-11-10,67107.33,APPROVED,0,33,48298.6,2025-07-04,PENDING
5992,8336,1403,Health Claim,2025-09-04,125703.41,PENDING,0,63,98916.83,2024-10-10,VERIFIED
5993,22696,8976,Life Claim,2025-08-09,41844.86,PENDING,0,2,36049.79,2024-04-17,VERIFIED
5994,17329,1340,Property Damage,2026-03-16,23488.16,REJECTED,0,46,59771.32,2025-06-18,VERIFIED
5995,21375,489,Property Damage,2026-04-11,39535.58,APPROVED,0,68,26697.67,2023-07-03,PENDING
5996,23075,6935,Health Claim,2025-08-11,45131.81,APPROVED,0,77,88915.78,2024-06-19,VERIFIED
5997,23841,5772,Health Claim,2025-07-17,13965.05,REJECTED,0,68,21508.1,2024-03-27,PENDING
5998,18090,200,Property Damage,2025-08-25,1932.58,REJECTED,0,10,13172.84,2025-09-17,PENDING
5999,8137,5956,Health Claim,2026-03-10,18761.25,APPROVED,0,66,42177.79,2023-09-21,VERIFIED
6000,23598,5655,Property Damage,2025-08-28,20871.56,REJECTED,0,76,38395.64,2026-02-02,VERIFIED
6001,5323,7955,Motor Accident,2026-05-16,42539.02,APPROVED,0,54,25020.32,2023-06-14,VERIFIED
6002,23627,4495,Property Damage,2026-04-12,22054.14,PENDING,0,50,66207.88,2024-06-12,VERIFIED
6003,7028,1364,Property Damage,2025-07-01,130784.53,APPROVED,0,15,94961.8,2026-02-18,VERIFIED
6004,11688,3492,Life Claim,2025-05-31,48046.32,REJECTED,0,98,96624.49,2023-08-20,VERIFIED
6005,10560,1717,Health Claim,2025-10-29,41134.56,REJECTED,0,91,59065.61,2025-05-12,VERIFIED
6006,8046,6699,Health Claim,2026-03-23,21215.67,PENDING,0,52,38778.85,2026-02-09,VERIFIED
6007,4679,9388,Motor Accident,2025-06-01,10350.54,PENDING,0,28,17457.62,2026-01-04,PENDING
6008,8628,1311,Motor Accident,2026-01-21,36851.29,PENDING,0,75,57509.51,2023-11-10,VERIFIED
6009,6125,7725,Life Claim,2025-09-24,66779.55,REJECTED,0,73,56822.6,2024-11-06,VERIFIED
6010,8192,393,Life Claim,2025-07-26,33745.5,REJECTED,0,74,66695.46,2024-04-15,VERIFIED
6011,11681,6204,Property Damage,2025-12-25,2463.57,PENDING,0,54,6533.74,2023-12-08,PENDING
6012,12975,7692,Health Claim,2025-09-01,10202.09,APPROVED,0,29,92335.52,2025-12-01,PENDING
6013,10182,4695,Life Claim,2025-08-27,35234.4,REJECTED,0,52,50451.0,2025-01-31,VERIFIED
6014,60,4044,Property Damage,2025-06-05,61392.42,PENDING,0,24,33903.56,2025-07-31,VERIFIED
6015,7551,4103,Property Damage,2025-06-04,1967.18,REJECTED,0,72,13807.81,2025-08-13,PENDING
6016,1791,8879,Health Claim,2026-05-22,18930.78,APPROVED,0,44,32797.82,2024-02-26,PENDING
6017,9423,3095,Property Damage,2026-04-11,31376.7,PENDING,0,18,56688.87,2024-08-17,PENDING
6018,13033,2778,Motor Accident,2025-12-05,52846.82,REJECTED,0,97,94965.97,2024-01-14,VERIFIED
6019,12492,8682,Health Claim,2025-09-05,17392.11,APPROVED,0,31,43653.46,2024-02-08,VERIFIED
6020,1237,3951,Health Claim,2026-04-26,8152.46,PENDING,0,72,19279.31,2025-06-23,PENDING
6021,2752,9662,Health Claim,2026-01-09,2035.69,PENDING,0,14,7942.29,2025-03-01,PENDING
6022,16207,5047,Life Claim,2026-03-08,98438.63,PENDING,0,4,71669.98,2025-11-30,PENDING
6023,22749,7583,Motor Accident,2025-12-14,5113.39,REJECTED,0,86,36794.85,2023-06-23,VERIFIED
6024,14428,5706,Property Damage,2025-08-27,1612.19,REJECTED,0,63,5630.2,2024-11-03,PENDING
6025,371,1903,Health Claim,2026-03-19,12541.78,PENDING,0,23,99607.31,2025-08-03,VERIFIED
6026,23327,3588,Motor Accident,2026-04-29,4768.19,PENDING,0,59,13615.46,2023-11-03,PENDING
6027,18432,4770,Life Claim,2026-01-10,31743.73,APPROVED,0,43,46366.93,2024-02-09,PENDING
6028,5740,3076,Property Damage,2025-10-03,6445.49,PENDING,0,19,11319.12,2026-04-22,VERIFIED
6029,17214,9407,Health Claim,2025-10-14,104075.69,APPROVED,0,98,63750.81,2025-08-09,VERIFIED
6030,7216,1774,Life Claim,2025-11-23,56326.17,APPROVED,0,28,29339.95,2025-01-06,PENDING
6031,8018,7037,Motor Accident,2026-02-22,53834.78,APPROVED,0,12,96157.52,2024-11-03,PENDING
6032,24915,3148,Property Damage,2026-03-11,23374.38,PENDING,0,7,12447.72,2025-08-03,VERIFIED
6033,14102,386,Life Claim,2025-11-21,6985.99,APPROVED,0,82,30744.94,2024-05-13,PENDING
6034,21876,7310,Property Damage,2026-03-14,14342.39,PENDING,0,42,21616.45,2024-02-26,VERIFIED
6035,4003,8719,Motor Accident,2025-07-15,9824.18,APPROVED,0,21,30325.05,2025-08-14,PENDING
6036,15026,9819,Property Damage,2025-11-14,19798.86,APPROVED,0,19,15391.67,2023-05-26,PENDING
6037,22359,4949,Motor Accident,2026-02-12,6127.65,PENDING,0,60,10373.48,2024-03-11,VERIFIED
6038,18832,8367,Health Claim,2025-07-16,24600.51,PENDING,0,59,82181.6,2024-03-24,VERIFIED
6039,18920,3066,Life Claim,2026-01-31,13678.8,REJECTED,0,33,84566.48,2025-06-05,VERIFIED
6040,6166,6536,Health Claim,2026-05-16,8542.73,REJECTED,0,88,16517.33,2024-02-11,PENDING
6041,22917,1083,Motor Accident,2025-11-12,5459.24,PENDING,0,34,32305.99,2025-03-20,VERIFIED
6042,4449,9299,Health Claim,2026-04-27,99804.71,PENDING,0,59,51536.0,2023-12-03,VERIFIED
6043,12354,3484,Health Claim,2025-12-03,29001.98,REJECTED,0,45,99105.06,2026-02-14,VERIFIED
6044,5627,9533,Property Damage,2026-01-04,12072.61,APPROVED,0,11,41178.67,2024-09-05,PENDING
6045,2085,3491,Life Claim,2025-07-08,51167.3,REJECTED,0,66,81503.28,2024-04-20,PENDING
6046,16364,659,Health Claim,2026-05-22,4242.0,REJECTED,0,50,41634.68,2024-08-02,PENDING
6047,5790,5875,Property Damage,2026-05-10,20607.05,APPROVED,0,86,19920.19,2024-04-29,PENDING
6048,5085,6985,Property Damage,2025-07-30,3857.71,PENDING,0,81,16044.99,2024-11-03,VERIFIED
6049,3907,5270,Property Damage,2026-01-26,61394.37,PENDING,0,52,88501.68,2026-04-10,VERIFIED
6050,16226,5483,Motor Accident,2026-05-01,32345.65,PENDING,0,25,60870.33,2025-07-28,PENDING
6051,4423,7477,Property Damage,2025-07-02,34834.03,PENDING,0,48,63985.93,2025-06-22,VERIFIED
6052,12020,6106,Health Claim,2025-11-28,70524.35,PENDING,0,26,69348.26,2025-12-13,PENDING
6053,17563,3165,Property Damage,2025-12-23,87630.33,APPROVED,0,96,60461.87,2025-07-08,VERIFIED
6054,7722,2788,Motor Accident,2025-09-06,90223.21,PENDING,0,34,85554.35,2025-07-16,VERIFIED
6055,4217,6476,Health Claim,2025-09-16,5648.36,APPROVED,0,57,37972.8,2024-10-08,PENDING
6056,6810,4861,Motor Accident,2026-04-05,15488.3,APPROVED,0,21,74149.58,2023-11-12,VERIFIED
6057,22140,2605,Health Claim,2025-07-25,51591.2,REJECTED,0,84,35624.92,2025-09-15,VERIFIED
6058,10083,4760,Motor Accident,2025-12-12,43549.67,REJECTED,0,1,32926.53,2023-10-20,VERIFIED
6059,17192,6763,Life Claim,2026-03-24,15446.3,APPROVED,0,48,60021.1,2026-03-30,VERIFIED
6060,19692,5469,Motor Accident,2025-06-06,46804.03,PENDING,0,58,81145.16,2024-03-02,VERIFIED
6061,18230,6023,Property Damage,2026-04-28,5526.08,REJECTED,0,27,11415.93,2024-03-07,VERIFIED
6062,9542,685,Property Damage,2025-11-24,6801.73,PENDING,0,72,56049.66,2024-11-11,VERIFIED
6063,24421,6574,Health Claim,2025-11-29,16760.57,PENDING,0,33,47761.64,2026-04-11,PENDING
6064,24911,9487,Health Claim,2025-11-21,36722.33,PENDING,0,90,75615.05,2024-06-09,PENDING
6065,7801,9425,Property Damage,2025-10-04,18424.96,PENDING,0,58,16543.03,2025-11-30,VERIFIED
6066,8142,9771,Life Claim,2025-07-07,30907.55,APPROVED,0,60,76202.61,2025-06-01,VERIFIED
6067,10921,1904,Life Claim,2025-08-11,2974.64,APPROVED,0,1,9521.09,2024-10-29,VERIFIED
6068,2769,2546,Life Claim,2025-09-14,86256.54,PENDING,0,24,66638.58,2025-01-06,VERIFIED
6069,7420,4651,Health Claim,2026-01-30,35804.6,REJECTED,0,60,74021.63,2025-07-26,PENDING
6070,3414,2061,Health Claim,2026-01-31,18645.12,PENDING,0,63,85024.99,2023-06-28,PENDING
6071,853,6762,Health Claim,2025-10-16,14701.28,PENDING,0,95,49143.44,2024-04-30,VERIFIED
6072,10278,2306,Motor Accident,2025-06-18,11128.56,REJECTED,0,85,35179.24,2025-04-16,VERIFIED
6073,19914,9108,Health Claim,2025-06-22,11431.96,REJECTED,0,25,84041.4,2023-06-11,VERIFIED
6074,13340,6457,Health Claim,2025-09-16,41058.16,PENDING,0,60,32452.19,2026-01-03,PENDING
6075,11423,684,Life Claim,2026-02-21,3727.11,REJECTED,0,86,17901.65,2023-12-03,VERIFIED
6076,22349,2262,Motor Accident,2025-07-31,30647.71,PENDING,0,56,62328.91,2024-08-07,PENDING
6077,19678,1995,Life Claim,2026-03-17,6338.19,APPROVED,0,32,36192.46,2025-06-03,VERIFIED
6078,17132,8180,Health Claim,2026-03-25,27081.32,PENDING,0,4,85853.76,2025-08-31,PENDING
6079,15847,5197,Life Claim,2026-03-07,3021.99,PENDING,0,92,5229.75,2023-11-17,PENDING
6080,24895,4376,Motor Accident,2026-01-16,31812.24,APPROVED,0,62,22766.82,2024-06-29,PENDING
6081,952,4498,Life Claim,2025-10-29,31096.27,REJECTED,0,65,91705.61,2023-06-15,VERIFIED
6082,6930,6783,Life Claim,2025-07-11,46332.2,PENDING,0,24,88386.37,2024-06-30,PENDING
6083,1085,1254,Property Damage,2025-06-04,139419.37,REJECTED,0,96,80153.54,2025-12-27,PENDING
6084,17534,9032,Motor Accident,2026-01-22,15226.71,APPROVED,0,19,57756.56,2023-08-23,VERIFIED
6085,19896,5520,Life Claim,2026-01-31,42143.09,REJECTED,0,84,86729.6,2023-07-12,PENDING
6086,21926,1473,Motor Accident,2025-08-26,175435.27,REJECTED,0,84,93358.17,2024-02-27,VERIFIED
6087,17720,7238,Health Claim,2026-03-06,143242.58,REJECTED,0,59,95809.81,2025-08-19,VERIFIED
6088,600,6741,Life Claim,2026-01-08,13243.64,REJECTED,0,47,61488.56,2023-06-01,PENDING
6089,8687,5984,Property Damage,2026-04-08,8567.59,APPROVED,0,45,34016.23,2023-08-22,VERIFIED
6090,20649,7942,Property Damage,2025-11-12,46465.81,REJECTED,0,36,30405.13,2024-07-12,VERIFIED
6091,18195,7590,Property Damage,2025-10-15,8958.86,APPROVED,0,7,14235.26,2025-11-09,PENDING
6092,7972,8140,Motor Accident,2026-05-09,22962.71,PENDING,0,94,37260.39,2024-08-16,PENDING
6093,13302,2276,Motor Accident,2026-03-30,27518.41,PENDING,0,40,72570.13,2026-05-23,PENDING
6094,19616,8093,Life Claim,2025-10-26,22524.52,REJECTED,0,65,65213.22,2026-05-20,PENDING
6095,2528,4057,Motor Accident,2025-11-13,18452.85,APPROVED,0,57,85260.67,2025-07-18,VERIFIED
6096,21235,9843,Property Damage,2026-04-28,58497.15,APPROVED,0,75,32527.31,2024-05-10,VERIFIED
6097,15287,8055,Health Claim,2026-01-30,32590.34,REJECTED,0,67,57413.6,2023-10-16,PENDING
6098,7238,6095,Motor Accident,2026-05-01,4087.53,REJECTED,0,46,18897.39,2023-12-16,VERIFIED
6099,4683,1884,Motor Accident,2026-02-17,20028.75,PENDING,0,39,35639.51,2025-01-03,PENDING
6100,16927,7290,Property Damage,2025-06-10,40124.18,PENDING,0,97,90470.18,2023-05-26,PENDING
6101,5991,3719,Health Claim,2025-11-27,48220.41,REJECTED,0,32,75092.81,2024-09-18,VERIFIED
6102,13895,8276,Property Damage,2025-10-11,98994.32,APPROVED,0,31,93040.46,2025-10-25,VERIFIED
6103,23488,9691,Health Claim,2026-05-05,127122.88,APPROVED,0,87,81897.07,2023-11-08,PENDING
6104,12087,3516,Life Claim,2025-08-19,8889.83,REJECTED,0,91,82207.73,2024-04-18,VERIFIED
6105,858,4842,Motor Accident,2025-10-01,22982.11,PENDING,0,53,50343.46,2024-07-05,PENDING
6106,7133,8326,Motor Accident,2026-02-17,21319.07,REJECTED,0,5,35388.66,2024-01-29,PENDING
6107,24673,3779,Life Claim,2026-04-28,15162.92,PENDING,0,89,52058.37,2025-02-16,PENDING
6108,7425,959,Motor Accident,2025-07-27,38625.67,APPROVED,0,5,84233.27,2026-02-04,PENDING
6109,5417,4307,Health Claim,2025-09-06,11183.55,APPROVED,0,91,97549.84,2025-07-27,PENDING
6110,20852,9062,Life Claim,2025-08-22,3065.9,REJECTED,0,14,22377.24,2026-02-22,VERIFIED
6111,16744,7872,Health Claim,2025-09-14,49984.7,APPROVED,0,44,40914.2,2024-08-16,VERIFIED
6112,4147,2856,Health Claim,2025-06-15,9234.56,PENDING,0,25,13841.45,2026-01-17,VERIFIED
6113,15366,1824,Health Claim,2025-10-17,59864.32,PENDING,0,23,37103.62,2025-11-23,VERIFIED
6114,18408,8121,Motor Accident,2026-01-16,12355.02,REJECTED,0,60,28589.94,2025-09-28,VERIFIED
6115,4896,571,Life Claim,2025-08-12,10118.96,PENDING,0,57,54305.55,2025-07-07,VERIFIED
6116,1981,7563,Property Damage,2026-01-09,29202.63,REJECTED,0,42,58141.49,2023-09-25,VERIFIED
6117,18003,4213,Property Damage,2025-06-05,29339.83,APPROVED,0,35,94657.9,2024-09-08,VERIFIED
6118,5561,3430,Property Damage,2025-12-16,15847.36,APPROVED,0,34,81652.66,2024-01-08,PENDING
6119,2125,1562,Health Claim,2025-11-20,20316.53,REJECTED,0,48,40465.0,2026-04-18,VERIFIED
6120,20015,876,Health Claim,2025-12-02,68586.41,PENDING,0,79,45453.43,2023-07-10,VERIFIED
6121,17377,2475,Property Damage,2026-01-13,98622.99,PENDING,0,48,89862.48,2026-01-29,VERIFIED
6122,20848,6712,Health Claim,2026-04-29,138593.11,PENDING,0,100,86798.44,2026-02-13,PENDING
6123,7953,3969,Property Damage,2025-06-07,11872.66,PENDING,0,60,29839.86,2026-05-02,VERIFIED
6124,8632,9736,Health Claim,2025-08-16,29904.98,REJECTED,0,26,45357.76,2023-06-02,VERIFIED
6125,23216,9528,Property Damage,2025-07-20,37416.8,APPROVED,0,30,54146.01,2023-10-30,VERIFIED
6126,7742,175,Life Claim,2026-04-18,31892.54,APPROVED,0,70,81168.93,2026-01-15,VERIFIED
6127,5207,6402,Life Claim,2025-05-31,28721.17,PENDING,0,36,56262.93,2024-12-22,VERIFIED
6128,2127,6840,Motor Accident,2025-09-25,35827.74,REJECTED,0,38,64279.94,2025-12-14,PENDING
6129,20270,6351,Health Claim,2025-08-11,5264.02,PENDING,0,57,9455.99,2024-06-01,PENDING
6130,3471,9428,Property Damage,2025-07-23,49688.26,REJECTED,0,54,86715.66,2024-10-28,VERIFIED
6131,16951,6864,Property Damage,2025-07-19,4607.23,APPROVED,0,24,11779.79,2024-07-20,PENDING
6132,4530,6401,Property Damage,2026-03-11,20190.42,PENDING,0,59,34257.93,2023-08-14,VERIFIED
6133,513,9567,Property Damage,2025-10-22,20698.5,REJECTED,0,71,56829.43,2025-05-12,PENDING
6134,17460,2094,Life Claim,2026-02-19,5617.14,PENDING,0,48,11482.0,2024-03-23,VERIFIED
6135,6509,7528,Health Claim,2025-07-11,94790.56,REJECTED,0,92,75859.2,2026-03-01,PENDING
6136,6954,6845,Life Claim,2025-07-13,30578.06,REJECTED,0,84,86874.82,2024-02-18,PENDING
6137,3515,298,Motor Accident,2025-11-04,3788.2,REJECTED,0,40,12918.4,2025-01-30,PENDING
6138,22154,2553,Life Claim,2026-02-07,27843.72,PENDING,0,6,76410.1,2024-03-08,VERIFIED
6139,3133,2879,Life Claim,2026-05-15,10647.21,PENDING,0,69,74311.28,2024-03-17,PENDING
6140,16583,6470,Property Damage,2025-07-20,3697.43,REJECTED,0,21,20587.64,2024-06-22,VERIFIED
6141,22371,6195,Life Claim,2025-12-18,7899.44,REJECTED,0,14,25261.66,2025-10-02,VERIFIED
6142,17241,7745,Life Claim,2025-11-01,85193.68,APPROVED,0,19,67085.19,2023-08-19,PENDING
6143,4760,3,Health Claim,2026-05-15,43039.19,REJECTED,0,24,71862.81,2023-06-10,PENDING
6144,7127,7995,Life Claim,2025-12-12,9698.0,REJECTED,0,75,40367.08,2024-05-29,PENDING
6145,8503,9973,Property Damage,2025-10-28,57309.17,PENDING,0,85,99786.89,2023-11-27,VERIFIED
6146,19865,5023,Motor Accident,2025-11-23,29737.25,REJECTED,0,43,85665.22,2025-07-21,VERIFIED
6147,18470,3370,Motor Accident,2025-06-18,19802.55,PENDING,0,45,99561.79,2025-01-18,VERIFIED
6148,10978,1644,Health Claim,2025-12-21,26074.0,APPROVED,0,66,41349.94,2025-07-09,VERIFIED
6149,2649,1076,Property Damage,2025-06-04,18958.57,REJECTED,0,94,58165.32,2025-10-28,VERIFIED
6150,2490,1028,Property Damage,2026-03-31,34057.36,APPROVED,0,81,77654.34,2024-09-17,VERIFIED
6151,7848,8546,Life Claim,2026-03-22,11234.93,APPROVED,0,4,66255.42,2024-03-04,PENDING
6152,10734,5908,Health Claim,2026-05-04,22422.51,REJECTED,0,29,53957.48,2025-03-19,PENDING
6153,13531,4758,Property Damage,2025-08-21,25348.45,REJECTED,0,78,45788.07,2024-04-06,PENDING
6154,22947,2262,Property Damage,2025-10-26,26790.25,APPROVED,0,4,45076.01,2023-09-06,VERIFIED
6155,3466,2620,Motor Accident,2026-03-12,4399.93,APPROVED,0,62,6873.82,2026-01-13,VERIFIED
6156,3815,4194,Life Claim,2025-06-11,10445.11,PENDING,0,57,64493.43,2025-05-21,PENDING
6157,20784,6259,Motor Accident,2026-02-12,19826.01,REJECTED,0,44,39334.44,2026-03-30,PENDING
6158,10825,364,Life Claim,2025-11-29,19465.04,REJECTED,0,19,98980.27,2024-09-03,VERIFIED
6159,5347,8561,Motor Accident,2025-07-01,12583.84,PENDING,0,86,18293.28,2025-07-08,VERIFIED
6160,8608,9778,Property Damage,2025-09-18,15388.47,REJECTED,0,90,52192.57,2024-07-30,VERIFIED
6161,18754,4999,Property Damage,2026-04-03,2571.66,APPROVED,0,83,5086.16,2024-07-09,VERIFIED
6162,2767,9364,Motor Accident,2026-01-30,15050.26,PENDING,0,59,48137.95,2025-04-17,PENDING
6163,5454,5008,Motor Accident,2025-05-27,13068.44,APPROVED,0,32,20287.8,2024-06-12,VERIFIED
6164,7471,5016,Property Damage,2026-03-22,11071.85,APPROVED,0,46,60598.37,2023-07-05,PENDING
6165,18202,6046,Health Claim,2025-06-08,124111.44,PENDING,0,57,66027.03,2025-02-02,VERIFIED
6166,14714,1918,Property Damage,2026-01-23,15771.08,REJECTED,0,17,25930.55,2023-09-03,VERIFIED
6167,23993,810,Property Damage,2025-08-08,77314.63,REJECTED,0,39,61769.74,2024-10-02,VERIFIED
6168,9873,8840,Motor Accident,2025-11-08,17920.95,PENDING,0,13,63578.83,2026-05-23,VERIFIED
6169,24264,82,Motor Accident,2026-01-12,27430.2,PENDING,0,47,68709.37,2024-12-23,VERIFIED
6170,19696,3389,Property Damage,2025-07-14,33794.42,APPROVED,0,35,54043.24,2026-02-07,PENDING
6171,13796,1673,Health Claim,2025-07-15,30533.94,REJECTED,0,40,22019.53,2026-01-02,VERIFIED
6172,9945,574,Life Claim,2025-06-29,10876.75,PENDING,0,96,17437.87,2024-09-11,PENDING
6173,20869,5279,Property Damage,2026-04-25,6119.12,REJECTED,0,33,18793.67,2025-01-05,VERIFIED
6174,4309,9643,Life Claim,2025-10-06,13561.02,APPROVED,0,35,12259.21,2025-08-06,VERIFIED
6175,13805,8799,Property Damage,2026-02-11,10600.63,APPROVED,0,24,51477.75,2026-05-14,PENDING
6176,19498,2574,Health Claim,2025-08-14,38603.23,APPROVED,0,36,90988.17,2026-05-20,PENDING
6177,19506,5661,Motor Accident,2026-02-16,16961.39,REJECTED,0,40,73579.83,2025-05-15,PENDING
6178,4949,3484,Property Damage,2026-04-12,67397.96,PENDING,0,77,46470.19,2025-12-29,VERIFIED
6179,6182,2271,Motor Accident,2025-09-21,66516.34,REJECTED,0,31,58497.29,2024-07-19,PENDING
6180,11978,3318,Health Claim,2025-09-27,49577.34,APPROVED,0,36,71301.8,2024-03-31,PENDING
6181,20384,4137,Life Claim,2025-08-04,7626.2,REJECTED,0,85,11081.01,2025-11-18,PENDING
6182,13226,3604,Property Damage,2025-11-01,27886.34,PENDING,0,36,72010.92,2024-07-07,VERIFIED
6183,19890,5785,Life Claim,2026-03-01,14835.12,PENDING,0,40,30907.82,2024-02-22,VERIFIED
6184,24180,5591,Life Claim,2025-05-29,9049.88,APPROVED,0,46,77195.1,2023-07-17,PENDING
6185,5187,9495,Life Claim,2025-10-10,13871.86,PENDING,0,8,26753.93,2025-03-07,VERIFIED
6186,16027,6560,Health Claim,2026-02-27,15672.15,APPROVED,0,30,12208.85,2025-08-26,VERIFIED
6187,5237,9531,Life Claim,2025-07-16,3578.67,APPROVED,0,18,12712.81,2025-12-05,VERIFIED
6188,12069,8384,Life Claim,2026-02-18,11012.23,APPROVED,0,27,32400.11,2025-03-15,VERIFIED
6189,12863,4662,Health Claim,2026-05-22,19931.89,PENDING,0,11,67900.13,2024-06-19,VERIFIED
6190,2629,1677,Property Damage,2025-07-18,24533.43,PENDING,0,69,74193.68,2025-07-23,VERIFIED
6191,3507,5299,Life Claim,2026-01-24,12708.71,REJECTED,0,9,42668.02,2024-07-19,VERIFIED
6192,14392,6544,Health Claim,2025-07-14,1538.77,APPROVED,0,8,7548.77,2024-02-15,PENDING
6193,15021,7355,Life Claim,2025-09-06,48460.13,REJECTED,0,24,26960.51,2024-06-11,PENDING
6194,4350,2001,Motor Accident,2025-08-26,12647.45,REJECTED,0,69,41979.43,2023-10-28,VERIFIED
6195,20778,5874,Health Claim,2026-04-29,14829.36,PENDING,0,67,25897.28,2026-03-31,PENDING
6196,14450,5661,Motor Accident,2026-03-16,147410.68,REJECTED,0,29,87828.36,2024-04-06,VERIFIED
6197,4936,8479,Motor Accident,2025-07-18,57203.91,PENDING,0,53,51068.48,2023-11-21,PENDING
6198,23926,8554,Health Claim,2026-04-12,2453.05,PENDING,0,17,5001.17,2024-07-27,PENDING
6199,21556,8867,Life Claim,2026-03-04,24595.32,APPROVED,0,82,67575.4,2024-10-19,VERIFIED
6200,24832,3641,Life Claim,2025-12-05,5671.57,REJECTED,0,14,11218.25,2026-05-09,PENDING
6201,4180,9407,Health Claim,2026-03-14,48326.14,APPROVED,0,2,83258.81,2026-01-07,VERIFIED
6202,4664,2354,Property Damage,2026-02-16,1503.37,REJECTED,0,74,8326.69,2025-01-02,PENDING
6203,2143,789,Property Damage,2026-02-13,11466.26,PENDING,0,30,56473.12,2024-01-17,PENDING
6204,3155,5697,Life Claim,2025-06-09,15302.36,PENDING,0,77,22511.67,2025-06-18,VERIFIED
6205,1616,8048,Motor Accident,2026-05-11,35106.14,APPROVED,0,68,97627.73,2026-03-10,VERIFIED
6206,2885,5975,Life Claim,2025-06-24,13249.35,PENDING,0,73,79356.66,2025-08-04,VERIFIED
6207,6945,4417,Life Claim,2026-05-09,48569.48,APPROVED,0,92,36827.26,2025-06-22,VERIFIED
6208,24230,9185,Motor Accident,2026-04-05,187181.09,REJECTED,0,77,96531.43,2025-05-29,PENDING
6209,23493,9382,Health Claim,2025-07-15,9852.87,APPROVED,0,36,86651.24,2025-07-25,PENDING
6210,20131,7465,Health Claim,2025-07-13,27620.59,APPROVED,0,22,46885.64,2025-11-20,PENDING
6211,982,7429,Health Claim,2026-01-17,78847.5,REJECTED,0,13,40549.65,2025-06-24,VERIFIED
6212,11630,2653,Health Claim,2025-09-26,13432.81,REJECTED,0,51,30997.8,2024-11-25,PENDING
6213,7948,9909,Property Damage,2025-06-23,118687.05,APPROVED,0,42,68918.13,2024-11-11,VERIFIED
6214,10115,1530,Life Claim,2026-04-12,52995.68,APPROVED,0,33,90887.99,2025-10-20,VERIFIED
6215,23395,444,Motor Accident,2025-10-31,51786.84,APPROVED,0,6,82843.39,2023-08-26,PENDING
6216,15024,1917,Life Claim,2026-01-19,25412.6,REJECTED,0,46,43217.01,2025-12-25,PENDING
6217,17809,3309,Life Claim,2026-05-03,2245.25,PENDING,0,8,10139.35,2024-12-31,VERIFIED
6218,22910,8770,Property Damage,2025-08-17,17138.6,REJECTED,0,43,70527.84,2026-02-18,VERIFIED
6219,22110,5086,Motor Accident,2025-08-18,46605.36,PENDING,0,18,74483.44,2025-11-11,PENDING
6220,21514,7357,Health Claim,2026-01-11,5859.98,REJECTED,0,91,8869.89,2024-10-14,VERIFIED
6221,17680,5931,Motor Accident,2025-12-22,3839.79,APPROVED,0,73,16455.08,2023-11-11,PENDING
6222,8524,6672,Property Damage,2025-08-30,24688.04,PENDING,0,71,85770.25,2024-02-21,PENDING
6223,11999,5172,Life Claim,2025-05-25,9022.93,PENDING,0,42,13021.65,2025-05-01,PENDING
6224,12873,4541,Health Claim,2025-12-22,26249.21,REJECTED,0,9,66072.36,2023-12-03,PENDING
6225,22955,4316,Health Claim,2025-07-19,5568.65,APPROVED,0,5,22185.26,2026-03-04,VERIFIED
6226,11247,4343,Property Damage,2026-03-27,16800.98,REJECTED,0,3,56532.17,2025-12-13,VERIFIED
6227,4698,442,Property Damage,2026-05-07,37607.78,APPROVED,0,45,94443.26,2025-08-01,PENDING
6228,12395,3720,Health Claim,2025-09-16,32864.01,REJECTED,0,6,70998.15,2023-07-26,PENDING
6229,16653,877,Health Claim,2025-07-13,6753.41,REJECTED,0,13,13641.85,2024-06-12,VERIFIED
6230,8169,7470,Health Claim,2025-09-04,114549.04,APPROVED,0,71,64129.18,2025-07-09,VERIFIED
6231,23123,4249,Motor Accident,2026-04-13,28151.69,APPROVED,0,26,17960.61,2023-07-21,VERIFIED
6232,18301,9109,Life Claim,2026-01-23,34895.08,PENDING,0,22,87002.81,2025-03-21,PENDING
6233,11203,6611,Life Claim,2026-03-03,133414.3,APPROVED,0,7,88090.97,2025-02-02,VERIFIED
6234,22005,9715,Health Claim,2025-11-13,20643.94,APPROVED,0,52,47682.36,2024-02-21,PENDING
6235,11767,4400,Health Claim,2026-04-07,1651.91,REJECTED,0,62,6526.75,2025-09-28,VERIFIED
6236,136,5158,Life Claim,2025-12-19,4208.43,PENDING,0,29,38346.17,2024-03-03,VERIFIED
6237,1638,4442,Life Claim,2025-08-09,68907.27,REJECTED,0,77,63431.81,2023-07-26,PENDING
6238,6329,7306,Property Damage,2026-02-01,11844.48,REJECTED,0,12,42477.55,2023-07-17,PENDING
6239,24245,1447,Health Claim,2026-04-23,47210.73,APPROVED,0,53,28713.9,2023-07-22,PENDING
6240,19267,7836,Life Claim,2026-02-15,26222.76,APPROVED,0,77,65949.59,2025-10-23,PENDING
6241,11980,5673,Motor Accident,2025-11-26,91381.05,PENDING,0,66,83957.17,2025-05-23,VERIFIED
6242,17689,9988,Property Damage,2025-06-21,117196.91,REJECTED,0,34,88553.54,2025-03-23,VERIFIED
6243,5948,9862,Health Claim,2025-09-15,2240.07,PENDING,0,25,5391.62,2023-06-14,PENDING
6244,2083,981,Health Claim,2025-07-19,7015.74,APPROVED,0,77,34803.73,2025-04-11,VERIFIED
6245,10854,8987,Health Claim,2025-11-22,11061.07,APPROVED,0,7,25678.71,2024-03-30,PENDING
6246,8114,4737,Health Claim,2025-10-24,13316.03,PENDING,0,27,20100.3,2025-05-22,VERIFIED
6247,10653,726,Life Claim,2025-09-06,11140.23,REJECTED,0,51,27253.65,2025-01-14,PENDING
6248,159,1628,Health Claim,2026-04-19,104631.9,PENDING,0,22,97584.28,2025-02-05,PENDING
6249,3747,4335,Motor Accident,2025-09-28,194233.01,PENDING,0,89,98980.26,2026-03-10,PENDING
6250,2147,6405,Motor Accident,2025-07-07,5384.23,PENDING,0,33,18888.25,2025-12-25,PENDING
6251,5644,3643,Life Claim,2026-04-12,60631.29,REJECTED,0,27,88256.44,2024-11-26,VERIFIED
6252,10760,4561,Health Claim,2025-10-15,7809.87,REJECTED,0,14,54860.46,2024-07-30,VERIFIED
6253,4332,7692,Motor Accident,2026-03-30,28581.8,REJECTED,0,36,50139.01,2024-12-29,VERIFIED
6254,24933,9500,Property Damage,2025-12-16,18332.02,PENDING,0,17,79909.92,2023-11-09,PENDING
6255,4274,3821,Property Damage,2025-09-02,42908.65,APPROVED,0,87,69277.39,2025-11-11,VERIFIED
6256,23773,5327,Motor Accident,2025-12-27,64539.01,REJECTED,0,71,63675.7,2025-10-24,VERIFIED
6257,22634,3546,Property Damage,2026-03-29,21978.08,APPROVED,0,79,11394.45,2024-08-12,PENDING
6258,22560,7082,Health Claim,2025-05-25,4395.79,APPROVED,0,7,42954.44,2024-10-08,PENDING
6259,11617,8520,Life Claim,2025-06-10,30066.61,REJECTED,0,94,91067.02,2024-11-04,PENDING
6260,13736,2182,Property Damage,2025-06-04,137291.82,APPROVED,0,6,78642.91,2023-08-31,VERIFIED
6261,20921,8668,Health Claim,2026-03-16,28056.85,PENDING,0,52,58845.25,2025-08-04,PENDING
6262,16192,597,Health Claim,2025-09-16,8564.9,PENDING,0,47,17061.25,2026-01-19,PENDING
6263,9242,9171,Motor Accident,2026-02-06,10408.31,APPROVED,0,76,67219.79,2024-08-09,VERIFIED
6264,21432,8997,Life Claim,2025-06-16,7820.09,APPROVED,0,98,16459.99,2023-10-18,PENDING
6265,973,9908,Property Damage,2025-06-07,8201.48,APPROVED,0,57,41864.74,2025-05-22,PENDING
6266,2876,7647,Motor Accident,2025-12-16,10578.13,APPROVED,0,49,23338.03,2024-01-11,PENDING
6267,13158,4126,Life Claim,2025-10-13,8959.34,APPROVED,0,72,88904.4,2025-02-15,PENDING
6268,16974,8122,Motor Accident,2026-01-14,15587.59,APPROVED,0,12,89441.88,2026-04-19,VERIFIED
6269,22698,8908,Property Damage,2025-06-28,111457.58,PENDING,0,21,74594.5,2025-04-06,PENDING
6270,659,3608,Health Claim,2025-09-30,12650.6,REJECTED,0,78,67522.21,2024-11-04,PENDING
6271,18824,4139,Property Damage,2026-03-26,3513.57,PENDING,0,50,21714.26,2025-04-08,PENDING
6272,12838,9702,Motor Accident,2026-02-04,44279.51,REJECTED,0,95,72796.36,2023-11-13,VERIFIED
6273,18308,7308,Motor Accident,2025-12-10,7999.65,REJECTED,0,90,28937.39,2024-03-08,PENDING
6274,7223,1044,Health Claim,2025-08-22,26264.12,REJECTED,0,87,45292.64,2025-03-13,VERIFIED
6275,6404,395,Health Claim,2025-05-26,17353.2,REJECTED,0,71,28622.11,2023-07-30,VERIFIED
6276,16201,6914,Health Claim,2025-10-07,41606.04,PENDING,0,5,73284.16,2025-01-18,PENDING
6277,13077,2923,Health Claim,2025-10-02,39039.85,APPROVED,0,94,82406.09,2025-10-27,PENDING
6278,10476,1024,Life Claim,2026-03-30,38777.03,REJECTED,0,63,58861.4,2025-10-30,PENDING
6279,14911,4773,Life Claim,2026-03-01,14350.5,REJECTED,0,37,26206.01,2026-02-12,PENDING
6280,12915,8685,Property Damage,2025-10-24,6710.01,PENDING,0,54,43410.87,2024-01-25,PENDING
6281,1519,8104,Property Damage,2025-06-30,120404.33,PENDING,0,76,75902.62,2025-04-06,PENDING
6282,1500,8350,Motor Accident,2025-08-16,13176.05,PENDING,0,98,24856.14,2025-06-10,PENDING
6283,20022,2509,Health Claim,2025-05-30,12153.22,PENDING,0,68,84369.42,2023-10-08,VERIFIED
6284,16965,2243,Health Claim,2025-11-06,8288.15,PENDING,0,22,19243.75,2024-12-20,PENDING
6285,9071,7346,Property Damage,2026-02-16,31566.64,REJECTED,0,93,65716.57,2024-03-26,VERIFIED
6286,653,2100,Life Claim,2025-07-20,15408.44,REJECTED,0,39,28667.33,2026-01-24,PENDING
6287,445,1939,Life Claim,2025-10-28,28483.63,PENDING,0,9,95429.35,2025-08-14,VERIFIED
6288,14210,6028,Health Claim,2025-07-31,42236.2,PENDING,0,88,93649.11,2023-10-14,PENDING
6289,2630,8316,Health Claim,2025-11-23,46951.86,REJECTED,0,94,29552.13,2026-03-30,PENDING
6290,5119,9681,Life Claim,2026-04-11,39976.45,PENDING,0,82,35794.82,2024-08-15,VERIFIED
6291,24737,3645,Life Claim,2026-02-01,58487.29,PENDING,0,13,93087.23,2025-05-27,VERIFIED
6292,12022,9887,Life Claim,2026-04-02,51677.65,PENDING,0,71,36890.51,2026-04-29,PENDING
6293,9333,6862,Motor Accident,2025-08-05,30463.54,PENDING,0,94,66596.17,2023-11-15,VERIFIED
6294,21175,2592,Property Damage,2026-05-15,6181.16,REJECTED,0,11,44078.3,2025-04-16,VERIFIED
6295,18321,4124,Motor Accident,2025-12-22,20159.54,REJECTED,0,65,44369.8,2024-05-02,PENDING
6296,19584,5176,Life Claim,2025-12-18,16770.39,REJECTED,0,21,26143.03,2025-12-05,VERIFIED
6297,17507,3971,Health Claim,2025-09-25,7358.25,PENDING,0,100,59961.6,2025-07-22,PENDING
6298,21955,8820,Motor Accident,2026-04-11,2157.14,APPROVED,0,100,20971.48,2024-11-27,PENDING
6299,3563,3069,Health Claim,2025-09-18,125013.64,PENDING,0,70,69412.45,2025-06-15,VERIFIED
6300,22624,3167,Health Claim,2025-06-28,20737.53,REJECTED,0,46,15941.16,2023-06-18,VERIFIED
6301,12436,7440,Motor Accident,2026-02-22,2857.95,REJECTED,0,86,5059.52,2026-05-14,PENDING
6302,1617,481,Property Damage,2025-11-27,58033.08,PENDING,0,52,84738.82,2024-02-20,VERIFIED
6303,1207,3163,Property Damage,2025-12-12,4434.34,APPROVED,0,91,11014.39,2024-11-30,VERIFIED
6304,12229,5511,Property Damage,2025-06-05,10835.65,PENDING,0,33,23071.7,2025-01-08,PENDING
6305,19143,4891,Property Damage,2025-07-14,27988.67,APPROVED,0,83,50759.05,2026-03-15,PENDING
6306,11771,1925,Motor Accident,2025-06-11,23962.02,REJECTED,0,86,48257.36,2024-03-05,VERIFIED
6307,19370,7830,Life Claim,2026-05-23,24922.99,APPROVED,0,22,87857.12,2023-07-07,VERIFIED
6308,14484,544,Motor Accident,2025-12-03,120275.42,APPROVED,0,17,96895.04,2025-07-05,PENDING
6309,16660,8097,Motor Accident,2026-01-04,14972.13,PENDING,0,66,73560.87,2025-06-30,PENDING
6310,19224,7629,Life Claim,2026-03-13,63156.12,APPROVED,0,99,56794.95,2025-07-11,PENDING
6311,14335,1452,Health Claim,2026-05-10,18609.39,REJECTED,0,2,15605.76,2024-10-24,VERIFIED
6312,22708,636,Motor Accident,2026-04-25,28196.94,REJECTED,0,54,64680.34,2025-12-12,PENDING
6313,17289,4219,Health Claim,2025-08-25,13707.23,PENDING,0,63,91395.93,2024-06-01,VERIFIED
6314,10847,5618,Property Damage,2026-01-25,922.86,PENDING,0,94,5353.53,2024-04-16,VERIFIED
6315,15250,2202,Motor Accident,2025-09-29,51615.04,APPROVED,0,37,28078.29,2026-01-29,PENDING
6316,7950,1956,Property Damage,2026-02-01,97390.56,PENDING,0,34,72290.78,2023-11-19,PENDING
6317,22557,6366,Property Damage,2026-04-27,172544.7,APPROVED,0,79,90257.88,2025-02-28,VERIFIED
6318,541,487,Property Damage,2025-06-08,13597.04,APPROVED,0,22,23348.04,2025-08-01,VERIFIED
6319,18699,215,Property Damage,2025-07-25,23141.81,APPROVED,0,94,13467.02,2026-01-13,VERIFIED
6320,19964,887,Motor Accident,2026-03-07,3496.84,REJECTED,0,59,5569.02,2025-08-27,VERIFIED
6321,1740,1810,Health Claim,2025-10-03,92781.54,APPROVED,0,51,64784.3,2025-12-14,PENDING
6322,17231,932,Motor Accident,2026-03-25,14202.03,PENDING,0,60,41381.91,2023-06-02,PENDING
6323,1028,560,Life Claim,2025-12-15,31431.55,PENDING,0,8,69358.97,2026-05-13,VERIFIED
6324,5829,4339,Motor Accident,2025-06-30,46920.24,REJECTED,0,63,93038.83,2023-10-18,PENDING
6325,21804,2954,Health Claim,2026-03-25,34038.43,PENDING,0,59,61521.79,2025-07-17,VERIFIED
6326,6064,8797,Life Claim,2026-03-06,29692.1,PENDING,0,23,82753.35,2025-01-30,PENDING
6327,17929,5152,Health Claim,2026-02-25,11213.62,PENDING,0,68,9384.64,2025-01-12,VERIFIED
6328,24641,4750,Property Damage,2025-10-20,6404.36,PENDING,0,38,14934.28,2024-12-28,VERIFIED
6329,23394,69,Health Claim,2025-09-08,11859.22,REJECTED,0,86,19185.31,2025-04-18,PENDING
6330,10454,6682,Health Claim,2026-01-21,6689.93,REJECTED,0,19,11387.94,2024-12-12,PENDING
6331,14737,9570,Life Claim,2026-03-06,166199.3,APPROVED,0,31,90994.74,2023-08-09,VERIFIED
6332,14784,3139,Motor Accident,2026-01-08,2371.83,REJECTED,0,37,19627.15,2024-04-19,VERIFIED
6333,4064,3091,Life Claim,2025-10-03,120434.37,APPROVED,0,49,87689.64,2024-10-07,PENDING
6334,24089,4940,Health Claim,2025-11-10,22900.04,APPROVED,0,21,50023.62,2024-07-10,PENDING
6335,16544,9001,Health Claim,2025-09-24,5129.89,REJECTED,0,32,17017.89,2025-11-17,PENDING
6336,10707,5518,Motor Accident,2026-04-08,39259.88,PENDING,0,50,76699.62,2025-05-19,PENDING
6337,393,2224,Life Claim,2026-03-21,1713.86,PENDING,0,99,9022.88,2025-06-20,VERIFIED
6338,11479,6311,Motor Accident,2025-10-09,15020.99,PENDING,0,83,40583.04,2025-10-17,VERIFIED
6339,2969,6936,Property Damage,2026-04-16,52357.24,PENDING,0,82,79857.38,2026-03-09,VERIFIED
6340,9739,5500,Health Claim,2025-07-18,21861.58,PENDING,0,55,35529.07,2026-02-03,PENDING
6341,20787,1560,Property Damage,2026-02-12,3754.28,APPROVED,0,80,13712.37,2024-06-28,VERIFIED
6342,19928,3825,Life Claim,2026-03-05,32259.63,PENDING,0,83,48752.06,2025-12-17,VERIFIED
6343,5935,2286,Motor Accident,2025-11-02,15919.91,APPROVED,0,17,65879.64,2025-04-06,VERIFIED
6344,9141,1794,Life Claim,2026-03-31,7751.93,REJECTED,0,3,71604.6,2024-02-11,PENDING
6345,6130,7641,Property Damage,2025-11-15,32198.12,APPROVED,0,94,85731.73,2024-04-21,PENDING
6346,10273,5820,Property Damage,2026-02-13,64785.37,PENDING,0,66,56989.77,2026-02-24,PENDING
6347,13334,101,Life Claim,2025-06-28,164909.8,REJECTED,0,51,99186.05,2026-02-23,PENDING
6348,23199,7521,Motor Accident,2025-12-29,15694.56,PENDING,0,44,55673.99,2025-05-12,PENDING
6349,21875,4375,Health Claim,2025-07-15,3602.4,PENDING,0,75,8761.64,2025-12-08,PENDING
6350,17673,9607,Motor Accident,2026-02-12,92355.06,APPROVED,0,5,56826.64,2023-06-26,PENDING
6351,7665,1460,Motor Accident,2025-06-26,58712.08,APPROVED,0,76,96139.01,2023-05-28,VERIFIED
6352,7253,4918,Life Claim,2025-12-27,26865.07,APPROVED,0,97,79574.06,2025-08-16,PENDING
6353,24381,8273,Life Claim,2025-09-14,31232.71,REJECTED,0,31,15622.98,2026-05-14,VERIFIED
6354,9190,4874,Property Damage,2025-09-06,26051.12,REJECTED,0,33,39108.26,2024-04-06,VERIFIED
6355,18880,4562,Property Damage,2025-12-11,56634.11,APPROVED,0,64,85950.37,2023-07-01,VERIFIED
6356,24508,9809,Property Damage,2026-01-05,8401.18,APPROVED,0,55,30342.29,2025-11-18,PENDING
6357,5363,2080,Property Damage,2026-02-04,96001.49,APPROVED,0,74,58944.1,2025-02-24,PENDING
6358,24262,436,Motor Accident,2026-05-13,16206.33,APPROVED,0,82,62198.72,2023-10-24,PENDING
6359,24538,1486,Health Claim,2026-05-02,37323.87,PENDING,0,80,61456.33,2026-03-18,PENDING
6360,14225,1342,Property Damage,2025-10-30,38784.97,REJECTED,0,75,64588.62,2025-03-06,PENDING
6361,18391,8074,Motor Accident,2025-11-20,37058.77,REJECTED,0,75,63461.91,2025-10-24,VERIFIED
6362,17320,3006,Health Claim,2025-08-17,15007.94,APPROVED,0,14,90731.81,2026-03-13,VERIFIED
6363,17875,2868,Property Damage,2025-12-06,42440.23,PENDING,0,63,64037.37,2025-08-18,PENDING
6364,15314,3695,Property Damage,2026-05-16,1734.14,APPROVED,0,25,12666.53,2025-01-26,VERIFIED
6365,6823,9179,Health Claim,2025-06-26,67131.85,APPROVED,0,21,51969.35,2025-01-11,PENDING
6366,2719,5151,Property Damage,2025-06-21,11585.13,APPROVED,0,51,21689.78,2024-01-12,VERIFIED
6367,19294,249,Health Claim,2026-04-23,73863.83,APPROVED,0,99,59826.98,2025-04-07,PENDING
6368,4187,51,Motor Accident,2025-10-10,29255.62,REJECTED,0,64,26244.01,2024-08-08,PENDING
6369,8312,4268,Health Claim,2026-01-11,4143.26,PENDING,0,60,9569.7,2026-05-18,VERIFIED
6370,14972,7617,Health Claim,2025-12-24,51520.75,APPROVED,0,61,47641.28,2025-05-05,VERIFIED
6371,1675,2535,Life Claim,2026-01-07,67434.95,APPROVED,0,43,97394.75,2024-06-17,PENDING
6372,10423,3855,Motor Accident,2025-07-20,28915.4,REJECTED,0,7,54765.51,2025-03-05,PENDING
6373,12587,540,Life Claim,2025-07-11,28076.8,APPROVED,0,3,49536.15,2024-12-03,PENDING
6374,10679,4357,Motor Accident,2025-09-30,27013.88,APPROVED,0,43,64428.92,2025-08-01,PENDING
6375,19470,181,Motor Accident,2025-07-09,41270.64,PENDING,0,99,75696.01,2023-12-18,VERIFIED
6376,1788,7521,Motor Accident,2026-05-10,11867.45,REJECTED,0,27,54804.99,2026-05-04,PENDING
6377,12833,3365,Health Claim,2026-01-18,4871.53,PENDING,0,90,20541.13,2026-01-30,PENDING
6378,11128,5421,Health Claim,2026-01-05,33863.57,APPROVED,0,29,93050.76,2023-08-15,VERIFIED
6379,19149,5958,Health Claim,2025-08-04,6057.56,APPROVED,0,71,13946.44,2024-12-26,VERIFIED
6380,8067,2155,Life Claim,2026-02-11,84617.89,PENDING,0,55,75195.95,2025-01-28,VERIFIED
6381,1937,5779,Motor Accident,2026-04-03,57241.27,REJECTED,0,63,97836.6,2026-02-28,PENDING
6382,15761,1096,Life Claim,2025-12-22,85252.04,REJECTED,0,7,83691.21,2026-01-30,VERIFIED
6383,23673,2130,Motor Accident,2025-11-19,37901.32,PENDING,0,19,70403.45,2023-06-02,VERIFIED
6384,14942,5911,Life Claim,2026-03-10,39331.49,REJECTED,0,100,91368.24,2023-10-13,VERIFIED
6385,4550,6177,Health Claim,2026-04-02,36073.3,REJECTED,0,88,61444.76,2025-03-10,VERIFIED
6386,12666,840,Health Claim,2026-02-09,32219.69,REJECTED,0,3,91911.58,2025-05-04,VERIFIED
6387,10863,7977,Life Claim,2025-09-28,21970.93,APPROVED,0,77,19757.95,2026-01-15,PENDING
6388,9089,5476,Health Claim,2026-05-12,106781.49,APPROVED,0,6,63791.09,2026-03-25,VERIFIED
6389,41,4587,Health Claim,2025-11-25,3768.48,PENDING,0,38,7211.05,2023-12-19,VERIFIED
6390,9291,6984,Health Claim,2026-03-18,46131.81,APPROVED,0,13,86979.04,2026-02-09,PENDING
6391,824,6342,Property Damage,2026-05-08,8444.64,REJECTED,0,76,16798.1,2024-12-13,PENDING
6392,18352,142,Health Claim,2025-05-28,4575.25,REJECTED,0,20,22932.08,2025-05-02,PENDING
6393,15161,8172,Motor Accident,2026-03-05,29949.52,APPROVED,0,95,69375.57,2025-02-18,PENDING
6394,6506,7579,Motor Accident,2025-12-27,8392.08,APPROVED,0,5,23546.96,2023-08-30,PENDING
6395,4549,1386,Motor Accident,2025-09-11,9328.93,REJECTED,0,12,91202.43,2025-08-04,VERIFIED
6396,10553,5399,Health Claim,2025-11-20,5691.71,REJECTED,0,6,46449.59,2026-03-30,PENDING
6397,7418,1880,Property Damage,2025-07-13,6465.16,APPROVED,0,86,35814.74,2026-03-06,VERIFIED
6398,18082,2796,Motor Accident,2025-12-19,42575.5,APPROVED,0,65,90264.85,2025-06-11,PENDING
6399,8230,2176,Life Claim,2025-11-03,73054.75,REJECTED,0,15,62370.08,2026-03-19,PENDING
6400,6788,8619,Motor Accident,2025-06-26,13451.06,REJECTED,0,46,67470.46,2025-03-15,PENDING
6401,2796,926,Property Damage,2026-03-24,21318.6,REJECTED,0,42,50997.88,2025-02-28,VERIFIED
6402,18275,7941,Health Claim,2026-02-05,3804.89,REJECTED,0,100,21977.88,2023-08-10,PENDING
6403,12369,6573,Motor Accident,2025-10-09,47242.34,APPROVED,0,57,80193.07,2025-12-24,VERIFIED
6404,886,2728,Property Damage,2025-12-09,17509.76,APPROVED,0,8,61641.35,2025-08-25,PENDING
6405,2266,6059,Health Claim,2025-12-17,98109.6,PENDING,0,94,59786.87,2025-12-23,PENDING
6406,11102,7972,Life Claim,2025-06-03,31895.91,REJECTED,0,9,94546.49,2024-02-14,VERIFIED
6407,23511,7211,Life Claim,2025-09-11,17587.95,PENDING,0,2,45185.9,2025-10-23,PENDING
6408,18209,1163,Health Claim,2025-07-03,49664.04,APPROVED,0,19,86185.92,2023-08-08,VERIFIED
6409,6058,211,Motor Accident,2026-01-27,16846.86,PENDING,0,27,43110.91,2025-07-21,VERIFIED
6410,4978,2203,Health Claim,2026-04-28,21240.07,PENDING,0,33,96915.78,2023-09-26,PENDING
6411,4676,2874,Health Claim,2025-11-12,176802.0,PENDING,0,41,95053.49,2024-08-07,VERIFIED
6412,24443,1799,Property Damage,2026-01-28,39329.4,REJECTED,0,41,68399.37,2026-01-21,PENDING
6413,7477,407,Property Damage,2026-04-06,1300.96,APPROVED,0,46,6574.53,2025-04-05,PENDING
6414,11002,3924,Property Damage,2025-07-03,6712.38,PENDING,0,82,39113.3,2023-08-18,PENDING
6415,3584,8175,Life Claim,2025-07-09,42979.61,REJECTED,0,57,64984.29,2025-12-29,VERIFIED
6416,2181,2306,Motor Accident,2025-09-16,173622.3,PENDING,0,67,96974.63,2024-10-10,PENDING
6417,17721,5426,Property Damage,2025-07-31,7012.65,PENDING,0,88,37571.47,2025-02-22,VERIFIED
6418,13149,1392,Property Damage,2026-05-05,4668.17,REJECTED,0,25,29892.77,2025-03-09,VERIFIED
6419,9734,607,Life Claim,2025-11-28,3048.87,APPROVED,0,98,8036.92,2025-08-21,VERIFIED
6420,17663,7991,Motor Accident,2026-04-17,19307.15,REJECTED,0,75,30195.37,2026-03-13,VERIFIED
6421,8621,2189,Life Claim,2026-01-30,39491.81,REJECTED,0,82,98787.95,2024-04-30,VERIFIED
6422,1826,8633,Life Claim,2025-05-31,10100.2,PENDING,0,67,44640.37,2024-05-28,PENDING
6423,9253,1414,Motor Accident,2026-04-02,57659.83,PENDING,0,52,43145.66,2024-12-01,VERIFIED
6424,4281,4360,Life Claim,2025-12-02,6486.64,APPROVED,0,53,45388.26,2024-05-18,PENDING
6425,22467,5244,Life Claim,2025-11-29,52502.81,APPROVED,0,8,95893.85,2024-09-05,PENDING
6426,7331,8107,Life Claim,2026-03-30,20985.41,REJECTED,0,73,61944.34,2023-10-05,VERIFIED
6427,3686,751,Motor Accident,2026-05-15,19741.95,PENDING,0,17,30686.41,2026-02-19,VERIFIED
6428,10714,223,Health Claim,2026-02-28,3492.8,REJECTED,0,18,21720.19,2025-07-28,VERIFIED
6429,6083,4816,Health Claim,2025-08-13,78238.38,PENDING,0,93,72458.65,2023-06-09,VERIFIED
6430,22415,5623,Motor Accident,2026-04-09,8797.78,REJECTED,0,84,64045.37,2025-02-04,PENDING
6431,5142,584,Property Damage,2025-12-05,6229.1,APPROVED,0,18,37833.67,2025-08-31,VERIFIED
6432,24964,6048,Life Claim,2026-02-21,6801.55,APPROVED,0,95,15172.48,2025-07-17,VERIFIED
6433,22014,9777,Motor Accident,2025-08-07,38095.76,PENDING,0,32,75620.16,2025-02-18,VERIFIED
6434,1032,8430,Property Damage,2025-11-30,57245.12,APPROVED,0,16,95573.68,2024-07-29,VERIFIED
6435,9393,4724,Property Damage,2026-01-21,6649.82,REJECTED,0,55,16880.01,2024-09-07,PENDING
6436,18988,7106,Life Claim,2026-03-31,10141.5,REJECTED,0,84,33758.39,2025-08-03,VERIFIED
6437,17641,5686,Motor Accident,2025-12-29,11015.04,PENDING,0,18,17846.15,2025-06-02,PENDING
6438,7663,8303,Health Claim,2025-08-17,81660.61,APPROVED,0,49,47672.96,2026-02-21,VERIFIED
6439,13697,6289,Motor Accident,2025-07-12,2601.72,PENDING,0,81,6475.41,2026-01-30,VERIFIED
6440,20303,1256,Motor Accident,2026-01-25,6517.29,REJECTED,0,46,43559.44,2026-04-14,PENDING
6441,22682,1937,Motor Accident,2025-09-05,10993.45,APPROVED,0,2,91293.42,2025-06-29,VERIFIED
6442,16011,3280,Motor Accident,2025-07-23,10503.58,APPROVED,0,50,97728.86,2026-05-22,PENDING
6443,3758,7070,Life Claim,2025-07-20,30808.85,PENDING,0,14,62500.33,2024-07-29,VERIFIED
6444,11980,7457,Life Claim,2026-03-20,96391.4,REJECTED,0,57,82056.49,2024-11-23,VERIFIED
6445,6051,1397,Life Claim,2025-12-20,10112.38,REJECTED,0,78,62049.55,2025-06-01,PENDING
6446,11732,7104,Life Claim,2026-04-03,9748.26,PENDING,0,85,33042.11,2025-09-08,PENDING
6447,9309,64,Health Claim,2026-03-18,35850.95,REJECTED,0,94,68280.5,2024-05-26,PENDING
6448,18922,5863,Motor Accident,2025-12-22,37220.81,PENDING,0,60,57130.28,2023-10-10,VERIFIED
6449,23740,9125,Motor Accident,2025-08-30,92798.02,PENDING,0,13,50901.39,2024-04-23,VERIFIED
6450,22827,9716,Life Claim,2026-05-01,52636.79,APPROVED,0,7,32838.7,2023-10-28,VERIFIED
6451,13193,8207,Health Claim,2026-03-07,85806.59,PENDING,0,84,43562.69,2024-01-16,PENDING
6452,1425,211,Property Damage,2025-08-22,40314.41,REJECTED,0,13,70724.7,2023-09-23,VERIFIED
6453,10935,2469,Property Damage,2025-07-27,137547.59,REJECTED,0,82,75422.38,2026-03-13,PENDING
6454,15996,7704,Life Claim,2026-05-08,10302.91,PENDING,0,33,28609.62,2025-03-19,PENDING
6455,15837,8643,Motor Accident,2026-05-17,105356.12,REJECTED,0,70,90728.78,2026-03-06,PENDING
6456,18445,5378,Motor Accident,2025-07-06,36041.47,PENDING,0,37,56988.27,2025-12-04,PENDING
6457,9257,2217,Motor Accident,2025-09-05,38355.81,REJECTED,0,17,59183.09,2024-08-19,VERIFIED
6458,19432,8558,Motor Accident,2026-02-12,13237.9,PENDING,0,70,23783.24,2024-03-07,PENDING
6459,12884,8314,Life Claim,2025-08-13,56680.71,REJECTED,0,15,98371.67,2023-08-17,PENDING
6460,6924,1721,Property Damage,2025-09-29,42470.71,PENDING,0,45,97585.77,2025-11-25,VERIFIED
6461,108,7386,Health Claim,2025-10-02,23735.5,PENDING,0,2,42158.06,2024-03-07,VERIFIED
6462,21256,6770,Life Claim,2026-04-07,79569.51,REJECTED,0,23,45599.48,2024-04-01,VERIFIED
6463,6414,5537,Property Damage,2026-05-22,28481.28,PENDING,0,90,69683.96,2024-01-17,VERIFIED
6464,8444,3229,Life Claim,2025-12-03,16907.79,PENDING,0,14,53153.09,2026-01-17,PENDING
6465,8377,1413,Motor Accident,2026-04-25,1185.97,PENDING,0,33,10360.98,2024-07-08,PENDING
6466,17499,4958,Life Claim,2026-03-18,74525.39,REJECTED,0,56,64933.57,2023-07-19,PENDING
6467,22857,9977,Property Damage,2025-10-21,7415.18,PENDING,0,40,35332.99,2024-07-24,PENDING
6468,3459,4743,Motor Accident,2025-08-21,13279.19,APPROVED,0,25,25647.27,2025-08-18,PENDING
6469,1868,4722,Health Claim,2025-11-18,45441.08,REJECTED,0,7,70792.88,2026-01-16,VERIFIED
6470,24459,7407,Life Claim,2025-09-26,10725.42,APPROVED,0,40,20225.08,2025-06-29,VERIFIED
6471,19390,6074,Property Damage,2025-10-21,28312.97,REJECTED,0,47,91722.69,2024-07-27,VERIFIED
6472,10623,4150,Property Damage,2025-12-12,31338.42,PENDING,0,26,21386.79,2026-05-24,PENDING
6473,11416,1206,Property Damage,2025-06-01,23582.64,APPROVED,0,7,57931.84,2024-03-19,PENDING
6474,17057,8436,Life Claim,2025-11-15,5662.09,PENDING,0,88,9903.1,2026-04-04,VERIFIED
6475,13377,2747,Motor Accident,2025-08-14,27045.73,APPROVED,0,29,43404.17,2023-10-31,VERIFIED
6476,22537,2778,Health Claim,2026-05-21,23963.42,PENDING,0,2,85961.55,2025-03-24,PENDING
6477,11380,6343,Property Damage,2025-12-18,12956.79,APPROVED,0,45,69455.48,2025-07-09,PENDING
6478,22246,788,Life Claim,2025-09-23,6826.44,APPROVED,0,72,5492.82,2023-06-14,VERIFIED
6479,22335,3354,Health Claim,2025-07-25,19234.21,PENDING,0,17,79905.91,2026-04-24,VERIFIED
6480,7723,6089,Health Claim,2025-10-14,12109.85,PENDING,0,10,81636.65,2024-08-18,PENDING
6481,16174,7907,Health Claim,2026-04-24,45546.11,APPROVED,0,61,68867.08,2023-11-15,VERIFIED
6482,6965,3885,Property Damage,2025-11-26,37874.79,APPROVED,0,14,91739.34,2024-01-13,VERIFIED
6483,2026,9549,Motor Accident,2025-07-09,88572.64,REJECTED,0,62,67389.91,2026-04-16,PENDING
6484,15983,7851,Property Damage,2025-11-10,7807.29,APPROVED,0,80,16628.47,2025-09-23,PENDING
6485,24999,3126,Motor Accident,2026-05-20,17036.46,PENDING,0,4,54147.0,2023-08-07,VERIFIED
6486,7061,9429,Life Claim,2026-02-06,116789.22,APPROVED,0,54,69357.44,2024-01-03,PENDING
6487,3888,6557,Life Claim,2026-05-14,16129.5,APPROVED,0,25,26382.53,2024-11-08,VERIFIED
6488,7003,3062,Motor Accident,2025-08-09,15972.59,REJECTED,0,26,29158.36,2024-04-08,PENDING
6489,20170,9229,Health Claim,2026-04-17,41617.11,PENDING,0,100,70476.16,2023-10-11,PENDING
6490,14787,7072,Property Damage,2026-05-17,174794.31,REJECTED,0,64,90624.11,2023-09-11,VERIFIED
6491,6142,6970,Health Claim,2026-04-30,2048.48,PENDING,0,38,5572.5,2024-10-06,PENDING
6492,19952,4165,Life Claim,2026-04-21,54722.74,APPROVED,0,5,37573.02,2023-12-09,VERIFIED
6493,14725,4626,Motor Accident,2025-08-15,4138.37,APPROVED,0,78,8642.32,2025-02-23,PENDING
6494,20879,124,Life Claim,2026-05-11,49252.25,APPROVED,0,6,92440.18,2026-05-12,VERIFIED
6495,22934,6919,Health Claim,2025-09-26,11933.88,REJECTED,0,5,27137.3,2024-12-28,PENDING
6496,21366,8400,Motor Accident,2026-02-25,112505.3,APPROVED,0,90,70866.2,2024-11-23,PENDING
6497,16617,7687,Property Damage,2026-01-10,39187.29,PENDING,0,99,71287.27,2024-09-11,VERIFIED
6498,8445,9143,Property Damage,2026-01-29,107615.74,PENDING,0,27,79399.99,2026-01-24,PENDING
6499,18588,8598,Property Damage,2025-08-10,20008.84,PENDING,0,40,79131.28,2023-07-17,PENDING
6500,13968,2966,Property Damage,2026-04-13,34417.95,APPROVED,0,93,57267.66,2026-03-25,PENDING
6501,15927,5861,Motor Accident,2025-08-28,40862.45,PENDING,0,53,25813.43,2025-09-21,PENDING
6502,17218,8967,Motor Accident,2025-12-31,12943.49,APPROVED,0,80,10019.25,2025-06-25,PENDING
6503,12018,475,Health Claim,2025-06-15,69023.68,APPROVED,0,30,35039.48,2024-02-12,PENDING
6504,22280,5819,Life Claim,2025-06-15,91254.84,REJECTED,0,16,55980.23,2024-06-22,PENDING
6505,3959,877,Motor Accident,2025-07-19,3471.8,APPROVED,0,23,5741.18,2025-12-18,PENDING
6506,19862,5922,Life Claim,2025-05-25,18525.03,REJECTED,0,86,42724.74,2026-03-25,VERIFIED
6507,5674,4462,Health Claim,2025-08-09,6445.22,PENDING,0,14,38795.24,2023-07-21,PENDING
6508,3967,6798,Health Claim,2026-05-13,91239.29,REJECTED,0,82,88092.21,2023-12-13,VERIFIED
6509,4638,2648,Motor Accident,2026-03-09,66714.7,PENDING,0,10,98215.52,2025-03-22,PENDING
6510,7649,7649,Health Claim,2026-04-23,12193.12,PENDING,0,54,40942.98,2024-02-28,PENDING
6511,20296,8113,Life Claim,2025-12-13,36502.2,REJECTED,0,87,30939.37,2023-07-07,PENDING
6512,22899,5471,Property Damage,2025-10-23,101634.4,APPROVED,0,79,69720.65,2025-07-11,VERIFIED
6513,18133,3316,Life Claim,2025-12-18,116972.09,REJECTED,0,24,64489.47,2024-07-25,VERIFIED
6514,17516,7731,Motor Accident,2026-01-15,1932.26,PENDING,0,15,13564.13,2025-12-25,PENDING
6515,3138,9065,Life Claim,2025-09-10,145288.22,APPROVED,0,43,85254.83,2024-12-31,VERIFIED
6516,3727,5750,Motor Accident,2025-08-21,39438.94,APPROVED,0,13,82851.41,2023-07-26,VERIFIED
6517,16924,8850,Life Claim,2026-05-08,6909.07,PENDING,0,10,39405.94,2023-09-16,VERIFIED
6518,11748,6542,Health Claim,2026-05-24,111180.05,REJECTED,0,91,70106.07,2025-12-07,PENDING
6519,8235,1299,Motor Accident,2025-08-18,44976.71,REJECTED,0,56,33660.94,2024-10-23,VERIFIED
6520,12698,2550,Life Claim,2025-11-17,17857.58,REJECTED,0,28,14650.15,2025-04-13,PENDING
6521,2950,8789,Health Claim,2025-10-14,34921.75,APPROVED,0,24,60735.38,2024-05-04,PENDING
6522,19264,6550,Motor Accident,2025-12-01,18861.19,PENDING,0,31,28197.37,2025-02-09,VERIFIED
6523,21542,9465,Life Claim,2026-01-06,51231.68,APPROVED,0,22,39788.3,2026-02-10,PENDING
6524,18818,6225,Motor Accident,2026-04-03,119416.08,APPROVED,0,58,60742.76,2024-12-17,PENDING
6525,24307,3109,Life Claim,2025-05-27,62353.02,APPROVED,0,38,45983.88,2025-11-22,PENDING
6526,1666,9032,Motor Accident,2025-10-26,21698.88,APPROVED,0,62,39199.85,2024-06-21,PENDING
6527,1722,5787,Property Damage,2026-02-05,87533.54,APPROVED,0,42,72310.74,2024-01-20,PENDING
6528,19691,1552,Property Damage,2026-04-14,7348.48,PENDING,0,39,16506.64,2025-06-06,PENDING
6529,5133,6073,Health Claim,2025-09-23,3723.74,PENDING,0,9,33022.82,2024-08-07,VERIFIED
6530,24747,1210,Life Claim,2026-03-13,4921.59,PENDING,0,6,38533.61,2025-10-24,VERIFIED
6531,2961,3784,Health Claim,2025-08-03,23202.26,REJECTED,0,69,18374.49,2024-06-12,VERIFIED
6532,13849,175,Motor Accident,2026-02-22,32232.37,APPROVED,0,60,23993.98,2024-05-04,VERIFIED
6533,2534,4933,Health Claim,2025-12-06,13258.39,PENDING,0,62,19636.06,2024-07-01,PENDING
6534,18779,4814,Motor Accident,2026-05-22,43455.29,PENDING,0,9,23549.76,2026-03-23,VERIFIED
6535,4718,5867,Motor Accident,2025-06-12,59216.66,PENDING,0,17,55708.74,2023-09-23,VERIFIED
6536,8276,1479,Property Damage,2025-09-19,107536.91,PENDING,0,40,63143.32,2024-09-17,VERIFIED
6537,19286,1999,Motor Accident,2025-09-16,39841.87,APPROVED,0,23,79031.97,2024-05-21,PENDING
6538,10744,3727,Motor Accident,2025-09-30,7005.96,PENDING,0,67,11194.61,2023-12-22,PENDING
6539,13551,5538,Life Claim,2025-10-19,20040.08,PENDING,0,60,29686.57,2023-08-24,PENDING
6540,21432,6770,Health Claim,2025-05-28,28419.55,APPROVED,0,79,45535.29,2026-05-06,PENDING
6541,543,5205,Motor Accident,2025-11-21,24844.99,REJECTED,0,8,86084.38,2026-02-13,PENDING
6542,18688,7436,Life Claim,2025-06-15,34281.43,APPROVED,0,81,34155.68,2025-06-13,VERIFIED
6543,14652,1240,Health Claim,2026-04-10,3087.24,REJECTED,0,18,8532.98,2023-09-08,PENDING
6544,19963,8492,Motor Accident,2025-10-02,24261.27,APPROVED,0,14,44908.13,2023-12-21,PENDING
6545,7543,7891,Property Damage,2026-01-28,10253.22,APPROVED,0,64,62391.27,2024-07-04,VERIFIED
6546,22725,6720,Motor Accident,2025-06-04,79531.37,PENDING,0,65,49907.72,2024-01-18,PENDING
6547,23580,1304,Health Claim,2025-12-26,15761.98,PENDING,0,4,30299.94,2026-02-03,VERIFIED
6548,16244,953,Motor Accident,2026-02-28,59657.26,APPROVED,0,36,30493.07,2024-04-18,VERIFIED
6549,20164,4655,Health Claim,2026-01-12,51879.18,PENDING,0,96,88266.91,2026-05-22,VERIFIED
6550,5942,3931,Property Damage,2025-12-12,120082.31,PENDING,0,44,99793.81,2023-10-14,VERIFIED
6551,18432,4159,Life Claim,2026-04-17,72313.24,PENDING,0,69,54089.33,2024-08-29,VERIFIED
6552,24378,1584,Health Claim,2026-05-07,36758.24,REJECTED,0,39,85225.29,2025-04-01,VERIFIED
6553,21201,8171,Health Claim,2026-02-20,52030.97,PENDING,0,59,89290.78,2024-10-10,VERIFIED
6554,15802,4278,Property Damage,2026-03-18,7246.79,REJECTED,0,2,14003.26,2025-11-17,VERIFIED
6555,20220,2518,Motor Accident,2026-01-29,40835.47,REJECTED,0,78,83253.64,2025-01-11,VERIFIED
6556,16210,7565,Motor Accident,2026-03-04,6360.35,PENDING,0,11,10522.38,2026-01-03,PENDING
6557,3654,7649,Life Claim,2026-02-12,53009.64,APPROVED,0,63,43865.56,2024-03-18,VERIFIED
6558,16115,2042,Motor Accident,2025-08-11,20252.04,APPROVED,0,5,60780.15,2023-11-22,PENDING
6559,2116,6542,Property Damage,2025-12-18,57009.56,REJECTED,0,25,93216.46,2024-07-06,PENDING
6560,22392,8618,Life Claim,2025-06-01,15854.43,REJECTED,0,43,93760.83,2026-05-14,PENDING
6561,2916,9294,Health Claim,2025-12-22,31958.34,PENDING,0,68,76606.07,2024-04-12,VERIFIED
6562,7302,3683,Life Claim,2025-07-18,55253.43,REJECTED,0,44,48361.33,2024-01-26,VERIFIED
6563,13780,1657,Motor Accident,2025-09-16,35052.46,APPROVED,0,36,88683.4,2023-06-23,VERIFIED
6564,1763,9067,Life Claim,2025-06-10,22183.82,REJECTED,0,4,56635.75,2025-03-07,VERIFIED
6565,19656,751,Life Claim,2025-10-22,8788.43,REJECTED,0,54,21390.64,2025-09-09,PENDING
6566,8532,818,Life Claim,2025-10-23,34503.55,PENDING,0,29,93209.27,2024-05-09,PENDING
6567,20134,5880,Property Damage,2025-08-15,128918.55,REJECTED,0,1,96456.84,2024-07-15,VERIFIED
6568,20759,4863,Property Damage,2026-01-21,31567.6,REJECTED,0,60,74625.9,2024-01-18,VERIFIED
6569,1394,3536,Motor Accident,2025-07-07,8421.65,APPROVED,0,73,59740.4,2025-04-12,PENDING
6570,876,1746,Motor Accident,2026-02-25,11997.26,APPROVED,0,79,35780.94,2023-10-14,VERIFIED
6571,6091,3059,Health Claim,2026-04-16,30580.07,REJECTED,0,96,82720.25,2024-05-09,PENDING
6572,18233,6402,Life Claim,2025-11-29,33754.31,REJECTED,0,13,60853.45,2024-11-16,VERIFIED
6573,4755,701,Property Damage,2026-05-06,22339.99,PENDING,0,31,67577.46,2026-05-04,PENDING
6574,17136,8246,Motor Accident,2026-02-02,16398.9,APPROVED,0,15,52108.11,2025-11-29,VERIFIED
6575,3,4162,Health Claim,2025-11-15,16936.87,PENDING,0,55,42398.1,2026-02-10,PENDING
6576,24006,3052,Health Claim,2025-10-14,93614.72,PENDING,0,92,47036.26,2023-06-29,VERIFIED
6577,7678,9529,Health Claim,2026-05-18,147468.25,APPROVED,0,26,74760.46,2023-07-07,VERIFIED
6578,119,2460,Property Damage,2025-09-28,25680.9,REJECTED,0,14,64372.44,2024-10-25,PENDING
6579,14891,9029,Motor Accident,2025-12-06,7117.71,APPROVED,0,79,62005.65,2025-05-31,PENDING
6580,21206,8463,Property Damage,2025-11-09,28005.03,PENDING,0,68,54202.61,2024-04-05,PENDING
6581,14537,9530,Motor Accident,2025-09-18,99774.31,PENDING,0,58,83689.28,2025-08-10,PENDING
6582,16307,6929,Health Claim,2025-09-02,36494.41,APPROVED,0,46,19728.87,2025-10-26,VERIFIED
6583,16771,7883,Life Claim,2026-05-11,17939.45,APPROVED,0,86,50129.62,2024-01-27,PENDING
6584,15870,9673,Health Claim,2026-05-19,6652.12,PENDING,0,31,28621.6,2024-09-22,PENDING
6585,2420,5481,Life Claim,2025-09-29,7164.2,REJECTED,0,96,13197.74,2024-05-08,PENDING
6586,11699,2028,Life Claim,2025-07-28,53608.24,REJECTED,0,66,81501.18,2024-09-06,VERIFIED
6587,2936,7941,Property Damage,2025-08-20,16159.34,PENDING,0,37,46428.0,2026-02-15,PENDING
6588,1558,2665,Life Claim,2026-03-26,17773.93,REJECTED,0,79,82592.35,2024-11-29,PENDING
6589,23199,7518,Life Claim,2026-01-26,26483.64,APPROVED,0,55,60173.9,2024-09-24,PENDING
6590,8508,6974,Property Damage,2025-05-30,41165.85,PENDING,0,35,66088.92,2024-10-28,VERIFIED
6591,20404,6968,Property Damage,2025-09-13,115722.31,PENDING,0,30,68365.55,2024-10-02,VERIFIED
6592,19533,2415,Life Claim,2025-07-30,44163.39,APPROVED,0,59,26531.15,2026-04-26,VERIFIED
6593,12968,867,Motor Accident,2025-11-21,15877.83,REJECTED,0,66,22949.62,2023-06-29,VERIFIED
6594,8198,9004,Property Damage,2025-06-01,25552.03,APPROVED,0,26,86089.61,2024-03-26,VERIFIED
6595,18152,1848,Health Claim,2026-03-01,8337.28,PENDING,0,25,32846.31,2023-07-06,VERIFIED
6596,1268,8843,Health Claim,2025-07-02,4829.07,APPROVED,0,96,15552.47,2023-11-23,PENDING
6597,18044,518,Motor Accident,2026-05-08,4273.22,APPROVED,0,74,8694.85,2024-10-08,PENDING
6598,13188,8884,Health Claim,2025-10-17,134516.03,REJECTED,0,93,79939.81,2024-04-13,PENDING
6599,3793,2051,Property Damage,2026-02-13,2110.9,REJECTED,0,65,12065.03,2025-10-30,PENDING
6600,4341,3196,Health Claim,2026-05-12,21723.6,APPROVED,0,58,85580.19,2024-01-09,PENDING
6601,1390,4540,Property Damage,2025-07-26,49980.21,PENDING,0,47,72257.41,2023-10-05,PENDING
6602,21419,9731,Property Damage,2026-01-06,21747.26,REJECTED,0,17,54340.13,2025-11-12,VERIFIED
6603,18946,1946,Motor Accident,2025-09-06,98662.54,PENDING,0,66,59721.32,2025-04-04,VERIFIED
6604,7984,8316,Life Claim,2025-11-10,30367.6,REJECTED,0,50,43755.15,2024-01-17,VERIFIED
6605,8002,296,Motor Accident,2026-04-18,4765.54,REJECTED,0,10,6855.9,2026-04-13,PENDING
6606,22119,3929,Health Claim,2026-03-19,5340.71,PENDING,0,2,15472.59,2023-12-19,VERIFIED
6607,22364,9934,Health Claim,2025-12-29,10071.08,PENDING,0,74,32392.74,2023-12-03,VERIFIED
6608,7965,8026,Motor Accident,2026-01-21,19601.69,PENDING,0,96,58949.67,2025-10-09,VERIFIED
6609,3712,2491,Life Claim,2025-08-08,1472.39,APPROVED,0,61,12004.06,2025-02-28,VERIFIED
6610,10022,2663,Motor Accident,2026-02-04,42544.14,APPROVED,0,32,64563.81,2024-02-03,VERIFIED
6611,22051,284,Health Claim,2025-10-09,7775.64,APPROVED,0,6,23539.33,2023-11-29,PENDING
6612,21652,5284,Health Claim,2025-07-30,13092.39,REJECTED,0,9,25942.95,2026-02-19,VERIFIED
6613,5953,9052,Property Damage,2025-06-18,24321.05,REJECTED,0,74,60063.84,2024-02-04,PENDING
6614,23881,3824,Motor Accident,2026-04-25,16860.06,REJECTED,0,75,8825.68,2024-06-01,PENDING
6615,13679,4545,Motor Accident,2025-09-14,174055.21,APPROVED,0,5,92351.0,2024-12-12,PENDING
6616,320,3571,Property Damage,2025-10-27,18501.85,REJECTED,0,58,77173.95,2024-04-17,PENDING
6617,15193,7211,Life Claim,2025-12-06,20656.94,REJECTED,0,14,34010.43,2025-12-15,PENDING
6618,22012,6539,Motor Accident,2025-09-05,32545.23,APPROVED,0,47,60266.14,2025-02-22,VERIFIED
6619,17467,3583,Health Claim,2026-05-07,44782.73,REJECTED,0,44,23849.93,2025-08-08,VERIFIED
6620,22655,9382,Life Claim,2025-07-30,9968.15,REJECTED,0,60,19330.18,2024-01-29,VERIFIED
6621,8341,868,Health Claim,2026-05-11,33809.6,PENDING,0,8,27125.28,2025-02-13,VERIFIED
6622,24971,8997,Motor Accident,2025-12-18,80200.66,APPROVED,0,79,47557.3,2025-12-26,VERIFIED
6623,9150,6449,Motor Accident,2025-08-30,13337.31,REJECTED,0,70,84817.97,2024-04-01,VERIFIED
6624,2268,4164,Life Claim,2025-12-05,4111.62,REJECTED,0,62,19525.0,2025-01-14,PENDING
6625,18753,6585,Health Claim,2025-10-30,116016.73,PENDING,0,94,81220.29,2024-11-16,PENDING
6626,3319,8921,Property Damage,2026-03-03,58327.35,REJECTED,0,88,89412.84,2025-10-01,VERIFIED
6627,21541,2304,Motor Accident,2026-02-14,40963.37,REJECTED,0,95,35570.81,2024-06-22,PENDING
6628,24991,325,Property Damage,2026-03-03,26221.05,PENDING,0,22,14759.45,2023-08-19,PENDING
6629,7164,4083,Life Claim,2025-09-04,31989.67,APPROVED,0,18,69796.28,2024-08-22,VERIFIED
6630,20420,4834,Motor Accident,2026-03-07,162490.69,APPROVED,0,12,97047.43,2025-11-15,PENDING
6631,16499,3655,Health Claim,2025-12-02,14437.65,APPROVED,0,15,60535.29,2023-05-30,PENDING
6632,18642,5872,Life Claim,2026-05-09,47086.85,REJECTED,0,29,75618.35,2025-12-23,VERIFIED
6633,13443,669,Property Damage,2025-11-05,23805.77,PENDING,0,64,82790.89,2023-05-27,VERIFIED
6634,9172,2821,Property Damage,2026-01-12,17012.45,PENDING,0,65,96004.73,2024-08-05,PENDING
6635,22673,7390,Health Claim,2026-04-21,21862.43,APPROVED,0,57,98012.97,2026-02-11,VERIFIED
6636,23158,3924,Life Claim,2026-05-22,5404.4,REJECTED,0,76,29174.51,2025-09-16,VERIFIED
6637,19782,5078,Life Claim,2025-06-28,9111.48,REJECTED,0,30,18822.75,2025-01-01,VERIFIED
6638,17740,9389,Property Damage,2026-01-26,34033.51,PENDING,0,49,72917.95,2024-08-12,VERIFIED
6639,5512,8713,Life Claim,2026-04-19,20568.77,PENDING,0,39,32543.43,2023-06-14,VERIFIED
6640,18412,9270,Property Damage,2026-01-01,8434.93,PENDING,0,96,23992.75,2024-06-15,PENDING
6641,11175,667,Motor Accident,2025-06-02,32011.66,APPROVED,0,13,31963.52,2023-11-11,VERIFIED
6642,24554,5411,Life Claim,2026-05-03,4615.29,APPROVED,0,18,27568.14,2024-05-24,VERIFIED
6643,21737,1921,Health Claim,2025-11-22,12980.98,APPROVED,0,20,34170.0,2026-04-10,VERIFIED
6644,9706,7785,Property Damage,2026-04-03,40187.83,APPROVED,0,44,70890.26,2025-04-01,PENDING
6645,24521,8407,Health Claim,2025-10-18,19528.92,REJECTED,0,6,89778.66,2024-11-19,PENDING
6646,10343,1722,Life Claim,2025-12-17,11280.93,APPROVED,0,52,5719.15,2026-03-29,VERIFIED
6647,8498,9952,Life Claim,2025-08-25,52434.18,APPROVED,0,37,81665.69,2025-09-01,VERIFIED
6648,17478,9238,Health Claim,2025-07-18,3389.64,REJECTED,0,50,32027.94,2025-01-30,PENDING
6649,17883,4744,Motor Accident,2025-08-24,17849.02,APPROVED,0,19,28375.12,2026-05-17,VERIFIED
6650,15026,8718,Health Claim,2025-12-03,43062.88,REJECTED,0,37,75864.58,2024-01-01,VERIFIED
6651,19742,2702,Motor Accident,2025-11-03,20458.97,PENDING,0,83,51575.89,2025-08-08,VERIFIED
6652,6201,5948,Life Claim,2026-03-29,24468.11,PENDING,0,98,44488.06,2024-07-27,PENDING
6653,15300,3064,Motor Accident,2025-08-31,29836.95,REJECTED,0,78,51079.82,2025-06-06,PENDING
6654,16529,4579,Property Damage,2025-08-25,4852.58,REJECTED,0,90,14850.06,2026-01-08,VERIFIED
6655,23864,9771,Property Damage,2025-10-17,32520.07,PENDING,0,88,94604.17,2024-10-11,PENDING
6656,1117,7872,Motor Accident,2026-03-16,18084.6,PENDING,0,94,10844.45,2023-11-27,VERIFIED
6657,4389,6739,Motor Accident,2026-02-13,10368.92,PENDING,0,94,30025.25,2024-12-24,PENDING
6658,13522,5459,Property Damage,2025-07-04,67406.51,PENDING,0,67,96536.14,2023-12-29,VERIFIED
6659,1078,2196,Motor Accident,2025-11-14,22726.24,REJECTED,0,10,94709.84,2024-02-19,VERIFIED
6660,22066,6553,Motor Accident,2026-02-09,36541.1,REJECTED,0,97,53595.39,2025-06-18,VERIFIED
6661,7078,8486,Life Claim,2025-07-24,16529.02,REJECTED,0,15,50658.64,2025-04-23,VERIFIED
6662,6382,2326,Life Claim,2025-10-18,58421.65,REJECTED,0,54,37014.11,2024-09-02,VERIFIED
6663,903,8767,Life Claim,2026-04-18,112159.84,PENDING,0,73,58558.86,2025-01-06,PENDING
6664,9693,2241,Health Claim,2025-06-29,15481.47,REJECTED,0,46,53090.4,2024-02-08,VERIFIED
6665,7763,9687,Property Damage,2026-04-09,122654.46,REJECTED,0,6,98872.68,2023-07-24,VERIFIED
6666,11071,2260,Motor Accident,2025-10-16,115126.97,APPROVED,0,97,68926.07,2025-04-19,PENDING
6667,18339,8707,Life Claim,2026-04-03,27755.1,PENDING,0,73,53088.68,2024-06-15,PENDING
6668,5852,1212,Life Claim,2025-09-10,22567.46,REJECTED,0,32,11872.9,2024-01-03,PENDING
6669,22614,5426,Property Damage,2026-04-01,31854.75,PENDING,0,47,47703.63,2023-11-18,PENDING
6670,12482,3153,Life Claim,2025-10-16,104986.59,APPROVED,0,67,54439.76,2025-05-25,PENDING
6671,116,734,Motor Accident,2025-07-24,111422.71,APPROVED,0,90,89010.27,2026-03-28,PENDING
6672,4382,4460,Life Claim,2025-07-01,147203.34,APPROVED,0,30,83422.22,2026-01-21,PENDING
6673,5519,8196,Property Damage,2026-03-15,20060.75,REJECTED,0,65,54767.64,2024-12-27,PENDING
6674,1833,4269,Life Claim,2026-01-27,34893.73,REJECTED,0,11,99509.26,2023-11-23,VERIFIED
6675,20241,551,Life Claim,2025-06-14,42254.83,REJECTED,0,94,81470.06,2025-10-07,PENDING
6676,40,3527,Health Claim,2026-01-29,21593.58,PENDING,0,43,14482.21,2025-04-27,VERIFIED
6677,18696,5628,Motor Accident,2025-06-26,5337.76,PENDING,0,20,27508.94,2025-07-19,VERIFIED
6678,15717,9317,Health Claim,2026-02-26,11348.03,APPROVED,0,94,64510.03,2025-01-15,PENDING
6679,4941,7959,Motor Accident,2026-04-29,5304.7,APPROVED,0,14,25209.51,2024-07-31,PENDING
6680,11638,1423,Life Claim,2026-05-16,146008.22,PENDING,0,31,78403.03,2024-05-17,PENDING
6681,10928,3459,Health Claim,2026-01-19,32019.68,APPROVED,0,4,50886.21,2024-07-21,VERIFIED
6682,4107,1891,Property Damage,2026-01-13,35556.52,PENDING,0,52,77481.29,2025-11-05,VERIFIED
6683,18313,5954,Motor Accident,2026-05-17,18369.43,PENDING,0,57,28202.59,2023-10-01,VERIFIED
6684,4331,3202,Property Damage,2026-04-06,105518.27,APPROVED,0,49,91925.85,2025-06-10,VERIFIED
6685,19094,9758,Life Claim,2026-05-23,23302.41,PENDING,0,19,63484.48,2025-03-06,PENDING
6686,12899,7077,Life Claim,2025-12-31,3823.31,APPROVED,0,90,14131.95,2024-01-14,VERIFIED
6687,23468,3381,Health Claim,2026-04-04,35912.28,APPROVED,0,86,62329.07,2024-02-07,VERIFIED
6688,2279,2886,Motor Accident,2026-05-17,41934.47,REJECTED,0,35,69341.1,2025-04-10,PENDING
6689,95,4245,Property Damage,2026-05-19,7328.87,APPROVED,0,8,11731.8,2024-06-21,PENDING
6690,19657,2912,Motor Accident,2025-07-12,54368.01,REJECTED,0,18,97980.07,2024-08-10,PENDING
6691,22617,2162,Life Claim,2026-05-08,19257.68,APPROVED,0,26,15480.76,2023-11-14,VERIFIED
6692,17175,1517,Health Claim,2025-05-28,36242.21,APPROVED,0,46,76582.81,2023-07-05,VERIFIED
6693,11911,7011,Property Damage,2025-10-05,10387.1,APPROVED,0,61,31863.27,2026-03-14,VERIFIED
6694,14271,394,Motor Accident,2025-10-30,14833.38,PENDING,0,53,74927.32,2024-08-07,VERIFIED
6695,12723,8828,Life Claim,2026-03-31,3002.77,REJECTED,0,97,7298.91,2025-05-19,PENDING
6696,491,8929,Property Damage,2026-01-21,18673.57,APPROVED,0,8,85490.74,2024-12-06,PENDING
6697,5137,196,Life Claim,2025-11-13,8906.3,APPROVED,0,44,78871.37,2023-12-09,PENDING
6698,23033,2160,Property Damage,2025-11-11,32522.97,REJECTED,0,9,95469.12,2026-02-03,PENDING
6699,23076,3086,Life Claim,2025-12-07,27776.7,PENDING,0,95,53920.22,2024-01-26,VERIFIED
6700,7826,2376,Motor Accident,2026-04-28,42869.05,REJECTED,0,73,73154.89,2024-08-13,PENDING
6701,11729,7753,Health Claim,2025-06-06,2526.67,PENDING,0,45,7311.75,2026-04-09,VERIFIED
6702,1281,2607,Property Damage,2025-07-05,29976.05,PENDING,0,19,66590.74,2025-12-24,PENDING
6703,873,6818,Motor Accident,2025-11-29,17868.88,PENDING,0,66,82646.64,2024-12-23,PENDING
6704,20721,4541,Life Claim,2025-08-15,47994.73,REJECTED,0,7,45132.78,2024-07-31,VERIFIED
6705,6599,9005,Life Claim,2026-01-24,28522.61,REJECTED,0,77,47746.02,2023-12-29,VERIFIED
6706,7672,3115,Motor Accident,2026-02-23,17628.12,PENDING,0,53,74434.82,2025-12-07,PENDING
6707,19744,3667,Health Claim,2025-07-23,18338.19,APPROVED,0,60,55188.29,2026-01-06,VERIFIED
6708,16954,2506,Health Claim,2025-09-28,4230.22,PENDING,0,67,18061.61,2023-06-08,VERIFIED
6709,13877,3862,Property Damage,2025-07-19,15416.5,REJECTED,0,73,29638.77,2026-01-19,VERIFIED
6710,7679,147,Motor Accident,2025-07-24,22475.26,REJECTED,0,13,86990.14,2025-08-12,VERIFIED
6711,9838,8226,Motor Accident,2025-06-29,98423.78,REJECTED,0,88,50436.7,2026-03-18,VERIFIED
6712,13527,2406,Health Claim,2025-08-03,7708.96,REJECTED,0,61,37616.15,2024-06-28,PENDING
6713,11351,4529,Health Claim,2025-06-15,9024.7,APPROVED,0,47,29344.21,2025-11-08,VERIFIED
6714,4504,820,Health Claim,2025-06-11,10087.07,PENDING,0,81,26712.07,2023-10-16,PENDING
6715,17930,2035,Life Claim,2026-03-20,91821.76,APPROVED,0,76,70853.54,2024-08-26,PENDING
6716,15571,5983,Motor Accident,2025-08-12,11537.68,APPROVED,0,70,86981.76,2024-11-04,VERIFIED
6717,16785,5045,Life Claim,2026-04-15,14789.86,APPROVED,0,33,24026.13,2025-06-29,PENDING
6718,19136,6429,Life Claim,2025-06-28,27244.03,APPROVED,0,36,93458.94,2025-06-08,PENDING
6719,22434,5647,Motor Accident,2025-12-20,11978.61,PENDING,0,34,78273.62,2024-05-11,VERIFIED
6720,24590,4742,Property Damage,2025-06-30,29135.59,APPROVED,0,64,64767.59,2024-10-26,VERIFIED
6721,10963,5603,Life Claim,2025-08-20,127066.37,APPROVED,0,66,90581.85,2024-04-28,VERIFIED
6722,16882,4255,Motor Accident,2026-04-08,51927.57,REJECTED,0,58,99586.66,2025-02-16,VERIFIED
6723,16663,4761,Health Claim,2026-05-14,12417.96,REJECTED,0,53,61113.22,2025-06-11,PENDING
6724,8204,7033,Life Claim,2026-03-01,101887.4,REJECTED,0,86,80594.65,2026-02-15,PENDING
6725,1832,3421,Property Damage,2026-02-08,13205.17,REJECTED,0,95,47860.16,2024-12-15,VERIFIED
6726,22249,4322,Property Damage,2026-01-12,155311.76,PENDING,0,83,85340.86,2024-11-18,PENDING
6727,22731,9662,Property Damage,2025-08-11,8877.55,APPROVED,0,49,45068.1,2023-12-07,PENDING
6728,19671,8587,Motor Accident,2026-03-25,93787.68,APPROVED,0,65,85722.83,2026-02-24,VERIFIED
6729,17054,5640,Life Claim,2025-06-16,42340.57,APPROVED,0,86,96750.3,2024-07-16,PENDING
6730,6988,3942,Property Damage,2026-02-12,26324.42,APPROVED,0,39,84418.05,2024-12-04,PENDING
6731,12972,9933,Motor Accident,2026-04-08,23419.78,APPROVED,0,11,40782.44,2024-03-24,VERIFIED
6732,1275,8300,Motor Accident,2025-07-25,44176.76,REJECTED,0,36,91603.62,2024-05-07,VERIFIED
6733,8462,4755,Property Damage,2025-12-17,3391.12,APPROVED,0,63,9644.2,2025-06-19,PENDING
6734,17777,636,Life Claim,2026-01-31,43229.36,REJECTED,0,99,90252.0,2023-11-26,PENDING
6735,8173,2925,Health Claim,2026-04-13,9302.03,REJECTED,0,30,27122.87,2024-05-26,PENDING
6736,9144,8558,Motor Accident,2025-11-11,20785.02,APPROVED,0,72,62704.2,2023-07-08,PENDING
6737,22435,4119,Life Claim,2026-02-12,68992.86,APPROVED,0,76,45230.12,2025-09-25,PENDING
6738,5169,2189,Life Claim,2025-10-30,13569.04,REJECTED,0,24,57850.43,2024-12-12,PENDING
6739,11963,1080,Property Damage,2026-03-22,6084.01,REJECTED,0,18,22605.51,2023-10-02,PENDING
6740,13459,9446,Life Claim,2025-12-07,29478.8,PENDING,0,93,72787.5,2024-04-29,PENDING
6741,7367,8552,Motor Accident,2026-03-18,105356.33,PENDING,0,31,73645.16,2024-08-14,VERIFIED
6742,9943,5883,Property Damage,2025-10-30,20876.13,APPROVED,0,69,95161.01,2023-06-09,PENDING
6743,8346,5844,Property Damage,2025-12-18,3171.45,APPROVED,0,79,31095.42,2024-10-21,PENDING
6744,9307,2415,Health Claim,2025-08-08,116807.88,PENDING,0,57,67635.17,2025-08-22,PENDING
6745,3293,1467,Life Claim,2025-10-13,8665.83,REJECTED,0,43,20713.76,2025-10-04,VERIFIED
6746,17075,4479,Life Claim,2025-08-27,5388.2,REJECTED,0,75,45429.72,2023-11-21,VERIFIED
6747,2364,2160,Motor Accident,2025-07-26,12175.57,REJECTED,0,100,30260.53,2024-11-10,PENDING
6748,19303,8902,Health Claim,2025-09-10,125924.12,PENDING,0,64,87974.72,2025-08-20,PENDING
6749,13347,8848,Property Damage,2026-03-01,19570.26,PENDING,0,61,36278.65,2025-06-21,VERIFIED
6750,649,6833,Life Claim,2025-10-26,5750.55,PENDING,0,71,46412.86,2024-08-09,PENDING
6751,3229,5979,Life Claim,2026-01-07,69735.14,PENDING,0,50,42926.04,2024-11-22,PENDING
6752,4662,9998,Life Claim,2025-10-03,26419.16,PENDING,0,45,20108.24,2023-12-06,PENDING
6753,24198,7991,Life Claim,2025-09-12,11645.14,APPROVED,0,50,17898.58,2024-02-23,PENDING
6754,4529,5381,Life Claim,2025-11-20,3340.81,PENDING,0,38,16404.33,2025-07-13,PENDING
6755,9996,6545,Health Claim,2026-05-19,88130.39,REJECTED,0,75,63708.86,2023-10-23,VERIFIED
6756,9787,7644,Property Damage,2025-06-05,4698.03,APPROVED,0,52,21422.27,2024-07-24,PENDING
6757,9594,684,Motor Accident,2026-01-11,15825.55,APPROVED,0,94,94903.72,2025-03-01,PENDING
6758,20329,803,Motor Accident,2025-06-16,13445.72,APPROVED,0,99,28488.69,2024-10-10,VERIFIED
6759,7293,3496,Life Claim,2025-12-08,10825.64,REJECTED,0,48,35257.14,2025-06-16,PENDING
6760,16576,1050,Health Claim,2026-02-24,11497.99,REJECTED,0,55,19352.74,2023-08-03,VERIFIED
6761,18134,2519,Health Claim,2026-02-04,15192.63,REJECTED,0,45,10646.21,2024-01-17,VERIFIED
6762,8948,6349,Health Claim,2026-05-03,115622.92,APPROVED,0,91,85582.28,2024-01-17,VERIFIED
6763,7651,3955,Property Damage,2025-10-09,7302.53,APPROVED,0,66,31720.0,2023-06-12,PENDING
6764,318,5393,Health Claim,2026-01-14,13399.53,REJECTED,0,93,65972.87,2026-01-27,PENDING
6765,16776,9364,Motor Accident,2025-09-13,57203.45,PENDING,0,83,42849.56,2023-06-13,VERIFIED
6766,12733,9825,Health Claim,2026-04-07,15859.05,REJECTED,0,39,55036.2,2025-01-12,VERIFIED
6767,13775,8182,Health Claim,2025-11-02,11836.93,PENDING,0,100,99052.14,2023-07-25,VERIFIED
6768,1932,6113,Motor Accident,2026-04-10,111741.11,APPROVED,0,11,58049.01,2023-09-09,PENDING
6769,9964,9090,Life Claim,2026-01-20,27897.91,REJECTED,0,58,84097.31,2026-02-01,PENDING
6770,19863,3792,Life Claim,2025-10-04,5902.35,REJECTED,0,36,29485.0,2025-02-05,VERIFIED
6771,5504,5270,Motor Accident,2025-07-10,20501.38,APPROVED,0,75,91041.57,2025-06-01,PENDING
6772,22522,6139,Health Claim,2025-09-27,36210.94,APPROVED,0,34,21682.37,2025-01-27,PENDING
6773,18977,9072,Life Claim,2025-08-14,71432.05,APPROVED,0,92,43132.28,2024-08-22,PENDING
6774,16225,1778,Life Claim,2026-02-14,151529.86,REJECTED,0,74,88916.01,2023-06-09,PENDING
6775,17549,3891,Health Claim,2026-05-07,10891.88,PENDING,0,94,17425.37,2023-07-05,PENDING
6776,7049,1434,Health Claim,2025-08-28,150599.46,PENDING,0,19,91012.57,2025-12-12,VERIFIED
6777,9632,285,Life Claim,2026-02-04,117728.72,REJECTED,0,8,96371.16,2026-03-02,VERIFIED
6778,2140,9139,Health Claim,2026-02-06,3289.27,PENDING,0,24,6546.22,2024-06-20,PENDING
6779,24050,1075,Motor Accident,2025-06-07,53844.61,APPROVED,0,12,81750.45,2024-05-02,VERIFIED
6780,10648,1302,Property Damage,2025-08-22,28912.47,REJECTED,0,90,23100.85,2024-03-08,PENDING
6781,20709,4385,Motor Accident,2025-07-07,170663.57,REJECTED,0,37,94016.15,2024-02-03,VERIFIED
6782,7801,134,Life Claim,2025-11-23,55696.79,APPROVED,0,33,36050.88,2025-02-25,VERIFIED
6783,24089,4946,Life Claim,2025-11-02,31417.65,PENDING,0,75,56934.61,2025-03-01,PENDING
6784,23163,10000,Life Claim,2026-02-21,22473.73,APPROVED,0,65,85525.21,2026-01-18,VERIFIED
6785,4766,581,Health Claim,2026-01-02,101392.67,APPROVED,0,44,67607.48,2023-07-20,VERIFIED
6786,23492,9510,Life Claim,2026-03-13,14531.62,REJECTED,0,70,20784.9,2023-11-07,PENDING
6787,20044,8209,Motor Accident,2025-10-25,38867.66,PENDING,0,91,71404.44,2025-10-30,PENDING
6788,10814,1850,Property Damage,2025-12-26,29055.42,APPROVED,0,19,90483.1,2024-09-05,VERIFIED
6789,24349,1501,Life Claim,2026-01-14,40299.03,REJECTED,0,84,58922.59,2025-07-16,PENDING
6790,14968,1082,Life Claim,2025-07-18,20269.54,REJECTED,0,29,67284.39,2025-04-26,VERIFIED
6791,519,1629,Motor Accident,2025-09-08,19166.57,APPROVED,0,54,57201.74,2026-05-13,PENDING
6792,23620,1509,Life Claim,2026-01-09,5853.36,REJECTED,0,61,43592.42,2024-05-03,PENDING
6793,5273,7372,Life Claim,2026-02-24,5895.77,REJECTED,0,65,12608.55,2024-08-08,VERIFIED
6794,1998,6755,Life Claim,2025-06-29,191918.97,PENDING,0,46,99555.05,2025-09-16,PENDING
6795,7261,6438,Health Claim,2025-11-12,33443.26,REJECTED,0,37,49756.19,2025-11-14,PENDING
6796,13817,9411,Health Claim,2025-10-07,26537.51,APPROVED,0,36,22360.65,2025-10-29,PENDING
6797,20698,3803,Health Claim,2025-08-06,7822.67,REJECTED,0,81,60272.86,2024-06-08,VERIFIED
6798,21821,6948,Property Damage,2026-05-20,10021.46,REJECTED,0,21,46621.3,2025-04-20,VERIFIED
6799,18066,137,Life Claim,2025-12-15,6478.84,REJECTED,0,14,12813.44,2025-06-16,PENDING
6800,12222,8391,Motor Accident,2025-07-02,130463.59,PENDING,0,58,75478.88,2025-11-23,VERIFIED
6801,22050,5057,Life Claim,2025-07-18,51333.73,REJECTED,0,87,78727.0,2023-11-20,VERIFIED
6802,7492,7780,Motor Accident,2026-04-14,65861.29,PENDING,0,91,46642.0,2025-06-06,VERIFIED
6803,15347,9758,Property Damage,2026-02-12,44307.13,PENDING,0,49,76385.19,2025-04-21,VERIFIED
6804,11777,8460,Health Claim,2025-06-30,8035.44,APPROVED,0,20,50855.83,2024-06-22,VERIFIED
6805,13364,8636,Life Claim,2025-08-17,8734.27,PENDING,0,83,12736.93,2023-06-28,PENDING
6806,13878,7230,Property Damage,2025-12-26,104268.36,PENDING,0,46,92579.07,2025-08-15,VERIFIED
6807,11354,5466,Life Claim,2025-11-19,48654.77,PENDING,0,73,33878.35,2023-08-08,VERIFIED
6808,11159,5009,Motor Accident,2026-04-22,50123.47,APPROVED,0,16,80057.11,2024-08-07,PENDING
6809,12742,3558,Life Claim,2026-02-24,104523.02,APPROVED,0,3,63350.71,2023-07-27,VERIFIED
6810,5400,1436,Health Claim,2026-02-13,27162.47,PENDING,0,24,91625.8,2025-02-21,VERIFIED
6811,20660,7134,Motor Accident,2026-05-07,31484.37,REJECTED,0,74,50232.47,2023-11-06,VERIFIED
6812,9394,7379,Motor Accident,2026-04-16,45147.75,APPROVED,0,7,64800.55,2026-04-03,VERIFIED
6813,9941,9127,Life Claim,2025-07-13,28077.69,REJECTED,0,6,40620.03,2024-11-27,PENDING
6814,14578,6380,Property Damage,2025-07-30,6225.41,PENDING,0,91,19312.05,2024-05-14,VERIFIED
6815,1275,2298,Property Damage,2025-07-27,16678.73,PENDING,0,48,38946.2,2024-11-17,VERIFIED
6816,12648,3659,Health Claim,2026-05-11,88021.12,APPROVED,0,91,56717.89,2025-07-16,PENDING
6817,20372,5611,Life Claim,2025-10-07,91068.84,REJECTED,0,11,45774.18,2023-12-22,PENDING
6818,3870,8021,Property Damage,2025-09-02,4608.29,REJECTED,0,11,14949.34,2023-07-21,PENDING
6819,1117,7233,Life Claim,2025-07-08,16709.74,REJECTED,0,32,59998.06,2025-10-13,PENDING
6820,2329,9325,Life Claim,2026-05-14,31844.08,APPROVED,0,98,66752.95,2025-12-10,PENDING
6821,9786,3534,Health Claim,2026-04-23,11275.69,PENDING,0,58,48906.88,2023-08-11,VERIFIED
6822,2169,4100,Life Claim,2025-12-27,21706.79,REJECTED,0,26,37882.65,2025-06-09,VERIFIED
6823,3241,1030,Life Claim,2025-11-03,76700.56,PENDING,0,31,41672.49,2025-09-19,VERIFIED
6824,17443,3011,Motor Accident,2025-06-12,17168.89,APPROVED,0,4,70261.53,2023-11-11,PENDING
6825,13939,47,Property Damage,2026-01-18,24617.51,REJECTED,0,15,41842.9,2023-09-27,PENDING
6826,22950,7033,Life Claim,2026-04-25,4641.0,PENDING,0,96,21813.0,2026-03-14,PENDING
6827,18567,3473,Property Damage,2025-06-13,21812.74,REJECTED,0,50,75886.34,2024-03-07,VERIFIED
6828,18684,9248,Property Damage,2025-12-16,3104.15,PENDING,0,96,7269.07,2025-08-17,PENDING
6829,8986,7098,Life Claim,2026-05-04,66971.02,REJECTED,0,18,33564.69,2026-01-14,PENDING
6830,5024,6648,Health Claim,2025-07-23,53059.33,REJECTED,0,31,99594.4,2025-05-23,PENDING
6831,4748,61,Life Claim,2025-08-31,33138.17,PENDING,0,52,57458.87,2026-03-25,VERIFIED
6832,4089,8727,Motor Accident,2026-01-01,74075.55,APPROVED,0,28,49670.15,2025-11-29,PENDING
6833,16071,7695,Motor Accident,2025-09-30,106396.95,APPROVED,0,27,59151.57,2024-09-20,VERIFIED
6834,18626,4490,Property Damage,2025-07-08,28634.31,APPROVED,0,88,53887.64,2024-08-01,VERIFIED
6835,13375,2305,Motor Accident,2025-12-09,108581.02,REJECTED,0,87,75273.75,2025-01-30,VERIFIED
6836,7908,5589,Health Claim,2025-09-25,94496.9,REJECTED,0,37,56548.61,2025-03-16,PENDING
6837,9963,6183,Property Damage,2026-05-12,34541.87,REJECTED,0,55,92521.75,2023-06-13,VERIFIED
6838,14185,5237,Life Claim,2025-12-15,25961.08,REJECTED,0,44,76245.52,2024-03-19,VERIFIED
6839,5890,112,Life Claim,2025-08-15,132447.76,APPROVED,0,7,70515.78,2024-09-23,VERIFIED
6840,8114,7731,Health Claim,2025-07-15,78543.09,REJECTED,0,99,69467.5,2024-07-17,VERIFIED
6841,22813,2044,Life Claim,2025-11-19,19467.95,REJECTED,0,13,13463.81,2024-04-08,VERIFIED
6842,20303,8132,Property Damage,2025-08-27,57387.9,PENDING,0,25,33314.7,2023-10-19,PENDING
6843,21516,8165,Health Claim,2026-03-13,42389.77,REJECTED,0,54,60817.0,2026-01-21,PENDING
6844,9922,7550,Property Damage,2025-05-25,51711.57,APPROVED,0,90,97771.96,2024-02-09,PENDING
6845,709,3069,Health Claim,2025-08-18,29231.11,PENDING,0,1,43245.61,2025-04-25,PENDING
6846,21330,6459,Motor Accident,2025-09-16,158864.62,PENDING,0,58,93145.86,2024-06-13,PENDING
6847,9997,7104,Motor Accident,2025-06-18,37931.51,APPROVED,0,15,64530.05,2024-12-21,VERIFIED
6848,9659,2861,Property Damage,2025-11-16,23768.65,REJECTED,0,15,34714.48,2023-08-06,VERIFIED
6849,13361,4813,Life Claim,2026-01-22,8974.73,REJECTED,0,10,14344.54,2024-01-15,VERIFIED
6850,1066,5749,Health Claim,2026-05-18,43709.87,PENDING,0,7,70520.45,2025-05-05,PENDING
6851,19744,65,Property Damage,2026-05-06,16961.06,APPROVED,0,97,46579.35,2025-12-20,VERIFIED
6852,18716,9697,Health Claim,2026-03-09,111380.0,PENDING,0,7,85226.39,2025-04-12,VERIFIED
6853,20317,2224,Health Claim,2025-10-03,10375.63,REJECTED,0,55,15298.97,2026-01-15,PENDING
6854,15559,8463,Property Damage,2026-03-06,34571.61,REJECTED,0,13,83852.75,2023-08-06,PENDING
6855,1530,5130,Health Claim,2025-08-03,22117.85,APPROVED,0,19,31915.2,2024-07-18,PENDING
6856,15912,9543,Motor Accident,2026-03-16,48121.92,REJECTED,0,55,36187.64,2025-05-15,PENDING
6857,21794,8007,Life Claim,2025-10-29,116258.95,APPROVED,0,30,75583.7,2023-07-23,VERIFIED
6858,2773,7875,Health Claim,2025-07-07,21957.52,APPROVED,0,44,15621.75,2023-10-03,VERIFIED
6859,5053,6065,Motor Accident,2026-05-24,39186.87,REJECTED,0,6,97226.48,2023-09-18,VERIFIED
6860,5870,569,Life Claim,2025-09-21,58125.97,REJECTED,0,33,84787.83,2024-05-25,VERIFIED
6861,16072,3142,Property Damage,2025-06-10,45467.14,PENDING,0,35,67459.06,2024-06-30,PENDING
6862,7166,6690,Life Claim,2025-07-13,48630.2,APPROVED,0,56,70995.33,2025-02-20,VERIFIED
6863,8286,5612,Life Claim,2025-10-04,14546.26,PENDING,0,59,46056.6,2023-08-02,PENDING
6864,7957,2900,Motor Accident,2025-06-11,56808.26,REJECTED,0,38,92975.33,2025-01-15,VERIFIED
6865,9023,6731,Health Claim,2025-07-15,15232.17,REJECTED,0,22,23633.72,2025-02-05,PENDING
6866,9262,8793,Health Claim,2026-05-09,2498.52,APPROVED,0,75,6676.34,2023-10-10,PENDING
6867,9717,6320,Health Claim,2026-01-11,5906.11,PENDING,0,27,13088.48,2024-06-08,VERIFIED
6868,165,835,Property Damage,2025-07-18,53349.31,PENDING,0,99,50598.19,2026-05-18,VERIFIED
6869,16831,2814,Health Claim,2026-01-02,33841.89,APPROVED,0,66,19625.64,2025-04-02,VERIFIED
6870,8943,5242,Life Claim,2025-10-18,133864.38,PENDING,0,57,67200.47,2025-09-12,VERIFIED
6871,12763,2025,Life Claim,2025-10-20,21606.55,REJECTED,0,87,89354.54,2024-12-30,PENDING
6872,9526,5737,Life Claim,2026-02-04,21103.91,PENDING,0,22,30539.4,2026-02-26,VERIFIED
6873,19736,5159,Property Damage,2025-12-27,5551.68,PENDING,0,71,20674.15,2024-01-25,PENDING
6874,24845,7871,Life Claim,2025-12-20,11362.8,REJECTED,0,28,22365.95,2024-08-18,PENDING
6875,11060,3175,Property Damage,2025-12-14,100489.64,PENDING,0,35,69890.2,2024-07-06,PENDING
6876,11701,5029,Property Damage,2026-01-29,25584.82,REJECTED,0,80,59034.32,2025-04-07,PENDING
6877,9872,1854,Motor Accident,2025-06-07,47206.1,REJECTED,0,62,47095.4,2024-11-26,VERIFIED
6878,14093,935,Property Damage,2025-10-27,24992.46,PENDING,0,81,42409.75,2026-05-01,VERIFIED
6879,20841,6295,Life Claim,2026-02-19,16395.49,REJECTED,0,96,41902.78,2025-03-01,VERIFIED
6880,8815,761,Property Damage,2026-03-23,33273.95,REJECTED,0,79,74084.08,2024-07-17,VERIFIED
6881,4464,8620,Life Claim,2025-10-05,28276.1,APPROVED,0,79,68174.95,2024-02-25,VERIFIED
6882,7909,932,Health Claim,2026-05-21,66261.53,PENDING,0,10,98274.47,2026-04-29,VERIFIED
6883,22545,7165,Property Damage,2025-11-28,4086.6,APPROVED,0,41,39208.77,2024-08-23,PENDING
6884,12463,7901,Property Damage,2025-11-22,6371.39,REJECTED,0,80,35982.21,2025-09-22,PENDING
6885,13254,8385,Motor Accident,2025-11-28,54135.2,APPROVED,0,53,96421.76,2025-01-23,PENDING
6886,22774,3967,Motor Accident,2025-08-30,6296.89,APPROVED,0,13,21577.91,2023-11-19,PENDING
6887,15075,2755,Motor Accident,2026-03-27,18097.59,PENDING,0,5,16825.56,2026-05-08,PENDING
6888,7477,3493,Health Claim,2026-03-17,6694.34,APPROVED,0,8,21090.58,2025-01-08,VERIFIED
6889,1287,4710,Property Damage,2026-01-01,19144.77,REJECTED,0,42,43525.49,2024-08-10,PENDING
6890,3926,6466,Motor Accident,2025-05-25,59861.23,REJECTED,0,36,38374.04,2025-07-17,PENDING
6891,19172,3118,Health Claim,2026-03-13,165013.94,REJECTED,0,70,96080.37,2023-06-13,VERIFIED
6892,20698,8629,Motor Accident,2025-06-03,13826.28,REJECTED,0,36,20452.9,2023-07-10,PENDING
6893,11487,4105,Property Damage,2025-11-18,64178.39,REJECTED,0,22,91813.4,2023-09-07,PENDING
6894,24104,9294,Life Claim,2026-04-24,35556.5,PENDING,0,97,22786.1,2025-08-09,VERIFIED
6895,7135,4391,Motor Accident,2025-10-29,31180.0,APPROVED,0,47,95159.4,2024-05-19,PENDING
6896,20496,3646,Life Claim,2026-02-02,32327.47,REJECTED,0,93,93315.44,2024-11-07,VERIFIED
6897,9244,21,Property Damage,2026-01-30,22559.49,APPROVED,0,99,50394.72,2024-05-19,VERIFIED
6898,15602,1266,Health Claim,2025-07-14,7138.71,APPROVED,0,36,58989.96,2024-04-10,VERIFIED
6899,1683,4923,Motor Accident,2026-01-31,6758.55,APPROVED,0,45,50110.28,2023-08-28,PENDING
6900,24264,2870,Life Claim,2026-01-03,72085.66,APPROVED,0,76,66538.53,2024-11-09,PENDING
6901,24945,3167,Property Damage,2025-08-15,38469.15,PENDING,0,98,64932.62,2025-06-23,PENDING
6902,10575,6056,Motor Accident,2025-08-30,1055.89,REJECTED,0,91,8402.6,2024-04-29,VERIFIED
6903,10699,4276,Property Damage,2025-05-31,48272.64,PENDING,0,94,81734.03,2024-11-18,VERIFIED
6904,7218,1956,Health Claim,2026-02-24,21343.21,REJECTED,0,34,71667.96,2025-05-28,PENDING
6905,14192,6227,Life Claim,2025-09-05,43831.45,REJECTED,0,100,94466.8,2026-03-05,PENDING
6906,2809,349,Property Damage,2026-01-24,4556.95,APPROVED,0,19,9462.03,2024-06-14,PENDING
6907,2155,6513,Property Damage,2025-07-06,42745.71,APPROVED,0,79,30401.69,2025-11-15,PENDING
6908,6441,2763,Motor Accident,2025-07-22,47793.54,APPROVED,0,96,98744.2,2023-11-28,VERIFIED
6909,15681,2507,Health Claim,2025-12-03,23769.65,PENDING,0,28,91248.47,2023-10-10,PENDING
6910,16410,3817,Property Damage,2025-12-15,18587.73,PENDING,0,29,50643.51,2024-11-09,PENDING
6911,2362,3539,Motor Accident,2025-06-01,52061.91,REJECTED,0,100,29887.11,2024-02-05,PENDING
6912,5440,1038,Life Claim,2025-11-24,13294.86,APPROVED,0,54,94734.81,2024-04-15,PENDING
6913,13493,2434,Property Damage,2026-05-15,6978.46,APPROVED,0,42,24720.34,2026-03-17,PENDING
6914,20307,2722,Motor Accident,2026-01-21,159374.69,APPROVED,0,64,89560.21,2023-11-28,PENDING
6915,1465,1580,Property Damage,2026-04-09,12837.87,REJECTED,0,55,55979.27,2025-01-22,PENDING
6916,15697,7097,Motor Accident,2025-08-27,27212.81,PENDING,0,93,39623.45,2024-12-19,PENDING
6917,3207,9909,Motor Accident,2026-05-11,5774.14,REJECTED,0,4,17742.73,2025-05-11,PENDING
6918,14668,6149,Health Claim,2025-06-27,23672.52,APPROVED,0,14,69301.47,2026-01-19,PENDING
6919,2676,6598,Life Claim,2025-06-10,18082.43,REJECTED,0,74,56591.34,2025-02-22,VERIFIED
6920,19051,3932,Life Claim,2025-05-27,4791.19,REJECTED,0,53,25188.22,2025-05-19,VERIFIED
6921,23012,5489,Life Claim,2026-05-05,10676.33,REJECTED,0,40,68929.52,2025-09-08,VERIFIED
6922,3960,9332,Life Claim,2026-03-07,27636.54,REJECTED,0,5,66024.99,2023-08-25,VERIFIED
6923,20623,9040,Life Claim,2025-07-12,3646.0,REJECTED,0,49,19675.71,2024-02-20,VERIFIED
6924,13090,2155,Life Claim,2026-02-13,26981.47,PENDING,0,58,47956.95,2024-10-20,VERIFIED
6925,20428,2760,Property Damage,2025-11-30,19398.81,APPROVED,0,16,11300.85,2026-04-03,PENDING
6926,17480,3709,Health Claim,2025-06-28,53522.13,PENDING,0,29,87726.91,2023-08-09,VERIFIED
6927,29,6390,Property Damage,2026-02-17,10456.56,APPROVED,0,61,99404.18,2023-06-01,VERIFIED
6928,7501,9578,Property Damage,2026-03-14,31417.84,PENDING,0,14,57770.93,2024-02-26,VERIFIED
6929,20676,9408,Life Claim,2025-08-21,9536.73,PENDING,0,41,62526.41,2024-02-10,PENDING
6930,20096,1384,Health Claim,2026-01-31,5158.47,PENDING,0,15,41557.35,2025-03-28,PENDING
6931,11801,7071,Motor Accident,2025-06-02,67654.82,APPROVED,0,56,35321.38,2026-01-23,VERIFIED
6932,20725,6280,Property Damage,2025-07-22,118348.88,REJECTED,0,2,60891.58,2023-06-07,VERIFIED
6933,22246,2801,Motor Accident,2025-08-11,41403.48,REJECTED,0,58,60832.32,2025-03-05,PENDING
6934,18769,1468,Health Claim,2026-04-14,29784.16,APPROVED,0,33,49646.75,2025-12-24,PENDING
6935,7953,7033,Health Claim,2025-11-23,5184.04,APPROVED,0,55,20867.82,2025-05-03,PENDING
6936,13748,7513,Property Damage,2026-03-28,81401.8,REJECTED,0,15,52610.36,2026-02-14,PENDING
6937,10183,4999,Property Damage,2026-04-10,37628.12,APPROVED,0,94,81975.17,2025-04-02,VERIFIED
6938,11797,5003,Property Damage,2026-05-05,1679.78,APPROVED,0,16,12332.03,2026-05-23,PENDING
6939,23063,6944,Life Claim,2025-08-04,7913.17,PENDING,0,79,32192.23,2026-05-15,VERIFIED
6940,8577,3938,Life Claim,2025-12-25,19158.62,PENDING,0,85,10239.48,2025-06-04,PENDING
6941,23364,1361,Property Damage,2026-01-03,5145.56,APPROVED,0,68,8597.7,2026-05-12,VERIFIED
6942,8872,8593,Life Claim,2026-02-19,19506.44,PENDING,0,2,34132.18,2024-07-24,PENDING
6943,9711,8178,Life Claim,2025-11-01,20516.33,REJECTED,0,41,39405.14,2026-03-22,PENDING
6944,6233,3670,Property Damage,2025-07-20,8028.46,APPROVED,0,58,11901.03,2023-07-06,PENDING
6945,13977,8821,Health Claim,2025-05-30,123458.81,PENDING,0,86,66572.71,2025-10-11,PENDING
6946,24750,5599,Life Claim,2025-09-08,42987.77,APPROVED,0,77,91432.42,2023-06-20,PENDING
6947,3937,7230,Motor Accident,2025-07-18,5361.95,PENDING,0,72,10225.14,2025-02-22,VERIFIED
6948,18156,7391,Motor Accident,2025-10-28,48553.99,PENDING,0,6,37624.8,2023-08-19,VERIFIED
6949,12056,8373,Life Claim,2025-10-15,33111.77,APPROVED,0,91,59274.91,2025-05-11,VERIFIED
6950,1806,4188,Health Claim,2026-01-24,25199.79,REJECTED,0,82,44735.09,2024-09-21,VERIFIED
6951,12027,8498,Health Claim,2025-12-24,67048.78,APPROVED,0,10,45881.96,2025-04-03,PENDING
6952,20213,2601,Property Damage,2025-06-06,15741.95,PENDING,0,45,82211.83,2023-11-24,VERIFIED
6953,18362,6267,Life Claim,2026-05-22,5729.43,REJECTED,0,68,8389.59,2025-06-07,VERIFIED
6954,4661,9757,Property Damage,2025-08-06,19363.65,APPROVED,0,59,19107.63,2024-08-12,VERIFIED
6955,16268,9698,Property Damage,2026-03-18,86267.27,REJECTED,0,56,50664.44,2025-05-25,VERIFIED
6956,15186,2,Health Claim,2025-07-03,64589.72,REJECTED,0,63,36859.85,2024-09-01,VERIFIED
6957,16992,1910,Health Claim,2025-10-27,1600.46,APPROVED,0,17,13851.62,2024-07-19,PENDING
6958,11891,4634,Life Claim,2026-04-22,19190.57,PENDING,0,9,33671.6,2025-10-06,PENDING
6959,7454,3434,Property Damage,2025-12-11,22148.46,PENDING,0,20,12689.29,2024-10-28,PENDING
6960,1817,6394,Life Claim,2025-12-29,24758.83,APPROVED,0,90,51841.59,2025-07-08,PENDING
6961,9727,9374,Life Claim,2026-02-23,3897.34,REJECTED,0,90,9724.25,2024-07-29,VERIFIED
6962,10354,1175,Motor Accident,2025-10-28,29382.47,APPROVED,0,40,69353.09,2026-03-21,PENDING
6963,20253,7963,Life Claim,2025-09-13,22169.86,PENDING,0,65,45838.75,2025-05-21,PENDING
6964,13985,6396,Motor Accident,2025-12-29,2852.38,REJECTED,0,48,12024.34,2024-09-27,VERIFIED
6965,16106,9714,Property Damage,2026-02-21,32487.34,PENDING,0,70,51641.41,2025-07-15,PENDING
6966,22303,8411,Health Claim,2025-10-02,13986.4,PENDING,0,26,49497.42,2024-05-22,VERIFIED
6967,8722,1329,Motor Accident,2026-01-24,28532.48,REJECTED,0,42,63244.51,2024-10-10,VERIFIED
6968,4643,4599,Property Damage,2025-10-04,28027.01,APPROVED,0,4,84579.15,2025-07-19,PENDING
6969,3683,750,Property Damage,2025-12-30,4774.33,REJECTED,0,30,41516.99,2025-09-22,VERIFIED
6970,21887,9054,Life Claim,2025-06-10,132980.91,PENDING,0,88,83481.39,2026-02-17,VERIFIED
6971,6357,7737,Health Claim,2026-04-16,36005.75,REJECTED,0,57,76290.25,2024-08-10,VERIFIED
6972,13212,5620,Life Claim,2025-11-30,6898.11,REJECTED,0,6,11157.85,2025-03-04,PENDING
6973,19105,4720,Motor Accident,2025-11-01,5952.48,APPROVED,0,37,30238.26,2025-12-08,VERIFIED
6974,609,1145,Health Claim,2025-07-09,12422.0,PENDING,0,53,84120.64,2025-11-02,PENDING
6975,19012,2362,Motor Accident,2026-02-14,3969.91,PENDING,0,36,6250.43,2024-08-17,VERIFIED
6976,7458,2330,Health Claim,2026-04-25,27088.91,PENDING,0,78,47225.55,2025-12-29,VERIFIED
6977,23981,5840,Property Damage,2025-09-17,7069.6,PENDING,0,2,13856.7,2024-06-09,PENDING
6978,18265,6558,Health Claim,2025-08-07,5637.96,APPROVED,0,39,16836.92,2024-07-04,PENDING
6979,19811,7274,Property Damage,2026-04-09,31764.09,PENDING,0,67,77565.73,2023-06-20,PENDING
6980,5325,6817,Property Damage,2025-06-30,19512.71,REJECTED,0,55,51109.32,2025-03-07,PENDING
6981,3620,7734,Life Claim,2025-12-24,21000.31,REJECTED,0,76,52368.46,2024-06-03,PENDING
6982,18611,3567,Life Claim,2026-01-01,25447.13,PENDING,0,95,39922.73,2025-01-05,VERIFIED
6983,10103,2933,Motor Accident,2026-04-27,37129.89,REJECTED,0,17,99767.89,2023-09-21,PENDING
6984,20572,8145,Property Damage,2025-10-06,14232.55,APPROVED,0,91,51088.67,2025-10-26,VERIFIED
6985,17179,7184,Motor Accident,2025-09-08,36041.54,REJECTED,0,1,97425.07,2025-06-14,PENDING
6986,3731,6621,Health Claim,2026-03-22,21544.02,APPROVED,0,31,74235.03,2025-11-14,VERIFIED
6987,21746,9820,Health Claim,2025-08-13,9290.8,APPROVED,0,77,56473.49,2025-11-16,VERIFIED
6988,801,5529,Motor Accident,2025-11-18,18643.35,PENDING,0,35,12969.77,2024-08-13,PENDING
6989,14241,5046,Motor Accident,2026-02-24,88820.25,APPROVED,0,100,71022.43,2024-12-20,PENDING
6990,11299,589,Health Claim,2025-06-08,11323.38,REJECTED,0,27,10513.34,2025-11-07,VERIFIED
6991,52,960,Motor Accident,2026-02-17,7139.16,APPROVED,0,94,26626.62,2025-07-28,VERIFIED
6992,21505,7834,Life Claim,2026-01-28,21983.15,APPROVED,0,97,47799.14,2024-03-05,PENDING
6993,9027,4589,Property Damage,2025-08-26,26072.39,PENDING,0,7,39936.94,2025-06-24,PENDING
6994,15816,9019,Health Claim,2026-05-07,2705.42,REJECTED,0,38,11175.59,2025-02-26,VERIFIED
6995,15760,7867,Life Claim,2025-10-05,21341.54,PENDING,0,38,77189.81,2024-10-25,VERIFIED
6996,17001,1764,Property Damage,2025-07-01,32555.01,PENDING,0,76,16921.45,2023-12-22,PENDING
6997,24520,631,Life Claim,2026-05-20,3050.13,REJECTED,0,10,30128.3,2025-11-29,VERIFIED
6998,249,5529,Motor Accident,2025-06-29,8274.93,APPROVED,0,90,19249.85,2025-03-20,PENDING
6999,22721,4504,Motor Accident,2025-06-06,30261.45,REJECTED,0,95,46167.29,2025-06-15,PENDING
7000,6055,8465,Property Damage,2026-01-07,3169.4,PENDING,0,85,21820.37,2023-11-24,PENDING
7001,11405,1972,Motor Accident,2026-04-21,5302.57,APPROVED,0,60,32235.61,2023-08-29,PENDING
7002,10397,503,Motor Accident,2025-07-18,125985.49,APPROVED,0,26,83135.25,2024-01-22,PENDING
7003,23463,4948,Motor Accident,2025-07-09,45486.2,PENDING,0,20,43362.28,2023-12-20,VERIFIED
7004,19266,6537,Property Damage,2025-12-20,59941.35,APPROVED,0,87,34641.67,2025-10-17,VERIFIED
7005,7743,6017,Health Claim,2025-07-28,50034.93,PENDING,0,60,74489.84,2026-04-08,VERIFIED
7006,7611,8265,Life Claim,2026-02-13,47488.96,APPROVED,0,10,80039.53,2025-10-13,PENDING
7007,17601,3389,Life Claim,2025-07-08,71396.24,APPROVED,0,69,41146.87,2026-01-23,PENDING
7008,21777,3424,Health Claim,2025-05-31,4077.67,PENDING,0,81,8050.67,2026-02-21,VERIFIED
7009,24862,5676,Health Claim,2025-09-12,39814.18,APPROVED,0,77,69621.53,2024-10-10,PENDING
7010,13082,3309,Property Damage,2025-08-01,11849.44,REJECTED,0,53,40825.86,2025-10-23,PENDING
7011,4949,6241,Life Claim,2025-11-13,11696.4,PENDING,0,15,88359.1,2025-02-14,PENDING
7012,11195,8145,Motor Accident,2026-01-15,26595.19,PENDING,0,96,57727.25,2026-02-02,VERIFIED
7013,18963,4638,Motor Accident,2025-07-20,51727.08,APPROVED,0,42,89571.53,2024-08-20,PENDING
7014,15974,9584,Property Damage,2025-07-19,26456.16,APPROVED,0,30,77925.76,2025-05-09,PENDING
7015,8829,2891,Life Claim,2025-10-20,142655.63,REJECTED,0,83,74938.2,2025-04-25,PENDING
7016,990,9824,Property Damage,2025-12-18,19601.6,REJECTED,0,43,28976.13,2024-09-16,VERIFIED
7017,5065,9691,Motor Accident,2025-08-31,79181.67,PENDING,0,30,53042.95,2024-07-07,VERIFIED
7018,20442,9324,Health Claim,2026-03-12,121172.28,PENDING,0,28,67912.58,2024-11-17,VERIFIED
7019,3003,5577,Motor Accident,2025-05-25,5610.4,REJECTED,0,43,50245.8,2025-07-17,VERIFIED
7020,8372,9113,Motor Accident,2025-12-29,26944.94,REJECTED,0,6,66194.11,2024-03-06,PENDING
7021,5284,7076,Property Damage,2025-08-29,58670.92,PENDING,0,9,89387.59,2025-05-28,PENDING
7022,16734,2596,Motor Accident,2025-10-28,3082.31,APPROVED,0,34,9323.6,2025-08-09,VERIFIED
7023,13001,909,Health Claim,2025-05-31,21989.61,PENDING,0,43,84551.42,2024-04-26,VERIFIED
7024,11746,1031,Health Claim,2026-01-09,9397.37,REJECTED,0,72,21700.33,2025-05-03,PENDING
7025,12267,5159,Property Damage,2025-09-28,28225.23,PENDING,0,19,40858.31,2025-11-27,PENDING
7026,12091,9417,Health Claim,2026-03-26,13065.68,APPROVED,0,18,85274.39,2025-04-26,PENDING
7027,13770,6377,Life Claim,2025-07-10,9628.8,APPROVED,0,33,39552.0,2023-06-19,VERIFIED
7028,8241,5761,Life Claim,2025-12-04,66286.9,PENDING,0,79,34474.7,2024-09-05,VERIFIED
7029,20001,1826,Property Damage,2026-03-12,16646.19,PENDING,0,68,84241.6,2023-10-08,VERIFIED
7030,12844,9030,Property Damage,2025-12-23,81969.67,APPROVED,0,28,46145.72,2024-12-17,PENDING
7031,74,7363,Health Claim,2026-02-02,8829.0,PENDING,0,41,37663.38,2025-04-09,VERIFIED
7032,1709,4214,Health Claim,2025-07-11,49072.85,APPROVED,0,97,73222.96,2025-01-07,VERIFIED
7033,23537,8145,Life Claim,2026-04-05,34334.22,REJECTED,0,86,72330.65,2023-09-28,VERIFIED
7034,10473,1945,Motor Accident,2025-11-01,163414.16,PENDING,0,37,86124.41,2023-09-28,VERIFIED
7035,22154,1747,Property Damage,2026-02-11,18246.58,PENDING,0,62,83344.14,2024-02-28,PENDING
7036,7207,958,Health Claim,2026-02-07,811.87,APPROVED,0,91,7089.37,2024-08-31,PENDING
7037,12272,3311,Motor Accident,2025-12-28,128414.65,REJECTED,0,36,69703.78,2024-07-20,VERIFIED
7038,6739,3886,Motor Accident,2026-04-23,9067.39,REJECTED,0,43,70400.22,2025-11-03,PENDING
7039,24213,15,Property Damage,2025-12-28,2879.74,PENDING,0,21,6194.37,2025-02-15,PENDING
7040,5912,396,Health Claim,2026-01-17,15051.53,PENDING,0,63,75978.08,2024-05-09,VERIFIED
7041,22941,1390,Health Claim,2025-06-19,75926.38,APPROVED,0,73,40592.72,2023-09-20,PENDING
7042,2557,6642,Property Damage,2025-12-12,49027.03,APPROVED,0,3,26137.38,2025-01-17,VERIFIED
7043,3220,6326,Property Damage,2026-05-24,11594.59,REJECTED,0,17,18339.58,2024-11-13,VERIFIED
7044,7079,6610,Motor Accident,2025-10-18,27544.62,APPROVED,0,34,60910.98,2023-09-25,VERIFIED
7045,21533,4087,Property Damage,2025-10-20,26829.67,REJECTED,0,65,46007.94,2024-09-13,VERIFIED
7046,3042,2995,Motor Accident,2025-12-22,2185.06,APPROVED,0,58,11443.06,2026-05-02,VERIFIED
7047,12915,4865,Life Claim,2025-08-12,9310.14,REJECTED,0,13,14580.91,2023-06-17,VERIFIED
7048,24577,5780,Life Claim,2025-06-13,19887.54,REJECTED,0,52,34283.9,2023-07-22,PENDING
7049,8537,795,Health Claim,2025-06-11,16502.9,PENDING,0,25,44930.5,2024-05-19,VERIFIED
7050,1937,9201,Motor Accident,2025-08-01,15474.78,APPROVED,0,85,8092.57,2023-08-13,VERIFIED
7051,12842,8658,Motor Accident,2025-09-18,8460.05,APPROVED,0,40,29278.31,2026-04-24,VERIFIED
7052,6652,7952,Life Claim,2026-01-12,32773.85,PENDING,0,88,81781.73,2024-07-18,PENDING
7053,23819,3535,Health Claim,2026-05-08,16276.57,APPROVED,0,20,54409.84,2024-07-06,PENDING
7054,8621,6538,Motor Accident,2026-01-01,9359.65,APPROVED,0,7,79195.25,2025-07-31,VERIFIED
7055,1760,5103,Health Claim,2025-07-05,26373.71,REJECTED,0,6,62444.52,2025-08-04,PENDING
7056,15589,5988,Life Claim,2026-03-22,24012.68,PENDING,0,1,40811.14,2024-01-25,VERIFIED
7057,11511,4741,Health Claim,2025-09-05,48279.45,REJECTED,0,77,72478.85,2025-05-24,VERIFIED
7058,3113,8696,Health Claim,2026-05-03,105034.27,APPROVED,0,72,86350.38,2023-12-09,PENDING
7059,251,7234,Property Damage,2025-07-10,15986.55,APPROVED,0,11,35387.45,2025-09-05,PENDING
7060,16438,7249,Health Claim,2025-06-23,67906.86,REJECTED,0,77,59046.7,2023-07-28,PENDING
7061,2012,5404,Property Damage,2026-05-10,9992.52,REJECTED,0,5,68421.52,2025-06-13,PENDING
7062,9862,6089,Health Claim,2025-06-03,14776.75,REJECTED,0,60,61230.11,2026-02-15,VERIFIED
7063,17753,445,Life Claim,2025-09-28,14896.81,PENDING,0,97,25455.19,2025-06-18,PENDING
7064,10733,6637,Property Damage,2025-11-28,14931.56,PENDING,0,55,79995.27,2025-06-20,VERIFIED
7065,4323,7531,Life Claim,2026-04-11,17488.65,APPROVED,0,16,25822.71,2026-04-15,VERIFIED
7066,4495,9218,Health Claim,2025-09-04,13331.31,APPROVED,0,1,31731.18,2025-05-14,VERIFIED
7067,1494,8927,Life Claim,2026-05-16,10380.58,REJECTED,0,63,81394.09,2023-12-29,PENDING
7068,21408,1923,Life Claim,2026-05-09,20011.49,REJECTED,0,56,70918.5,2024-02-26,VERIFIED
7069,16561,2676,Health Claim,2025-05-28,7269.69,PENDING,0,5,13401.03,2024-06-07,VERIFIED
7070,3472,8447,Health Claim,2025-09-07,49478.83,PENDING,0,4,93684.56,2025-07-29,VERIFIED
7071,5198,4516,Motor Accident,2026-01-19,39234.74,REJECTED,0,83,61010.36,2025-03-31,VERIFIED
7072,16023,3130,Health Claim,2025-06-05,4396.12,REJECTED,0,79,7622.65,2024-11-11,VERIFIED
7073,937,1760,Motor Accident,2026-03-15,5818.96,PENDING,0,43,38276.56,2025-04-27,PENDING
7074,13893,5043,Life Claim,2025-12-12,20229.72,APPROVED,0,82,30280.69,2025-03-02,VERIFIED
7075,15530,1403,Health Claim,2026-02-01,19185.88,APPROVED,0,16,49012.05,2026-02-21,VERIFIED
7076,14703,364,Motor Accident,2025-12-25,5648.79,PENDING,0,26,21906.76,2025-06-12,PENDING
7077,24486,4337,Motor Accident,2026-04-03,32912.84,APPROVED,0,8,85033.8,2024-08-16,VERIFIED
7078,19357,3108,Life Claim,2025-06-19,15141.12,REJECTED,0,16,35752.48,2024-01-27,PENDING
7079,3718,1660,Health Claim,2025-08-22,25053.71,REJECTED,0,97,64322.48,2023-06-16,VERIFIED
7080,17797,8891,Motor Accident,2025-09-20,83879.34,REJECTED,0,49,68881.36,2023-11-02,PENDING
7081,19881,4776,Life Claim,2025-07-04,37575.07,PENDING,0,87,59271.38,2026-02-18,PENDING
7082,15097,2962,Property Damage,2026-01-22,14368.36,REJECTED,0,89,42403.91,2025-11-01,PENDING
7083,9003,2046,Property Damage,2026-02-23,19613.51,REJECTED,0,31,51332.56,2025-08-25,PENDING
7084,3608,8701,Property Damage,2025-05-26,152382.97,REJECTED,0,62,87153.31,2024-10-18,PENDING
7085,9273,9016,Property Damage,2025-09-16,128419.32,APPROVED,0,49,80054.91,2024-08-19,VERIFIED
7086,15216,2712,Life Claim,2026-02-24,5739.7,PENDING,0,52,35548.81,2024-02-03,VERIFIED
7087,14191,4000,Life Claim,2025-09-13,69553.38,REJECTED,0,29,48981.55,2025-04-27,VERIFIED
7088,10377,1145,Health Claim,2026-05-04,112830.57,PENDING,0,17,93600.9,2024-01-27,PENDING
7089,5126,3468,Motor Accident,2025-10-07,116825.36,APPROVED,0,91,60301.75,2026-02-23,PENDING
7090,16360,6504,Motor Accident,2025-12-30,123444.86,REJECTED,0,4,68182.51,2025-09-25,PENDING
7091,11852,8259,Motor Accident,2026-01-02,9188.64,REJECTED,0,70,23286.13,2023-12-22,VERIFIED
7092,22210,3759,Property Damage,2025-11-21,19691.97,APPROVED,0,54,79166.2,2024-05-26,VERIFIED
7093,12383,3149,Motor Accident,2026-02-01,7311.94,REJECTED,0,12,31963.46,2023-08-13,PENDING
7094,5955,8608,Health Claim,2025-06-08,133211.94,APPROVED,0,95,96968.53,2024-07-06,VERIFIED
7095,17615,5253,Life Claim,2025-10-05,33904.44,PENDING,0,79,69296.15,2024-10-26,PENDING
7096,14835,7541,Life Claim,2026-02-15,10994.08,PENDING,0,40,25781.06,2023-10-07,PENDING
7097,19973,5784,Property Damage,2026-03-17,19779.33,APPROVED,0,46,93513.36,2026-05-09,PENDING
7098,24127,4342,Health Claim,2026-03-18,49339.07,PENDING,0,5,93265.05,2023-06-08,VERIFIED
7099,11992,1029,Motor Accident,2026-03-29,15731.45,PENDING,0,4,37383.98,2023-09-18,VERIFIED
7100,18419,4531,Life Claim,2025-09-22,8681.05,PENDING,0,21,13559.9,2024-10-24,VERIFIED
7101,19716,3776,Motor Accident,2026-05-08,11422.68,APPROVED,0,5,52375.31,2024-09-10,PENDING
7102,18278,523,Property Damage,2025-09-15,117129.19,REJECTED,0,27,59270.68,2024-07-03,VERIFIED
7103,15378,5786,Property Damage,2025-09-07,7558.63,PENDING,0,22,5271.47,2026-01-14,PENDING
7104,9579,1992,Motor Accident,2026-03-29,14577.55,PENDING,0,48,24824.46,2023-11-25,PENDING
7105,9448,6933,Health Claim,2026-05-15,12288.24,REJECTED,0,21,24614.2,2023-11-02,PENDING
7106,5618,5412,Health Claim,2026-05-18,13810.25,APPROVED,0,92,29635.45,2023-12-08,VERIFIED
7107,22381,4211,Health Claim,2025-06-05,3985.63,APPROVED,0,50,8456.27,2025-09-21,PENDING
7108,767,81,Health Claim,2025-09-09,46995.2,APPROVED,0,2,78986.05,2024-12-02,PENDING
7109,19205,9523,Motor Accident,2025-09-19,22443.89,REJECTED,0,98,11351.74,2024-03-10,VERIFIED
7110,22683,8803,Property Damage,2025-11-27,17137.29,APPROVED,0,84,84069.7,2024-12-26,PENDING
7111,9040,3735,Life Claim,2025-08-24,34393.25,APPROVED,0,45,90800.94,2024-11-29,PENDING
7112,9989,8835,Health Claim,2025-08-31,25147.63,REJECTED,0,95,64002.24,2025-09-05,VERIFIED
7113,16177,565,Life Claim,2026-02-04,22885.73,PENDING,0,54,71253.22,2023-07-03,PENDING
7114,5105,5406,Health Claim,2026-03-25,5544.05,APPROVED,0,9,11010.27,2025-01-20,VERIFIED
7115,17309,6312,Motor Accident,2026-05-05,11703.2,REJECTED,0,84,25691.65,2025-10-03,PENDING
7116,23703,1282,Health Claim,2025-11-30,27573.74,PENDING,0,24,72972.94,2024-12-08,VERIFIED
7117,21133,7775,Property Damage,2026-01-09,38901.07,REJECTED,0,4,24187.11,2024-04-01,PENDING
7118,15964,6342,Life Claim,2025-10-05,4063.21,PENDING,0,86,30046.5,2024-01-22,PENDING
7119,21230,4546,Motor Accident,2025-12-02,51533.93,APPROVED,0,27,80998.57,2023-09-07,VERIFIED
7120,20385,5079,Property Damage,2025-08-09,16527.62,APPROVED,0,74,80637.95,2025-06-13,PENDING
7121,24962,6392,Property Damage,2026-01-25,23566.1,REJECTED,0,60,83244.14,2024-11-13,PENDING
7122,18496,313,Motor Accident,2026-03-24,124233.37,REJECTED,0,2,98451.32,2023-07-09,PENDING
7123,7488,4289,Property Damage,2025-08-12,22672.26,APPROVED,0,27,41022.58,2024-06-19,PENDING
7124,18874,6426,Property Damage,2026-03-20,42550.62,APPROVED,0,50,79158.04,2024-01-28,PENDING
7125,8831,434,Health Claim,2026-05-13,20570.51,PENDING,0,11,41237.45,2025-06-27,PENDING
7126,11942,9617,Health Claim,2025-07-07,11587.64,PENDING,0,75,21880.24,2024-11-28,VERIFIED
7127,11959,7419,Motor Accident,2026-03-08,16819.26,REJECTED,0,23,38897.78,2026-04-10,VERIFIED
7128,4570,2625,Property Damage,2026-03-20,3517.2,PENDING,0,30,22316.86,2026-01-20,VERIFIED
7129,2284,9862,Life Claim,2026-03-30,4941.66,REJECTED,0,92,27500.37,2025-05-22,VERIFIED
7130,17633,7759,Health Claim,2025-12-27,6838.81,REJECTED,0,100,43479.68,2025-12-30,PENDING
7131,9637,9323,Health Claim,2025-09-05,84034.7,REJECTED,0,63,64669.51,2025-11-23,VERIFIED
7132,16188,834,Life Claim,2025-10-22,13291.66,REJECTED,0,90,38675.58,2024-04-18,PENDING
7133,8906,5903,Property Damage,2026-04-06,36896.41,REJECTED,0,36,57010.86,2023-09-13,VERIFIED
7134,6408,6208,Motor Accident,2025-12-31,6837.28,PENDING,0,57,9952.98,2026-02-14,VERIFIED
7135,19285,8876,Property Damage,2025-11-28,2414.88,REJECTED,0,98,7747.28,2025-01-26,PENDING
7136,16524,5947,Property Damage,2025-06-08,18122.12,APPROVED,0,5,88147.18,2025-10-19,PENDING
7137,13328,1052,Life Claim,2025-10-13,59521.13,APPROVED,0,30,36807.42,2025-10-06,VERIFIED
7138,14412,1385,Motor Accident,2025-11-01,25666.47,PENDING,0,19,63017.04,2024-08-28,PENDING
7139,3030,2458,Property Damage,2025-10-06,6676.8,REJECTED,0,66,38038.22,2024-02-21,VERIFIED
7140,6981,4667,Health Claim,2026-03-10,54325.29,APPROVED,0,99,77693.4,2025-10-29,VERIFIED
7141,20601,3244,Property Damage,2025-09-02,21261.95,REJECTED,0,49,73958.59,2025-12-24,PENDING
7142,3943,7303,Property Damage,2025-11-11,1903.9,PENDING,0,23,18635.64,2025-01-31,PENDING
7143,17991,5504,Life Claim,2025-11-07,32811.39,PENDING,0,58,67724.06,2024-11-12,PENDING
7144,1996,8856,Life Claim,2026-01-11,23027.84,PENDING,0,68,92980.97,2025-12-09,VERIFIED
7145,9014,3026,Motor Accident,2026-04-29,29676.2,REJECTED,0,65,74869.02,2025-09-19,VERIFIED
7146,415,8934,Life Claim,2025-08-16,18562.57,REJECTED,0,45,44621.2,2025-12-14,VERIFIED
7147,2488,1068,Health Claim,2025-10-30,46252.21,REJECTED,0,6,70742.56,2024-05-16,PENDING
7148,8839,3223,Health Claim,2025-06-20,5860.71,REJECTED,0,98,20174.43,2023-11-07,PENDING
7149,5949,1038,Life Claim,2025-11-01,94799.44,PENDING,0,38,69876.67,2023-11-01,PENDING
7150,11951,3990,Life Claim,2025-08-13,1329.02,PENDING,0,54,5399.72,2024-09-04,PENDING
7151,895,7186,Life Claim,2026-03-05,51324.6,PENDING,0,52,86172.09,2026-05-14,PENDING
7152,5864,578,Motor Accident,2026-02-18,31214.45,APPROVED,0,31,99066.87,2023-07-12,PENDING
7153,17551,891,Health Claim,2026-02-05,3363.47,REJECTED,0,57,6975.78,2024-01-18,PENDING
7154,17997,7911,Health Claim,2026-04-29,5983.99,PENDING,0,1,11019.84,2024-05-10,PENDING
7155,10915,7724,Motor Accident,2026-04-11,7500.23,REJECTED,0,100,5045.95,2025-04-11,PENDING
7156,10078,2759,Life Claim,2026-01-28,9990.33,PENDING,0,97,42869.63,2025-12-13,VERIFIED
7157,2849,6264,Health Claim,2026-03-14,3717.04,APPROVED,0,35,12136.83,2025-10-03,PENDING
7158,24937,1820,Motor Accident,2025-11-13,12822.89,REJECTED,0,37,36614.04,2026-04-05,PENDING
7159,24366,1167,Life Claim,2025-12-22,5600.3,APPROVED,0,49,16090.74,2026-04-09,VERIFIED
7160,2737,5626,Property Damage,2026-03-24,35115.35,PENDING,0,46,25347.95,2024-03-28,PENDING
7161,2813,2401,Life Claim,2026-01-09,5488.18,PENDING,0,74,11785.76,2024-10-30,VERIFIED
7162,21545,2302,Property Damage,2025-08-26,28755.64,PENDING,0,6,67401.13,2026-04-23,PENDING
7163,13122,2185,Health Claim,2025-06-06,76139.0,APPROVED,0,59,43538.94,2024-11-28,PENDING
7164,16843,7685,Health Claim,2025-12-23,14389.29,REJECTED,0,1,33792.76,2026-04-29,PENDING
7165,25,2024,Property Damage,2026-02-18,4315.59,APPROVED,0,33,19986.13,2023-09-02,VERIFIED
7166,14748,6508,Property Damage,2026-05-08,10324.18,APPROVED,0,31,40790.27,2024-03-26,PENDING
7167,23518,7971,Health Claim,2026-02-14,34692.18,PENDING,0,32,75482.16,2025-10-30,VERIFIED
7168,15040,9636,Motor Accident,2025-08-20,38194.1,PENDING,0,38,90503.45,2025-10-04,VERIFIED
7169,4875,6613,Health Claim,2025-07-15,44788.27,APPROVED,0,68,34371.81,2023-06-25,VERIFIED
7170,820,3183,Motor Accident,2026-03-12,9439.0,REJECTED,0,94,35443.93,2025-02-27,VERIFIED
7171,17953,3064,Life Claim,2025-10-19,24394.87,APPROVED,0,46,40025.13,2024-08-25,VERIFIED
7172,19335,893,Motor Accident,2026-04-22,5026.2,PENDING,0,42,15043.29,2025-09-09,VERIFIED
7173,3415,2015,Life Claim,2025-07-09,23401.38,PENDING,0,50,45314.65,2026-03-01,PENDING
7174,9591,474,Property Damage,2025-10-05,20247.83,PENDING,0,83,76122.11,2023-08-29,PENDING
7175,15095,3878,Motor Accident,2026-01-02,38897.06,PENDING,0,28,58038.93,2025-01-10,PENDING
7176,23009,6057,Motor Accident,2026-02-03,18038.17,PENDING,0,42,60503.6,2025-03-22,VERIFIED
7177,14365,1797,Property Damage,2026-03-29,62599.8,PENDING,0,77,99020.37,2026-03-03,PENDING
7178,13217,7361,Health Claim,2026-04-20,6429.67,PENDING,0,98,31529.17,2025-06-08,PENDING
7179,6010,3207,Health Claim,2025-08-21,162073.21,REJECTED,0,35,86512.31,2024-05-07,VERIFIED
7180,16616,2156,Motor Accident,2026-05-02,25161.57,PENDING,0,95,62815.03,2024-07-22,PENDING
7181,4671,5293,Property Damage,2025-10-09,25483.89,REJECTED,0,32,41465.63,2025-11-14,VERIFIED
7182,24085,5328,Life Claim,2026-04-02,52752.28,PENDING,0,63,28553.78,2026-05-10,VERIFIED
7183,3616,7876,Property Damage,2025-08-06,7387.63,APPROVED,0,18,18453.95,2024-01-11,VERIFIED
7184,6220,4526,Life Claim,2026-02-03,33501.81,REJECTED,0,5,63712.78,2023-12-31,VERIFIED
7185,12410,1521,Motor Accident,2025-12-24,11427.59,APPROVED,0,83,40470.73,2024-12-26,PENDING
7186,4254,3476,Property Damage,2026-04-12,21526.25,REJECTED,0,93,37682.29,2024-04-06,VERIFIED
7187,2071,2586,Motor Accident,2025-07-07,16139.6,APPROVED,0,38,36149.37,2024-01-27,VERIFIED
7188,1029,9242,Health Claim,2025-10-20,24818.25,REJECTED,0,67,36643.76,2025-03-07,VERIFIED
7189,7253,6775,Property Damage,2025-11-06,39966.67,PENDING,0,51,24767.22,2025-11-08,VERIFIED
7190,19652,6162,Health Claim,2025-12-01,15648.39,APPROVED,0,54,53047.2,2023-11-04,PENDING
7191,16116,3805,Motor Accident,2026-03-27,38234.58,APPROVED,0,84,96786.49,2025-05-24,VERIFIED
7192,12480,3246,Health Claim,2025-09-21,7715.84,APPROVED,0,15,71509.98,2026-02-09,PENDING
7193,4214,4181,Life Claim,2026-01-24,7518.72,REJECTED,0,96,25552.35,2025-08-18,VERIFIED
7194,11561,6468,Life Claim,2025-08-23,60746.06,APPROVED,0,81,30851.07,2025-02-24,PENDING
7195,18565,1654,Property Damage,2025-10-30,20872.96,PENDING,0,65,32023.9,2026-02-11,VERIFIED
7196,7328,1136,Property Damage,2025-07-26,6810.51,PENDING,0,42,17468.22,2026-05-08,PENDING
7197,15838,3722,Life Claim,2025-06-09,11401.35,APPROVED,0,44,30518.26,2025-03-01,PENDING
7198,16871,1460,Life Claim,2026-03-22,98903.4,PENDING,0,55,87142.14,2026-04-15,PENDING
7199,909,2968,Motor Accident,2025-09-18,8203.02,PENDING,0,81,27393.08,2025-03-01,VERIFIED
7200,20443,2098,Health Claim,2026-03-23,5943.0,APPROVED,0,68,14116.58,2025-10-30,VERIFIED
7201,4139,7682,Property Damage,2025-08-25,19986.64,APPROVED,0,84,68903.87,2026-03-21,PENDING
7202,14320,6835,Property Damage,2026-02-04,27598.5,REJECTED,0,52,82199.49,2023-07-26,PENDING
7203,7208,5870,Property Damage,2025-12-28,5858.37,REJECTED,0,42,18235.22,2025-01-15,PENDING
7204,6908,729,Motor Accident,2025-12-12,29534.43,APPROVED,0,44,96112.31,2026-03-01,VERIFIED
7205,13854,8987,Life Claim,2025-10-09,16317.92,REJECTED,0,55,25881.71,2025-01-15,PENDING
7206,15577,621,Life Claim,2025-05-28,9386.44,REJECTED,0,53,36642.4,2023-10-06,PENDING
7207,3519,5454,Motor Accident,2025-07-29,5200.16,REJECTED,0,92,10440.65,2023-09-18,PENDING
7208,5439,4623,Property Damage,2025-09-09,50650.23,REJECTED,0,63,80273.17,2026-01-28,VERIFIED
7209,15801,2838,Property Damage,2025-09-13,41394.78,REJECTED,0,21,87948.02,2026-01-13,VERIFIED
7210,1392,7812,Property Damage,2026-01-04,5001.3,PENDING,0,53,12673.62,2025-05-26,VERIFIED
7211,19224,8021,Motor Accident,2026-04-14,8041.0,REJECTED,0,65,14828.85,2025-03-08,PENDING
7212,14685,8984,Life Claim,2025-08-12,56556.89,PENDING,0,50,99915.23,2025-05-26,PENDING
7213,8192,3621,Health Claim,2025-06-28,32711.22,REJECTED,0,43,79537.79,2023-12-06,PENDING
7214,19006,8429,Health Claim,2025-10-11,30607.61,REJECTED,0,31,97462.96,2023-10-19,PENDING
7215,147,8963,Health Claim,2025-09-16,116850.24,REJECTED,0,20,65263.8,2025-01-29,VERIFIED
7216,1412,21,Life Claim,2026-01-18,57690.14,PENDING,0,31,37659.4,2024-02-27,PENDING
7217,19254,5097,Health Claim,2026-03-06,2894.56,REJECTED,0,15,16977.12,2024-01-18,PENDING
7218,2855,201,Motor Accident,2026-01-20,11409.16,PENDING,0,10,34885.76,2023-08-01,PENDING
7219,11510,2721,Life Claim,2026-01-09,16088.13,PENDING,0,30,14017.41,2025-06-09,VERIFIED
7220,4778,377,Health Claim,2025-07-09,13091.81,PENDING,0,4,75438.86,2023-12-07,VERIFIED
7221,6214,8830,Life Claim,2026-01-27,23049.88,PENDING,0,17,58480.06,2025-04-15,PENDING
7222,24766,1795,Health Claim,2026-03-08,41029.35,APPROVED,0,85,33356.69,2026-04-27,PENDING
7223,5640,4495,Property Damage,2025-08-16,5298.64,APPROVED,0,8,12201.09,2024-08-28,VERIFIED
7224,5303,4237,Life Claim,2026-01-19,117322.02,APPROVED,0,16,59093.52,2025-06-03,PENDING
7225,22413,728,Motor Accident,2025-09-25,129523.69,APPROVED,0,33,70324.73,2024-05-15,VERIFIED
7226,15183,9644,Health Claim,2025-12-28,31110.68,APPROVED,0,55,49694.77,2024-09-02,VERIFIED
7227,5454,127,Motor Accident,2025-11-26,11055.59,PENDING,0,69,24314.87,2026-03-27,VERIFIED
7228,14419,259,Health Claim,2026-02-18,179408.75,PENDING,0,25,93739.63,2024-03-17,PENDING
7229,2499,6792,Health Claim,2025-05-30,75650.26,PENDING,0,8,39260.71,2025-02-06,PENDING
7230,959,551,Property Damage,2025-11-18,19762.82,APPROVED,0,96,31490.01,2026-05-11,VERIFIED
7231,12663,2667,Motor Accident,2026-01-07,28681.83,PENDING,0,83,49129.67,2023-07-04,VERIFIED
7232,11127,1366,Health Claim,2025-12-09,22133.37,REJECTED,0,81,13089.94,2025-03-21,PENDING
7233,1782,437,Health Claim,2025-08-09,8421.76,PENDING,0,26,55577.74,2026-03-07,VERIFIED
7234,1587,3344,Motor Accident,2025-07-17,174870.19,PENDING,0,37,88891.59,2023-06-24,VERIFIED
7235,5748,1488,Motor Accident,2026-01-06,9192.69,APPROVED,0,57,63688.78,2024-11-16,VERIFIED
7236,7797,7579,Health Claim,2025-11-27,52884.25,PENDING,0,23,99949.74,2024-02-21,PENDING
7237,520,5828,Motor Accident,2025-08-28,10869.36,APPROVED,0,8,6402.51,2026-02-26,PENDING
7238,18568,6553,Motor Accident,2026-03-18,27782.62,APPROVED,0,7,57438.78,2024-11-20,VERIFIED
7239,11522,5643,Motor Accident,2026-04-11,20990.65,PENDING,0,3,31705.35,2025-05-30,PENDING
7240,14426,494,Property Damage,2025-12-29,81569.79,APPROVED,0,40,55855.59,2024-02-03,VERIFIED
7241,2285,9668,Health Claim,2026-05-18,44100.06,PENDING,0,90,87667.93,2024-01-20,VERIFIED
7242,8897,9572,Life Claim,2026-04-22,9038.53,REJECTED,0,69,21130.55,2024-08-08,PENDING
7243,5025,5771,Property Damage,2025-10-18,46742.63,REJECTED,0,29,78037.45,2026-03-01,VERIFIED
7244,22912,2709,Life Claim,2025-10-01,33937.73,PENDING,0,85,65303.83,2023-12-25,VERIFIED
7245,783,5307,Life Claim,2025-09-16,28676.02,REJECTED,0,54,58938.4,2025-09-25,VERIFIED
7246,18277,4671,Motor Accident,2025-11-29,12980.7,PENDING,0,72,25005.0,2023-12-24,PENDING
7247,24256,132,Health Claim,2025-12-08,14356.47,APPROVED,0,16,34133.91,2024-09-07,VERIFIED
7248,23521,3951,Health Claim,2025-11-27,114531.82,REJECTED,0,33,85653.49,2025-12-13,PENDING
7249,24662,8925,Motor Accident,2025-09-15,7507.12,REJECTED,0,54,20827.13,2023-10-11,VERIFIED
7250,23817,8870,Property Damage,2026-05-08,25156.83,APPROVED,0,79,50146.54,2025-02-09,VERIFIED
7251,10351,1696,Life Claim,2026-01-09,50047.24,REJECTED,0,57,87006.2,2023-10-01,PENDING
7252,17143,6990,Motor Accident,2025-08-14,59338.43,PENDING,0,7,97707.95,2024-10-25,VERIFIED
7253,19166,2790,Health Claim,2025-11-15,39480.85,APPROVED,0,47,61000.43,2025-11-30,VERIFIED
7254,20044,6524,Motor Accident,2025-07-06,34709.42,APPROVED,0,60,82978.6,2025-06-14,PENDING
7255,19630,470,Property Damage,2025-12-12,30756.21,PENDING,0,14,51846.45,2024-01-11,VERIFIED
7256,7392,5710,Property Damage,2025-12-24,66202.63,APPROVED,0,10,49032.05,2024-12-20,PENDING
7257,14773,3590,Property Damage,2025-10-17,31231.09,PENDING,0,23,23156.55,2024-12-16,PENDING
7258,6418,6219,Health Claim,2026-04-08,44231.03,APPROVED,0,75,77767.81,2024-03-28,VERIFIED
7259,19059,3548,Life Claim,2026-02-25,31019.78,PENDING,0,12,60168.35,2026-01-15,PENDING
7260,24900,273,Motor Accident,2025-11-20,126217.65,PENDING,0,70,64300.31,2024-12-23,VERIFIED
7261,7622,7779,Property Damage,2025-08-18,11934.65,PENDING,0,31,71627.9,2024-04-26,PENDING
7262,11296,1692,Health Claim,2026-01-26,4878.82,REJECTED,0,49,47091.1,2024-05-03,PENDING
7263,10481,4408,Property Damage,2025-12-14,8379.17,REJECTED,0,42,45444.19,2024-12-09,VERIFIED
7264,3101,3708,Health Claim,2025-08-30,22684.51,REJECTED,0,49,46889.01,2026-04-18,PENDING
7265,13321,2453,Property Damage,2025-09-30,152225.5,PENDING,0,41,84290.13,2025-10-30,VERIFIED
7266,16507,3470,Motor Accident,2025-12-17,197248.91,PENDING,0,91,98687.06,2023-07-19,VERIFIED
7267,1912,2676,Property Damage,2026-05-17,24503.18,APPROVED,0,94,42967.45,2026-05-16,PENDING
7268,14918,2048,Motor Accident,2026-01-22,73301.17,APPROVED,0,54,69858.32,2024-05-17,PENDING
7269,21972,5338,Motor Accident,2026-04-20,38740.75,PENDING,0,38,66654.51,2025-06-29,PENDING
7270,21647,8557,Motor Accident,2025-06-23,43590.84,REJECTED,0,31,66265.54,2024-07-27,VERIFIED
7271,13719,1071,Property Damage,2026-03-05,11520.31,PENDING,0,69,18272.14,2025-06-22,VERIFIED
7272,1138,2355,Property Damage,2025-10-12,47509.12,PENDING,0,15,68155.51,2024-08-12,VERIFIED
7273,4699,8304,Motor Accident,2025-08-27,27243.72,APPROVED,0,8,83232.57,2025-07-08,VERIFIED
7274,11009,8628,Property Damage,2026-01-13,92771.1,APPROVED,0,99,79563.56,2026-01-15,VERIFIED
7275,7660,3866,Property Damage,2026-04-13,128801.59,PENDING,0,41,71740.79,2024-03-28,VERIFIED
7276,2615,3634,Life Claim,2025-06-24,10308.47,APPROVED,0,59,26818.72,2024-02-27,PENDING
7277,14783,7149,Property Damage,2025-07-06,174865.15,REJECTED,0,37,98430.15,2024-03-16,PENDING
7278,24655,5028,Motor Accident,2025-07-23,11200.38,REJECTED,0,95,54767.65,2024-08-28,PENDING
7279,1997,4925,Property Damage,2025-08-08,13723.9,PENDING,0,39,99630.37,2023-07-05,VERIFIED
7280,9833,1947,Life Claim,2026-02-25,36980.56,APPROVED,0,36,96164.31,2024-11-23,VERIFIED
7281,19976,9193,Health Claim,2025-12-29,29386.12,PENDING,0,31,87564.31,2024-03-24,PENDING
7282,8786,3292,Health Claim,2026-04-17,21426.42,REJECTED,0,7,15206.76,2025-12-21,VERIFIED
7283,2092,2958,Motor Accident,2026-02-26,10871.29,APPROVED,0,79,35497.71,2024-06-11,VERIFIED
7284,14271,9387,Health Claim,2025-12-19,7110.52,PENDING,0,17,21782.55,2026-04-28,PENDING
7285,13064,365,Life Claim,2026-03-08,45408.52,PENDING,0,38,84931.64,2024-07-26,VERIFIED
7286,9018,9535,Motor Accident,2026-02-19,12307.98,PENDING,0,22,47622.45,2024-10-28,VERIFIED
7287,21212,193,Health Claim,2025-09-30,22190.74,APPROVED,0,45,69694.3,2025-05-04,PENDING
7288,15215,980,Property Damage,2026-03-25,40722.55,APPROVED,0,11,27501.75,2024-12-03,PENDING
7289,1094,5293,Property Damage,2026-03-27,1047.17,PENDING,0,78,5362.59,2025-08-11,PENDING
7290,24472,6194,Life Claim,2025-12-10,4515.78,APPROVED,0,31,25624.85,2023-05-30,VERIFIED
7291,18357,6793,Life Claim,2026-02-13,10527.92,PENDING,0,28,19552.24,2025-08-16,VERIFIED
7292,12159,2121,Property Damage,2025-10-19,44374.63,REJECTED,0,49,64026.32,2025-05-05,VERIFIED
7293,10984,4317,Motor Accident,2026-03-30,11656.57,APPROVED,0,35,29398.61,2024-03-02,PENDING
7294,13525,5254,Life Claim,2026-01-14,7487.0,APPROVED,0,95,73556.76,2026-05-03,PENDING
7295,21548,5608,Health Claim,2026-02-06,2459.7,APPROVED,0,75,7795.15,2023-09-16,PENDING
7296,6792,7560,Property Damage,2026-02-21,151697.0,PENDING,0,13,99129.27,2023-12-12,PENDING
7297,8018,1939,Property Damage,2026-05-11,52714.39,REJECTED,0,76,38885.32,2026-03-11,VERIFIED
7298,6492,2889,Life Claim,2026-03-27,6568.18,APPROVED,0,64,46201.84,2025-10-08,PENDING
7299,14399,9446,Motor Accident,2025-06-04,37875.15,APPROVED,0,38,97710.45,2023-12-28,PENDING
7300,14675,9304,Life Claim,2025-09-27,21520.0,APPROVED,0,25,86765.51,2024-09-17,VERIFIED
7301,14602,9618,Property Damage,2026-03-19,20454.72,REJECTED,0,6,46671.16,2025-01-25,PENDING
7302,10635,1348,Motor Accident,2025-09-27,37630.42,REJECTED,0,50,56798.25,2025-10-07,VERIFIED
7303,17615,4871,Motor Accident,2025-08-07,24011.91,PENDING,0,98,45408.94,2025-08-21,VERIFIED
7304,11353,1618,Life Claim,2026-05-22,12606.21,APPROVED,0,9,83255.16,2023-08-05,VERIFIED
7305,10622,8494,Health Claim,2026-05-19,128023.33,APPROVED,0,76,77799.74,2024-11-01,VERIFIED
7306,21627,8702,Motor Accident,2026-04-06,48490.52,REJECTED,0,20,94417.27,2023-08-14,PENDING
7307,19907,1458,Motor Accident,2025-09-25,31856.33,APPROVED,0,44,30723.73,2026-05-03,PENDING
7308,14907,2909,Health Claim,2026-02-19,60254.26,REJECTED,0,41,49832.08,2025-05-02,VERIFIED
7309,18905,8204,Health Claim,2026-04-20,70349.55,PENDING,0,46,46030.14,2025-06-13,PENDING
7310,1021,6665,Life Claim,2025-10-21,44402.53,PENDING,0,92,88142.2,2025-11-01,PENDING
7311,4444,9418,Health Claim,2026-01-01,30424.43,REJECTED,0,5,75849.22,2026-05-07,PENDING
7312,6049,6363,Life Claim,2026-01-03,23145.01,REJECTED,0,60,43881.94,2023-07-31,VERIFIED
7313,524,9016,Motor Accident,2026-05-20,78498.54,PENDING,0,77,57636.53,2024-03-15,VERIFIED
7314,15130,3785,Health Claim,2026-02-13,12203.35,PENDING,0,96,78196.01,2025-08-23,PENDING
7315,24750,3543,Health Claim,2026-03-14,19111.17,REJECTED,0,24,29117.16,2023-12-25,VERIFIED
7316,10426,6239,Motor Accident,2026-05-17,42371.2,REJECTED,0,30,69558.27,2025-04-21,VERIFIED
7317,24376,1381,Life Claim,2026-05-22,106930.82,PENDING,0,28,74416.85,2023-10-05,VERIFIED
7318,21171,4146,Life Claim,2025-08-01,9667.78,REJECTED,0,79,21461.23,2024-03-07,VERIFIED
7319,19700,8633,Property Damage,2025-10-30,22544.56,APPROVED,0,76,56447.06,2023-05-28,VERIFIED
7320,3648,8730,Property Damage,2025-08-05,5293.46,PENDING,0,93,46698.47,2023-09-11,PENDING
7321,15236,5590,Health Claim,2025-08-29,68323.77,APPROVED,0,98,47496.95,2026-05-24,VERIFIED
7322,6366,6439,Motor Accident,2025-06-16,11205.37,REJECTED,0,97,37698.6,2026-01-02,VERIFIED
7323,13059,3260,Motor Accident,2025-12-28,30677.18,PENDING,0,69,62619.33,2024-12-15,VERIFIED
7324,24629,6582,Life Claim,2026-03-05,20127.62,APPROVED,0,64,73892.67,2025-03-12,PENDING
7325,4221,5181,Life Claim,2025-12-25,4621.72,PENDING,0,56,46183.73,2023-11-16,PENDING
7326,5409,1527,Health Claim,2026-03-27,140288.09,PENDING,0,4,96738.88,2025-06-13,VERIFIED
7327,6041,5710,Motor Accident,2025-11-13,27490.84,APPROVED,0,42,62585.57,2025-04-27,PENDING
7328,809,8397,Life Claim,2026-02-07,14119.02,PENDING,0,11,21129.86,2023-05-30,VERIFIED
7329,20963,8619,Motor Accident,2026-01-29,47858.18,APPROVED,0,74,75716.94,2025-07-27,PENDING
7330,22355,6961,Health Claim,2026-01-03,9809.14,APPROVED,0,88,46165.95,2026-01-05,PENDING
7331,16847,8909,Property Damage,2026-01-22,16965.59,REJECTED,0,97,61145.12,2025-04-18,VERIFIED
7332,4088,5909,Life Claim,2025-10-05,23108.47,REJECTED,0,65,75215.46,2024-08-01,PENDING
7333,22157,4331,Motor Accident,2025-07-20,48202.46,REJECTED,0,22,33463.72,2024-09-01,VERIFIED
7334,2296,6266,Life Claim,2025-06-03,43731.66,PENDING,0,87,86257.48,2025-12-17,VERIFIED
7335,3223,1466,Health Claim,2026-05-13,65129.31,PENDING,0,69,97188.68,2025-01-09,PENDING
7336,10849,5966,Life Claim,2025-11-24,23283.07,REJECTED,0,9,63323.0,2025-09-23,VERIFIED
7337,12350,3568,Motor Accident,2025-08-23,14353.13,APPROVED,0,74,34162.15,2025-08-25,VERIFIED
7338,3824,6244,Health Claim,2026-02-11,13562.52,APPROVED,0,52,55290.83,2024-02-21,PENDING
7339,4580,2503,Motor Accident,2026-04-02,16967.31,REJECTED,0,96,97478.75,2025-03-24,PENDING
7340,24191,8331,Property Damage,2026-03-06,4994.0,APPROVED,0,34,8520.52,2025-08-24,VERIFIED
7341,15611,3548,Motor Accident,2025-07-14,56209.4,APPROVED,0,64,85484.62,2024-10-28,PENDING
7342,2314,5200,Motor Accident,2026-01-06,39201.33,APPROVED,0,52,74017.91,2024-07-25,VERIFIED
7343,6531,5629,Property Damage,2026-01-20,40856.32,PENDING,0,98,90070.55,2024-01-13,PENDING
7344,7332,1847,Health Claim,2025-08-21,22181.26,REJECTED,0,80,48989.22,2024-03-25,PENDING
7345,1050,1450,Property Damage,2025-11-17,65379.1,PENDING,0,91,38942.15,2025-01-03,PENDING
7346,10193,4742,Health Claim,2026-01-04,9879.65,REJECTED,0,49,24127.91,2026-02-18,VERIFIED
7347,12043,402,Property Damage,2026-04-20,2718.63,REJECTED,0,50,12179.14,2023-06-23,PENDING
7348,24387,6748,Motor Accident,2025-08-30,5505.72,PENDING,0,52,38572.38,2024-08-02,VERIFIED
7349,21833,5987,Property Damage,2026-05-20,82258.93,REJECTED,0,63,48459.06,2026-04-16,VERIFIED
7350,14953,5965,Motor Accident,2026-02-07,38581.23,REJECTED,0,89,69755.39,2025-08-18,PENDING
7351,21477,3255,Property Damage,2026-01-26,165299.81,PENDING,0,12,92690.23,2026-01-02,VERIFIED
7352,18529,2932,Life Claim,2026-01-22,45514.37,REJECTED,0,50,88805.62,2024-06-09,PENDING
7353,20154,729,Health Claim,2025-09-12,82759.57,PENDING,0,90,64668.17,2023-10-10,PENDING
7354,24322,1961,Property Damage,2026-01-23,123945.31,REJECTED,0,59,65571.05,2025-08-12,VERIFIED
7355,16084,6659,Life Claim,2025-08-30,24577.87,REJECTED,0,13,71460.71,2024-06-10,VERIFIED
7356,12102,3400,Property Damage,2025-11-05,2275.13,REJECTED,0,44,10874.19,2024-01-03,VERIFIED
7357,12663,9341,Motor Accident,2025-05-25,21125.86,PENDING,0,11,57906.7,2023-12-27,VERIFIED
7358,908,5836,Property Damage,2025-10-15,59347.63,REJECTED,0,47,56666.48,2023-08-22,PENDING
7359,7762,8416,Property Damage,2025-06-20,70346.62,PENDING,0,72,68178.59,2024-08-29,VERIFIED
7360,17845,8348,Health Claim,2026-04-09,94734.43,APPROVED,0,55,79227.47,2025-12-10,VERIFIED
7361,1333,8707,Motor Accident,2025-06-29,11631.87,PENDING,0,71,28904.06,2025-03-12,VERIFIED
7362,22614,8503,Life Claim,2025-07-01,33984.42,REJECTED,0,16,91994.2,2024-07-13,PENDING
7363,23998,6815,Motor Accident,2025-09-20,123922.68,PENDING,0,57,90510.69,2024-09-18,PENDING
7364,2414,2821,Life Claim,2025-12-01,32766.93,APPROVED,0,27,51854.14,2025-02-09,VERIFIED
7365,12679,6831,Life Claim,2026-02-11,109690.64,REJECTED,0,14,73193.93,2023-07-24,PENDING
7366,5471,2475,Life Claim,2025-10-02,39767.74,PENDING,0,5,73057.68,2025-05-29,PENDING
7367,11601,5761,Life Claim,2025-11-29,10117.08,PENDING,0,10,16576.75,2026-02-02,VERIFIED
7368,19416,8972,Health Claim,2025-06-20,86852.51,PENDING,0,37,73639.99,2023-11-24,VERIFIED
7369,4725,3526,Motor Accident,2025-06-02,12998.07,APPROVED,0,51,35708.72,2024-01-05,PENDING
7370,13024,5754,Life Claim,2025-06-18,40139.88,APPROVED,0,12,26433.43,2025-06-08,PENDING
7371,16232,3672,Property Damage,2025-10-22,41272.7,PENDING,0,6,34960.71,2024-03-02,PENDING
7372,10021,5082,Health Claim,2026-04-22,69276.74,PENDING,0,85,44565.38,2026-03-04,VERIFIED
7373,7177,4527,Motor Accident,2025-06-05,21383.37,APPROVED,0,33,17707.03,2023-09-12,VERIFIED
7374,19326,6825,Life Claim,2025-09-02,14233.09,APPROVED,0,31,12908.49,2025-07-03,PENDING
7375,20065,7169,Health Claim,2026-04-22,36723.87,APPROVED,0,84,75048.47,2024-03-08,VERIFIED
7376,23130,3330,Property Damage,2025-09-28,37573.48,REJECTED,0,49,56505.89,2026-04-27,VERIFIED
7377,9062,4589,Life Claim,2025-06-13,9176.33,PENDING,0,10,34726.35,2023-06-12,VERIFIED
7378,22849,2328,Motor Accident,2026-05-19,19456.92,APPROVED,0,38,33816.92,2026-05-16,VERIFIED
7379,18051,9488,Health Claim,2025-07-05,73896.79,REJECTED,0,3,52484.59,2025-02-21,PENDING
7380,11264,6402,Property Damage,2026-04-08,69074.85,PENDING,0,23,99373.16,2025-05-10,VERIFIED
7381,5253,2517,Motor Accident,2026-03-10,13491.18,REJECTED,0,1,79897.83,2025-08-08,VERIFIED
7382,5769,7993,Health Claim,2025-08-20,19593.02,REJECTED,0,91,55917.28,2026-03-18,PENDING
7383,13391,7320,Motor Accident,2025-12-25,7450.95,APPROVED,0,55,67380.21,2024-07-03,VERIFIED
7384,3069,7753,Health Claim,2026-02-10,1042.79,PENDING,0,91,8975.42,2025-02-27,VERIFIED
7385,16212,7165,Property Damage,2025-11-24,48527.88,PENDING,0,94,44867.43,2024-05-20,PENDING
7386,4077,524,Property Damage,2025-11-22,89415.25,REJECTED,0,37,47273.36,2025-01-23,VERIFIED
7387,544,5813,Health Claim,2025-07-09,7450.79,APPROVED,0,28,28287.97,2023-09-23,VERIFIED
7388,7156,4858,Property Damage,2025-11-19,15457.08,REJECTED,0,33,25750.96,2024-11-05,PENDING
7389,11733,4808,Health Claim,2026-03-06,11612.96,PENDING,0,72,76478.16,2025-05-04,PENDING
7390,1602,4530,Life Claim,2026-04-24,46965.51,APPROVED,0,96,73470.01,2026-03-06,PENDING
7391,16294,2782,Motor Accident,2025-07-20,23621.23,PENDING,0,4,72349.68,2025-07-04,VERIFIED
7392,24214,84,Life Claim,2025-07-07,7727.49,REJECTED,0,92,11298.85,2025-07-18,PENDING
7393,21994,1505,Life Claim,2026-05-17,64730.6,PENDING,0,60,92602.93,2024-10-12,PENDING
7394,19232,773,Life Claim,2026-05-17,27909.38,REJECTED,0,29,55010.64,2023-09-10,PENDING
7395,13007,7415,Health Claim,2026-01-03,50706.51,PENDING,0,53,83892.05,2023-10-21,VERIFIED
7396,5504,1044,Property Damage,2025-09-08,6268.78,PENDING,0,61,9681.91,2024-12-18,VERIFIED
7397,16741,5278,Motor Accident,2025-12-17,38552.23,REJECTED,0,70,74323.71,2025-03-10,VERIFIED
7398,52,716,Life Claim,2025-06-27,40487.02,APPROVED,0,82,39075.15,2024-10-03,PENDING
7399,19591,9782,Health Claim,2025-08-29,4691.01,PENDING,0,38,29959.51,2023-08-16,VERIFIED
7400,15279,1361,Life Claim,2026-03-11,14395.91,APPROVED,0,16,74252.07,2024-11-25,VERIFIED
7401,23637,4239,Life Claim,2026-05-12,15420.23,PENDING,0,25,65547.99,2026-01-05,VERIFIED
7402,1258,8464,Property Damage,2025-05-31,15328.35,PENDING,0,7,97117.17,2025-01-23,VERIFIED
7403,16927,2833,Health Claim,2025-11-22,19733.19,APPROVED,0,13,12736.09,2026-05-09,VERIFIED
7404,15686,6054,Life Claim,2025-10-16,27624.57,REJECTED,0,14,59987.31,2026-03-30,PENDING
7405,4591,9710,Life Claim,2025-12-22,27937.67,APPROVED,0,11,46943.62,2023-06-10,VERIFIED
7406,13022,5120,Life Claim,2026-03-25,5349.39,PENDING,0,15,22673.16,2025-12-29,PENDING
7407,11579,4085,Property Damage,2025-10-15,14500.22,REJECTED,0,45,51804.11,2025-04-13,PENDING
7408,8259,2356,Health Claim,2026-02-13,5893.75,PENDING,0,17,5683.46,2026-03-18,PENDING
7409,5113,3079,Property Damage,2026-03-11,17624.88,REJECTED,0,42,42402.48,2024-02-26,PENDING
7410,6862,4718,Health Claim,2026-03-28,131994.64,REJECTED,0,64,76487.5,2026-01-31,VERIFIED
7411,11791,811,Life Claim,2026-01-17,14669.23,PENDING,0,21,61140.9,2024-04-02,PENDING
7412,19393,5278,Motor Accident,2026-04-06,34364.4,APPROVED,0,54,67140.9,2025-02-09,VERIFIED
7413,3976,2669,Property Damage,2025-07-08,3425.72,REJECTED,0,85,10164.38,2025-04-18,VERIFIED
7414,19649,3176,Property Damage,2026-03-22,29880.07,APPROVED,0,80,91568.15,2025-01-14,VERIFIED
7415,21883,6651,Property Damage,2026-02-04,13945.34,APPROVED,0,19,20607.86,2025-07-14,PENDING
7416,16768,2953,Motor Accident,2025-12-16,21270.26,REJECTED,0,21,34731.63,2026-04-30,PENDING
7417,11689,8213,Motor Accident,2025-12-12,22580.62,REJECTED,0,77,48300.97,2024-01-03,PENDING
7418,23850,6634,Life Claim,2025-09-04,16732.21,APPROVED,0,23,70768.76,2023-10-07,PENDING
7419,703,2777,Health Claim,2026-01-13,10717.11,APPROVED,0,39,36389.33,2024-06-11,PENDING
7420,18524,3468,Property Damage,2025-09-18,16658.92,REJECTED,0,14,86766.31,2023-11-04,VERIFIED
7421,4436,8653,Health Claim,2026-02-15,89587.04,PENDING,0,84,50646.31,2025-05-17,VERIFIED
7422,24179,917,Property Damage,2026-04-29,17862.71,PENDING,0,68,35481.65,2025-07-08,PENDING
7423,22554,3035,Property Damage,2025-08-12,1736.78,REJECTED,0,56,13815.14,2025-03-04,VERIFIED
7424,6223,141,Life Claim,2026-01-26,4298.01,REJECTED,0,96,41819.35,2023-07-11,PENDING
7425,14524,3922,Health Claim,2025-07-02,4426.69,REJECTED,0,21,37720.31,2024-04-09,PENDING
7426,8366,188,Life Claim,2025-09-07,25156.08,PENDING,0,37,37226.22,2024-08-19,VERIFIED
7427,24850,2566,Life Claim,2026-03-06,32818.2,PENDING,0,71,95405.72,2026-02-25,VERIFIED
7428,8495,6607,Property Damage,2025-08-10,23269.77,PENDING,0,1,50912.59,2023-09-28,PENDING
7429,18292,9531,Life Claim,2025-08-24,22586.38,PENDING,0,61,50369.26,2025-03-08,PENDING
7430,4176,2759,Life Claim,2025-12-01,6494.82,REJECTED,0,4,11334.28,2024-09-15,VERIFIED
7431,18150,6176,Property Damage,2026-04-23,38125.51,APPROVED,0,43,61270.96,2026-01-22,VERIFIED
7432,24075,2043,Health Claim,2025-07-21,5300.35,PENDING,0,64,15819.51,2024-09-05,PENDING
7433,13137,2209,Life Claim,2025-12-17,4134.27,APPROVED,0,19,6734.36,2024-01-06,PENDING
7434,322,8741,Property Damage,2025-11-27,10204.75,APPROVED,0,35,37038.61,2023-08-27,VERIFIED
7435,4934,378,Life Claim,2025-08-25,6921.08,REJECTED,0,69,21466.65,2023-12-14,PENDING
7436,13805,6018,Property Damage,2026-03-31,181317.02,PENDING,0,86,97771.09,2025-04-02,PENDING
7437,20656,7269,Motor Accident,2025-06-12,140991.84,REJECTED,0,52,74814.42,2025-10-10,VERIFIED
7438,4860,1990,Motor Accident,2025-11-07,64022.7,REJECTED,0,29,95934.97,2024-01-31,VERIFIED
7439,6545,17,Health Claim,2025-11-02,84452.56,APPROVED,0,94,66053.52,2026-05-17,PENDING
7440,12958,4882,Property Damage,2026-04-15,31724.76,REJECTED,0,15,52042.6,2026-03-21,PENDING
7441,13367,5852,Motor Accident,2025-07-02,52178.27,PENDING,0,28,80538.01,2025-06-04,PENDING
7442,15672,1357,Motor Accident,2025-09-21,15972.82,REJECTED,0,91,72241.5,2024-02-17,VERIFIED
7443,14592,3782,Motor Accident,2025-07-30,84804.96,REJECTED,0,83,44919.84,2025-11-03,VERIFIED
7444,5160,2709,Property Damage,2025-08-28,19880.39,PENDING,0,97,64708.04,2025-02-21,PENDING
7445,19208,7846,Health Claim,2025-06-15,10558.42,PENDING,0,77,99608.64,2024-03-19,PENDING
7446,1023,6131,Motor Accident,2026-04-16,18504.91,PENDING,0,47,26615.27,2024-07-23,VERIFIED
7447,11173,5342,Motor Accident,2025-09-08,5075.22,REJECTED,0,93,8314.09,2026-01-14,PENDING
7448,11188,7179,Life Claim,2025-10-30,150009.65,REJECTED,0,87,91325.45,2026-04-18,PENDING
7449,14241,8490,Life Claim,2025-07-14,11307.05,PENDING,0,75,90106.57,2025-04-19,VERIFIED
7450,4637,3064,Life Claim,2025-12-24,10652.39,REJECTED,0,41,41961.21,2026-04-12,VERIFIED
7451,7366,6952,Health Claim,2025-09-15,19723.78,APPROVED,0,50,70524.59,2023-11-25,PENDING
7452,3597,4047,Health Claim,2026-03-19,19077.26,PENDING,0,89,79015.05,2026-04-28,PENDING
7453,22030,6694,Life Claim,2025-11-23,51715.76,APPROVED,0,30,32218.24,2025-11-17,PENDING
7454,2213,5201,Health Claim,2025-11-30,15921.34,PENDING,0,88,98377.53,2024-05-08,PENDING
7455,11079,853,Health Claim,2026-01-17,104801.13,APPROVED,0,16,74063.91,2024-02-26,VERIFIED
7456,9898,1910,Motor Accident,2025-12-11,43212.81,PENDING,0,64,64348.82,2025-04-26,VERIFIED
7457,21528,3552,Life Claim,2025-09-10,45368.56,PENDING,0,65,75306.82,2026-03-21,PENDING
7458,24880,9404,Life Claim,2025-06-09,30575.5,APPROVED,0,6,91732.5,2025-06-18,PENDING
7459,11434,8568,Property Damage,2026-01-02,42334.9,PENDING,0,62,81864.15,2026-02-10,PENDING
7460,1787,7256,Motor Accident,2025-08-25,11772.47,REJECTED,0,3,34051.44,2024-07-20,VERIFIED
7461,12836,6916,Property Damage,2026-01-25,25561.66,APPROVED,0,36,64687.26,2023-07-04,VERIFIED
7462,6721,8388,Motor Accident,2026-04-16,31096.18,REJECTED,0,73,46810.27,2026-03-24,PENDING
7463,18121,197,Life Claim,2026-03-31,9075.78,REJECTED,0,33,32063.31,2025-05-10,VERIFIED
7464,24969,9345,Motor Accident,2025-06-10,8080.65,PENDING,0,85,27846.92,2023-11-24,PENDING
7465,8306,8785,Life Claim,2025-10-01,8556.0,REJECTED,0,83,29246.41,2023-11-12,PENDING
7466,19561,443,Health Claim,2025-07-02,37915.91,APPROVED,0,93,30191.34,2024-12-07,PENDING
7467,3865,943,Health Claim,2025-05-28,28361.79,APPROVED,0,9,52856.9,2024-05-23,PENDING
7468,10043,7390,Health Claim,2026-01-10,2929.25,REJECTED,0,53,12697.02,2023-07-05,VERIFIED
7469,21663,5271,Property Damage,2026-02-15,7969.88,REJECTED,0,67,70910.11,2023-12-12,VERIFIED
7470,4553,8921,Life Claim,2026-01-17,41228.97,PENDING,0,94,85253.96,2024-12-27,VERIFIED
7471,8684,9102,Motor Accident,2025-12-08,8569.73,PENDING,0,66,24741.8,2024-03-20,PENDING
7472,6684,430,Motor Accident,2025-06-01,38707.38,APPROVED,0,34,58542.18,2023-12-04,PENDING
7473,14569,8292,Life Claim,2025-11-16,15864.17,REJECTED,0,32,94803.82,2024-12-10,VERIFIED
7474,19581,900,Life Claim,2025-12-19,14344.2,PENDING,0,1,11582.45,2025-03-03,PENDING
7475,3968,3008,Health Claim,2025-07-20,12122.41,APPROVED,0,86,47274.93,2025-12-23,PENDING
7476,9447,4221,Health Claim,2025-10-02,152961.27,APPROVED,0,63,85965.27,2024-05-31,PENDING
7477,8033,4865,Motor Accident,2026-03-15,19571.4,REJECTED,0,36,56961.87,2024-05-29,VERIFIED
7478,13963,9676,Life Claim,2026-04-28,8783.3,APPROVED,0,83,67017.17,2025-11-15,PENDING
7479,20129,8319,Property Damage,2025-08-02,10260.83,PENDING,0,32,41775.14,2026-02-16,VERIFIED
7480,12729,6217,Property Damage,2025-07-22,24205.45,PENDING,0,75,93881.38,2025-08-22,PENDING
7481,20869,5373,Life Claim,2025-09-03,17041.89,PENDING,0,5,61017.28,2025-08-07,PENDING
7482,23494,6360,Motor Accident,2025-06-03,10595.08,PENDING,0,13,21522.27,2025-07-07,PENDING
7483,3647,8879,Motor Accident,2026-05-19,9222.82,APPROVED,0,85,45513.26,2026-05-06,VERIFIED
7484,8408,9026,Property Damage,2025-11-15,38477.35,APPROVED,0,29,61856.52,2025-02-12,PENDING
7485,5431,2769,Health Claim,2026-01-03,89587.51,REJECTED,0,29,76195.71,2024-06-07,VERIFIED
7486,11402,5916,Motor Accident,2026-03-09,45458.44,REJECTED,0,41,78874.12,2023-08-15,PENDING
7487,15095,2693,Life Claim,2026-05-05,9808.65,APPROVED,0,72,86200.12,2025-12-24,PENDING
7488,4829,2093,Health Claim,2025-10-14,119584.51,REJECTED,0,52,71829.45,2023-06-17,VERIFIED
7489,5812,5684,Property Damage,2025-11-05,83355.17,REJECTED,0,45,73807.81,2024-11-24,VERIFIED
7490,8205,3812,Health Claim,2025-08-18,22467.26,APPROVED,0,53,43190.68,2026-01-02,VERIFIED
7491,14622,2161,Health Claim,2025-08-09,9688.02,APPROVED,0,18,45562.85,2024-10-23,PENDING
7492,22510,388,Life Claim,2026-01-14,14136.77,APPROVED,0,56,26675.86,2025-11-02,PENDING
7493,18669,2791,Health Claim,2025-08-08,12711.46,REJECTED,0,18,41125.14,2023-06-21,PENDING
7494,16205,1636,Motor Accident,2025-12-16,50385.89,PENDING,0,31,86148.63,2024-05-20,VERIFIED
7495,4506,8452,Motor Accident,2026-02-14,49660.49,PENDING,0,78,76438.87,2026-02-25,VERIFIED
7496,14594,1645,Life Claim,2025-09-08,34213.99,PENDING,0,50,59090.11,2025-02-23,PENDING
7497,11214,6017,Motor Accident,2026-04-13,3513.15,APPROVED,0,56,26362.78,2024-06-13,PENDING
7498,9796,3487,Property Damage,2025-06-25,10629.75,PENDING,0,58,31082.33,2025-03-31,VERIFIED
7499,18819,6814,Property Damage,2026-02-26,21196.41,PENDING,0,68,48899.64,2025-08-23,VERIFIED
7500,15035,6623,Property Damage,2025-07-26,16408.88,APPROVED,0,24,72740.9,2025-10-04,VERIFIED
7501,11940,6526,Motor Accident,2026-02-25,38220.13,PENDING,0,15,67513.13,2023-10-29,PENDING
7502,21391,8139,Life Claim,2026-03-26,26689.05,REJECTED,0,30,15172.97,2025-02-21,PENDING
7503,19883,246,Property Damage,2025-07-26,2229.18,REJECTED,0,13,9086.38,2025-06-19,VERIFIED
7504,9389,10,Life Claim,2026-02-11,47725.27,PENDING,0,35,80955.76,2025-08-25,VERIFIED
7505,7778,4007,Property Damage,2026-05-08,16546.03,PENDING,0,71,11466.66,2025-01-30,PENDING
7506,11963,9658,Health Claim,2025-11-21,53919.03,APPROVED,0,24,78000.19,2026-02-15,PENDING
7507,11763,6290,Life Claim,2025-10-17,5915.84,APPROVED,0,89,15350.79,2025-02-20,PENDING
7508,9338,2129,Property Damage,2025-06-05,14102.12,REJECTED,0,96,38773.46,2025-02-14,VERIFIED
7509,19392,5,Property Damage,2025-08-12,16260.79,APPROVED,0,22,94813.87,2026-04-02,PENDING
7510,12936,4061,Life Claim,2025-09-27,19734.18,REJECTED,0,16,16134.28,2023-09-01,PENDING
7511,1565,6841,Motor Accident,2025-08-30,95480.27,APPROVED,0,9,66357.31,2023-08-21,PENDING
7512,16042,3059,Property Damage,2026-02-21,89192.38,APPROVED,0,27,81655.77,2023-11-16,PENDING
7513,5551,3963,Health Claim,2026-04-11,152304.8,APPROVED,0,26,82378.0,2025-07-12,PENDING
7514,5770,9866,Property Damage,2025-10-12,9884.27,APPROVED,0,2,20056.77,2023-11-03,PENDING
7515,9525,6137,Motor Accident,2025-11-03,23220.48,APPROVED,0,3,43607.9,2024-01-05,VERIFIED
7516,23409,7546,Health Claim,2025-09-06,24178.01,PENDING,0,82,49329.23,2024-02-23,VERIFIED
7517,23442,4300,Property Damage,2026-01-10,40564.84,PENDING,0,24,96953.85,2025-08-30,PENDING
7518,2916,9206,Motor Accident,2025-06-29,11818.38,REJECTED,0,56,24918.32,2023-12-11,VERIFIED
7519,24464,6998,Life Claim,2025-10-17,17166.25,REJECTED,0,82,27731.62,2023-11-17,VERIFIED
7520,22512,2304,Motor Accident,2025-10-20,22448.25,APPROVED,0,87,52189.48,2023-08-21,VERIFIED
7521,8426,6784,Property Damage,2025-06-21,46817.21,APPROVED,0,75,70808.9,2024-05-18,PENDING
7522,16604,9662,Property Damage,2026-05-01,5238.2,PENDING,0,92,13690.16,2025-11-16,VERIFIED
7523,3314,6825,Health Claim,2025-06-26,11435.48,REJECTED,0,67,7988.8,2024-01-31,VERIFIED
7524,11932,8970,Property Damage,2025-10-19,36547.3,APPROVED,0,88,69654.16,2024-08-25,PENDING
7525,4044,54,Property Damage,2025-08-02,139410.52,APPROVED,0,18,69871.28,2025-05-25,PENDING
7526,5714,6982,Motor Accident,2026-05-14,24093.39,APPROVED,0,22,23942.17,2025-05-27,PENDING
7527,18502,2944,Health Claim,2025-06-07,10470.12,APPROVED,0,11,22546.67,2023-07-01,PENDING
7528,11924,4608,Life Claim,2025-08-12,13956.43,REJECTED,0,49,85934.93,2025-10-04,PENDING
7529,21945,7629,Life Claim,2026-01-26,5878.09,APPROVED,0,75,30827.49,2026-05-19,PENDING
7530,24220,3833,Health Claim,2025-11-11,26006.86,PENDING,0,72,72227.47,2025-10-14,VERIFIED
7531,22566,7807,Property Damage,2026-04-03,162270.82,REJECTED,0,78,90690.22,2025-07-21,VERIFIED
7532,6640,3145,Property Damage,2025-09-03,16891.59,PENDING,0,92,11429.88,2023-08-07,VERIFIED
7533,23633,4072,Life Claim,2025-12-27,14531.17,REJECTED,0,75,21741.97,2025-10-15,VERIFIED
7534,1569,3294,Health Claim,2026-03-03,21385.35,REJECTED,0,58,13261.12,2023-09-15,VERIFIED
7535,15114,7180,Health Claim,2026-01-03,44226.74,APPROVED,0,85,65768.13,2024-08-28,PENDING
7536,13397,287,Motor Accident,2026-02-10,9693.11,REJECTED,0,96,58520.79,2025-03-03,PENDING
7537,2009,915,Motor Accident,2025-09-19,30299.14,PENDING,0,85,72900.66,2024-08-25,PENDING
7538,20325,3941,Property Damage,2026-02-07,78721.98,PENDING,0,13,53211.84,2026-01-12,VERIFIED
7539,16361,7124,Property Damage,2026-03-22,41595.19,PENDING,0,69,84949.26,2026-01-11,PENDING
7540,16823,6328,Life Claim,2025-12-14,39866.79,APPROVED,0,68,80385.2,2025-04-01,PENDING
7541,12841,9952,Life Claim,2025-08-29,4366.89,REJECTED,0,42,7744.69,2024-01-20,VERIFIED
7542,3208,9478,Motor Accident,2026-01-05,3254.72,REJECTED,0,89,20307.96,2025-02-02,PENDING
7543,24561,4768,Motor Accident,2025-11-02,144765.05,PENDING,0,35,81508.21,2024-08-16,PENDING
7544,12382,8270,Health Claim,2026-02-25,6951.31,PENDING,0,81,6891.89,2025-02-01,VERIFIED
7545,14189,883,Property Damage,2025-06-20,115721.3,REJECTED,0,85,59796.16,2024-08-22,VERIFIED
7546,9769,4144,Property Damage,2026-04-19,21051.22,APPROVED,0,97,53088.11,2024-08-29,PENDING
7547,19254,7271,Property Damage,2025-06-14,10525.5,REJECTED,0,38,61258.33,2024-12-18,PENDING
7548,684,2234,Health Claim,2025-12-21,49779.87,REJECTED,0,82,94120.26,2023-07-07,PENDING
7549,21433,213,Life Claim,2026-02-22,20164.92,APPROVED,0,30,51832.67,2025-10-09,PENDING
7550,14908,3814,Property Damage,2025-09-28,45095.97,PENDING,0,55,89270.23,2023-10-27,VERIFIED
7551,3592,1629,Property Damage,2025-10-25,42499.48,REJECTED,0,75,91191.97,2026-03-13,PENDING
7552,17688,5557,Property Damage,2026-04-28,124747.4,REJECTED,0,34,82023.84,2023-09-28,VERIFIED
7553,22005,6057,Health Claim,2025-06-13,62905.73,REJECTED,0,93,60223.6,2024-03-18,VERIFIED
7554,4245,7592,Motor Accident,2026-01-03,5985.39,REJECTED,0,100,41686.83,2024-10-02,PENDING
7555,17689,3979,Motor Accident,2025-10-27,3235.56,REJECTED,0,38,25630.32,2024-08-11,PENDING
7556,23910,1218,Motor Accident,2026-05-21,20036.35,REJECTED,0,68,38102.67,2024-03-31,PENDING
7557,4975,1265,Life Claim,2026-02-14,9368.51,REJECTED,0,89,58051.87,2023-11-13,PENDING
7558,9881,6061,Property Damage,2025-12-26,35557.69,APPROVED,0,44,68434.38,2025-02-05,VERIFIED
7559,19493,5616,Property Damage,2026-03-13,37384.53,REJECTED,0,21,83017.23,2025-01-19,VERIFIED
7560,19493,8684,Health Claim,2026-02-28,7342.69,REJECTED,0,82,28507.38,2023-12-10,PENDING
7561,23928,5668,Motor Accident,2026-03-12,21248.91,APPROVED,0,78,33431.81,2023-09-26,PENDING
7562,8799,9488,Health Claim,2026-01-29,15055.09,APPROVED,0,93,23299.26,2024-02-03,PENDING
7563,4619,1389,Motor Accident,2026-05-10,19657.22,REJECTED,0,64,35882.79,2024-03-31,VERIFIED
7564,16219,6243,Health Claim,2026-03-08,6779.87,PENDING,0,87,17907.44,2026-04-09,PENDING
7565,6321,834,Motor Accident,2026-05-14,19878.79,PENDING,0,67,35629.56,2023-07-21,VERIFIED
7566,19636,8563,Life Claim,2026-05-06,31055.01,APPROVED,0,93,63093.3,2025-10-16,PENDING
7567,2181,3403,Motor Accident,2026-04-28,40926.81,APPROVED,0,50,90088.47,2026-05-01,PENDING
7568,21442,9353,Property Damage,2025-10-11,14285.09,APPROVED,0,78,56309.73,2024-10-23,PENDING
7569,2951,4391,Life Claim,2025-10-06,15461.77,REJECTED,0,67,78940.99,2023-10-12,PENDING
7570,3623,1602,Motor Accident,2025-10-07,170986.51,PENDING,0,52,96243.67,2024-03-21,PENDING
7571,6750,8259,Health Claim,2026-03-04,7882.32,REJECTED,0,80,73737.89,2025-10-28,PENDING
7572,7614,6072,Life Claim,2025-10-01,22101.97,REJECTED,0,6,79384.1,2024-07-26,VERIFIED
7573,23975,5391,Property Damage,2026-01-03,79873.82,PENDING,0,69,67926.8,2024-10-10,VERIFIED
7574,18502,8864,Health Claim,2026-01-07,8325.44,REJECTED,0,77,12872.61,2026-05-02,VERIFIED
7575,6872,6105,Property Damage,2025-10-31,18950.89,REJECTED,0,15,63436.49,2025-04-26,PENDING
7576,300,3072,Health Claim,2025-07-30,59936.65,APPROVED,0,28,48913.05,2023-10-20,PENDING
7577,1351,5864,Life Claim,2026-03-07,32986.82,PENDING,0,10,63927.5,2025-12-22,PENDING
7578,15272,8230,Property Damage,2025-06-18,46009.57,PENDING,0,12,66147.58,2025-08-01,PENDING
7579,355,7170,Life Claim,2025-08-04,77054.47,PENDING,0,25,59391.75,2025-02-08,PENDING
7580,5179,5116,Life Claim,2026-02-25,55438.68,APPROVED,0,43,39245.73,2024-02-20,PENDING
7581,20496,5215,Property Damage,2025-07-21,39445.41,PENDING,0,8,98090.03,2024-04-08,PENDING
7582,3460,4938,Life Claim,2025-07-19,61117.43,APPROVED,0,14,38768.81,2023-10-25,PENDING
7583,3045,5342,Motor Accident,2026-04-11,4509.3,APPROVED,0,21,7805.27,2023-06-11,PENDING
7584,1450,2773,Property Damage,2025-06-23,93921.31,PENDING,0,3,52306.4,2025-04-11,PENDING
7585,24938,8805,Motor Accident,2025-08-23,65923.88,REJECTED,0,92,96290.56,2024-12-23,VERIFIED
7586,21520,2604,Motor Accident,2025-07-18,49006.51,APPROVED,0,99,70009.9,2024-07-19,PENDING
7587,1294,1511,Life Claim,2025-06-07,14059.49,REJECTED,0,43,29041.67,2025-11-11,VERIFIED
7588,4021,5780,Motor Accident,2025-07-04,28913.06,REJECTED,0,29,57448.74,2023-07-24,PENDING
7589,1363,9100,Health Claim,2026-03-28,51012.57,PENDING,0,45,80066.68,2026-05-20,VERIFIED
7590,13175,1578,Motor Accident,2025-11-01,37949.67,PENDING,0,5,64982.44,2023-08-30,PENDING
7591,12609,9563,Health Claim,2026-04-19,4204.2,APPROVED,0,65,7660.75,2023-12-08,VERIFIED
7592,13229,3310,Motor Accident,2025-05-25,30960.44,APPROVED,0,99,77207.69,2023-11-17,PENDING
7593,87,1836,Health Claim,2025-07-21,3472.08,REJECTED,0,78,30630.09,2023-06-30,PENDING
7594,9526,8047,Life Claim,2026-05-24,63038.38,REJECTED,0,55,37810.74,2025-07-27,VERIFIED
7595,15778,3717,Motor Accident,2026-04-16,42684.22,APPROVED,0,33,30369.73,2023-07-25,PENDING
7596,18950,5029,Property Damage,2026-03-21,5637.28,PENDING,0,54,16021.55,2024-05-02,PENDING
7597,12987,6019,Life Claim,2025-07-06,5015.33,APPROVED,0,49,38451.63,2025-11-16,PENDING
7598,23489,3429,Life Claim,2026-04-28,13315.65,PENDING,0,61,80890.27,2024-09-18,VERIFIED
7599,18360,2977,Property Damage,2025-07-15,4481.47,APPROVED,0,31,21116.86,2025-03-20,VERIFIED
7600,20537,4158,Health Claim,2026-03-15,25365.01,APPROVED,0,79,52629.19,2024-12-28,PENDING
7601,6941,4600,Life Claim,2025-07-23,2883.34,PENDING,0,17,5040.3,2023-06-26,PENDING
7602,9892,6470,Property Damage,2026-04-01,29998.76,APPROVED,0,86,46769.31,2024-02-10,PENDING
7603,2208,9871,Life Claim,2026-01-05,5359.01,PENDING,0,25,19066.93,2026-01-08,VERIFIED
7604,19329,143,Health Claim,2026-03-30,31637.61,PENDING,0,94,52747.83,2026-01-26,PENDING
7605,6906,7305,Life Claim,2026-02-14,8440.1,REJECTED,0,72,5776.98,2025-12-03,VERIFIED
7606,24203,1891,Property Damage,2025-06-13,41031.48,APPROVED,0,60,97610.02,2024-06-10,PENDING
7607,15430,7153,Motor Accident,2025-12-15,3667.43,APPROVED,0,42,19612.59,2025-07-26,VERIFIED
7608,5687,6523,Health Claim,2026-01-29,6648.18,REJECTED,0,3,45480.36,2023-10-07,PENDING
7609,6735,2146,Life Claim,2026-01-24,4986.02,REJECTED,0,30,21076.46,2025-07-12,PENDING
7610,3915,2032,Health Claim,2025-09-27,14494.85,REJECTED,0,77,31337.4,2025-07-21,PENDING
7611,2694,8224,Health Claim,2025-09-04,36211.03,REJECTED,0,68,18375.91,2025-11-17,VERIFIED
7612,8055,4333,Health Claim,2026-01-12,63222.54,APPROVED,0,43,92719.75,2023-08-24,VERIFIED
7613,8549,473,Motor Accident,2025-07-16,9354.75,PENDING,0,24,78439.68,2025-06-22,PENDING
7614,24482,7190,Motor Accident,2025-09-14,69292.6,REJECTED,0,54,48106.47,2025-10-10,VERIFIED
7615,24679,5676,Property Damage,2026-03-03,136082.48,PENDING,0,100,98975.16,2026-04-02,VERIFIED
7616,312,1493,Property Damage,2025-07-13,3127.6,APPROVED,0,20,7308.43,2025-10-29,PENDING
7617,1506,8051,Motor Accident,2025-12-02,47676.87,APPROVED,0,42,72683.59,2025-03-17,PENDING
7618,17334,5399,Health Claim,2026-01-05,57550.94,REJECTED,0,86,92683.74,2025-03-08,VERIFIED
7619,2147,9748,Health Claim,2025-11-04,91485.05,PENDING,0,32,46709.71,2025-12-20,PENDING
7620,23964,2979,Motor Accident,2025-12-06,11290.24,APPROVED,0,79,24158.25,2025-12-22,VERIFIED
7621,9409,5462,Property Damage,2026-04-18,35169.84,PENDING,0,48,72081.91,2026-01-07,PENDING
7622,19360,1753,Property Damage,2025-07-18,23734.28,APPROVED,0,5,63031.89,2026-01-10,VERIFIED
7623,8716,7174,Life Claim,2026-04-26,35616.86,APPROVED,0,6,77776.65,2024-05-13,PENDING
7624,8513,4510,Health Claim,2025-09-23,9720.84,REJECTED,0,66,64975.03,2026-03-23,PENDING
7625,15080,5029,Property Damage,2025-11-19,11417.81,APPROVED,0,57,22879.31,2024-10-24,PENDING
7626,18976,6439,Life Claim,2025-06-07,27039.4,APPROVED,0,81,40289.38,2025-03-09,PENDING
7627,18001,2547,Health Claim,2026-03-28,173014.02,PENDING,0,98,93556.02,2025-07-05,VERIFIED
7628,14063,3218,Life Claim,2026-05-14,13710.69,PENDING,0,88,76816.97,2025-09-15,PENDING
7629,13415,5486,Life Claim,2026-05-15,8693.46,PENDING,0,44,45882.57,2026-04-25,VERIFIED
7630,14056,4613,Life Claim,2026-04-12,27056.09,PENDING,0,38,75807.86,2025-09-19,VERIFIED
7631,10038,1975,Health Claim,2025-07-01,34628.8,REJECTED,0,35,58638.27,2025-03-09,VERIFIED
7632,8593,3581,Motor Accident,2025-07-04,12670.19,REJECTED,0,52,44410.09,2025-10-14,PENDING
7633,7152,6571,Life Claim,2026-01-29,13051.58,PENDING,0,13,9162.3,2025-05-05,VERIFIED
7634,14446,4752,Property Damage,2025-12-20,3294.25,PENDING,0,36,6274.61,2023-06-10,PENDING
7635,1778,3346,Health Claim,2026-04-18,39751.85,PENDING,0,6,56904.66,2024-09-26,VERIFIED
7636,3989,3649,Property Damage,2025-10-05,8006.84,REJECTED,0,56,17752.54,2026-03-22,PENDING
7637,9048,6740,Motor Accident,2026-01-29,24142.76,APPROVED,0,30,19808.7,2025-11-17,VERIFIED
7638,10533,7292,Life Claim,2025-08-23,129733.57,APPROVED,0,27,71065.12,2023-07-17,VERIFIED
7639,20496,5890,Property Damage,2026-04-12,10698.42,PENDING,0,85,72785.12,2023-07-31,VERIFIED
7640,7796,2076,Motor Accident,2026-05-01,17903.13,REJECTED,0,67,35250.74,2024-01-09,PENDING
7641,13351,243,Health Claim,2025-09-23,23317.59,REJECTED,0,5,55816.02,2024-10-30,VERIFIED
7642,7207,3935,Motor Accident,2025-11-04,155855.02,REJECTED,0,48,83506.03,2023-06-14,PENDING
7643,15637,4828,Property Damage,2025-06-07,61979.2,REJECTED,0,23,89044.44,2026-04-05,VERIFIED
7644,23022,8335,Life Claim,2025-12-23,44626.18,PENDING,0,38,32618.26,2025-05-21,PENDING
7645,12974,7218,Life Claim,2025-09-15,18849.51,REJECTED,0,67,30613.62,2026-01-27,VERIFIED
7646,22235,8046,Property Damage,2026-02-01,18890.08,APPROVED,0,48,47187.29,2025-12-07,VERIFIED
7647,8501,5254,Motor Accident,2026-01-23,35379.19,APPROVED,0,26,28380.48,2023-12-13,PENDING
7648,21587,8186,Health Claim,2025-10-18,51730.18,APPROVED,0,64,43472.5,2025-04-21,PENDING
7649,18623,5036,Health Claim,2025-07-25,40424.22,PENDING,0,16,34919.83,2026-03-03,VERIFIED
7650,21334,771,Property Damage,2025-12-18,75916.98,REJECTED,0,67,43215.89,2025-12-17,VERIFIED
7651,3070,3089,Life Claim,2026-05-21,61489.7,REJECTED,0,78,96842.0,2024-09-04,PENDING
7652,19405,2720,Health Claim,2025-09-17,11090.64,PENDING,0,90,25224.69,2024-01-22,VERIFIED
7653,7387,2121,Life Claim,2026-05-23,13704.1,PENDING,0,23,69183.34,2026-04-16,PENDING
7654,16365,4932,Motor Accident,2025-07-31,7113.98,PENDING,0,68,67257.84,2023-11-27,VERIFIED
7655,21497,1855,Motor Accident,2026-04-03,96622.24,APPROVED,0,93,71380.55,2024-12-26,PENDING
7656,8752,8602,Motor Accident,2026-01-10,8134.58,APPROVED,0,85,11896.59,2026-03-01,PENDING
7657,2222,3121,Motor Accident,2026-05-11,7878.73,REJECTED,0,36,15733.96,2024-03-11,PENDING
7658,13456,9225,Health Claim,2025-08-30,47820.26,APPROVED,0,15,85087.38,2026-01-13,PENDING
7659,2761,1489,Health Claim,2026-01-24,2585.2,APPROVED,0,87,6608.58,2023-08-21,PENDING
7660,2122,7820,Health Claim,2026-05-25,94165.46,PENDING,0,73,92328.34,2023-07-31,VERIFIED
7661,6338,1766,Property Damage,2025-08-31,22801.86,APPROVED,0,33,58906.21,2026-04-20,VERIFIED
7662,18134,3980,Motor Accident,2026-03-11,23634.99,APPROVED,0,22,45570.95,2025-10-05,VERIFIED
7663,10800,8674,Property Damage,2025-05-27,26357.08,APPROVED,0,74,92316.18,2025-08-01,PENDING
7664,24053,5199,Life Claim,2026-03-22,133959.09,APPROVED,0,61,84517.4,2026-05-13,VERIFIED
7665,10189,4555,Property Damage,2025-09-13,12462.56,PENDING,0,15,22007.81,2023-07-17,VERIFIED
7666,23771,635,Life Claim,2025-10-11,24146.83,APPROVED,0,80,37489.31,2026-03-13,VERIFIED
7667,19421,5348,Motor Accident,2026-03-20,86532.51,APPROVED,0,70,67418.76,2023-10-04,VERIFIED
7668,10747,1107,Health Claim,2026-03-14,2067.45,REJECTED,0,44,18764.63,2024-04-07,PENDING
7669,21257,1260,Motor Accident,2026-01-05,17483.13,REJECTED,0,44,56077.01,2023-11-15,VERIFIED
7670,20198,6729,Life Claim,2026-03-29,19629.77,PENDING,0,84,39693.48,2024-08-08,PENDING
7671,18207,7276,Motor Accident,2025-10-06,6535.28,APPROVED,0,23,15626.6,2025-06-04,VERIFIED
7672,3067,6469,Property Damage,2025-06-18,9057.33,PENDING,0,24,31888.82,2024-07-05,VERIFIED
7673,12517,7550,Property Damage,2025-08-11,29409.71,PENDING,0,11,53507.7,2023-09-11,VERIFIED
7674,15275,1188,Property Damage,2025-07-28,14260.42,APPROVED,0,25,35008.6,2023-06-15,PENDING
7675,9592,9454,Life Claim,2025-11-29,3796.63,APPROVED,0,39,21832.6,2023-12-15,PENDING
7676,8010,5617,Property Damage,2026-01-31,10267.95,PENDING,0,85,42567.56,2025-09-03,PENDING
7677,1008,5047,Life Claim,2025-05-25,3810.37,APPROVED,0,86,11413.37,2024-06-02,PENDING
7678,169,7533,Motor Accident,2026-03-04,39041.77,PENDING,0,3,62778.67,2025-10-11,PENDING
7679,24235,2736,Motor Accident,2026-03-21,7080.49,PENDING,0,50,35435.77,2025-01-05,PENDING
7680,5800,3385,Health Claim,2025-11-17,116155.64,APPROVED,0,14,66362.63,2024-04-26,PENDING
7681,19453,1476,Property Damage,2025-10-24,12282.4,APPROVED,0,31,59190.27,2024-10-21,PENDING
7682,18054,9909,Life Claim,2025-07-16,111887.7,REJECTED,0,59,61676.16,2023-10-25,VERIFIED
7683,11818,6204,Motor Accident,2025-10-20,30839.64,REJECTED,0,25,61341.32,2023-10-10,VERIFIED
7684,10636,2836,Health Claim,2026-04-08,102229.9,PENDING,0,73,67042.34,2024-08-23,PENDING
7685,20428,4279,Life Claim,2026-02-19,15893.91,PENDING,0,36,26983.2,2024-11-13,PENDING
7686,20782,6772,Motor Accident,2025-07-31,43116.07,REJECTED,0,97,86522.79,2023-10-15,VERIFIED
7687,2108,2802,Property Damage,2025-07-24,61879.54,PENDING,0,50,37032.85,2025-04-28,VERIFIED
7688,7178,6632,Health Claim,2025-09-18,3511.23,APPROVED,0,85,28444.32,2024-07-05,VERIFIED
7689,22778,9319,Property Damage,2025-08-07,76707.62,REJECTED,0,42,42359.59,2023-06-18,PENDING
7690,19151,751,Health Claim,2026-04-22,12958.69,APPROVED,0,79,97748.35,2023-10-10,PENDING
7691,20231,2229,Health Claim,2026-01-03,30955.38,APPROVED,0,62,64888.76,2025-11-07,PENDING
7692,3255,6129,Property Damage,2025-10-14,140914.75,PENDING,0,18,74260.3,2025-11-15,VERIFIED
7693,21656,8783,Life Claim,2025-10-06,11732.25,REJECTED,0,73,20721.51,2024-03-04,PENDING
7694,19097,6642,Motor Accident,2025-06-15,22061.92,APPROVED,0,59,59750.1,2026-05-24,VERIFIED
7695,14923,1890,Health Claim,2025-09-19,10170.69,PENDING,0,32,22180.55,2025-10-28,PENDING
7696,14327,8816,Motor Accident,2026-05-02,22436.34,APPROVED,0,81,78046.54,2024-09-26,PENDING
7697,5123,2304,Property Damage,2025-08-30,21879.4,APPROVED,0,39,49857.51,2023-06-27,VERIFIED
7698,12695,1892,Motor Accident,2025-12-24,74011.08,REJECTED,0,95,54927.9,2024-06-22,PENDING
7699,19177,5707,Life Claim,2026-02-25,40670.76,REJECTED,0,3,92652.5,2025-09-30,VERIFIED
7700,17815,2526,Motor Accident,2026-03-09,6687.58,REJECTED,0,8,19544.19,2024-10-02,PENDING
7701,13986,2457,Property Damage,2026-01-05,97172.56,PENDING,0,90,86029.48,2023-07-27,PENDING
7702,16310,9778,Property Damage,2025-05-30,7333.28,APPROVED,0,85,22058.41,2024-08-24,PENDING
7703,13939,2227,Motor Accident,2025-09-26,37040.85,APPROVED,0,54,55251.95,2023-11-30,VERIFIED
7704,19099,9020,Life Claim,2025-06-09,75413.69,APPROVED,0,52,37878.3,2024-08-01,PENDING
7705,22977,4794,Life Claim,2026-03-21,21206.07,APPROVED,0,27,71959.09,2026-01-27,VERIFIED
7706,7415,3227,Motor Accident,2025-06-18,47340.52,PENDING,0,23,24826.26,2024-03-14,PENDING
7707,14841,5435,Property Damage,2025-11-30,9544.49,APPROVED,0,56,19377.13,2026-04-19,PENDING
7708,22456,4020,Motor Accident,2025-08-27,25501.38,REJECTED,0,27,36848.02,2025-03-21,PENDING
7709,11691,8303,Life Claim,2025-08-09,106335.62,PENDING,0,29,69675.5,2024-08-03,PENDING
7710,2748,2144,Life Claim,2025-11-28,3041.92,PENDING,0,91,12713.87,2025-06-03,PENDING
7711,5890,7444,Property Damage,2025-12-08,6440.83,PENDING,0,72,13673.99,2024-09-13,PENDING
7712,10270,5974,Property Damage,2025-10-10,50044.81,REJECTED,0,98,79759.64,2023-09-19,VERIFIED
7713,19118,3802,Life Claim,2026-05-12,67080.36,PENDING,0,99,37870.07,2024-05-10,PENDING
7714,16287,2383,Health Claim,2025-07-16,11623.59,PENDING,0,75,10125.23,2025-09-29,PENDING
7715,4703,8916,Motor Accident,2025-09-14,33306.83,PENDING,0,38,66118.05,2026-05-20,VERIFIED
7716,17703,3029,Health Claim,2025-07-07,23043.38,APPROVED,0,29,40533.2,2026-01-10,PENDING
7717,9896,7851,Health Claim,2025-06-17,97800.05,APPROVED,0,61,57117.51,2023-06-22,VERIFIED
7718,22709,2246,Motor Accident,2025-06-13,4613.44,PENDING,0,96,7621.01,2024-03-27,VERIFIED
7719,15764,4465,Life Claim,2025-12-20,27156.5,PENDING,0,58,91015.51,2025-03-06,PENDING
7720,8378,9738,Health Claim,2025-11-08,32996.32,PENDING,0,32,66324.94,2026-03-06,VERIFIED
7721,10354,3520,Health Claim,2026-01-30,144196.34,APPROVED,0,35,93114.09,2024-09-08,PENDING
7722,1136,3496,Property Damage,2026-04-01,113820.93,APPROVED,0,35,98950.35,2023-12-29,VERIFIED
7723,17697,4017,Property Damage,2025-09-14,68440.7,APPROVED,0,94,42520.06,2024-02-04,PENDING
7724,23913,3597,Life Claim,2026-03-12,16223.11,PENDING,0,32,91215.31,2023-06-16,VERIFIED
7725,10589,1013,Motor Accident,2026-02-18,5217.69,REJECTED,0,59,29788.64,2026-03-11,VERIFIED
7726,3169,3628,Motor Accident,2025-12-09,5898.58,REJECTED,0,68,14419.13,2025-03-01,PENDING
7727,56,3058,Life Claim,2026-03-26,25717.89,REJECTED,0,57,22554.94,2024-10-21,PENDING
7728,24349,4532,Health Claim,2025-12-10,52087.01,REJECTED,0,92,46283.2,2024-08-29,PENDING
7729,7034,6762,Health Claim,2025-12-03,6195.46,PENDING,0,79,29607.77,2024-10-26,VERIFIED
7730,15857,3948,Motor Accident,2026-03-06,85881.65,PENDING,0,76,56251.7,2025-03-14,VERIFIED
7731,15435,2514,Motor Accident,2026-02-27,25147.71,PENDING,0,62,59896.78,2024-01-18,VERIFIED
7732,7006,7511,Property Damage,2026-04-20,58842.08,PENDING,0,86,93596.63,2026-02-20,PENDING
7733,13753,7734,Life Claim,2025-10-10,11015.74,PENDING,0,72,43139.1,2024-10-01,PENDING
7734,5624,3775,Property Damage,2025-12-02,20806.27,APPROVED,0,33,12720.93,2023-09-29,PENDING
7735,7292,5170,Life Claim,2025-08-11,28356.14,REJECTED,0,6,49799.57,2025-08-01,PENDING
7736,9470,8089,Health Claim,2026-05-22,29669.43,PENDING,0,15,44560.07,2025-03-18,VERIFIED
7737,2329,4547,Life Claim,2025-07-21,15178.21,REJECTED,0,80,76315.06,2024-02-27,VERIFIED
7738,6436,3292,Health Claim,2026-01-14,25139.17,PENDING,0,77,17791.47,2024-05-03,PENDING
7739,7292,1781,Property Damage,2025-12-27,15042.1,PENDING,0,44,21495.56,2025-09-18,PENDING
7740,719,3632,Health Claim,2025-12-30,17669.98,PENDING,0,18,62118.07,2024-06-14,VERIFIED
7741,153,1481,Health Claim,2026-01-06,19502.76,APPROVED,0,45,81082.67,2024-06-09,VERIFIED
7742,16293,2519,Motor Accident,2026-03-06,63253.34,REJECTED,0,35,49767.58,2023-11-24,PENDING
7743,17111,8234,Motor Accident,2025-06-19,26080.6,REJECTED,0,86,55069.09,2025-11-05,VERIFIED
7744,2672,6518,Life Claim,2025-10-01,35647.86,REJECTED,0,10,81069.69,2024-07-03,VERIFIED
7745,4428,1542,Motor Accident,2025-07-06,11601.74,REJECTED,0,97,27103.94,2023-08-12,VERIFIED
7746,7465,9764,Health Claim,2026-03-31,28407.24,REJECTED,0,20,89515.83,2026-02-25,VERIFIED
7747,14615,7666,Life Claim,2025-11-21,18742.75,PENDING,0,91,27458.04,2024-07-20,PENDING
7748,23236,1530,Life Claim,2025-12-29,44246.96,PENDING,0,66,89392.21,2025-11-08,PENDING
7749,24705,7091,Motor Accident,2025-09-14,49496.12,APPROVED,0,18,82602.43,2025-08-02,PENDING
7750,1085,5113,Health Claim,2025-07-15,21665.38,APPROVED,0,1,89090.43,2024-10-23,VERIFIED
7751,19404,3647,Motor Accident,2025-09-01,3625.62,PENDING,0,40,25332.68,2023-08-08,VERIFIED
7752,18427,7552,Life Claim,2026-05-11,81700.77,APPROVED,0,67,58300.48,2024-07-09,VERIFIED
7753,8183,3238,Motor Accident,2025-07-14,16826.16,REJECTED,0,64,58496.63,2025-06-25,VERIFIED
7754,3805,9318,Property Damage,2025-06-24,19750.28,REJECTED,0,49,43371.38,2024-05-10,VERIFIED
7755,21411,3926,Motor Accident,2025-10-04,20147.9,PENDING,0,89,29995.08,2026-04-06,PENDING
7756,12458,7174,Health Claim,2025-11-22,129298.58,PENDING,0,30,69238.81,2024-01-08,VERIFIED
7757,18147,6515,Property Damage,2025-11-28,20573.01,PENDING,0,79,85314.33,2023-08-07,VERIFIED
7758,922,3706,Property Damage,2025-06-30,34292.76,PENDING,0,64,85534.42,2024-09-15,PENDING
7759,12936,8332,Life Claim,2025-09-29,14338.9,APPROVED,0,8,92309.96,2025-10-12,PENDING
7760,23864,1581,Life Claim,2025-07-18,20849.88,APPROVED,0,9,41817.77,2024-04-16,VERIFIED
7761,7657,3665,Health Claim,2025-10-06,5754.26,APPROVED,0,61,27333.62,2023-10-10,VERIFIED
7762,4008,3199,Health Claim,2025-06-28,27881.43,PENDING,0,55,58786.28,2025-10-27,VERIFIED
7763,6736,8185,Motor Accident,2026-02-04,88071.38,REJECTED,0,21,86520.38,2023-06-27,VERIFIED
7764,24407,9087,Health Claim,2026-04-17,59042.29,REJECTED,0,41,89131.27,2025-08-24,VERIFIED
7765,7413,8619,Life Claim,2025-10-03,142128.55,PENDING,0,98,77556.56,2025-05-07,PENDING
7766,11194,195,Health Claim,2026-01-05,102171.37,REJECTED,0,54,67195.84,2025-06-05,VERIFIED
7767,15371,4999,Property Damage,2025-07-11,3518.05,REJECTED,0,9,9901.56,2025-05-15,PENDING
7768,9833,3380,Life Claim,2025-12-13,25273.42,REJECTED,0,28,68783.88,2024-09-23,PENDING
7769,10144,4910,Motor Accident,2026-03-09,31036.43,APPROVED,0,31,87974.06,2025-11-13,PENDING
7770,8305,5358,Motor Accident,2025-08-30,14201.94,REJECTED,0,55,77862.42,2023-11-25,VERIFIED
7771,22862,3808,Life Claim,2026-04-26,110614.05,REJECTED,0,62,68888.72,2025-01-07,VERIFIED
7772,3977,1851,Motor Accident,2026-03-14,15949.25,REJECTED,0,94,31349.42,2026-01-17,VERIFIED
7773,9526,315,Motor Accident,2025-12-09,43192.84,REJECTED,0,36,86402.56,2024-02-28,VERIFIED
7774,14313,5947,Motor Accident,2025-08-26,139723.77,PENDING,0,10,88312.93,2025-12-22,VERIFIED
7775,12756,7869,Health Claim,2025-12-02,17328.71,PENDING,0,96,40490.14,2023-08-08,VERIFIED
7776,15678,2622,Property Damage,2025-08-04,27631.88,REJECTED,0,73,92087.34,2025-11-19,PENDING
7777,24494,8450,Property Damage,2026-05-05,22770.84,REJECTED,0,89,14589.93,2024-07-28,VERIFIED
7778,23954,5550,Health Claim,2025-10-02,18174.04,REJECTED,0,19,89277.51,2025-06-25,VERIFIED
7779,22148,2327,Motor Accident,2026-01-07,48413.1,APPROVED,0,30,78810.34,2026-04-17,PENDING
7780,11264,5182,Health Claim,2025-06-07,36641.18,REJECTED,0,9,69491.96,2026-04-22,VERIFIED
7781,24598,2479,Property Damage,2025-07-18,35485.2,APPROVED,0,54,64888.61,2025-08-22,VERIFIED
7782,22302,9492,Life Claim,2025-10-28,70992.22,PENDING,0,17,39504.39,2023-08-25,VERIFIED
7783,16324,1045,Property Damage,2025-11-10,35700.07,PENDING,0,36,29487.7,2025-07-26,VERIFIED
7784,7183,4886,Property Damage,2025-06-26,19325.35,REJECTED,0,34,48742.12,2024-11-28,VERIFIED
7785,24916,7815,Property Damage,2025-09-13,44195.61,PENDING,0,55,76990.75,2024-07-13,PENDING
7786,1107,1502,Health Claim,2026-05-01,13328.84,APPROVED,0,6,93756.75,2026-02-19,PENDING
7787,9891,9444,Health Claim,2026-03-19,15227.37,APPROVED,0,30,46479.33,2024-02-19,PENDING
7788,4576,6600,Property Damage,2026-03-18,19398.99,PENDING,0,21,28844.61,2025-03-31,VERIFIED
7789,23762,299,Property Damage,2026-03-13,16384.89,REJECTED,0,89,51915.33,2024-06-10,PENDING
7790,12427,2059,Health Claim,2026-01-28,186190.26,REJECTED,0,100,96925.98,2023-08-10,PENDING
7791,134,2976,Property Damage,2025-07-02,6542.6,REJECTED,0,40,21908.73,2024-09-19,PENDING
7792,23346,7466,Life Claim,2026-04-25,32597.7,REJECTED,0,66,71106.85,2024-04-18,PENDING
7793,6909,7088,Health Claim,2026-04-13,142176.08,REJECTED,0,90,90856.26,2024-03-09,VERIFIED
7794,23776,3004,Health Claim,2026-04-17,47509.14,REJECTED,0,64,89717.57,2026-01-17,VERIFIED
7795,1181,8652,Life Claim,2025-07-22,2819.02,REJECTED,0,41,11312.67,2025-05-13,PENDING
7796,17345,8998,Health Claim,2025-11-20,3802.81,APPROVED,0,92,9981.16,2023-09-27,PENDING
7797,15554,6085,Property Damage,2025-08-06,18233.92,APPROVED,0,82,90751.02,2025-05-15,VERIFIED
7798,1068,7806,Motor Accident,2026-02-20,30493.42,REJECTED,0,9,45577.75,2026-04-18,VERIFIED
7799,20173,3999,Motor Accident,2026-02-28,25280.8,APPROVED,0,41,79941.34,2025-10-19,VERIFIED
7800,13160,7462,Motor Accident,2026-01-25,38790.85,APPROVED,0,54,21850.43,2024-01-01,PENDING
7801,20833,1439,Property Damage,2025-06-16,4839.28,APPROVED,0,70,14831.36,2025-11-12,PENDING
7802,5126,1680,Motor Accident,2025-11-27,8006.03,APPROVED,0,24,12397.84,2025-05-28,VERIFIED
7803,22542,3035,Motor Accident,2025-09-03,36585.39,APPROVED,0,38,24359.7,2023-09-20,VERIFIED
7804,7261,2718,Property Damage,2025-06-30,26727.59,REJECTED,0,95,59045.45,2024-02-08,PENDING
7805,22397,6861,Property Damage,2025-06-02,9011.17,APPROVED,0,24,23954.34,2023-11-28,VERIFIED
7806,24721,1559,Property Damage,2025-12-04,19079.96,PENDING,0,14,89485.33,2024-05-07,VERIFIED
7807,22059,7779,Life Claim,2026-02-25,26024.65,PENDING,0,92,48983.01,2025-12-11,PENDING
7808,12157,2207,Health Claim,2025-07-03,7155.87,PENDING,0,4,26602.57,2024-03-30,VERIFIED
7809,23688,4319,Property Damage,2026-04-12,5806.85,REJECTED,0,71,11501.08,2023-08-11,PENDING
7810,588,1067,Motor Accident,2026-01-21,48187.73,APPROVED,0,61,78655.24,2024-04-23,VERIFIED
7811,18198,2184,Property Damage,2025-08-22,125276.97,PENDING,0,100,70367.95,2023-07-15,VERIFIED
7812,5867,4088,Life Claim,2026-04-26,9556.77,REJECTED,0,62,47711.52,2023-11-08,PENDING
7813,18070,3252,Motor Accident,2025-12-04,103247.44,PENDING,0,58,91079.08,2023-09-29,PENDING
7814,24219,8249,Property Damage,2025-07-25,12450.67,PENDING,0,30,6369.18,2024-03-22,VERIFIED
7815,23105,3873,Life Claim,2025-10-20,68073.93,APPROVED,0,90,49590.08,2024-09-15,VERIFIED
7816,13628,8839,Property Damage,2025-10-25,109004.2,REJECTED,0,21,94080.92,2025-09-20,VERIFIED
7817,5621,2590,Motor Accident,2025-11-01,36020.02,PENDING,0,69,87548.13,2026-04-16,VERIFIED
7818,20626,9262,Motor Accident,2025-07-15,132704.87,APPROVED,0,49,76981.25,2025-09-06,VERIFIED
7819,18132,8665,Property Damage,2026-02-17,24921.04,REJECTED,0,24,41933.6,2024-03-28,VERIFIED
7820,9788,8503,Property Damage,2025-07-01,25132.67,REJECTED,0,90,78665.31,2025-04-29,PENDING
7821,11738,5095,Health Claim,2026-01-23,181045.57,PENDING,0,6,92398.13,2023-09-27,VERIFIED
7822,9798,3399,Health Claim,2025-07-07,7101.1,REJECTED,0,58,24572.3,2024-06-22,VERIFIED
7823,23682,5531,Life Claim,2026-03-22,19556.69,PENDING,0,15,80585.85,2024-11-10,PENDING
7824,9605,2396,Property Damage,2025-10-26,19480.77,APPROVED,0,68,12276.88,2025-12-15,VERIFIED
7825,20412,5803,Life Claim,2026-05-18,49459.07,APPROVED,0,15,78127.52,2024-07-25,VERIFIED
7826,16460,9345,Motor Accident,2025-12-19,23853.73,PENDING,0,94,56337.61,2024-12-21,PENDING
7827,19511,8572,Health Claim,2025-06-24,90188.16,APPROVED,0,43,51696.68,2024-01-03,VERIFIED
7828,19782,3196,Health Claim,2025-07-27,10395.57,REJECTED,0,77,75219.95,2025-10-25,PENDING
7829,6337,7813,Property Damage,2025-10-04,44601.18,REJECTED,0,46,27869.0,2026-03-15,PENDING
7830,20852,8427,Motor Accident,2026-03-08,21689.85,PENDING,0,8,70384.83,2024-05-02,PENDING
7831,8801,805,Life Claim,2025-08-09,11374.88,REJECTED,0,64,16290.21,2024-07-16,PENDING
7832,12707,834,Health Claim,2026-02-19,2197.04,APPROVED,0,79,10735.57,2023-11-28,VERIFIED
7833,7159,6039,Health Claim,2026-02-25,9220.48,PENDING,0,96,24065.04,2025-11-08,VERIFIED
7834,4555,4504,Life Claim,2025-11-05,7722.95,REJECTED,0,48,69279.54,2025-12-07,VERIFIED
7835,10690,9726,Property Damage,2025-05-30,3380.99,APPROVED,0,58,17398.52,2024-03-01,PENDING
7836,23759,2205,Life Claim,2025-09-29,19185.56,REJECTED,0,98,91296.73,2024-05-19,PENDING
7837,17220,4069,Motor Accident,2026-01-17,61382.12,REJECTED,0,80,40964.03,2025-02-24,VERIFIED
7838,4719,8171,Property Damage,2026-02-27,23457.17,REJECTED,0,29,46251.48,2026-04-06,VERIFIED
7839,86,1981,Motor Accident,2025-08-18,4925.06,APPROVED,0,20,16105.66,2025-06-21,PENDING
7840,10829,3784,Property Damage,2025-10-06,17085.02,REJECTED,0,1,44566.61,2024-11-24,VERIFIED
7841,18905,8866,Life Claim,2025-07-31,9499.6,PENDING,0,37,76859.39,2025-02-06,VERIFIED
7842,2413,1611,Life Claim,2025-12-03,29514.75,APPROVED,0,21,19796.36,2024-06-23,PENDING
7843,20756,9864,Motor Accident,2025-08-22,127705.8,REJECTED,0,3,69247.0,2024-10-30,VERIFIED
7844,3121,5233,Life Claim,2025-11-02,135726.41,APPROVED,0,7,93354.84,2025-03-01,VERIFIED
7845,19438,4914,Health Claim,2025-08-15,38685.67,PENDING,0,63,66789.65,2025-08-30,PENDING
7846,16272,9747,Health Claim,2026-05-12,18946.11,REJECTED,0,43,89478.89,2024-08-08,PENDING
7847,2724,2564,Life Claim,2025-12-05,10346.46,APPROVED,0,38,35989.03,2025-03-13,PENDING
7848,2056,1687,Life Claim,2026-01-21,74527.72,PENDING,0,90,70370.86,2024-10-22,VERIFIED
7849,16121,3762,Health Claim,2025-07-11,20063.88,REJECTED,0,47,75990.87,2024-12-27,PENDING
7850,22685,5646,Life Claim,2025-06-27,22991.54,APPROVED,0,3,76259.8,2024-06-01,VERIFIED
7851,6913,8348,Motor Accident,2025-07-05,39557.57,REJECTED,0,8,74397.2,2023-12-12,PENDING
7852,24233,2284,Property Damage,2026-01-13,135010.17,PENDING,0,3,99262.7,2025-11-14,VERIFIED
7853,23532,8372,Health Claim,2025-06-29,14822.37,REJECTED,0,61,36387.64,2025-05-05,PENDING
7854,549,6738,Health Claim,2026-02-05,12823.33,APPROVED,0,22,64801.09,2025-10-19,PENDING
7855,5186,4426,Property Damage,2025-12-24,10149.12,PENDING,0,82,51610.89,2026-03-07,VERIFIED
7856,8036,6608,Health Claim,2025-08-09,46238.29,REJECTED,0,96,33467.16,2024-07-21,VERIFIED
7857,5270,5487,Motor Accident,2026-02-06,19213.42,REJECTED,0,98,79109.57,2026-04-17,PENDING
7858,7211,151,Health Claim,2025-06-09,23885.56,APPROVED,0,99,63193.03,2025-04-18,PENDING
7859,9638,1214,Motor Accident,2026-04-12,22434.51,REJECTED,0,94,37168.03,2025-04-01,PENDING
7860,7274,9317,Property Damage,2026-05-24,58624.61,REJECTED,0,58,97140.11,2025-04-30,PENDING
7861,3421,9548,Property Damage,2025-09-27,7514.22,PENDING,0,67,69841.41,2024-09-18,PENDING
7862,13053,5754,Motor Accident,2025-12-23,5766.49,APPROVED,0,28,26795.39,2025-08-01,VERIFIED
7863,2535,279,Health Claim,2026-01-09,42907.05,REJECTED,0,75,71911.52,2026-04-01,PENDING
7864,7363,5160,Motor Accident,2025-08-19,27288.82,REJECTED,0,32,41085.73,2024-11-24,VERIFIED
7865,457,9286,Life Claim,2026-04-12,23050.09,APPROVED,0,94,35601.49,2023-11-10,VERIFIED
7866,18053,9050,Motor Accident,2025-10-23,28238.0,PENDING,0,62,49289.68,2024-08-26,VERIFIED
7867,16607,3355,Motor Accident,2025-07-02,9636.1,PENDING,0,37,81614.09,2025-02-22,PENDING
7868,11063,9055,Property Damage,2025-11-10,24588.89,REJECTED,0,54,70289.79,2024-05-23,PENDING
7869,5000,8881,Life Claim,2025-08-04,12040.73,PENDING,0,46,40303.76,2025-04-26,PENDING
7870,24050,7705,Property Damage,2025-11-22,3982.08,PENDING,0,28,16995.31,2025-08-02,VERIFIED
7871,18697,429,Health Claim,2025-10-24,25836.26,REJECTED,0,1,64041.37,2026-02-06,VERIFIED
7872,8666,550,Property Damage,2025-09-16,21953.82,APPROVED,0,59,47492.02,2024-11-28,PENDING
7873,536,8656,Life Claim,2026-04-09,6183.68,PENDING,0,29,19891.77,2024-12-31,VERIFIED
7874,9731,3652,Health Claim,2025-11-16,41711.85,PENDING,0,5,77822.98,2023-06-02,VERIFIED
7875,2862,5686,Life Claim,2025-06-07,16338.43,PENDING,0,93,91075.69,2026-04-03,PENDING
7876,9500,8882,Health Claim,2025-12-29,33692.34,APPROVED,0,6,96359.94,2025-01-17,VERIFIED
7877,8159,5712,Property Damage,2025-06-30,32028.58,REJECTED,0,73,96292.2,2024-08-26,PENDING
7878,4011,290,Property Damage,2026-01-04,6427.59,REJECTED,0,59,28323.58,2024-05-01,PENDING
7879,17544,4518,Property Damage,2025-09-22,47234.01,PENDING,0,25,24744.77,2024-11-29,VERIFIED
7880,6113,1113,Motor Accident,2026-05-11,30692.25,PENDING,0,57,54074.69,2024-02-18,VERIFIED
7881,8061,339,Life Claim,2026-01-31,37790.57,APPROVED,0,22,87766.67,2024-02-23,VERIFIED
7882,24312,3300,Health Claim,2025-08-01,7513.1,REJECTED,0,45,19406.1,2025-10-20,VERIFIED
7883,9347,3317,Health Claim,2025-06-20,12984.24,REJECTED,0,98,75754.8,2024-02-01,VERIFIED
7884,2829,3816,Motor Accident,2026-03-06,9341.66,PENDING,0,24,33500.44,2026-05-18,PENDING
7885,152,7866,Property Damage,2026-05-08,37375.33,REJECTED,0,77,55412.83,2024-11-28,VERIFIED
7886,24517,5204,Life Claim,2025-12-25,62848.7,REJECTED,0,95,48926.89,2024-07-14,PENDING
7887,15011,7643,Property Damage,2025-11-01,28851.9,PENDING,0,9,61543.69,2023-12-30,PENDING
7888,17801,285,Health Claim,2026-03-06,50755.43,PENDING,0,7,78111.77,2026-03-08,VERIFIED
7889,4795,5539,Property Damage,2025-10-18,45400.2,PENDING,0,41,73261.49,2024-02-28,PENDING
7890,13799,590,Property Damage,2025-09-22,22428.19,APPROVED,0,42,44863.66,2024-04-23,PENDING
7891,21922,6983,Life Claim,2025-12-18,8798.72,APPROVED,0,57,17515.1,2026-03-15,VERIFIED
7892,12633,2800,Health Claim,2025-10-05,36730.57,APPROVED,0,19,90004.29,2025-09-13,VERIFIED
7893,22205,7718,Property Damage,2025-12-05,12755.64,PENDING,0,53,99310.09,2023-07-09,VERIFIED
7894,8296,2712,Motor Accident,2026-02-22,12800.47,REJECTED,0,30,33068.12,2024-09-13,PENDING
7895,21753,3307,Life Claim,2025-06-09,26817.43,REJECTED,0,17,42758.23,2023-08-04,PENDING
7896,3444,3714,Health Claim,2025-07-28,99942.79,PENDING,0,9,64412.68,2026-01-13,PENDING
7897,1763,2264,Motor Accident,2025-10-21,41670.0,APPROVED,0,39,20958.45,2023-10-23,VERIFIED
7898,9330,2408,Property Damage,2025-07-15,64806.11,REJECTED,0,36,34702.02,2025-08-19,VERIFIED
7899,13866,7788,Health Claim,2025-10-02,5671.26,REJECTED,0,45,9064.5,2026-02-10,VERIFIED
7900,17102,1479,Motor Accident,2026-03-04,3549.19,APPROVED,0,16,9001.52,2023-10-14,PENDING
7901,23167,836,Motor Accident,2025-09-04,116727.47,APPROVED,0,45,68939.78,2025-04-12,PENDING
7902,2588,7417,Health Claim,2025-05-30,7331.47,PENDING,0,68,17300.12,2024-01-31,PENDING
7903,2170,8820,Property Damage,2025-10-05,8427.3,PENDING,0,90,15035.36,2024-06-18,VERIFIED
7904,8650,6158,Life Claim,2025-11-21,10588.82,PENDING,0,94,38334.2,2025-09-23,PENDING
7905,2617,304,Life Claim,2025-06-11,117896.9,PENDING,0,51,96933.09,2024-02-01,PENDING
7906,2246,3048,Property Damage,2025-12-08,54059.55,APPROVED,0,27,27555.35,2025-03-04,VERIFIED
7907,20878,9893,Life Claim,2026-04-16,18493.08,APPROVED,0,14,40242.77,2025-08-02,VERIFIED
7908,21635,5721,Health Claim,2025-10-19,13352.57,REJECTED,0,44,44525.19,2025-11-05,VERIFIED
7909,17400,1761,Motor Accident,2025-08-02,15241.41,PENDING,0,44,15220.03,2026-01-07,VERIFIED
7910,11352,4146,Motor Accident,2025-12-07,16440.16,APPROVED,0,51,38697.32,2026-03-07,PENDING
7911,6601,4443,Property Damage,2025-06-09,3600.0,REJECTED,0,90,9303.92,2024-04-11,PENDING
7912,12812,4070,Property Damage,2026-02-15,18681.38,PENDING,0,23,73985.56,2024-09-20,VERIFIED
7913,15561,872,Health Claim,2025-06-08,65110.88,REJECTED,0,4,52556.53,2024-07-21,VERIFIED
7914,2261,4402,Health Claim,2025-07-02,23117.38,REJECTED,0,20,53544.92,2026-05-06,PENDING
7915,3993,5431,Health Claim,2025-07-13,34822.52,APPROVED,0,53,79968.99,2024-06-08,PENDING
7916,956,5096,Property Damage,2025-07-27,47788.27,REJECTED,0,14,36414.32,2024-09-19,PENDING
7917,21059,5961,Motor Accident,2026-02-12,25677.25,APPROVED,0,10,50715.67,2025-06-01,PENDING
7918,23782,3149,Motor Accident,2025-11-17,32734.02,PENDING,0,54,75476.95,2024-12-18,VERIFIED
7919,23070,3808,Health Claim,2025-08-01,6920.37,REJECTED,0,4,12309.11,2025-11-01,VERIFIED
7920,2189,5670,Health Claim,2026-02-26,65973.57,REJECTED,0,94,53914.6,2024-04-28,PENDING
7921,11092,386,Health Claim,2026-05-02,11163.2,PENDING,0,52,22088.57,2024-06-21,VERIFIED
7922,5760,3858,Health Claim,2026-05-08,38026.11,PENDING,0,78,64795.36,2025-03-03,VERIFIED
7923,21874,6738,Life Claim,2026-02-13,1467.5,PENDING,0,73,11465.05,2024-07-25,PENDING
7924,9298,2709,Life Claim,2025-09-28,24101.32,PENDING,0,93,39707.21,2025-06-15,PENDING
7925,14258,4191,Life Claim,2026-03-10,33594.0,REJECTED,0,33,51716.66,2025-04-04,VERIFIED
7926,7003,1726,Property Damage,2026-02-19,49683.68,REJECTED,0,71,84321.91,2023-11-04,PENDING
7927,16897,8800,Motor Accident,2025-12-30,14563.34,APPROVED,0,79,67820.74,2024-08-21,PENDING
7928,22683,4028,Health Claim,2025-08-05,64147.98,PENDING,0,38,46740.66,2025-10-22,PENDING
7929,6544,9162,Life Claim,2025-09-01,34892.36,REJECTED,0,22,29953.1,2024-10-09,VERIFIED
7930,137,6960,Life Claim,2025-07-30,22121.24,REJECTED,0,83,97486.32,2026-05-01,PENDING
7931,8995,7106,Life Claim,2025-07-26,18712.53,PENDING,0,79,54229.75,2025-10-02,PENDING
7932,694,1720,Motor Accident,2026-01-03,12065.39,REJECTED,0,1,24451.2,2023-07-30,VERIFIED
7933,5104,3868,Life Claim,2026-03-04,10634.09,APPROVED,0,96,18462.79,2024-02-11,PENDING
7934,5152,551,Health Claim,2025-06-27,15224.7,REJECTED,0,32,78796.5,2024-11-16,VERIFIED
7935,9324,3548,Health Claim,2025-12-11,77299.79,APPROVED,0,14,46619.75,2023-09-30,PENDING
7936,3253,8111,Property Damage,2026-03-05,1505.01,PENDING,0,60,7715.32,2026-03-09,PENDING
7937,11994,1503,Motor Accident,2026-04-14,23288.27,PENDING,0,77,53343.29,2023-11-14,VERIFIED
7938,19463,7949,Property Damage,2026-03-06,9129.35,REJECTED,0,17,57027.4,2025-05-15,PENDING
7939,24960,2333,Property Damage,2026-04-02,2119.62,PENDING,0,77,8196.06,2024-06-07,VERIFIED
7940,12474,9969,Motor Accident,2026-03-11,65756.07,APPROVED,0,51,39112.94,2024-09-27,PENDING
7941,5681,1618,Property Damage,2025-07-05,37135.96,PENDING,0,35,54919.23,2024-04-21,VERIFIED
7942,13708,6468,Motor Accident,2025-09-24,22684.38,APPROVED,0,77,64233.86,2025-08-27,PENDING
7943,22193,405,Life Claim,2026-03-17,44769.98,REJECTED,0,37,94761.35,2024-03-28,PENDING
7944,5990,7064,Health Claim,2026-04-08,21379.23,REJECTED,0,79,62897.41,2023-07-10,PENDING
7945,24266,1892,Property Damage,2026-05-11,7525.21,REJECTED,0,86,24536.09,2025-05-31,PENDING
7946,7750,6735,Property Damage,2026-03-07,7665.22,APPROVED,0,37,33369.74,2024-01-05,VERIFIED
7947,4469,3035,Life Claim,2026-02-23,8742.0,REJECTED,0,20,37969.88,2026-03-21,VERIFIED
7948,11274,3130,Life Claim,2026-02-25,82027.46,APPROVED,0,60,56436.65,2024-11-04,VERIFIED
7949,6253,2984,Property Damage,2026-03-03,10987.0,PENDING,0,42,21255.44,2024-02-23,VERIFIED
7950,14463,4037,Motor Accident,2025-06-18,1831.48,REJECTED,0,16,7037.6,2023-10-31,PENDING
7951,12551,312,Property Damage,2026-05-23,39045.05,APPROVED,0,80,58264.45,2025-03-28,PENDING
7952,14603,7500,Life Claim,2026-04-09,71719.12,PENDING,0,41,57759.7,2025-12-24,PENDING
7953,3891,7103,Life Claim,2026-02-02,14976.78,PENDING,0,65,33522.65,2025-06-15,PENDING
7954,19912,2194,Property Damage,2025-08-10,4941.02,APPROVED,0,59,30463.68,2024-03-04,VERIFIED
7955,11236,9458,Life Claim,2026-01-28,89632.3,REJECTED,0,93,52944.18,2024-04-26,PENDING
7956,17012,6600,Motor Accident,2025-10-29,125353.36,APPROVED,0,58,62827.8,2025-01-05,VERIFIED
7957,5213,3140,Health Claim,2025-09-10,2636.11,PENDING,0,91,5832.46,2025-02-20,PENDING
7958,11163,9054,Motor Accident,2026-01-23,54487.0,REJECTED,0,78,84212.7,2023-11-25,PENDING
7959,16903,7887,Life Claim,2025-12-05,96696.12,PENDING,0,28,65874.38,2025-11-14,VERIFIED
7960,5187,5766,Property Damage,2025-11-27,2867.63,APPROVED,0,65,12646.85,2024-01-15,VERIFIED
7961,20761,5185,Property Damage,2026-01-30,39591.41,PENDING,0,74,86727.2,2025-05-26,VERIFIED
7962,14802,283,Life Claim,2025-09-13,20892.28,PENDING,0,72,40753.53,2023-11-06,VERIFIED
7963,17790,874,Motor Accident,2026-03-02,9320.98,APPROVED,0,28,15541.76,2025-05-23,PENDING
7964,1138,984,Life Claim,2025-11-14,73421.88,REJECTED,0,95,50312.51,2025-05-11,VERIFIED
7965,13986,4110,Life Claim,2026-03-29,21636.73,PENDING,0,1,80617.0,2026-03-12,VERIFIED
7966,18185,4718,Motor Accident,2025-07-31,61790.66,APPROVED,0,90,55633.88,2025-12-10,VERIFIED
7967,4778,4412,Life Claim,2026-05-21,12256.3,APPROVED,0,20,74053.76,2024-05-27,VERIFIED
7968,7577,857,Property Damage,2026-05-09,26380.62,PENDING,0,74,67485.08,2024-01-29,PENDING
7969,2316,4579,Motor Accident,2026-03-29,106016.58,REJECTED,0,87,96934.62,2025-12-19,VERIFIED
7970,7075,3200,Property Damage,2025-10-09,27355.69,REJECTED,0,10,59847.72,2023-08-07,PENDING
7971,18970,1488,Property Damage,2026-01-07,6051.61,PENDING,0,39,8838.41,2025-10-12,PENDING
7972,871,301,Motor Accident,2025-07-20,29302.92,PENDING,0,49,44361.38,2023-06-10,VERIFIED
7973,12406,561,Health Claim,2025-08-16,33619.76,APPROVED,0,55,69393.31,2025-02-09,PENDING
7974,11301,2556,Motor Accident,2025-09-10,2533.43,REJECTED,0,65,12532.89,2025-01-19,VERIFIED
7975,24633,7908,Property Damage,2026-02-04,9836.91,REJECTED,0,35,37994.7,2025-09-19,PENDING
7976,10625,3861,Motor Accident,2025-11-15,12318.82,APPROVED,0,6,72221.61,2023-11-21,PENDING
7977,859,1507,Life Claim,2025-12-23,17028.32,APPROVED,0,51,30298.67,2024-11-16,PENDING
7978,1074,3240,Life Claim,2025-10-25,19476.73,APPROVED,0,49,15697.95,2025-12-17,VERIFIED
7979,12057,8763,Property Damage,2025-07-25,61004.43,APPROVED,0,41,55711.17,2023-11-08,PENDING
7980,10198,4541,Life Claim,2026-01-16,26228.26,APPROVED,0,64,92355.82,2025-06-06,VERIFIED
7981,670,4838,Life Claim,2025-11-22,42110.96,PENDING,0,39,60457.29,2025-07-24,PENDING
7982,23425,303,Property Damage,2025-06-21,9371.17,APPROVED,0,4,26136.66,2023-06-30,VERIFIED
7983,15068,9591,Property Damage,2025-11-03,51426.98,REJECTED,0,58,91491.56,2024-04-03,PENDING
7984,15029,381,Motor Accident,2025-07-06,24632.63,PENDING,0,5,51177.77,2025-04-14,VERIFIED
7985,19685,7638,Health Claim,2025-10-17,47129.22,PENDING,0,33,76429.25,2025-01-14,PENDING
7986,15953,3298,Life Claim,2025-10-04,51884.18,APPROVED,0,85,44947.34,2025-01-11,VERIFIED
7987,7861,234,Life Claim,2026-05-15,37001.81,APPROVED,0,91,59974.84,2025-08-31,PENDING
7988,19670,2314,Health Claim,2025-10-20,59458.7,APPROVED,0,60,43189.2,2025-03-08,PENDING
7989,11953,3006,Property Damage,2026-02-14,31640.48,APPROVED,0,6,20044.81,2025-11-09,PENDING
7990,19070,7184,Health Claim,2025-08-28,155297.2,PENDING,0,79,87358.64,2023-06-15,PENDING
7991,3877,6590,Health Claim,2026-02-03,19627.01,APPROVED,0,89,29652.73,2025-03-02,PENDING
7992,22062,6959,Health Claim,2025-07-23,19080.99,PENDING,0,8,57087.51,2025-05-22,PENDING
7993,18410,2370,Health Claim,2026-01-14,16653.35,REJECTED,0,15,91940.83,2025-04-13,VERIFIED
7994,9645,7138,Property Damage,2025-05-26,2903.72,PENDING,0,70,5201.52,2024-09-03,PENDING
7995,20138,5856,Life Claim,2025-06-28,2591.49,APPROVED,0,81,25077.25,2026-01-02,VERIFIED
7996,17192,4051,Health Claim,2025-11-19,42671.37,APPROVED,0,15,66222.62,2024-11-10,VERIFIED
7997,335,8967,Health Claim,2025-06-04,7899.3,PENDING,0,11,30444.85,2025-03-25,PENDING
7998,15552,5111,Motor Accident,2026-03-23,30865.05,REJECTED,0,19,74973.13,2024-05-21,VERIFIED
7999,13996,6776,Property Damage,2026-04-14,61366.2,PENDING,0,65,35431.59,2023-08-15,VERIFIED
8000,18253,1223,Motor Accident,2026-01-23,13611.67,REJECTED,0,23,45612.61,2023-10-12,VERIFIED
