claim_amount,premium_amount,policy_age,repeat_claims,fraud_flag
45693.04,99285.76,642,0,0
28254.92,43737.57,537,2,0
30137.13,48449.63,132,0,0
30724.6,51526.87,733,0,0
17704.26,25360.08,908,2,0
115256.17,74167.52,6,4,1
96402.16,78225.29,7,3,1
32939.45,97580.47,702,0,0
12264.86,6272.03,3,6,1
6282.29,58549.33,61,0,0
17062.74,74936.97,60,1,0
34960.81,77987.35,93,2,0
15476.68,58333.14,633,2,0
12230.25,75748.51,387,1,0
1963.68,7356.86,824,2,0
121679.01,95828.68,8,5,1
37297.89,69181.55,147,1,0
37976.56,60835.19,390,1,0
35446.37,88689.78,409,0,0
11075.2,17145.64,52,2,0
11110.75,6451.58,4,6,1
12819.06,29101.75,838,2,0
15357.69,25023.02,874,0,0
5266.97,10487.11,309,1,0
10355.53,22293.37,312,0,0
11764.93,7861.4,9,6,1
16290.14,69494.37,509,0,0
77375.57,44105.14,10,3,1
29131.96,78279.2,611,1,0
13354.18,30183.54,889,1,0
23202.7,40349.77,579,0,0
3224.23,23844.16,501,0,0
53487.89,43842.16,4,4,1
27320.63,24594.21,1,4,1
5103.52,11588.86,59,2,0
5773.62,51211.84,632,1,0
22177.31,80003.67,301,1,0
57869.35,89776.12,490,0,0
11434.79,52599.91,284,1,0
45897.98,90759.19,189,2,0
91075.19,85881.66,6,3,1
11056.66,85107.31,399,0,0
29706.92,98669.48,876,2,0
25618.4,81632.67,481,0,0
111308.61,67413.07,5,3,1
26484.01,69266.01,464,0,0
32989.99,79328.06,141,0,0
67784.14,97208.37,892,0,0
11036.58,32973.28,956,0,0
130609.37,95138.03,1,5,1
30505.4,64372.28,794,0,0
37169.87,69246.9,675,1,0
140586.4,86922.25,9,4,1
1251.61,8270.39,801,2,0
138459.72,93123.89,8,6,1
8583.23,16952.27,728,2,0
58871.47,87335.82,977,2,0
3408.87,28529.82,790,2,0
23156.1,53732.07,868,0,0
9961.94,49112.32,282,0,0
4182.6,26317.99,571,1,0
111562.28,94058.75,10,5,1
145360.13,91830.28,9,5,1
1715.29,8402.57,719,0,0
8798.0,62180.88,304,0,0
69805.78,57974.19,7,3,1
44455.75,81678.85,180,2,0
15712.68,73408.35,354,0,0
85908.06,73359.53,10,5,1
47914.66,83821.13,887,0,0
17072.99,13968.78,10,6,1
4194.2,6622.13,754,2,0
57282.64,32278.85,8,6,1
15427.85,44128.18,655,0,0
53838.36,82396.68,959,1,0
80033.32,61028.31,2,5,1
15750.98,68408.45,446,0,0
11675.37,32108.12,539,0,0
60463.68,54041.42,6,4,1
62200.63,33543.16,9,4,1
22699.3,68616.68,679,2,0
63926.01,54320.32,9,6,1
11043.59,39346.43,137,0,0
103780.61,75159.46,7,6,1
136648.04,91480.99,10,5,1
143116.09,78723.04,2,3,1
19355.34,96573.15,867,2,0
24755.51,78158.69,828,1,0
3153.98,5579.88,50,1,0
126602.72,66966.24,9,5,1
76876.87,44154.6,5,6,1
28295.96,61534.3,447,2,0
45949.06,93632.49,481,0,0
18809.53,76431.66,192,2,0
35827.26,33014.55,9,6,1
24899.22,38754.2,477,2,0
22276.33,39050.21,804,2,0
10577.84,24944.32,687,1,0
19873.47,10687.43,2,6,1
36249.87,68646.0,450,0,0
90704.5,67132.45,6,3,1
135982.63,81990.97,4,4,1
6818.69,49981.68,736,2,0
63614.04,44217.11,5,3,1
8297.91,24729.67,337,1,0
39843.64,64039.09,340,0,0
25652.6,39469.13,361,1,0
31746.51,27836.89,1,6,1
12639.13,10030.37,6,5,1
27021.11,61807.1,833,1,0
33864.64,56504.98,86,2,0
19266.92,73896.56,938,0,0
30794.92,16916.36,7,4,1
17010.97,79550.38,109,0,0
1934.86,10081.99,256,1,0
7551.04,53897.64,67,1,0
24312.62,85252.18,112,2,0
109976.18,67158.22,7,3,1
44600.37,74494.0,668,2,0
9444.84,74174.29,394,1,0
72880.72,53289.03,1,5,1
41996.66,74108.18,554,1,0
23396.24,15450.13,6,3,1
43361.48,82011.42,854,1,0
51463.73,48180.52,10,4,1
18207.02,37574.9,446,0,0
27022.01,42964.83,711,2,0
14281.05,52642.43,250,0,0
28714.88,74271.14,989,2,0
7063.6,64852.85,724,2,0
33022.75,86604.77,777,1,0
83366.6,46085.81,7,4,1
27332.63,56742.3,271,1,0
41369.78,87184.99,501,0,0
20824.28,54499.98,994,1,0
96609.85,82760.55,8,3,1
2129.5,9820.58,213,0,0
26087.51,45767.7,851,2,0
19698.24,69248.12,622,2,0
4443.09,9077.5,589,1,0
15694.63,99940.06,557,2,0
32442.6,82511.87,88,0,0
16327.21,83513.28,890,2,0
24912.74,53606.43,649,0,0
38098.76,69410.5,800,0,0
57910.36,89928.16,746,2,0
1084.37,7904.09,668,2,0
28355.39,52123.19,268,1,0
51104.19,84989.78,582,2,0
14436.92,30256.36,790,2,0
10958.11,76249.61,52,2,0
29268.92,95119.64,946,1,0
5107.72,40600.79,293,1,0
34322.17,65503.65,288,0,0
109944.26,94138.24,10,5,1
7259.24,25819.39,906,0,0
2420.57,11023.32,90,2,0
51303.5,81092.74,344,0,0
90323.11,64103.3,1,6,1
50809.63,87579.04,57,2,0
43433.7,84494.93,464,2,0
5350.28,11666.58,948,2,0
92704.7,84956.33,3,6,1
3816.98,11742.63,664,2,0
155017.13,79995.05,8,5,1
22906.09,49047.63,764,1,0
41316.61,60720.11,727,1,0
25213.73,21126.63,2,3,1
12024.66,23220.45,993,0,0
33991.18,28162.78,4,3,1
26889.91,82311.58,261,1,0
8873.84,56836.48,628,2,0
23164.48,52855.31,221,1,0
22978.51,12990.96,10,4,1
29990.9,52584.89,880,2,0
4942.44,13618.61,121,2,0
40753.64,36083.48,3,3,1
149721.48,90223.91,10,6,1
2482.01,9494.78,764,0,0
37012.24,77584.54,972,2,0
17133.48,40039.94,753,0,0
42774.57,96032.9,443,0,0
4690.61,10277.7,199,0,0
104308.13,66280.12,4,4,1
51815.45,79003.07,550,0,0
54788.89,86738.07,657,1,0
38823.5,96873.31,455,1,0
103027.85,59373.19,7,4,1
112320.44,76692.11,5,3,1
13717.98,21799.27,781,0,0
11009.52,93516.73,248,2,0
83390.09,54788.13,8,5,1
29631.25,63777.05,47,0,0
3810.11,8996.36,121,0,0
34500.65,64067.41,151,2,0
15899.65,22754.63,109,1,0
34043.55,57731.69,536,2,0
13967.78,62469.66,69,1,0
15454.19,38561.3,301,0,0
13651.33,20522.53,934,0,0
40225.99,94908.05,877,0,0
28658.67,66835.78,684,1,0
10800.3,15519.74,807,1,0
9245.97,25604.09,105,1,0
12921.7,25686.55,790,2,0
6048.34,27333.66,603,2,0
4912.49,8305.02,496,2,0
17598.79,48371.71,636,2,0
15441.17,62716.97,672,0,0
51391.26,80451.88,550,0,0
4474.55,19921.75,190,0,0
29347.21,22787.95,5,4,1
158087.98,81216.4,5,3,1
13756.35,47990.8,242,2,0
116350.03,72613.07,7,4,1
44022.56,35141.65,1,4,1
11631.07,99007.19,691,0,0
89681.09,55289.24,5,6,1
8544.43,40162.73,185,1,0
47815.09,25482.25,2,3,1
24120.57,45462.35,105,2,0
10458.19,19873.59,141,2,0
15365.72,34926.69,521,2,0
42819.86,25332.81,6,5,1
82912.65,80005.94,9,4,1
15629.94,24754.73,941,1,0
105859.65,92786.84,10,6,1
24024.45,48584.79,757,1,0
4015.39,18223.57,395,2,0
7598.1,70797.68,526,2,0
95397.82,85143.0,4,3,1
7411.8,7085.35,3,4,1
12002.91,71732.38,620,0,0
154898.4,81465.28,9,5,1
4851.23,8266.6,506,0,0
34367.03,19936.0,6,4,1
41382.18,25844.08,10,3,1
33653.86,71959.36,294,0,0
78512.45,71523.79,4,6,1
6914.52,11508.62,252,1,0
34709.43,70102.71,733,1,0
5087.88,9884.27,877,1,0
13357.3,55001.18,311,2,0
14013.65,86734.72,215,2,0
7230.2,18514.13,197,1,0
23580.64,84676.68,673,2,0
2580.17,22855.85,298,1,0
6013.21,11362.03,883,0,0
9185.48,17797.17,230,0,0
23297.6,23209.31,4,4,1
34697.62,65990.5,604,2,0
32778.48,31910.82,10,5,1
39144.38,28269.69,4,6,1
6081.9,60179.63,68,1,0
16799.54,33191.45,239,1,0
5483.46,8506.47,457,0,0
38352.27,24207.76,5,5,1
17867.45,56734.75,916,1,0
5268.57,46293.04,174,2,0
85093.33,68343.25,6,5,1
3204.38,13274.93,359,0,0
10518.21,98374.92,71,1,0
38170.22,78547.32,104,0,0
28344.03,59776.22,688,0,0
7297.07,29982.3,583,1,0
5456.2,21868.87,84,0,0
30554.08,98727.28,319,1,0
52316.45,84434.67,126,1,0
28434.19,44292.82,504,1,0
41008.25,81653.69,151,1,0
17834.99,86038.9,608,1,0
22255.25,57139.18,899,2,0
155049.35,87256.31,3,4,1
87152.24,44892.07,7,4,1
15016.87,36812.48,348,0,0
98449.46,52835.46,6,4,1
12260.62,6700.07,5,6,1
39906.76,60882.72,157,0,0
51234.25,81239.09,890,1,0
20502.55,34712.66,366,0,0
52490.24,99790.98,344,1,0
10254.46,20979.0,143,1,0
20773.11,38363.47,783,0,0
7491.63,17375.64,102,1,0
41956.94,78061.58,865,2,0
29682.9,70410.98,43,0,0
24174.84,52124.67,743,1,0
142664.97,92083.51,7,3,1
27842.36,55568.03,888,1,0
28345.33,88642.73,823,2,0
19696.93,42099.96,799,0,0
15630.08,40915.25,336,1,0
30122.97,79626.44,801,1,0
32404.38,92802.61,569,0,0
6949.46,21099.65,656,1,0
6873.13,16454.85,782,0,0
1409.78,10710.7,334,2,0
19847.27,13972.83,5,4,1
39661.4,33325.64,3,3,1
112306.61,66203.93,9,5,1
7395.44,64997.44,624,0,0
38539.72,99417.38,612,1,0
44332.23,69134.71,791,1,0
141001.07,91029.93,9,3,1
11782.41,24964.62,109,0,0
59485.95,47861.85,9,4,1
52841.75,78918.57,416,2,0
33181.4,48316.85,264,2,0
10004.85,20296.42,283,0,0
14478.57,64059.79,207,2,0
5723.18,8935.82,904,0,0
86691.17,55864.2,10,4,1
54411.96,48793.2,7,5,1
57108.06,94754.44,108,0,0
54784.43,98217.53,662,2,0
39923.79,74830.71,774,2,0
13337.61,24156.25,555,2,0
113641.03,62133.72,3,3,1
80854.77,43889.63,4,6,1
55773.86,95791.34,720,2,0
3301.19,21103.96,469,0,0
50023.96,41031.68,9,5,1
125045.89,79209.81,1,5,1
14366.52,70363.35,548,0,0
36102.44,51992.78,744,0,0
23333.9,90694.53,579,2,0
17514.95,30295.26,586,2,0
16013.63,78783.51,248,2,0
34992.74,87172.33,141,0,0
8813.23,44058.74,497,1,0
3436.9,33490.04,980,2,0
7793.55,70543.49,296,0,0
7439.68,62328.61,63,1,0
72306.26,47762.77,4,5,1
75328.43,72148.27,4,3,1
4751.04,47147.07,73,1,0
19614.96,89863.95,806,0,0
100978.33,78632.86,4,3,1
149419.05,95391.21,3,3,1
31974.18,56002.75,40,0,0
13880.49,31844.77,297,2,0
55416.86,51461.49,10,6,1
16863.35,30531.08,525,1,0
26628.24,17565.03,9,4,1
39891.71,83533.56,928,1,0
43603.43,92797.31,786,1,0
9346.3,54458.81,369,1,0
7488.82,57266.16,447,2,0
43824.27,97903.46,917,2,0
23767.58,12334.88,7,4,1
1238.88,9845.66,831,2,0
23174.76,76537.05,719,0,0
5358.85,14613.54,660,1,0
15961.22,26097.57,115,0,0
12354.37,77927.58,186,2,0
71586.94,60579.16,10,4,1
30846.34,45998.68,457,0,0
14075.86,90649.13,713,1,0
23160.8,85144.63,442,0,0
109371.03,83224.89,8,3,1
6018.22,9838.02,476,0,0
36241.75,62356.02,719,1,0
33301.04,20739.47,4,6,1
5209.51,45039.74,272,0,0
51719.62,89339.32,296,0,0
92727.44,79111.74,6,6,1
11548.59,36930.6,921,2,0
23016.84,41336.13,242,0,0
53210.3,85437.5,948,1,0
10770.62,29980.24,959,1,0
62667.59,44373.05,2,6,1
20136.41,36140.17,184,2,0
62589.89,58396.59,4,4,1
57074.55,53537.9,5,5,1
15238.29,87921.3,618,1,0
70830.83,38627.37,6,6,1
28077.71,15930.37,4,6,1
10942.14,96916.17,843,1,0
31582.27,63460.44,634,0,0
54514.49,97184.12,50,2,0
47496.11,97801.69,892,2,0
65532.44,97232.26,448,0,0
4881.91,14864.91,595,2,0
1238.89,9330.09,376,0,0
4643.17,15178.12,969,2,0
11792.85,48627.43,628,1,0
25835.84,46654.92,360,2,0
16997.58,9068.01,6,4,1
37986.41,81231.48,646,2,0
36246.12,98602.1,950,0,0
37806.78,86922.69,400,2,0
135224.5,76354.28,6,3,1
7593.84,23389.69,664,2,0
38976.83,61324.07,233,2,0
48426.26,91482.86,57,0,0
137941.05,97001.83,3,5,1
8027.76,38011.49,218,0,0
44412.69,91958.09,915,2,0
9306.37,48069.91,407,0,0
6012.16,60106.38,652,0,0
11121.76,44812.04,424,1,0
17193.98,37988.04,236,1,0
36973.43,25711.01,8,4,1
50816.22,96536.18,964,0,0
3250.17,11649.23,515,1,0
44714.26,22376.62,9,5,1
2339.89,19344.81,859,2,0
6852.48,15696.36,367,2,0
8908.14,53783.56,505,2,0
5137.18,25513.1,461,0,0
4662.67,13773.59,659,0,0
16612.05,35235.31,558,1,0
20534.87,14471.65,5,5,1
16675.98,40699.51,933,1,0
58036.43,98114.39,37,0,0
18400.45,45147.84,416,0,0
18428.34,73476.57,76,0,0
80695.48,40700.05,10,3,1
37046.15,69297.89,188,2,0
23523.28,64477.12,490,0,0
19211.72,64822.5,184,0,0
73535.58,43996.36,1,4,1
9448.44,14895.27,478,2,0
28626.21,77308.4,995,1,0
15655.12,28229.64,442,2,0
6679.73,12641.52,609,2,0
11488.55,37249.99,820,1,0
44921.3,72987.85,989,1,0
59713.98,97508.1,851,0,0
43622.83,66774.17,53,0,0
22093.41,72054.5,185,0,0
6114.25,60511.16,52,1,0
28485.2,41910.31,200,0,0
36057.58,70455.66,698,0,0
35722.06,73764.96,670,2,0
7761.43,16343.93,217,1,0
13081.69,46731.72,94,0,0
16204.34,53394.33,711,0,0
7216.42,11342.9,648,1,0
26630.05,67985.24,53,0,0
39170.34,78407.67,84,2,0
10656.52,54132.11,577,2,0
21649.6,16424.19,9,6,1
17082.71,59832.93,774,0,0
6933.63,22538.5,529,0,0
20361.49,42968.06,935,0,0
1516.84,8423.35,330,2,0
7387.1,46330.73,359,1,0
25486.38,83541.44,598,2,0
18983.71,66128.81,491,1,0
49664.96,31550.11,6,3,1
9348.94,72313.27,528,1,0
4162.8,17990.0,547,1,0
41118.27,63766.5,700,0,0
43577.56,83610.43,761,2,0
24520.98,62686.21,388,0,0
36804.4,90017.69,381,2,0
46097.33,74600.19,470,1,0
107133.16,64015.0,6,3,1
20417.03,39147.14,339,1,0
18275.46,34750.23,694,2,0
14527.4,42486.15,673,1,0
7512.05,26651.42,154,1,0
18375.17,27770.38,988,0,0
22579.32,94829.31,273,2,0
127319.56,98558.63,4,3,1
29429.58,43954.66,148,1,0
46402.15,81191.2,128,2,0
23056.67,79248.83,197,1,0
7033.69,10485.37,322,2,0
21030.36,51433.3,869,2,0
34514.58,81994.07,412,2,0
15307.46,35853.86,286,1,0
34554.08,49587.01,907,2,0
3202.22,22278.97,336,0,0
5689.57,32151.88,707,1,0
94340.6,49432.0,2,5,1
3166.33,19110.58,641,2,0
24066.41,93036.14,985,1,0
40559.05,66938.41,318,1,0
180900.45,99999.32,5,5,1
5180.18,24966.7,234,0,0
4780.04,23748.07,348,2,0
94361.69,62541.12,3,6,1
4011.12,14271.22,744,1,0
18377.06,72823.33,502,1,0
9726.58,18205.73,627,1,0
7707.13,17315.06,776,0,0
134082.45,92350.04,7,3,1
66647.1,49687.68,6,6,1
19690.43,58764.73,772,2,0
55318.39,88611.92,686,1,0
33310.91,64192.06,203,2,0
10228.97,34025.97,149,0,0
83299.8,64158.37,7,5,1
8384.06,20903.41,813,1,0
14198.85,58582.49,392,1,0
26216.94,71551.61,454,1,0
19055.92,49442.01,84,2,0
16301.84,45211.83,772,1,0
87483.52,60606.66,9,6,1
21603.12,35448.63,183,1,0
35135.74,63422.13,800,1,0
35058.75,17788.63,9,4,1
30449.28,16684.56,2,6,1
5957.37,47938.49,237,2,0
27696.91,46308.21,113,0,0
55274.49,96969.39,684,1,0
100323.17,76427.92,6,4,1
40336.28,63525.96,831,0,0
8382.65,6558.25,10,4,1
32426.37,64219.84,426,1,0
14763.44,13887.93,10,3,1
10846.9,7301.34,1,6,1
6919.37,11100.09,904,1,0
170711.55,85991.98,4,3,1
23099.18,46910.08,363,0,0
10014.44,43314.25,156,0,0
2438.13,8024.25,533,2,0
3378.49,8031.18,683,1,0
11283.94,5906.05,4,6,1
93416.65,76330.61,6,4,1
12826.24,47630.76,434,0,0
14035.33,46026.06,570,0,0
27412.62,61521.4,443,0,0
10507.08,8424.63,3,4,1
25410.34,57413.66,832,0,0
31330.66,51912.07,620,1,0
28421.92,87565.54,687,1,0
27895.76,74914.42,165,2,0
14058.12,90750.26,972,2,0
6814.37,19882.05,471,1,0
9581.36,17157.05,431,0,0
3160.65,6751.06,498,0,0
23909.88,61483.71,195,2,0
52842.5,92967.45,630,2,0
26606.01,83503.47,354,1,0
7394.21,39071.5,947,0,0
90827.24,47708.53,2,4,1
22533.01,71816.72,586,1,0
37578.66,53977.47,378,1,0
18502.76,53703.38,138,2,0
66583.79,44922.61,7,3,1
9232.16,15829.22,523,0,0
88336.0,75382.74,10,4,1
22350.84,97140.88,516,2,0
29692.43,83509.92,760,1,0
105295.56,78277.78,8,5,1
59972.5,32541.36,1,6,1
59166.11,46802.27,1,5,1
7100.55,58806.13,207,1,0
19516.91,62416.86,592,1,0
53079.56,77150.36,237,0,0
23947.05,64237.81,219,1,0
11846.44,29792.27,215,0,0
12074.55,21482.79,180,2,0
55238.64,45831.56,7,4,1
17847.28,74448.08,375,2,0
40830.14,70848.2,902,0,0
32221.89,60544.76,294,0,0
10736.82,44006.29,373,1,0
136653.54,84203.22,8,3,1
20986.61,68242.49,550,2,0
65219.17,98441.89,239,1,0
12247.15,8004.03,10,6,1
10984.85,21403.07,123,1,0
100280.35,57804.02,5,6,1
129228.64,73196.84,10,3,1
27241.09,49217.02,527,1,0
44938.08,30196.35,7,3,1
47276.92,25234.41,9,3,1
30897.09,21819.57,6,5,1
8761.45,19242.62,626,2,0
42434.23,27807.56,3,5,1
56575.57,92724.86,91,2,0
12100.77,87178.23,57,1,0
19018.58,65179.99,72,1,0
31465.35,88971.51,257,0,0
21635.61,39594.25,887,2,0
52571.03,76343.84,613,2,0
5029.59,26913.19,66,2,0
74025.26,65596.68,7,6,1
17836.2,13118.95,1,5,1
15010.63,44903.03,876,1,0
5222.28,11062.78,474,2,0
3786.7,5981.4,642,2,0
35860.04,86082.31,361,2,0
34696.56,79930.27,681,0,0
24318.37,35748.02,217,0,0
6553.46,65450.07,752,0,0
17996.45,59696.29,123,0,0
47491.74,27764.62,9,6,1
25124.2,56089.05,75,0,0
34800.65,55388.35,773,1,0
1061.71,9292.13,66,0,0
40173.83,77230.19,325,2,0
14474.32,55241.55,108,0,0
138556.37,71447.87,3,6,1
10626.14,5832.5,7,4,1
44017.51,29648.04,7,4,1
51515.59,96543.91,950,2,0
56807.18,29083.1,3,3,1
1044.11,9591.47,325,2,0
20091.67,57224.87,199,0,0
127111.94,90450.25,9,6,1
21778.81,49089.0,362,1,0
31838.99,66575.38,748,0,0
116372.96,70004.45,9,5,1
11919.44,34944.48,296,2,0
9857.56,79536.11,708,0,0
20115.22,62549.92,49,0,0
133775.56,76741.21,5,4,1
35166.45,77281.48,647,2,0
11624.16,18396.29,987,2,0
36536.18,77650.81,681,2,0
3442.69,28448.1,420,0,0
38110.09,33588.09,9,4,1
3934.43,20935.56,619,1,0
31004.74,18167.08,7,6,1
30678.32,60632.01,495,0,0
3423.19,11649.28,241,1,0
92753.66,54376.23,2,5,1
4423.92,25876.5,300,2,0
9790.39,73824.08,281,1,0
13558.73,59420.33,262,2,0
11921.82,21622.32,65,2,0
39174.14,34808.11,2,5,1
105539.48,57218.68,10,4,1
25206.78,81460.54,580,2,0
7153.39,15587.16,386,2,0
36224.89,98765.72,938,0,0
13125.46,46792.72,787,0,0
114341.47,98768.73,10,4,1
20354.24,39341.55,554,2,0
25509.72,47762.21,808,2,0
8595.45,20879.96,348,0,0
10277.87,26119.54,377,1,0
10238.04,59285.79,306,1,0
108095.86,60123.47,8,4,1
6018.7,59574.56,834,1,0
40538.27,82406.09,282,0,0
9162.34,13221.47,677,1,0
38469.66,87270.27,370,1,0
28244.06,49797.07,200,1,0
12804.99,58228.67,384,0,0
5197.23,17729.71,107,1,0
28929.26,84151.68,540,2,0
12485.86,22586.96,336,2,0
14236.8,58463.98,719,0,0
7314.56,51782.53,381,1,0
61133.44,95741.98,323,2,0
14308.07,44848.64,153,2,0
6269.07,16910.43,863,0,0
20737.94,47999.31,787,2,0
12825.98,56716.82,493,0,0
46616.24,75138.35,92,1,0
16820.76,41265.98,704,0,0
43893.83,37456.45,1,5,1
24027.37,89607.4,444,1,0
6180.85,15365.64,812,0,0
32130.01,16445.78,6,6,1
9447.16,17260.49,285,1,0
30610.94,70254.35,453,2,0
137493.65,81387.07,9,6,1
56590.54,92813.87,413,0,0
69968.97,42432.71,2,4,1
57275.9,95850.65,99,1,0
39968.08,95015.38,64,2,0
2038.0,17235.74,658,2,0
18006.5,55263.42,638,0,0
35338.69,63320.57,252,0,0
10186.0,95377.19,52,0,0
198024.64,99986.37,2,5,1
18559.6,11806.01,8,3,1
125580.55,64808.51,7,6,1
48209.17,72828.08,780,2,0
8422.57,21157.55,51,1,0
31694.46,51512.53,581,2,0
22812.89,33226.58,258,2,0
20525.79,85102.74,531,0,0
30363.71,53602.04,1000,1,0
7531.09,35322.29,682,0,0
140755.94,80804.65,7,4,1
14534.63,63069.24,510,1,0
13610.37,21712.05,271,1,0
57668.25,96301.69,384,0,0
144851.0,99191.56,9,5,1
2719.89,6784.08,186,0,0
29938.58,91912.27,790,1,0
8729.61,12706.84,757,2,0
11703.3,83401.51,706,0,0
94388.92,87031.01,2,5,1
109374.31,62754.98,6,6,1
20236.03,69043.57,306,0,0
139447.31,85674.75,3,5,1
1371.93,5713.1,534,2,0
6392.89,10019.76,51,2,0
53927.9,83903.51,896,2,0
2788.05,22676.01,908,2,0
44457.38,74646.65,253,2,0
27407.68,24421.52,8,3,1
30243.5,74258.07,177,0,0
32280.63,67395.06,204,1,0
38417.2,24230.49,10,4,1
119523.64,97373.81,3,5,1
13104.51,27460.96,865,2,0
15819.73,32597.82,109,2,0
10994.9,80709.02,317,2,0
5385.74,37953.16,723,2,0
23458.7,15888.19,8,3,1
82234.54,46673.46,8,5,1
17455.73,60237.91,574,0,0
52225.07,91325.59,686,1,0
17126.55,10696.0,6,5,1
118414.15,86812.2,9,5,1
13832.4,59370.82,848,1,0
17564.76,69841.72,236,2,0
10845.31,38145.94,492,0,0
41326.31,71152.36,303,1,0
31411.71,73518.06,243,0,0
12027.29,50106.38,831,0,0
26607.88,52327.88,743,2,0
146250.13,91012.61,4,3,1
64821.02,34677.29,5,3,1
19793.99,37641.25,237,0,0
166354.72,93500.4,3,5,1
3808.99,35523.61,809,1,0
26815.27,58747.99,149,0,0
2414.43,5591.21,146,2,0
132914.04,85749.22,6,5,1
17270.8,11733.07,6,3,1
34136.61,78057.56,834,2,0
36546.51,76041.18,31,1,0
22226.19,69799.06,285,2,0
37821.92,25643.15,10,5,1
43625.08,70444.63,144,0,0
10577.89,97236.21,887,1,0
26684.71,58667.38,914,0,0
5988.98,52265.66,192,2,0
81621.93,79309.86,9,6,1
10721.77,56777.31,738,1,0
20117.66,58127.97,137,2,0
4111.67,21782.95,495,0,0
66720.52,57234.35,5,4,1
11043.79,70303.23,417,2,0
8311.24,75938.64,989,0,0
10587.92,53274.2,478,2,0
112791.36,95596.79,9,4,1
10092.49,39311.55,399,0,0
41352.53,27561.4,7,4,1
33209.17,68546.94,361,0,0
32989.4,67517.86,775,2,0
3264.16,5654.97,521,1,0
5371.08,44557.86,145,1,0
5024.0,34187.55,326,0,0
11394.53,7698.65,9,3,1
9418.01,41279.67,289,2,0
65265.59,99952.07,843,1,0
9129.8,48613.42,999,2,0
21886.7,61527.25,863,2,0
2761.79,6342.79,198,0,0
40246.38,58003.68,1000,1,0
1559.3,8998.38,30,1,0
60788.96,41212.85,10,4,1
10670.98,66265.46,290,1,0
177377.44,96453.77,10,3,1
14766.79,67541.3,305,2,0
12976.05,85145.28,642,2,0
11192.48,33950.81,949,2,0
2966.76,27218.9,441,0,0
25539.43,50434.51,677,2,0
31394.05,58309.51,922,2,0
6733.47,27637.37,756,2,0
67776.23,56178.44,1,6,1
14381.41,55530.61,930,1,0
17279.09,60423.41,872,2,0
11422.71,6216.9,7,3,1
117255.17,84876.03,10,3,1
16275.61,75528.42,538,2,0
19774.91,31092.15,248,0,0
12552.78,34069.28,423,2,0
104980.96,93446.92,7,6,1
23702.68,42558.38,827,0,0
5967.2,59497.14,834,0,0
16674.0,63424.46,973,2,0
30056.25,24648.13,4,6,1
44820.99,28316.76,1,4,1
43651.78,85953.76,506,1,0
94633.93,54172.97,1,5,1
25629.86,72883.97,656,1,0
6703.48,25255.2,685,0,0
20803.91,16439.06,3,5,1
157062.61,93238.55,2,4,1
27667.86,62241.76,826,0,0
56768.25,47191.63,4,3,1
16362.76,12473.19,7,3,1
13793.41,20351.01,197,1,0
20787.67,37559.71,949,2,0
64508.18,36942.0,7,6,1
21123.31,73510.81,831,1,0
24996.34,19754.86,5,5,1
59511.18,86304.73,994,2,0
22234.91,86763.4,731,0,0
26898.23,77818.81,629,2,0
89359.91,78662.7,5,6,1
63411.2,44967.2,8,4,1
15852.57,14077.13,9,6,1
18671.53,85958.14,261,1,0
13536.71,63246.69,658,2,0
83630.31,50091.01,8,6,1
14109.81,44261.82,111,1,0
5920.42,46141.59,698,0,0
4138.6,29838.9,984,2,0
4725.16,7210.93,165,2,0
3502.22,13929.19,779,1,0
19953.4,28651.9,970,2,0
12345.46,29075.8,440,1,0
33261.49,85195.95,266,0,0
26621.01,68877.78,964,0,0
7509.47,11956.04,236,0,0
88466.1,58315.18,9,4,1
24313.37,76814.17,702,0,0
3851.61,12884.4,734,2,0
40968.5,61035.11,804,1,0
13409.22,7316.31,10,4,1
21522.57,20120.13,5,4,1
14989.68,85682.49,973,1,0
19751.46,52469.74,391,1,0
9245.23,70452.45,806,0,0
18060.5,91871.91,853,1,0
7800.01,24369.19,727,0,0
23253.52,62285.83,574,1,0
3644.86,25348.53,697,2,0
123879.52,62052.22,1,3,1
48284.29,33040.11,9,5,1
52798.33,83283.29,252,1,0
15760.14,23877.3,949,0,0
115659.74,91439.74,6,3,1
27837.81,72033.67,58,0,0
10451.97,28492.48,955,0,0
14145.82,61078.76,981,0,0
90742.63,75266.56,1,6,1
20097.79,77601.73,208,0,0
11620.05,37089.3,727,0,0
20360.4,35205.05,650,1,0
57482.13,90367.11,551,1,0
28988.28,83682.2,158,0,0
5515.24,8942.4,48,1,0
5897.18,54531.49,678,0,0
18235.51,35391.38,393,1,0
15513.7,49739.02,211,1,0
69636.89,35197.38,4,6,1
22849.6,51170.39,62,0,0
6411.14,61634.26,235,0,0
36912.35,32377.95,2,6,1
2939.01,23326.83,985,1,0
4864.49,42334.29,408,2,0
33910.23,26670.86,1,5,1
9727.68,82697.37,483,2,0
138024.41,93451.97,3,5,1
13957.21,82374.61,32,0,0
42062.04,85060.51,195,0,0
8414.87,27321.36,644,0,0
21759.64,67390.86,644,2,0
163713.42,94684.4,7,6,1
164481.39,97293.92,5,3,1
80849.4,63988.82,3,3,1
34785.02,61125.17,319,2,0
13581.94,23444.87,774,1,0
42798.55,76979.67,585,0,0
42568.04,76708.51,575,2,0
3771.72,20697.74,462,2,0
38578.03,28124.97,9,6,1
24335.89,63160.46,942,0,0
13455.91,34094.11,301,2,0
92708.93,75105.38,5,4,1
26672.55,95109.8,501,1,0
9885.71,31360.19,343,2,0
39028.28,28670.6,5,5,1
14100.83,42448.29,280,2,0
3691.69,9021.97,304,0,0
20572.64,47484.2,138,1,0
19597.66,77508.17,933,0,0
2699.66,9768.3,543,2,0
24861.01,89782.58,428,0,0
35472.21,22761.7,2,6,1
43571.41,70034.88,742,2,0
15017.72,36074.98,422,2,0
14640.59,26936.64,917,2,0
6766.41,6474.68,9,3,1
6091.87,11614.22,666,0,0
14579.32,51665.03,354,1,0
39603.54,30610.42,5,5,1
13669.4,36083.89,82,1,0
16070.48,62633.45,256,0,0
34157.54,84101.67,958,2,0
44799.3,42216.32,9,6,1
32674.02,68715.83,797,0,0
93990.84,79237.62,5,6,1
85403.38,44980.53,1,4,1
171449.25,91523.01,8,6,1
24503.74,60609.91,146,0,0
29997.14,51701.42,892,1,0
5779.92,19995.65,770,0,0
3419.78,5485.39,591,0,0
16474.65,62435.73,262,0,0
9553.77,41620.81,314,1,0
745.6,7140.23,32,2,0
4187.02,15686.69,582,0,0
97708.26,83265.36,4,6,1
57095.57,91303.88,682,2,0
83882.12,62319.51,7,4,1
41725.5,75475.27,537,2,0
13221.16,52617.4,942,1,0
76735.74,66290.77,8,3,1
20129.79,36138.55,565,0,0
164902.66,91353.71,2,3,1
29480.86,53443.76,913,0,0
184650.66,97999.62,2,5,1
24764.2,23407.01,2,6,1
42927.87,84108.26,58,1,0
42466.38,65972.76,268,2,0
44549.07,72924.83,399,0,0
43325.76,30484.85,5,3,1
6392.59,17369.7,624,0,0
23978.25,98307.82,855,2,0
5770.46,33999.91,854,2,0
33782.27,79387.99,187,0,0
1044.54,7007.12,520,0,0
43949.23,80347.43,826,2,0
4678.35,22999.15,189,2,0
85817.73,81400.3,3,4,1
7264.84,7169.54,4,5,1
24200.08,18011.17,4,5,1
137665.85,73544.84,9,6,1
80428.97,63639.76,8,5,1
9355.53,41087.75,156,1,0
13791.37,27736.79,257,2,0
10650.49,26304.49,685,1,0
56409.99,84241.33,267,2,0
47003.2,75526.08,422,1,0
20085.89,41754.64,684,1,0
3887.33,7288.26,938,0,0
28594.56,74234.92,1000,0,0
8310.88,30913.61,449,0,0
17760.87,71204.43,825,2,0
7100.01,5361.23,6,5,1
26585.28,15867.79,4,3,1
7557.38,17988.03,918,1,0
14608.27,37623.14,297,1,0
3908.46,6121.15,602,0,0
34368.79,84909.74,694,1,0
49316.64,78064.32,865,1,0
94423.25,92910.73,8,5,1
54594.76,99481.03,56,1,0
11084.16,48285.29,869,1,0
692.6,6619.73,899,0,0
18855.79,52853.13,384,0,0
7829.65,60758.35,129,1,0
5820.64,13350.32,237,0,0
6739.32,14629.6,193,1,0
113146.53,68796.88,1,5,1
28204.25,40518.7,678,1,0
117766.36,80855.52,3,6,1
6318.1,55478.99,523,2,0
27372.83,55863.63,131,0,0
54164.33,95077.14,69,0,0
4061.37,23416.03,939,1,0
27198.19,43435.46,594,0,0
23939.89,52835.89,339,2,0
57006.36,92708.57,287,0,0
8742.84,53855.49,212,2,0
16176.18,64651.05,87,2,0
5964.38,56702.66,612,2,0
2743.17,18379.71,403,2,0
3339.04,20683.6,727,1,0
5396.28,15602.95,580,0,0
20176.25,11941.05,5,3,1
14962.68,37422.92,261,2,0
4577.63,24505.83,245,2,0
21173.95,31513.34,545,1,0
3861.77,26575.26,807,2,0
9960.72,15237.25,121,1,0
27897.06,48962.91,228,1,0
43880.59,38093.86,1,5,1
33449.0,18698.53,1,3,1
45790.2,38167.34,1,3,1
35262.45,93024.58,808,0,0
19532.05,87352.24,679,1,0
3141.85,12240.72,334,0,0
6731.49,37800.99,186,0,0
49450.87,34870.67,6,3,1
60259.3,37859.84,3,6,1
7732.37,16899.05,112,0,0
15025.1,14373.96,2,6,1
23695.6,50711.29,340,0,0
40509.67,36683.91,6,6,1
50174.82,44302.29,3,6,1
3907.14,6130.31,276,0,0
116429.4,63542.2,5,3,1
51622.58,75515.86,852,1,0
16040.12,48431.51,76,1,0
23770.34,43525.15,360,0,0
43791.66,72857.81,879,0,0
5261.81,15387.2,125,0,0
6303.62,29369.87,920,1,0
133178.83,81666.48,9,3,1
58402.7,90062.54,875,0,0
29895.69,83395.1,380,2,0
42306.62,71372.95,766,0,0
12398.43,61731.69,278,1,0
4770.35,7066.69,132,1,0
89211.34,56630.05,2,4,1
34716.06,72527.37,98,1,0
104098.03,69209.51,7,3,1
126615.95,77262.16,8,6,1
32466.87,71663.36,192,1,0
1152.43,8825.96,187,1,0
18191.84,54889.48,914,1,0
6213.58,24078.48,315,2,0
22168.81,52563.09,511,1,0
32645.2,29299.01,6,4,1
50125.81,27602.87,5,4,1
8423.53,17369.16,283,2,0
20680.66,46600.37,651,1,0
29259.55,98107.73,111,1,0
7662.91,42219.77,735,2,0
13565.3,31442.47,666,2,0
75830.48,60162.14,6,3,1
50547.17,82676.78,572,2,0
112670.54,79162.45,1,3,1
14544.93,49332.34,279,1,0
13032.98,33270.93,209,2,0
26477.95,62380.06,777,0,0
39979.98,59922.7,790,1,0
21177.26,30591.91,512,2,0
40985.68,69219.99,845,2,0
11521.83,72774.12,38,1,0
12883.05,64969.93,717,2,0
21742.38,51090.51,611,1,0
7026.24,12194.51,796,0,0
9212.68,32951.68,307,0,0
30135.4,80275.38,240,2,0
8618.41,17245.27,814,0,0
42028.79,85388.0,849,1,0
13519.32,70315.71,916,1,0
20546.93,13882.08,10,3,1
32428.01,52644.83,270,1,0
14231.4,31654.53,466,0,0
140556.42,98821.48,8,6,1
82119.13,48343.34,8,4,1
154724.22,99594.95,9,3,1
16063.06,32773.27,60,0,0
31764.24,55340.96,530,0,0
94708.81,51706.78,6,3,1
10164.45,19715.36,406,2,0
7974.52,52172.39,246,2,0
52250.61,77344.07,274,1,0
4100.98,18009.02,642,2,0
45155.58,93520.23,982,2,0
28842.5,44663.91,317,1,0
8438.09,79788.5,55,1,0
11924.38,11548.37,3,4,1
143464.17,97150.44,6,5,1
145481.38,80269.69,1,5,1
2783.73,10072.24,766,0,0
1788.18,6144.24,661,0,0
33205.2,88154.76,578,1,0
1359.81,10177.07,573,2,0
137007.07,71746.39,6,6,1
62087.92,42155.36,1,3,1
32929.02,22906.6,10,6,1
6885.22,13634.35,772,0,0
18369.99,58717.89,566,1,0
2609.37,22733.26,216,1,0
12116.23,70564.37,784,2,0
5863.52,26724.89,227,0,0
29621.19,69603.48,198,2,0
9426.53,5625.34,4,6,1
8119.29,62582.34,319,1,0
14581.53,57467.84,144,0,0
13940.99,49879.14,937,0,0
36014.32,73814.04,142,0,0
20173.5,73389.08,531,0,0
148051.46,77141.53,4,4,1
13862.93,43809.76,146,1,0
20528.57,32316.37,415,0,0
93793.29,48651.06,6,6,1
18823.72,75115.48,870,1,0
39499.22,90816.44,362,2,0
142542.78,90817.11,8,3,1
11925.84,18390.39,675,0,0
39355.35,35044.68,8,4,1
33023.55,59294.4,876,2,0
13418.79,39616.06,851,1,0
8792.1,54760.56,374,1,0
162299.57,81695.31,1,6,1
39483.39,94169.24,558,1,0
41591.45,90538.04,639,1,0
22718.69,35752.87,213,0,0
82598.87,70545.06,5,4,1
15337.32,64979.52,610,0,0
34345.71,94833.2,713,2,0
13537.85,68581.94,596,2,0
33175.48,86447.33,70,2,0
14304.86,23625.85,576,0,0
26389.53,19555.43,8,4,1
9661.05,41451.45,988,1,0
65825.98,42036.59,1,6,1
2396.04,11080.3,446,1,0
23912.69,89828.49,141,1,0
9835.74,22623.7,319,1,0
65037.24,52003.54,10,4,1
20010.33,35237.87,662,2,0
21709.92,49851.65,682,2,0
89078.53,52433.35,4,6,1
10212.52,77171.32,186,0,0
82704.45,54199.18,1,3,1
27683.69,44549.75,256,1,0
11890.52,48914.57,67,1,0
37633.69,66635.06,620,2,0
157779.96,81626.76,3,5,1
1694.94,6838.9,980,0,0
12619.94,27264.72,620,1,0
10996.44,70873.63,185,0,0
38112.93,71137.38,125,2,0
10554.07,74436.14,456,1,0
91889.58,54631.33,2,6,1
22769.36,36518.9,572,1,0
8956.51,61213.32,664,1,0
121134.58,70833.41,9,4,1
9987.23,15698.72,593,1,0
4172.06,8951.48,120,1,0
48154.44,80194.99,462,1,0
17395.54,9494.27,6,5,1
15002.28,52924.53,672,1,0
20128.2,30537.93,943,1,0
4402.11,24258.38,323,0,0
10796.14,24608.51,166,2,0
57486.56,35287.41,6,6,1
29047.03,95343.93,646,1,0
25269.81,41476.22,777,2,0
42938.19,95583.62,741,1,0
8305.71,81968.46,816,2,0
61741.66,98413.26,826,1,0
47251.81,34604.89,4,3,1
36570.33,19364.55,4,4,1
52207.61,78500.07,547,0,0
46057.37,31994.6,1,3,1
2066.62,9216.1,152,2,0
28622.57,84307.69,297,2,0
17483.2,35582.53,104,0,0
23422.36,45750.05,648,2,0
3646.62,10002.35,892,0,0
14958.62,45714.33,994,0,0
105094.69,70773.9,5,6,1
20033.19,45423.34,182,0,0
11939.49,63050.09,510,2,0
25340.75,60058.59,174,0,0
26923.25,72692.79,898,0,0
6366.17,15193.82,413,2,0
18619.67,36090.87,259,1,0
4158.62,37977.97,893,0,0
47732.32,77505.75,259,1,0
8230.76,38694.67,282,0,0
33598.18,57705.13,112,2,0
28752.64,93737.39,963,0,0
6249.31,11342.01,145,2,0
41313.87,62591.68,796,2,0
126502.52,68134.69,8,5,1
25234.21,57433.11,284,0,0
20216.28,29469.32,565,2,0
19583.13,39768.11,157,0,0
75428.25,40330.9,10,5,1
5044.91,10077.82,987,2,0
124461.29,62678.13,10,3,1
51254.56,40683.71,5,3,1
6045.22,51560.85,241,1,0
38893.56,77073.72,930,0,0
30905.88,72120.01,441,0,0
13807.37,92067.2,847,1,0
28454.58,62286.34,519,2,0
40898.43,61800.79,250,0,0
5715.25,30305.08,831,2,0
10786.23,38298.0,761,2,0
34983.05,71797.62,400,0,0
13896.01,44828.79,677,2,0
18791.64,93326.9,928,0,0
8738.43,60857.86,90,1,0
12774.08,7092.4,10,6,1
54863.99,92508.1,468,1,0
31504.74,47113.56,470,1,0
65353.86,51281.59,2,3,1
3729.51,17721.38,429,2,0
31807.14,46712.75,880,2,0
8999.1,40703.64,452,2,0
19164.15,64951.6,293,2,0
9461.52,18564.78,241,1,0
20378.21,82457.42,138,2,0
33906.57,53950.17,54,2,0
22901.8,48453.65,426,2,0
3851.45,37815.25,597,2,0
5323.66,20852.41,115,2,0
13379.69,6828.76,1,6,1
11023.11,19948.18,736,1,0
13282.61,20540.99,403,0,0
109896.93,56290.63,3,3,1
52016.18,78940.35,774,1,0
9127.6,88752.71,49,0,0
112867.3,91069.0,7,3,1
36006.71,29902.62,1,4,1
40851.95,74213.92,615,1,0
68091.48,36591.35,6,5,1
20031.69,33085.12,122,1,0
52811.94,81652.17,204,0,0
77293.93,51090.73,10,3,1
54199.99,42836.39,9,4,1
23512.42,20214.16,2,6,1
30952.33,44683.27,889,0,0
3351.56,26052.92,130,2,0
52505.47,33387.35,2,3,1
114137.98,92234.98,7,5,1
5702.88,11933.39,116,0,0
14637.83,94915.52,579,0,0
17002.23,60676.12,863,2,0
9610.18,36015.4,309,0,0
57442.88,96155.92,93,2,0
784.38,5605.2,255,2,0
30125.67,45938.11,948,0,0
23546.03,49222.99,241,2,0
35886.0,33821.68,4,3,1
87717.59,84552.5,7,3,1
6673.59,50513.98,165,2,0
12255.83,68415.23,859,2,0
6015.03,11851.97,304,2,0
12154.46,39687.36,863,0,0
14565.92,24191.24,478,2,0
42695.34,69729.57,694,1,0
13343.72,59721.34,892,0,0
15689.16,37585.69,206,1,0
54372.3,83138.5,262,2,0
46490.42,93349.7,52,2,0
7929.16,16473.38,260,1,0
142405.18,83626.67,7,4,1
17332.61,40288.75,843,0,0
46820.35,92832.12,955,1,0
21270.79,57872.99,669,2,0
17158.59,28525.0,536,0,0
111377.14,80385.88,10,5,1
43284.21,87562.94,768,2,0
38997.54,58315.43,913,2,0
22065.25,11359.61,5,6,1
14886.83,73295.51,566,2,0
1413.0,7325.82,542,1,0
13206.69,55718.58,235,0,0
7698.28,44719.32,479,1,0
120451.87,68217.8,1,3,1
59640.07,33226.7,10,3,1
52613.72,31343.11,5,6,1
100962.07,71624.18,6,3,1
18110.23,37330.84,779,2,0
27356.36,85586.55,541,1,0
9825.4,68824.83,372,1,0
5383.95,9412.11,919,2,0
30744.25,68595.72,789,0,0
75110.95,62335.31,1,3,1
8702.36,26832.36,578,0,0
19222.74,30089.02,218,2,0
34216.2,99973.37,957,0,0
50121.2,80125.53,281,0,0
35494.26,63438.22,862,2,0
24274.57,77626.0,519,2,0
15140.67,64847.5,383,0,0
9337.14,29223.88,116,1,0
57252.73,97594.2,479,0,0
8217.15,69022.26,317,1,0
43655.84,75007.78,615,1,0
127225.89,86094.06,9,4,1
8903.29,14260.64,430,2,0
19773.67,40667.31,348,0,0
15747.69,45762.03,512,2,0
26152.63,54408.67,199,2,0
25574.28,40806.05,530,0,0
28284.67,46529.66,111,2,0
2955.61,29431.86,144,0,0
33926.24,92500.21,770,2,0
8169.17,56360.43,869,1,0
5948.46,9062.79,222,2,0
46048.77,27340.95,1,6,1
86601.0,57754.42,9,5,1
6307.61,10257.35,123,0,0
25243.91,59584.74,907,0,0
29239.13,24328.93,1,3,1
36139.31,28391.87,1,6,1
6966.92,43176.31,803,0,0
5551.82,19247.15,839,1,0
59620.24,93005.39,753,0,0
22421.21,13901.49,8,6,1
9448.88,18102.78,554,2,0
6064.74,21639.93,921,2,0
25436.31,64733.92,69,1,0
15231.61,35417.55,174,0,0
27313.43,45323.35,187,0,0
18282.31,91862.46,886,2,0
38453.35,29019.39,6,6,1
9876.88,45541.34,444,0,0
53449.34,83980.76,372,0,0
147524.56,77062.44,4,3,1
27063.75,47029.97,219,2,0
9306.6,8542.59,2,4,1
8707.63,65572.78,832,0,0
4894.59,24043.2,787,1,0
50345.01,26571.49,4,4,1
11805.19,22213.68,656,1,0
1813.95,8094.82,665,0,0
41090.35,72778.62,731,0,0
34871.14,25676.77,9,3,1
56479.36,36768.89,4,6,1
96945.7,70072.7,2,6,1
9021.55,77295.68,388,1,0
62377.28,35091.04,9,3,1
4519.36,34124.7,706,1,0
6096.26,8828.84,304,0,0
19541.95,34307.09,650,0,0
81323.9,76245.93,9,4,1
3605.63,26199.91,875,2,0
22323.83,35471.21,499,0,0
5291.64,10473.61,95,0,0
13941.93,46029.57,416,1,0
27781.43,45225.55,263,0,0
18914.68,89203.43,571,0,0
21699.2,79060.23,672,0,0
7452.13,19924.04,528,0,0
6079.71,30445.9,738,2,0
85752.41,65683.43,6,4,1
3640.33,30249.15,243,0,0
104510.68,61996.72,3,3,1
15161.86,94902.66,590,1,0
14876.64,41593.24,505,0,0
65061.58,32796.23,3,6,1
13111.65,29369.79,244,0,0
55681.74,82756.75,767,1,0
35747.48,81548.85,297,2,0
52058.71,42593.88,6,3,1
57782.66,48694.29,3,6,1
117769.8,80804.6,8,6,1
19711.73,40413.44,690,0,0
28466.29,67599.32,300,1,0
31788.47,19638.94,1,5,1
35445.86,81144.61,889,0,0
20338.06,37090.09,311,0,0
4513.61,18696.64,413,1,0
19212.35,11249.52,7,5,1
33710.52,81291.51,569,0,0
8409.82,47667.53,187,2,0
48117.55,79911.15,167,2,0
11898.92,23639.6,279,2,0
12062.5,18009.47,515,2,0
5110.52,44345.34,603,2,0
8893.49,23398.09,289,1,0
47753.03,74269.79,585,0,0
8018.54,6155.17,9,4,1
79383.16,74668.17,10,3,1
11504.1,75350.29,739,0,0
17605.94,80974.35,841,1,0
38330.75,82915.91,286,0,0
25431.53,68146.41,315,1,0
3569.99,21645.33,596,2,0
7076.22,16004.75,226,2,0
16668.67,46982.49,163,2,0
141917.97,86599.63,9,6,1
6125.82,26798.51,985,2,0
27951.72,20569.05,5,5,1
7330.66,13729.88,345,2,0
92833.15,71558.94,9,3,1
14131.1,92925.53,840,0,0
45577.23,29555.76,8,6,1
10110.26,63085.42,972,0,0
10780.58,39778.83,164,2,0
19063.16,82236.99,179,2,0
102676.45,65467.94,2,3,1
33755.24,57631.33,828,1,0
42553.69,98246.13,447,2,0
19821.88,56184.33,249,2,0
39679.67,81660.87,235,1,0
21695.01,56932.05,742,0,0
38289.19,67233.89,956,2,0
53463.29,29509.3,8,3,1
23120.9,48342.52,238,1,0
3850.52,11390.0,858,0,0
5843.68,49739.09,153,1,0
31957.48,91877.59,696,0,0
53832.04,44130.71,6,4,1
133453.25,67935.09,10,4,1
3618.54,15911.38,184,0,0
109706.81,60457.78,4,4,1
49486.05,70826.59,814,2,0
43996.52,32255.7,4,4,1
12179.62,80557.54,486,2,0
41615.84,72342.35,272,0,0
32109.89,93152.89,79,2,0
8899.36,36752.41,604,2,0
177400.33,96923.63,10,6,1
95212.54,93107.06,9,4,1
84721.99,66161.47,5,5,1
2631.89,21870.43,853,0,0
6040.08,11955.14,409,0,0
36417.78,97597.11,922,0,0
15544.55,84290.17,932,2,0
15494.75,30960.16,194,1,0
99043.7,62680.02,2,5,1
23348.41,76884.19,297,0,0
49809.44,99297.8,953,0,0
12815.88,31745.08,50,0,0
42162.47,93378.56,57,2,0
19801.37,86666.93,502,1,0
38721.56,96960.68,261,1,0
103851.35,72197.84,1,3,1
42774.84,85349.79,122,2,0
18980.23,64060.63,404,0,0
21745.04,34180.0,417,1,0
2181.99,14316.8,933,2,0
43450.22,84830.48,481,0,0
19206.16,37199.19,369,2,0
11295.96,18967.98,416,2,0
28069.19,68257.08,840,1,0
28149.48,86511.78,754,2,0
107125.89,75087.15,4,5,1
30804.83,93599.51,106,1,0
17955.91,52548.98,984,2,0
74104.3,47076.03,4,6,1
107933.16,57371.98,10,5,1
4696.36,8462.46,479,1,0
164659.13,86113.08,7,6,1
107263.83,54535.25,1,5,1
14722.96,27551.88,110,0,0
58150.03,96285.73,821,0,0
5145.81,7474.38,219,1,0
25337.81,66320.58,210,0,0
110043.84,69234.49,6,5,1
187247.5,98743.96,9,5,1
6334.62,53858.14,287,1,0
137052.45,86376.29,1,5,1
10189.94,31310.79,525,0,0
48140.28,98625.1,150,0,0
7722.17,15775.21,949,1,0
12540.66,27348.91,371,0,0
9908.31,90266.54,40,2,0
1077.72,8083.31,207,2,0
3134.59,15454.36,248,1,0
47147.8,77707.25,55,2,0
40055.21,29140.41,4,5,1
5429.35,24833.56,985,0,0
35515.01,97808.99,917,0,0
20859.92,44925.43,557,1,0
1069.67,7284.1,149,2,0
28537.63,52577.77,46,0,0
147258.77,80191.2,5,5,1
20952.79,17728.14,5,6,1
15913.21,85217.71,627,1,0
34278.38,77546.46,949,0,0
37813.51,89651.86,828,0,0
61127.8,55716.2,10,4,1
144952.19,99060.97,3,5,1
16960.78,56719.86,380,0,0
11735.49,31824.97,604,0,0
60120.49,39914.95,3,6,1
3033.59,5369.8,938,2,0
92721.2,51929.87,4,4,1
21084.59,68653.99,938,0,0
15546.33,27952.07,670,1,0
13915.64,23746.71,952,0,0
30039.91,48921.51,312,1,0
34778.75,29173.88,8,6,1
22552.17,68961.76,715,0,0
40363.3,67989.66,570,2,0
39348.07,56850.63,244,0,0
24368.28,40123.09,873,1,0
47583.64,85173.3,419,0,0
42186.93,66435.39,207,1,0
5979.83,11732.4,321,2,0
9681.86,14118.76,157,0,0
40412.93,87959.07,85,2,0
74498.7,42042.05,10,5,1
20694.41,71428.05,129,2,0
145664.71,73050.02,3,5,1
10512.12,54369.16,584,1,0
111636.12,71647.56,3,6,1
37280.64,73303.49,354,0,0
30869.66,56850.08,677,1,0
92652.4,76424.44,6,6,1
5501.0,8330.55,300,2,0
30514.82,65426.63,135,1,0
93792.45,50729.22,7,5,1
63118.53,62185.43,3,6,1
28288.81,54541.03,875,2,0
23618.83,38811.07,934,2,0
8221.48,22106.01,328,1,0
42689.07,98571.08,923,1,0
11965.83,51753.18,787,2,0
31759.88,16553.46,7,3,1
22797.14,54457.5,664,0,0
35707.74,69291.67,65,1,0
15228.69,28040.87,854,1,0
13772.73,22240.01,939,0,0
10863.25,57005.0,128,1,0
19058.85,35653.62,205,2,0
119654.68,93902.91,3,5,1
24665.9,49580.63,102,2,0
5864.86,38118.43,904,1,0
49163.4,30573.37,10,6,1
5812.63,10223.47,366,2,0
37908.82,54471.17,571,2,0
58264.99,32978.12,2,4,1
11265.38,25341.85,301,1,0
3727.73,6423.3,372,1,0
20652.86,51419.44,80,0,0
17125.25,63045.91,36,0,0
14140.34,28643.69,590,1,0
85893.14,75316.66,6,3,1
19128.27,57435.59,718,1,0
10852.75,42275.91,432,1,0
29001.86,63880.72,538,1,0
16237.12,35156.28,323,2,0
5842.83,13379.54,803,0,0
3944.86,15735.94,578,2,0
11553.56,35882.19,760,1,0
96079.73,71296.79,3,4,1
6583.4,10581.9,320,2,0
36674.75,57939.76,917,1,0
62095.87,93114.63,86,1,0
8051.1,17674.29,285,0,0
16781.58,28223.25,364,1,0
7397.69,10777.98,93,2,0
3713.91,23047.73,450,1,0
2909.87,24415.14,868,1,0
20923.4,85738.4,259,0,0
40185.09,75505.75,408,1,0
66967.66,97336.02,945,2,0
9311.57,23183.51,622,2,0
43890.07,74780.44,908,0,0
26382.69,52887.95,771,1,0
5355.71,36887.83,969,0,0
61160.21,94695.91,875,0,0
100614.57,51924.45,3,6,1
29767.91,65414.45,881,2,0
8847.62,20687.1,375,1,0
18137.95,10959.22,7,5,1
29450.75,42987.4,567,1,0
32383.3,23799.28,9,5,1
68059.44,34456.73,9,4,1
10658.25,20425.61,816,1,0
5486.27,11337.83,829,0,0
18069.98,33784.84,229,1,0
49021.68,36917.94,6,4,1
27266.63,67514.64,106,2,0
25761.23,61293.69,41,2,0
4985.76,14772.31,933,2,0
10181.48,16660.07,972,2,0
18918.76,76467.87,710,2,0
45809.56,76334.83,524,2,0
595.41,5621.66,780,0,0
17138.96,49290.32,260,1,0
30200.79,50066.23,817,1,0
2528.66,9067.76,845,0,0
54835.15,33626.46,5,5,1
7176.17,11613.04,285,0,0
14733.87,9419.36,3,5,1
38683.88,75423.18,315,2,0
2425.04,5643.05,37,0,0
52865.24,91173.54,302,0,0
54124.28,87128.13,45,2,0
83869.41,47746.54,3,5,1
88295.98,82919.62,3,3,1
126886.75,80891.3,6,3,1
13013.33,91302.68,662,1,0
101072.37,62282.9,8,5,1
15306.56,31541.83,594,1,0
8423.67,38490.31,648,0,0
47158.17,25368.53,7,5,1
9241.99,29855.47,585,2,0
2576.74,16388.58,149,1,0
9370.62,6625.92,7,6,1
19679.01,30874.25,996,2,0
18603.73,87430.93,753,0,0
19747.04,73543.08,313,2,0
115395.37,68405.98,1,5,1
43274.35,77307.2,430,0,0
13670.15,77143.52,74,1,0
75858.71,54965.94,2,3,1
10792.67,93600.39,829,1,0
42828.52,80073.12,661,2,0
51337.9,98507.55,587,2,0
27189.31,39699.78,97,0,0
20575.87,50790.17,838,2,0
22347.92,78600.73,941,1,0
5132.43,37223.63,759,0,0
23695.99,81789.97,918,2,0
14197.22,21190.5,657,1,0
73620.06,41213.05,9,5,1
14461.79,85861.28,63,1,0
48946.64,81579.89,724,1,0
35338.93,98274.91,291,0,0
111507.4,74027.6,2,3,1
42774.56,92202.38,777,0,0
43621.38,65203.53,294,1,0
50172.87,93711.54,68,0,0
79265.15,57305.62,10,4,1
14616.3,47188.51,249,0,0
11980.1,94842.06,485,0,0
10367.29,22817.5,173,2,0
42657.02,76497.91,176,1,0
93674.03,59063.18,3,4,1
23913.33,39394.35,739,1,0
117767.67,61673.17,9,5,1
8417.68,83526.6,116,1,0
29172.22,21363.82,2,5,1
38856.99,56339.08,739,0,0
24063.39,57429.89,82,2,0
97818.31,52611.64,7,5,1
29933.47,49420.94,562,0,0
1094.71,5661.96,358,0,0
23086.6,47677.79,71,1,0
8320.27,33520.36,51,0,0
25039.61,37255.78,541,1,0
36124.82,87553.65,710,2,0
18962.9,61285.15,486,1,0
3284.23,17743.67,583,2,0
12747.5,90963.85,531,2,0
60136.98,99776.0,600,2,0
56425.95,34102.74,10,6,1
90379.66,86919.88,3,6,1
17446.57,68541.62,791,1,0
77129.83,63624.2,9,3,1
7258.03,63297.74,694,0,0
23658.41,56572.05,266,0,0
17268.0,64948.34,678,0,0
64214.21,63068.58,8,6,1
14878.32,39166.72,149,1,0
34109.25,85444.08,508,0,0
1884.22,16098.16,727,0,0
5690.69,9669.29,878,0,0
4097.16,6120.66,624,0,0
1207.18,9592.84,572,0,0
95891.26,72449.02,4,5,1
53861.09,92829.56,228,1,0
39925.17,22824.92,6,6,1
100691.61,84980.22,7,5,1
12113.78,95114.02,535,0,0
50446.02,80073.93,331,0,0
22845.32,43700.3,545,2,0
7528.08,35013.21,370,0,0
23672.52,22317.11,6,5,1
41367.5,75801.49,820,1,0
15916.92,66749.42,444,2,0
12237.85,21987.13,692,0,0
31036.0,62271.43,545,0,0
14709.88,11614.94,3,3,1
6128.89,8894.46,142,2,0
16834.56,36525.99,946,0,0
11888.9,27849.79,858,0,0
1382.52,9075.31,721,1,0
6506.65,45102.71,62,1,0
8354.85,81253.93,908,2,0
44441.83,70102.66,236,2,0
110951.17,84892.51,10,5,1
3416.87,21485.73,454,1,0
31621.22,57506.16,447,2,0
12851.24,29214.13,95,1,0
8833.39,27252.04,45,1,0
20270.44,83388.59,48,0,0
22889.54,59714.49,429,1,0
5582.6,8524.53,630,1,0
49936.7,75580.06,499,1,0
1390.32,9785.95,274,0,0
16828.04,60715.64,57,0,0
986.59,5487.48,45,1,0
15951.16,43821.04,224,0,0
26030.42,77476.98,470,0,0
28875.35,53261.75,854,0,0
53747.45,83825.56,257,1,0
12945.79,68250.68,494,2,0
5683.38,15740.63,40,1,0
23369.73,81643.67,834,0,0
38942.94,92565.02,688,1,0
49779.23,85897.18,975,2,0
43135.24,22236.49,8,4,1
21157.7,36673.3,118,2,0
22623.58,46529.2,843,2,0
15924.17,75483.41,953,2,0
23436.22,36937.85,117,2,0
24738.32,48793.78,173,1,0
7627.71,26914.09,413,2,0
26290.65,87149.67,46,0,0
16939.26,13424.37,2,5,1
59606.8,90221.25,113,0,0
58523.86,42991.16,5,3,1
16861.93,44758.33,968,0,0
19686.0,44548.6,139,1,0
37003.98,19966.94,9,4,1
44700.89,79044.79,560,1,0
28678.39,73524.21,212,1,0
24814.54,15661.84,9,4,1
71380.34,37447.82,8,5,1
7609.63,15102.73,961,2,0
26915.43,40663.54,931,0,0
20221.64,42257.03,428,1,0
2807.41,8898.58,618,0,0
35084.87,63820.73,692,2,0
10580.77,90807.69,879,0,0
38651.71,34186.19,3,5,1
26503.39,54286.36,819,0,0
37887.61,62075.93,228,2,0
41209.8,79523.95,78,2,0
19584.57,67227.41,405,1,0
29125.31,88636.4,643,1,0
49174.47,42444.34,5,5,1
41941.31,99817.32,144,0,0
1462.14,6728.52,973,2,0
18979.62,12408.5,1,3,1
6371.82,35098.88,590,2,0
56933.61,34166.71,10,3,1
137941.23,74940.96,2,5,1
22423.34,64483.94,659,2,0
3335.02,7468.2,581,0,0
37523.09,92319.84,396,0,0
31887.82,75613.6,941,2,0
75624.58,67466.8,10,5,1
42397.01,77834.52,641,2,0
1322.41,10055.02,945,2,0
89668.35,62522.09,9,5,1
26695.07,94311.52,203,0,0
126253.85,85759.26,9,6,1
68687.56,47859.98,10,5,1
38589.55,67924.35,167,1,0
10010.42,30131.25,207,1,0
8200.58,48847.27,642,2,0
22256.14,77194.48,451,0,0
18904.19,80886.64,150,0,0
11445.19,55719.13,743,1,0
2611.77,8731.71,505,2,0
8808.36,54974.04,251,1,0
1362.37,6526.08,940,2,0
49726.68,92992.01,570,1,0
11620.87,47322.91,152,1,0
58242.86,29133.99,10,4,1
71920.56,42533.14,10,5,1
11913.82,59605.09,350,0,0
10230.18,29126.02,707,2,0
14895.76,22413.14,342,1,0
80261.76,68141.99,3,3,1
13460.07,31888.95,533,0,0
29011.39,63434.72,353,2,0
47923.86,46592.68,5,6,1
9262.38,22334.53,256,0,0
88617.2,68161.79,1,6,1
166536.48,96445.2,3,4,1
20079.06,36412.36,182,0,0
6515.96,36620.81,755,2,0
13017.66,81066.32,900,1,0
32481.59,51449.7,452,2,0
39440.59,90369.87,191,2,0
59516.74,47951.11,10,6,1
34924.57,70745.08,381,0,0
10992.35,21615.74,653,1,0
25756.19,76019.66,285,0,0
40433.31,79592.82,240,2,0
15993.79,60652.15,549,2,0
42711.16,29340.58,10,3,1
51223.33,76855.2,633,2,0
12315.73,25457.81,930,1,0
3638.85,5233.8,783,1,0
19915.95,93698.69,941,0,0
15501.87,69533.39,453,2,0
40299.2,69099.33,775,2,0
9776.82,68638.35,668,1,0
6890.63,9886.85,793,1,0
43656.58,99094.41,511,2,0
3760.56,28051.12,836,2,0
11049.72,23650.87,892,2,0
7242.48,29335.25,770,0,0
10487.72,43353.42,515,1,0
8440.2,15153.55,634,2,0
20994.47,52217.64,533,1,0
9513.83,49661.77,368,1,0
7131.8,34437.24,31,0,0
13932.07,53075.48,740,2,0
26989.31,77592.26,512,2,0
81548.06,77846.85,4,4,1
21653.25,99868.9,876,1,0
2761.84,24544.57,373,2,0
7267.23,47979.35,562,1,0
35588.88,77849.2,731,1,0
2913.16,11628.23,260,2,0
33530.76,31769.31,8,6,1
83637.82,64215.16,1,3,1
55586.26,36402.8,7,5,1
49590.77,98013.77,204,0,0
13623.23,24247.14,387,1,0
15805.58,61192.74,269,0,0
55372.61,86364.66,502,1,0
17745.53,36334.19,108,1,0
30769.37,82404.0,56,0,0
11180.91,17423.88,580,1,0
50111.66,75967.26,787,1,0
10368.37,20273.51,507,0,0
4018.02,21120.46,647,2,0
53999.27,48312.19,8,3,1
1507.77,10997.29,101,1,0
132884.44,80382.9,3,3,1
20352.31,93171.05,862,2,0
24172.84,16755.71,1,3,1
37825.9,59716.13,459,1,0
1990.64,6765.03,560,1,0
54059.4,79300.0,517,2,0
14916.98,37738.48,569,0,0
9012.09,67331.16,44,1,0
6289.01,42808.6,895,0,0
73124.85,50212.75,3,6,1
17249.64,31774.85,909,2,0
16915.73,29428.96,286,2,0
15102.96,66432.31,984,0,0
4950.1,10653.37,944,2,0
44051.36,82718.08,189,0,0
28858.67,90810.23,728,1,0
3843.28,19433.64,417,2,0
12545.8,62746.32,262,2,0
29574.54,72874.92,771,1,0
10408.68,99788.72,322,2,0
16475.19,28238.72,600,1,0
2589.96,13021.07,741,2,0
37070.71,62193.51,127,2,0
90434.19,47111.77,1,4,1
20736.53,75816.94,205,1,0
150351.41,76806.79,5,6,1
3485.78,26712.34,387,2,0
11071.58,76465.25,161,0,0
2167.76,8251.4,863,0,0
37469.29,58662.22,50,1,0
63930.93,54920.19,1,3,1
72287.58,64397.02,5,5,1
35411.92,58482.08,425,0,0
40733.08,67833.27,376,0,0
9673.17,27104.05,986,1,0
82836.13,42954.75,7,5,1
18264.13,54230.67,623,1,0
44722.69,64425.33,74,1,0
8137.64,72565.27,859,1,0
29542.44,53615.3,594,1,0
11628.3,35144.51,219,1,0
51736.62,74586.34,269,0,0
2696.06,24231.73,327,1,0
105543.85,53032.38,9,6,1
25827.89,50956.74,548,0,0
31024.73,69569.54,487,0,0
8122.76,51203.16,61,0,0
26229.5,14596.52,1,6,1
31688.8,51365.71,510,1,0
99546.49,68879.86,1,4,1
91824.69,82461.79,2,5,1
7542.84,27906.55,816,0,0
1609.64,7018.92,466,1,0
43051.71,38920.21,6,6,1
7889.01,18309.94,896,1,0
28811.1,16938.68,3,4,1
7359.62,24363.47,838,2,0
25537.07,57977.95,568,1,0
62296.02,91464.34,515,2,0
30656.76,56473.69,546,2,0
54098.24,77658.66,353,1,0
7127.14,47304.48,662,2,0
3462.96,20731.47,97,0,0
61150.2,42474.22,3,3,1
102313.39,64111.05,10,4,1
5010.14,42197.26,326,1,0
1204.37,6941.72,447,1,0
95554.23,62608.24,1,4,1
7904.49,55769.95,259,0,0
47210.91,23924.41,9,6,1
10046.35,29106.33,961,2,0
44187.97,93795.62,148,0,0
18489.19,32424.6,34,0,0
5823.98,12595.13,903,0,0
6768.01,26568.15,33,2,0
30140.85,70221.44,868,0,0
31595.42,80856.92,841,2,0
15119.34,49686.63,910,1,0
12060.14,44825.57,810,2,0
157177.42,94910.68,5,5,1
37173.64,80052.64,557,2,0
7198.53,20199.92,990,1,0
20413.45,57698.05,596,0,0
60825.15,93165.54,118,1,0
15171.05,75817.78,128,0,0
3608.7,7909.41,87,0,0
39351.9,74887.02,997,1,0
102887.02,90578.67,9,3,1
7363.83,31956.52,891,0,0
17215.33,44901.44,766,0,0
17415.49,48111.16,519,0,0
32778.12,23397.71,6,3,1
7030.68,26431.94,542,2,0
29585.07,72625.6,608,2,0
25557.65,38617.18,806,0,0
88540.66,72309.18,6,6,1
16882.14,30690.97,178,2,0
90699.38,56394.45,2,3,1
52514.52,27164.23,6,3,1
20941.31,46900.96,857,1,0
47676.37,71166.44,646,1,0
26197.51,78574.26,799,2,0
109455.35,64926.54,9,6,1
10858.32,31058.35,898,2,0
43823.77,40570.08,6,4,1
106977.25,72209.76,9,6,1
11555.15,55812.79,374,0,0
138265.39,72555.45,1,4,1
9492.14,25879.86,997,1,0
24978.08,36835.73,103,0,0
61671.08,90192.93,218,2,0
79168.23,59846.86,8,3,1
76274.71,55817.35,1,5,1
20483.66,93720.13,766,1,0
51528.76,78261.72,291,1,0
29825.07,48821.83,963,0,0
35304.48,67201.25,471,1,0
4366.21,16713.63,790,2,0
31398.5,76331.22,110,2,0
28284.47,50873.53,466,1,0
3317.5,9168.83,968,1,0
103671.2,53952.89,10,3,1
77377.36,47150.62,2,6,1
25885.18,58717.36,579,2,0
16844.73,25925.86,821,1,0
33284.96,97311.44,282,0,0
9402.66,62903.79,505,1,0
24590.59,88386.46,780,2,0
31621.36,27767.34,6,5,1
116876.22,65803.31,9,5,1
13112.3,32193.94,571,2,0
16445.46,15701.78,9,5,1
48812.21,81502.69,721,1,0
10850.33,28741.91,421,0,0
24163.48,71517.34,133,0,0
59406.43,98944.28,419,1,0
54789.32,32281.82,7,5,1
46197.52,33195.84,4,6,1
32866.4,80137.45,596,0,0
16186.89,61679.14,829,0,0
13076.51,20284.29,647,1,0
134091.87,67455.74,8,3,1
105832.91,83800.26,9,5,1
44428.47,87573.2,327,1,0
19701.05,41746.31,447,2,0
53026.92,97639.93,171,0,0
67487.95,39947.52,1,4,1
8836.18,21173.88,612,1,0
46509.69,68542.53,769,0,0
154577.95,94633.95,2,4,1
43336.49,74643.2,331,2,0
68718.77,59352.47,8,6,1
9532.61,5090.03,1,6,1
20777.27,34629.86,963,2,0
1207.37,7191.08,834,0,0
47201.01,67645.47,601,0,0
2198.2,6241.73,178,2,0
54711.56,98395.15,155,2,0
41615.72,75927.23,256,1,0
17859.4,71062.4,224,1,0
19671.03,11456.59,2,3,1
1945.81,6040.47,528,2,0
57237.08,49502.61,5,6,1
41846.35,77241.72,771,2,0
21681.45,44931.05,424,0,0
113420.02,93293.14,7,5,1
17458.75,54038.51,141,1,0
87816.27,47379.89,8,3,1
28516.51,58126.16,206,1,0
7870.42,13787.69,314,0,0
42817.01,95791.99,911,1,0
13820.1,26470.01,457,1,0
30254.6,28667.34,7,5,1
48598.75,78544.01,249,1,0
37247.33,53666.0,371,2,0
93466.49,54339.51,1,4,1
51692.2,90902.89,183,1,0
4050.65,20148.78,774,0,0
12150.02,18726.59,285,0,0
49975.23,45928.41,2,3,1
8775.84,15715.94,119,1,0
23883.94,68682.9,617,2,0
63479.26,36594.11,9,6,1
40977.71,75666.5,477,2,0
55353.69,53327.05,10,3,1
5201.73,45463.1,74,1,0
10278.19,38261.24,214,1,0
86959.41,58240.15,6,3,1
10457.09,44793.79,300,2,0
9183.91,25870.74,510,1,0
14057.84,48774.51,51,2,0
9841.16,47386.76,667,1,0
6183.01,35984.45,847,2,0
10178.33,21651.63,909,1,0
21330.62,67128.95,394,1,0
4007.71,14094.78,87,0,0
13065.73,93625.93,36,1,0
39317.17,23724.31,6,3,1
31406.79,53615.17,745,0,0
48232.58,73876.04,720,0,0
4180.21,26529.63,151,0,0
19267.32,43056.06,973,2,0
136464.51,89470.53,2,3,1
19337.67,50690.61,174,0,0
1125.43,5734.19,256,1,0
5307.12,26410.24,836,2,0
142249.8,75123.34,3,5,1
8214.48,5955.15,5,5,1
3155.35,9925.66,242,1,0
30065.98,53767.52,852,0,0
6064.45,21994.71,620,2,0
19480.17,47257.38,829,0,0
5618.71,34979.16,338,0,0
20746.38,50927.88,969,1,0
46080.16,73341.84,786,0,0
49644.88,89293.39,794,1,0
59215.42,47904.74,1,6,1
25938.92,49972.95,227,2,0
9512.93,48878.84,210,1,0
8813.2,68055.67,839,2,0
9075.99,49433.7,140,1,0
43504.2,37273.64,2,5,1
27849.65,53179.61,766,2,0
3333.62,7324.8,355,2,0
25693.77,94793.44,522,0,0
26976.59,82456.67,483,0,0
11547.6,82320.23,665,2,0
65384.21,97749.79,377,1,0
34941.88,76073.5,982,2,0
138180.36,78674.68,4,4,1
14998.89,27250.89,971,0,0
35664.41,81318.08,240,1,0
32501.63,30779.96,10,5,1
19689.64,73999.75,987,1,0
17587.83,29685.91,822,0,0
42947.4,64088.85,438,1,0
27955.85,79683.41,517,2,0
36250.28,83836.33,596,0,0
60681.62,30545.18,7,5,1
33372.59,26871.39,4,4,1
23803.81,50474.64,702,0,0
6855.89,39094.11,549,2,0
7457.04,19575.17,32,2,0
13500.39,27594.21,797,0,0
7248.92,35935.62,576,1,0
42931.59,33926.99,10,3,1
10164.9,41844.1,325,0,0
2372.44,21224.08,579,1,0
10155.66,30107.38,114,2,0
86484.61,67727.99,8,4,1
68907.53,61209.98,6,5,1
23481.88,42865.69,234,1,0
121565.4,73670.06,3,5,1
35645.63,98331.7,207,1,0
30257.14,57012.68,539,1,0
62916.18,91783.8,597,2,0
55344.38,90945.09,891,0,0
59892.23,45304.53,2,3,1
38897.89,29018.1,3,4,1
95917.57,76042.24,6,4,1
24352.21,52310.1,54,1,0
35456.25,56862.45,674,2,0
9896.81,5031.22,8,4,1
8413.25,22364.19,397,2,0
14713.87,37320.56,113,2,0
988.8,9402.8,109,2,0
22213.9,79332.32,720,2,0
4210.53,23786.91,958,2,0
38212.23,86427.08,376,0,0
4883.69,14096.85,224,0,0
38085.91,35842.46,7,6,1
25933.29,51138.62,282,1,0
9106.08,88236.36,711,0,0
16282.7,26441.3,295,0,0
66294.17,99463.53,876,1,0
8591.13,31835.84,820,0,0
16659.86,53317.77,367,1,0
60720.58,32433.37,4,5,1
2695.59,11017.87,38,0,0
18000.66,67725.84,54,0,0
6886.72,37429.24,877,2,0
20412.97,66927.23,510,0,0
19725.75,65541.46,686,0,0
21684.53,33445.95,665,1,0
41307.85,62602.07,510,1,0
40985.59,72415.68,682,1,0
131195.7,96958.72,8,3,1
16716.68,63379.04,945,1,0
37223.07,57652.26,403,2,0
26674.49,62705.75,827,0,0
106039.38,87829.38,8,5,1
23998.83,79988.33,431,1,0
93717.42,83521.1,7,4,1
16401.92,27135.1,710,0,0
20169.56,12412.31,10,4,1
23042.64,15800.14,2,6,1
22059.83,61127.68,376,1,0
10279.22,19057.08,373,2,0
26687.36,90201.65,938,0,0
44138.42,40997.2,2,3,1
15994.71,30699.32,627,1,0
2074.64,5175.11,283,1,0
29346.38,98445.47,230,2,0
32447.82,23336.62,8,5,1
14727.66,22531.06,540,0,0
15782.25,9198.27,7,4,1
55706.67,82253.7,897,0,0
66753.07,48760.77,7,4,1
32945.18,87189.96,953,2,0
14674.17,12626.89,7,6,1
4244.75,23001.46,114,1,0
43567.18,77068.73,443,1,0
57912.87,48128.84,2,6,1
31357.97,51442.96,359,0,0
19052.88,13158.1,4,6,1
8309.97,6436.39,2,6,1
4646.87,16801.62,389,1,0
14788.51,29109.84,615,0,0
70760.98,49691.57,5,3,1
6128.14,26234.89,167,0,0
34711.7,69490.74,342,0,0
40628.6,83845.41,908,1,0
107307.84,56696.46,1,5,1
40183.33,68501.13,773,2,0
40487.48,64505.46,934,0,0
88099.7,82255.86,8,5,1
12398.18,38113.86,657,1,0
118456.98,92942.94,10,5,1
6132.59,53630.32,967,0,0
9274.02,71725.58,839,0,0
17643.27,13391.29,8,6,1
71946.55,66115.59,10,4,1
9992.48,17008.84,998,2,0
38447.61,35666.73,7,3,1
59839.23,92535.3,386,2,0
134020.49,91369.46,9,5,1
9199.06,62743.58,877,0,0
10440.76,6185.41,1,3,1
126682.14,80814.67,10,5,1
29738.28,15903.56,7,6,1
39832.13,57057.82,839,1,0
145564.43,79285.92,9,4,1
8943.52,36213.23,191,1,0
8775.4,32947.89,948,0,0
28991.7,15434.33,10,4,1
9975.2,28347.01,972,0,0
1638.01,8901.72,655,2,0
9054.51,5317.33,4,4,1
11858.7,41336.48,366,1,0
47094.82,92708.9,480,2,0
41605.11,30535.18,4,6,1
6322.36,25751.01,601,1,0
13983.25,38760.38,376,2,0
4289.47,11496.4,134,1,0
2206.61,8963.87,196,2,0
56837.22,95872.17,775,2,0
49709.19,76646.23,933,2,0
26498.22,97115.97,110,0,0
17230.74,28714.98,41,2,0
12343.96,26321.34,94,1,0
141690.85,80551.99,10,4,1
36449.82,82583.01,321,1,0
35173.98,21085.87,10,6,1
28916.58,44363.15,452,0,0
15808.25,38155.45,993,0,0
31554.8,67638.16,740,2,0
3390.66,7724.83,166,2,0
55988.19,99544.96,728,2,0
12891.54,23304.15,228,0,0
20774.18,61418.31,744,2,0
27643.52,46078.66,221,0,0
19165.41,68752.88,152,1,0
14038.72,93770.43,914,0,0
21138.67,66858.47,150,2,0
35510.94,33527.78,10,3,1
31853.44,56741.7,375,1,0
2849.53,15139.85,525,1,0
14039.87,55520.6,107,2,0
1997.8,8285.93,305,0,0
11130.4,27109.67,847,1,0
79583.77,44130.71,8,6,1
9316.54,25417.61,339,0,0
124823.04,93282.01,2,5,1
3269.5,9956.73,388,0,0
23192.66,99187.09,510,0,0
32286.7,97338.88,676,0,0
25032.64,42412.06,62,2,0
31596.13,19934.43,7,4,1
20765.68,35527.69,576,0,0
48601.56,74807.66,525,2,0
16450.17,53914.89,252,1,0
47940.68,82679.66,339,2,0
59289.28,86115.29,415,2,0
12456.9,80702.3,664,1,0
26945.2,91944.16,277,2,0
33455.83,89885.95,244,1,0
18388.39,55802.77,457,2,0
9343.44,44504.43,378,2,0
3995.94,32139.06,379,0,0
116073.29,97193.35,7,6,1
3846.1,14879.63,606,1,0
16434.25,51606.37,120,2,0
36563.07,86948.45,806,0,0
10875.55,36028.73,361,0,0
61446.5,46041.13,9,6,1
38426.6,29551.41,6,6,1
27173.81,21833.07,9,3,1
9480.85,64524.47,446,2,0
19359.97,82622.42,964,2,0
69301.09,37415.92,10,5,1
2897.53,16720.15,574,1,0
23909.41,76547.1,199,0,0
3634.95,17317.39,245,1,0
2641.48,9434.65,182,1,0
36380.86,85374.53,134,2,0
22571.88,94644.67,695,1,0
34458.1,23918.77,8,5,1
54360.43,54055.35,7,4,1
82475.86,49552.47,4,6,1
18652.81,98621.55,223,1,0
4092.2,5986.2,892,1,0
20446.06,60034.96,896,2,0
40307.47,63954.16,198,0,0
5017.16,9932.26,451,0,0
10413.06,37165.37,758,1,0
30994.38,61265.9,895,2,0
9966.18,17626.68,441,2,0
19111.93,90174.23,199,0,0
6992.85,11890.29,33,2,0
29505.05,53909.99,393,1,0
23911.9,47577.51,452,2,0
30831.78,44686.14,78,1,0
49737.72,80148.42,702,1,0
44555.22,41169.56,3,6,1
25902.06,82023.8,652,1,0
95997.09,75663.15,5,5,1
14548.75,8671.27,4,5,1
14304.82,75555.33,636,0,0
16042.86,47678.33,317,2,0
45790.56,45761.52,10,4,1
24715.54,54171.24,810,2,0
45574.81,95894.17,41,0,0
2503.86,22975.3,792,0,0
10199.72,85251.15,382,2,0
11154.07,56102.69,80,0,0
61862.54,55887.6,2,5,1
19550.3,44624.33,530,2,0
28551.21,18654.29,8,6,1
33252.05,65771.59,497,0,0
28825.62,41312.0,492,1,0
23822.98,60950.72,128,1,0
3198.47,9099.37,678,2,0
37996.74,61338.6,665,0,0
98165.94,67693.48,3,4,1
47215.5,75199.84,240,0,0
2538.81,13833.48,206,1,0
25954.1,73419.56,891,0,0
5957.13,17823.75,198,1,0
14457.63,33940.16,769,2,0
26979.95,93267.53,263,1,0
32576.46,31282.0,6,3,1
109833.52,80601.34,2,5,1
6075.17,49563.7,215,0,0
9083.67,23899.98,337,2,0
11697.95,52906.72,147,2,0
6263.93,21092.72,388,0,0
48092.21,43648.16,1,6,1
28590.28,19108.8,2,3,1
14880.3,49625.43,955,0,0
26050.8,46785.69,782,1,0
102437.44,88610.84,9,4,1
23809.13,13087.6,3,3,1
28812.21,60710.25,578,0,0
54059.62,87021.77,965,2,0
17936.23,65024.27,771,2,0
3580.61,11133.42,762,2,0
117775.04,99467.1,6,6,1
17190.82,94443.57,597,0,0
18709.52,97777.98,939,2,0
2123.86,12994.14,642,1,0
7931.81,6356.22,9,6,1
59554.12,96082.96,161,2,0
37300.16,25840.73,4,4,1
36463.6,84685.31,482,0,0
17950.08,37561.05,697,2,0
25066.71,42259.01,254,1,0
6659.66,12094.07,803,0,0
70535.46,53482.15,4,5,1
41114.77,91526.29,766,1,0
107240.44,72653.74,6,4,1
10000.91,29275.59,120,2,0
30366.05,57756.99,297,1,0
18758.11,47594.36,541,0,0
16743.21,58550.33,719,1,0
6024.96,24304.17,852,2,0
15847.56,10003.76,3,6,1
6247.04,48991.41,980,0,0
124042.88,63283.78,9,5,1
6196.78,28523.07,406,1,0
63227.4,49296.34,1,6,1
40989.33,99731.93,879,2,0
28327.02,68546.8,158,1,0
28883.87,71540.42,112,1,0
38594.42,88714.25,246,0,0
33278.76,58228.95,854,2,0
8782.96,36424.15,453,1,0
14797.97,42631.52,743,0,0
98263.34,69366.25,9,6,1
140661.75,76181.42,4,3,1
54023.48,99622.61,218,2,0
35756.54,90173.94,992,1,0
49854.66,32858.02,2,5,1
54671.35,48142.84,2,3,1
16901.56,46686.76,632,2,0
160506.55,87718.13,3,3,1
57334.39,30691.83,2,5,1
61310.97,96747.6,996,1,0
58786.16,98489.64,968,1,0
6282.45,32343.39,969,2,0
22204.84,44449.04,488,2,0
4095.36,15246.59,116,2,0
106968.62,93165.39,4,5,1
17169.34,26848.49,819,1,0
36431.92,28449.14,4,5,1
7001.51,37721.22,832,0,0
31809.73,55102.4,434,2,0
37736.45,23330.23,5,5,1
27351.14,60367.42,926,0,0
24940.64,58995.56,981,1,0
35593.66,71810.38,890,2,0
7664.43,21636.87,230,1,0
32372.87,22771.97,7,4,1
22095.45,13825.15,6,5,1
162559.7,86475.15,9,4,1
81437.82,63723.14,9,4,1
40300.98,27383.61,5,6,1
54474.94,86628.23,117,2,0
21806.83,45694.12,147,0,0
65672.0,95120.18,728,0,0
58870.78,99082.57,99,0,0
63735.67,45430.38,3,5,1
34067.29,25489.67,10,6,1
17979.63,44243.86,437,2,0
5937.96,56570.58,125,0,0
105823.34,63824.72,3,3,1
41198.11,75064.96,588,2,0
16658.38,58393.19,339,2,0
30544.34,51737.31,968,2,0
10007.06,20213.99,366,2,0
34486.23,77613.87,178,0,0
29814.32,62572.62,38,0,0
9960.76,7906.19,10,3,1
5987.75,41894.16,904,0,0
118206.06,88384.1,10,3,1
8491.73,13898.66,740,0,0
19477.65,85344.21,870,0,0
33037.03,74195.83,530,1,0
24296.39,53597.98,123,2,0
11132.87,16853.4,221,1,0
101430.96,60422.09,7,4,1
10437.18,26440.07,601,1,0
37970.33,19823.74,7,4,1
5281.96,15875.44,586,2,0
13403.54,31687.71,467,1,0
26210.74,63934.97,194,0,0
41084.88,65750.74,674,2,0
121378.4,73448.76,9,6,1
5322.0,28174.78,396,1,0
15328.39,96951.64,944,0,0
4928.53,15774.62,547,0,0
31257.74,46846.24,707,0,0
34559.01,58972.92,959,0,0
74482.64,62105.76,4,4,1
93662.6,93081.13,7,6,1
45828.71,80238.84,663,2,0
4505.63,19346.18,147,2,0
18335.24,95579.03,695,2,0
44878.06,87597.17,402,2,0
7086.4,68534.27,812,0,0
9434.85,14079.72,646,1,0
8624.88,35805.5,459,1,0
21975.29,32664.31,627,2,0
27391.2,60130.06,52,1,0
6436.11,49086.13,940,0,0
25259.4,63731.64,525,0,0
68791.82,56081.42,10,6,1
12084.02,25774.67,171,2,0
53055.94,85041.37,263,0,0
7486.77,61165.31,91,2,0
16755.27,79396.91,535,1,0
22303.37,59458.34,256,0,0
34977.42,21475.67,9,3,1
17802.26,15495.63,8,3,1
50057.35,29450.51,6,3,1
15671.64,22940.42,743,2,0
18817.58,18661.57,8,6,1
51367.25,27149.21,9,4,1
2792.17,12460.86,329,2,0
17017.26,11323.24,9,3,1
43393.55,66029.23,681,0,0
99983.59,89318.55,8,3,1
18126.74,74250.27,180,1,0
27261.09,71246.24,823,0,0
8791.32,28030.5,240,1,0
6537.39,20639.42,113,2,0
24493.17,73944.84,909,1,0
4409.5,19101.31,59,0,0
7315.1,32066.5,470,0,0
24659.66,91312.93,801,0,0
2901.6,12708.84,1000,1,0
17198.75,64868.7,67,1,0
14398.69,47322.38,561,2,0
57577.32,82557.5,175,1,0
84448.02,71837.23,7,6,1
21098.48,37580.71,902,0,0
121214.28,86487.32,1,5,1
17088.58,45980.27,711,2,0
91058.06,63526.48,1,5,1
19793.16,69309.58,568,1,0
9271.6,41751.22,606,0,0
24720.43,45184.0,664,0,0
39529.0,66822.89,542,2,0
95341.32,57276.68,8,4,1
7392.27,44137.63,207,2,0
24268.03,23531.26,1,5,1
15955.36,57485.71,105,1,0
26185.33,52435.56,727,1,0
39580.46,63271.2,927,2,0
22938.41,97382.49,121,1,0
18536.68,58104.88,134,2,0
54320.1,46754.14,4,4,1
6360.37,51267.27,974,0,0
60988.5,31788.27,5,4,1
22645.79,33298.08,689,2,0
31192.96,77071.23,498,2,0
39027.64,59274.0,43,1,0
27560.88,17017.84,3,5,1
12422.29,73703.22,815,0,0
27197.93,41955.83,82,1,0
5521.0,11369.06,115,1,0
9751.6,26842.3,577,0,0
53237.64,51611.42,10,4,1
12267.59,79178.0,471,2,0
46731.62,74763.67,406,2,0
123508.51,93078.02,3,3,1
140806.97,99246.6,8,3,1
106252.73,59316.46,7,4,1
37689.19,20162.76,5,3,1
180372.75,95912.3,5,3,1
38437.92,66837.77,665,1,0
17090.71,9060.39,6,5,1
21659.91,40215.24,875,1,0
16881.02,41010.98,559,0,0
7372.88,16303.24,245,0,0
18039.16,50887.24,68,0,0
8692.34,46931.35,51,2,0
116513.0,72830.69,5,4,1
41667.95,62563.19,688,1,0
68628.89,98474.94,185,0,0
98700.94,57437.87,8,3,1
26541.83,45685.84,822,2,0
7999.37,21182.09,704,0,0
23833.2,57164.0,729,2,0
84178.43,70508.02,9,6,1
14048.17,55622.11,566,2,0
12520.51,25528.1,990,0,0
4684.29,12981.71,770,1,0
12736.39,7218.24,9,4,1
12149.23,55616.41,871,0,0
78344.59,72572.8,7,5,1
51251.48,92050.99,733,0,0
12206.65,46359.04,120,2,0
31661.23,73762.74,311,2,0
10982.33,6073.52,2,4,1
54943.1,91562.34,616,1,0
43072.0,90043.33,43,2,0
90139.86,80442.42,7,6,1
44776.18,74950.65,153,2,0
56796.68,85473.94,183,1,0
5734.31,22218.48,496,1,0
9141.27,15262.7,428,2,0
12376.41,48358.3,137,1,0
9781.93,37674.72,564,0,0
12548.36,10430.49,3,5,1
45411.71,96213.45,393,0,0
7332.0,16964.63,534,0,0
139471.77,70467.81,6,5,1
5625.99,35262.94,576,1,0
22530.29,79982.36,468,0,0
45615.74,95977.68,762,2,0
24510.28,97311.06,770,1,0
20260.77,78178.72,988,2,0
23762.96,36919.42,737,1,0
41658.03,83233.49,663,0,0
52209.78,74984.9,182,1,0
19679.92,78579.55,888,0,0
83651.65,77416.7,10,4,1
4575.25,31413.6,668,1,0
30777.38,72412.98,101,0,0
62168.52,52499.25,9,5,1
97229.7,69769.35,7,5,1
42961.7,94929.32,755,2,0
16692.35,34819.57,980,2,0
7483.8,61962.39,955,1,0
16827.57,90757.54,750,2,0
7725.47,61095.58,280,1,0
43847.57,42451.15,2,3,1
65396.46,61951.62,2,4,1
20757.0,76643.53,305,2,0
58330.47,99518.3,480,2,0
21956.32,66242.85,700,2,0
63511.52,92813.25,967,1,0
23524.97,44172.22,699,2,0
9773.72,5118.54,1,3,1
164587.04,96649.37,5,3,1
66096.09,56163.56,1,6,1
4100.3,11145.63,59,2,0
4728.13,10161.53,210,2,0
104741.26,56109.99,10,4,1
13515.94,67279.12,568,0,0
34423.83,52050.7,196,2,0
21693.85,54961.87,997,0,0
102854.86,59804.52,10,5,1
20134.48,35590.73,226,1,0
7338.3,10813.37,413,1,0
19837.46,88536.88,481,1,0
37446.14,31029.56,7,3,1
15726.85,82624.13,681,1,0
59228.2,85893.46,947,1,0
12079.66,23353.75,813,1,0
69242.34,43786.02,6,5,1
29807.06,97139.69,878,0,0
10040.55,18199.72,891,0,0
115962.39,70587.44,8,5,1
15981.82,9812.85,5,5,1
24139.26,64142.76,862,2,0
29054.72,99129.36,137,1,0
42912.15,99797.3,60,0,0
2267.56,14535.65,384,0,0
69782.0,58788.73,10,4,1
40233.93,89152.89,549,2,0
14572.08,34705.38,532,1,0
10063.16,55654.92,231,0,0
164960.52,99660.17,6,6,1
21128.13,74428.48,364,2,0
25455.52,82382.04,406,2,0
10541.53,22386.94,367,0,0
14560.32,97855.97,215,0,0
74161.68,49471.97,4,4,1
10867.2,46848.68,386,1,0
11316.89,47653.43,967,1,0
16121.19,26090.5,136,0,0
18443.04,38649.28,727,1,0
12788.85,11014.67,2,6,1
50752.47,80556.62,291,0,0
44438.37,72522.33,126,0,0
8497.28,16160.23,701,0,0
15415.88,77278.61,713,0,0
38884.13,83806.42,37,2,0
6732.89,44229.65,126,1,0
7559.62,55921.97,767,2,0
15853.71,11125.59,3,3,1
59689.95,34077.66,9,4,1
21009.47,55397.53,456,0,0
26500.83,55161.04,923,0,0
74754.8,53472.39,3,3,1
32021.71,52839.68,137,2,0
46181.84,76548.2,850,2,0
85317.59,64713.22,6,3,1
43292.26,66385.01,445,1,0
13129.9,79876.14,967,2,0
88423.19,58111.34,5,4,1
9080.11,14095.08,879,1,0
39846.55,87837.5,587,2,0
2733.9,24092.69,378,0,0
126346.68,81548.93,6,5,1
34874.76,94864.69,686,2,0
48076.78,96262.49,335,1,0
145278.86,87465.39,1,6,1
52076.27,47338.68,4,3,1
74604.79,61381.97,6,6,1
13788.64,36433.42,463,2,0
28790.84,56858.46,390,2,0
5520.66,54829.2,535,2,0
7200.5,12496.6,640,1,0
21691.97,38966.76,31,2,0
3334.88,8832.8,846,0,0
37266.01,19430.47,6,4,1
15495.93,38578.81,635,2,0
16324.9,48066.26,486,2,0
5613.85,54065.34,34,1,0
11601.27,17810.29,405,1,0
53867.64,37091.22,9,4,1
48138.07,74932.77,209,1,0
6338.67,18225.98,174,1,0
11432.57,19812.15,370,1,0
18456.52,50077.52,113,2,0
5395.82,9224.18,805,2,0
15795.11,23025.2,97,0,0
1555.23,7613.69,652,0,0
23313.27,39145.6,154,0,0
35663.97,51242.15,872,1,0
9732.58,17571.35,912,2,0
6185.5,22948.08,764,2,0
42952.09,66853.75,338,1,0
54003.07,86562.78,760,1,0
8423.28,6174.88,5,4,1
64740.65,35106.68,8,3,1
7810.05,64300.16,832,1,0
39645.92,83730.47,635,1,0
171949.8,92231.78,6,6,1
50346.02,75870.11,256,1,0
3182.33,26356.92,207,1,0
15153.56,32008.0,479,0,0
45155.0,70609.08,517,0,0
20323.81,55822.58,542,0,0
94957.05,91491.64,3,3,1
57758.1,84342.13,684,1,0
36643.85,27030.87,7,3,1
10207.85,38099.58,760,1,0
10890.36,84942.15,68,1,0
37271.31,23865.05,7,3,1
82900.28,72080.43,8,6,1
115711.11,72087.08,2,6,1
2549.64,5709.29,195,2,0
40994.03,91349.17,242,1,0
12037.62,90027.6,993,1,0
26813.57,62041.52,720,2,0
48196.97,31472.5,4,4,1
46616.61,68538.55,566,0,0
15415.92,98996.87,705,0,0
27462.41,45774.71,867,2,0
124444.92,88693.5,9,5,1
19577.72,29128.59,722,2,0
21749.68,33646.88,204,2,0
106977.6,84604.15,1,4,1
21517.33,59845.79,95,1,0
3761.64,14441.61,840,1,0
29433.96,60650.25,218,0,0
83434.04,50184.06,4,3,1
179640.3,90659.17,7,3,1
9157.26,73805.1,556,1,0
18901.62,29438.71,586,0,0
103583.98,59896.35,9,3,1
26783.59,66532.68,953,1,0
10928.71,37237.2,826,0,0
6497.78,12857.11,611,2,0
4707.52,14823.4,474,1,0
10952.82,74744.63,456,0,0
19757.3,16402.53,9,6,1
4209.59,7380.96,946,1,0
175580.03,92327.29,8,6,1
10007.37,15645.56,186,0,0
29529.85,25255.49,1,4,1
2126.43,8005.27,134,2,0
48395.03,81197.75,337,0,0
3513.91,10365.14,390,2,0
28275.08,42972.73,51,2,0
7625.78,20608.42,967,2,0
7624.99,61233.53,610,0,0
4414.26,9883.91,124,1,0
12604.96,53205.35,386,1,0
13255.58,22437.08,126,1,0
63432.73,63292.03,5,3,1
11504.96,54598.35,509,2,0
7029.11,68746.61,63,2,0
19944.6,9985.15,5,4,1
26072.64,90909.16,493,2,0
20508.49,61189.54,534,0,0
50996.81,31074.85,1,5,1
17007.06,57560.25,976,0,0
131924.6,80313.76,10,6,1
17849.52,58302.37,189,1,0
8904.49,18058.17,977,0,0
20221.19,71017.85,204,1,0
163069.48,91115.97,2,4,1
24339.79,40972.68,132,0,0
110473.82,68765.89,5,3,1
5549.57,5344.49,7,3,1
49177.12,98224.32,504,2,0
146361.64,89803.7,10,4,1
32333.06,25627.7,4,4,1
9175.33,25095.82,413,1,0
16694.85,49018.1,755,0,0
53200.27,92804.18,507,2,0
52328.63,35814.03,6,6,1
11506.36,54562.07,867,0,0
16963.39,36870.68,487,2,0
16142.47,11297.98,3,4,1
4127.09,7477.06,199,1,0
82231.94,54615.86,4,6,1
10571.6,97087.42,580,0,0
50563.57,89578.22,747,0,0
30801.61,50295.1,303,0,0
90271.15,55913.21,5,6,1
6851.37,43835.79,597,1,0
9841.99,5328.62,9,5,1
123107.95,88450.88,9,4,1
29374.19,48165.15,279,0,0
30191.02,20253.23,10,6,1
127607.24,76698.73,4,4,1
17642.3,13517.28,1,4,1
49550.02,46303.74,5,6,1
5454.68,26374.53,202,0,0
34168.22,73268.21,775,1,0
13367.2,7222.73,1,5,1
7494.17,57769.14,202,2,0
21250.89,54935.49,441,2,0
27008.42,82068.97,354,2,0
170239.84,95929.85,5,5,1
34754.28,58066.95,323,2,0
3892.07,10163.81,233,1,0
16667.9,65111.35,808,2,0
39503.57,57548.26,807,2,0
71632.8,69556.11,7,5,1
159667.23,99609.35,8,4,1
41798.86,28370.09,8,4,1
25560.42,87802.71,669,1,0
12762.74,66620.52,213,1,0
12066.46,40697.04,483,1,0
6499.74,13087.56,746,0,0
7825.91,22146.97,265,2,0
17398.82,9124.41,3,4,1
8721.67,6135.97,4,3,1
70625.45,68193.58,1,3,1
23641.0,55177.52,272,1,0
61381.28,98278.28,884,0,0
39920.79,20323.7,8,5,1
13505.13,77883.93,872,0,0
3466.8,12401.27,424,1,0
31287.29,54944.99,981,1,0
21344.5,61525.17,369,2,0
4813.6,17018.89,81,2,0
28579.87,96989.11,99,2,0
26827.78,56031.2,552,0,0
22776.65,50383.41,156,2,0
26967.14,53621.87,450,0,0
35904.23,97579.31,333,0,0
2311.04,6953.33,363,2,0
38742.89,82959.99,204,0,0
34472.13,86292.1,925,0,0
6861.87,39014.18,687,0,0
30083.36,62138.06,118,2,0
13219.88,25138.66,89,0,0
19776.86,30537.82,941,1,0
32446.8,32382.91,5,6,1
7617.05,21225.67,752,2,0
11845.72,81603.25,436,1,0
35857.19,66282.08,168,1,0
27991.24,15988.44,3,3,1
11524.45,6398.82,10,3,1
1773.77,8921.49,302,1,0
2427.94,22187.67,716,0,0
13477.47,68369.12,867,1,0
56816.88,35600.71,3,5,1
5885.99,45754.01,474,0,0
40111.89,60320.35,753,1,0
8130.31,80652.26,488,1,0
197008.05,99591.96,1,4,1
80199.14,47866.14,1,6,1
14890.58,51796.22,428,0,0
32067.38,47220.53,142,0,0
5192.4,8407.89,409,0,0
51169.02,90371.0,394,0,0
10026.81,27486.59,843,1,0
13727.46,29327.18,211,0,0
1957.72,5930.76,490,0,0
7201.4,33299.95,504,2,0
5043.79,9862.67,762,0,0
8804.88,18305.77,625,0,0
13513.06,42838.72,105,2,0
26240.31,88062.0,388,0,0
10450.91,22084.23,199,0,0
128810.83,76427.71,8,3,1
8077.71,20401.89,555,0,0
26434.47,76301.61,413,1,0
146127.38,90104.3,9,4,1
3079.05,25354.84,516,0,0
5367.11,30689.51,645,2,0
27579.04,52619.55,349,1,0
3514.19,6766.31,262,1,0
1627.72,13376.19,574,1,0
10014.37,19153.97,911,1,0
11997.62,34450.73,233,1,0
4493.67,11408.01,548,0,0
5752.8,14909.18,202,0,0
44932.47,69185.2,736,1,0
2638.09,6247.12,471,2,0
40039.3,85005.81,712,0,0
15356.7,59671.06,343,1,0
45827.67,98052.18,94,0,0
31826.29,93652.44,581,2,0
111776.02,65286.08,8,4,1
4812.37,8228.84,370,2,0
6193.71,58036.88,887,1,0
31340.52,50093.57,307,0,0
24232.86,61365.37,844,0,0
10861.73,26944.6,255,1,0
32116.54,66178.57,499,1,0
16378.38,58840.42,630,2,0
16522.2,40066.81,532,1,0
11285.78,70391.45,170,1,0
3727.27,14051.36,990,1,0
14313.39,61270.19,837,2,0
10186.81,67409.17,574,0,0
57528.29,86998.91,351,0,0
23770.52,49442.4,313,0,0
11135.5,41320.79,359,2,0
17279.27,51496.7,167,2,0
111390.65,63456.32,7,3,1
36467.64,60605.63,600,0,0
24179.82,35933.94,132,0,0
20055.77,80212.84,357,1,0
7956.7,36315.3,928,2,0
127729.6,97271.66,4,3,1
15833.75,24641.93,986,1,0
15033.26,96701.79,456,2,0
17787.26,40125.83,969,2,0
21712.51,31813.82,948,2,0
6314.58,32183.48,138,0,0
97723.33,96566.93,8,3,1
20550.11,50954.97,621,2,0
85959.56,49078.12,3,4,1
30068.42,70534.37,534,0,0
19009.04,16199.14,1,3,1
49605.73,27010.91,3,3,1
91644.87,77838.08,9,4,1
4674.92,18237.87,897,2,0
34055.95,52133.9,968,1,0
51829.82,35764.09,3,4,1
3529.1,5905.95,66,0,0
38024.36,30048.46,4,3,1
7173.72,12473.03,423,2,0
30045.57,53301.9,744,0,0
47021.3,97404.73,856,2,0
91533.19,52115.23,7,3,1
46010.38,84452.44,231,0,0
21196.47,80478.41,729,0,0
52113.66,29510.67,9,6,1
4776.34,46963.0,228,1,0
36275.57,80877.04,863,2,0
6880.03,15416.15,812,0,0
40549.76,40093.37,4,6,1
11395.81,19102.97,690,0,0
34551.84,90240.6,520,0,0
117816.92,86769.16,3,4,1
19511.75,11065.57,5,3,1
11977.69,8274.68,6,4,1
137777.75,94590.12,10,6,1
20533.81,79460.05,654,0,0
14772.3,66109.08,992,1,0
50892.09,98076.42,63,0,0
14234.85,54400.47,614,2,0
35690.38,85082.34,607,0,0
10742.29,17966.78,913,2,0
53137.87,29930.99,9,3,1
6098.31,5302.61,8,6,1
9860.65,16679.61,721,1,0
22924.33,46991.15,908,0,0
40940.1,61078.5,847,1,0
108651.05,79344.47,5,5,1
63174.97,92921.77,392,0,0
42522.84,78656.47,665,2,0
138907.75,70243.57,9,4,1
14596.95,83593.49,275,0,0
6300.14,51677.88,763,0,0
90895.63,86275.6,1,5,1
18562.81,76928.7,197,0,0
27118.99,76361.22,812,1,0
11728.09,35027.65,586,2,0
21153.77,42436.81,540,1,0
50205.83,91277.63,43,1,0
11415.85,59211.54,183,2,0
47012.85,79394.73,473,2,0
37414.86,62033.39,717,2,0
56300.74,97422.34,346,2,0
5550.31,13640.0,874,2,0
44219.86,99916.48,361,0,0
61513.04,93172.34,436,0,0
30399.54,49648.9,272,1,0
51945.72,33136.23,6,4,1
16480.86,31965.84,708,1,0
5713.69,11332.48,743,1,0
25941.31,54428.99,547,0,0
45717.99,94822.88,495,0,0
9323.62,16038.13,34,1,0
30822.82,19183.26,9,3,1
95418.67,55590.34,1,5,1
60906.74,56862.76,3,4,1
82749.35,67596.25,7,5,1
115733.33,60040.29,4,3,1
3807.5,27402.03,526,1,0
134715.41,87130.89,1,5,1
14435.36,60234.73,607,2,0
37963.99,80256.63,336,2,0
41937.66,31718.67,7,4,1
14172.26,20702.02,367,1,0
32026.36,88835.13,744,1,0
35056.92,78267.69,198,0,0
29400.4,18201.68,8,5,1
13434.42,40467.94,150,2,0
3060.63,5487.73,358,2,0
8622.37,30014.17,399,0,0
110570.54,67415.1,7,4,1
14004.78,32154.2,46,0,0
30578.7,57352.94,844,1,0
57584.18,40179.66,1,4,1
61819.96,54099.96,2,6,1
32147.3,61443.71,587,0,0
32638.39,80207.88,534,2,0
10465.19,7056.63,6,4,1
51913.96,92585.79,750,0,0
8166.86,20558.32,910,1,0
9849.02,58898.77,331,1,0
43049.07,38501.03,1,6,1
7736.98,12124.07,700,1,0
149981.46,82906.83,8,6,1
20269.54,64179.84,42,1,0
10634.32,87079.92,557,2,0
7925.69,5001.82,6,6,1
145119.83,93528.16,4,3,1
102837.95,83606.21,7,6,1
11667.36,43852.83,361,1,0
12300.68,10382.09,9,6,1
98500.28,83369.59,2,3,1
102692.01,58525.92,10,6,1
42511.98,66473.53,815,2,0
12947.8,31698.51,935,0,0
8247.9,7856.28,7,5,1
34486.02,53162.61,521,1,0
15821.28,11194.91,10,5,1
25711.88,80964.73,464,0,0
17803.54,40247.05,33,1,0
33951.15,86097.33,597,0,0
6694.68,9760.19,562,1,0
12354.94,81081.33,739,1,0
7223.3,10389.83,362,1,0
11308.06,9995.83,5,6,1
48944.57,39327.21,10,4,1
5122.43,23147.17,568,1,0
12800.84,69907.19,433,1,0
10212.12,98821.08,680,0,0
46963.02,42075.78,2,5,1
7249.3,13410.15,770,2,0
59876.2,37124.03,6,6,1
23238.17,33819.3,371,0,0
121645.27,89900.85,10,6,1
81162.49,72775.86,7,5,1
8828.39,41449.41,638,2,0
10353.74,16700.25,976,1,0
5607.46,55930.77,118,2,0
73466.35,45670.59,6,4,1
32251.66,50519.69,753,2,0
12119.55,84938.87,485,0,0
1747.24,7556.39,840,1,0
24846.38,50745.72,624,0,0
14536.9,30081.51,567,0,0
5218.98,26284.22,456,1,0
112966.47,62035.16,3,3,1
62651.01,98211.08,84,0,0
36885.92,66699.27,340,1,0
92130.91,55217.75,3,4,1
4151.75,18778.14,736,0,0
5396.94,25068.66,994,1,0
10253.36,52822.51,620,2,0
10239.54,30605.78,838,1,0
18381.06,74127.65,875,0,0
12853.66,27510.99,753,1,0
85393.19,63911.21,6,4,1
80487.09,51297.53,3,6,1
1346.87,9361.89,772,1,0
24964.44,14793.97,6,3,1
20240.89,46322.84,137,1,0
27120.51,74376.42,461,1,0
8081.25,57055.16,648,1,0
44494.47,86231.44,298,1,0
34672.84,85783.95,717,2,0
17015.52,73451.45,665,1,0
12921.71,96501.41,303,2,0
113695.28,98770.71,1,3,1
56802.71,84667.67,661,1,0
6257.43,24356.67,233,1,0
6969.77,17149.15,863,0,0
3213.16,9977.51,239,2,0
21560.8,84043.21,655,0,0
3162.13,13444.8,668,0,0
11935.74,45788.42,213,2,0
7415.81,17399.64,348,2,0
129651.23,88147.69,2,3,1
28219.63,17058.34,4,6,1
2127.42,15965.56,890,2,0
36560.55,98885.97,716,2,0
10694.72,40194.87,576,0,0
76708.88,54993.49,10,5,1
9901.99,65977.17,33,2,0
10611.99,18899.3,540,2,0
87402.44,43840.67,6,3,1
22646.99,15653.2,9,6,1
3011.49,6821.99,704,2,0
118004.83,91239.05,8,3,1
19642.36,73125.61,924,1,0
16726.28,89228.08,999,2,0
6994.75,26059.23,351,1,0
7274.34,42608.64,646,2,0
4698.38,8978.77,443,0,0
53011.99,39728.92,10,4,1
26777.03,94775.68,733,2,0
8353.67,35667.65,197,0,0
14834.58,33062.06,229,0,0
13304.76,70645.32,395,2,0
3950.7,35898.06,961,2,0
11470.27,59361.45,454,0,0
21110.79,34073.35,421,0,0
24823.09,18329.89,5,4,1
61499.4,34170.68,3,5,1
11757.99,39010.85,548,2,0
37759.01,87884.5,676,0,0
16086.51,26903.85,649,0,0
87137.33,53750.39,6,6,1
88923.39,81340.71,10,4,1
12960.24,86738.32,366,0,0
23968.38,67953.88,108,2,0
90140.97,77859.37,8,6,1
8990.35,30362.45,137,2,0
9725.96,94503.19,286,0,0
7137.75,37314.86,628,0,0
195597.35,99744.34,7,6,1
41513.25,90749.77,594,0,0
36499.89,55732.91,816,1,0
49143.76,38419.06,9,5,1
58044.56,94260.69,756,1,0
9770.62,77546.4,698,2,0
119876.55,69340.02,9,5,1
114191.98,72750.74,2,6,1
15619.3,14943.53,1,6,1
12091.97,37501.12,931,2,0
20588.17,30478.18,915,2,0
77085.12,62219.89,2,5,1
1864.79,10427.41,387,0,0
57862.58,50390.7,2,3,1
11343.18,96613.86,800,1,0
36950.43,81309.26,549,1,0
77823.76,72875.95,1,6,1
23531.48,46609.64,109,2,0
46571.66,97729.03,244,0,0
8311.53,25077.05,945,1,0
130046.9,95096.62,3,3,1
38676.08,93965.72,697,2,0
51339.52,99763.06,953,1,0
17064.58,87405.26,233,2,0
20063.9,94926.89,494,2,0
63252.42,90946.38,883,1,0
78019.68,40412.09,6,6,1
6320.58,29633.53,150,0,0
64921.58,50520.08,6,3,1
15301.35,45325.4,261,2,0
37088.02,59335.9,523,1,0
23218.37,45775.18,679,1,0
11869.38,52591.01,596,0,0
159316.76,93070.08,4,5,1
10831.92,82679.21,427,2,0
9743.85,33323.03,531,1,0
54315.96,83774.0,923,0,0
13950.97,21143.53,852,1,0
53177.2,91591.93,999,1,0
2996.78,14858.86,724,2,0
36240.43,55545.37,778,0,0
64985.07,37557.18,9,4,1
4981.58,12482.89,542,0,0
32367.28,31704.8,6,5,1
5333.46,24262.49,598,0,0
32742.3,32503.06,6,5,1
2919.09,16486.03,843,0,0
4398.86,24919.53,830,0,0
28617.15,20927.69,4,5,1
31510.58,63248.26,909,0,0
11004.46,24370.01,523,2,0
4809.94,16657.7,319,2,0
4760.87,19598.87,382,1,0
11791.29,90534.41,203,1,0
7316.34,62283.17,68,2,0
35638.83,89800.98,121,0,0
30416.63,89277.94,831,0,0
7941.99,49723.1,967,1,0
18059.99,91853.56,232,0,0
4050.48,35398.69,534,0,0
8713.99,85434.91,439,0,0
6230.89,54432.19,741,2,0
5024.38,25909.6,474,1,0
114406.17,91836.55,5,3,1
41715.56,90417.51,569,2,0
30969.51,91584.67,886,0,0
12733.12,62246.11,245,2,0
8315.98,14302.38,947,1,0
20306.93,55129.36,520,2,0
11482.42,29949.9,343,1,0
10636.19,98055.88,875,0,0
41347.57,88531.37,418,1,0
80896.35,43525.18,8,3,1
78365.21,46649.71,1,4,1
50608.33,92514.09,868,2,0
20264.12,41946.84,61,0,0
67819.33,64702.28,3,3,1
22333.94,40965.83,82,2,0
3984.06,24324.72,491,1,0
5889.17,41986.78,833,0,0
168797.9,92213.19,5,3,1
27926.23,50226.12,855,1,0
5314.88,23930.55,318,1,0
5771.59,11834.98,187,1,0
52155.08,96993.0,49,2,0
62868.65,97331.5,594,0,0
9482.78,33717.97,191,2,0
18886.02,30021.2,851,1,0
117447.58,82192.62,4,6,1
9127.16,5419.37,7,4,1
22016.13,61614.68,293,2,0
5705.36,27979.46,865,1,0
52550.43,28060.37,4,4,1
6064.13,14075.48,445,1,0
18591.41,58576.45,949,0,0
184798.05,97000.0,5,3,1
55731.29,88866.11,315,2,0
21479.54,88226.84,163,2,0
27997.82,21904.42,5,5,1
24485.25,56525.07,256,1,0
29561.77,44109.18,550,2,0
23581.95,64572.64,837,1,0
3051.28,8665.45,49,2,0
12874.83,48265.09,344,2,0
3209.94,7336.38,529,2,0
102749.37,88902.4,9,6,1
14751.19,7841.65,5,4,1
8964.07,77431.44,300,1,0
15548.33,30586.52,773,2,0
2026.48,15294.19,901,2,0
76052.27,55414.4,8,3,1
12239.06,60879.39,330,2,0
44898.81,81662.12,701,1,0
17091.69,48484.27,529,0,0
14598.2,66449.56,211,2,0
42282.08,85812.36,165,1,0
4935.89,29114.63,772,1,0
10664.09,31918.26,898,2,0
6956.76,44776.13,975,2,0
3975.97,16289.52,438,1,0
51496.4,49641.33,10,5,1
1075.69,8773.01,319,1,0
24996.0,65216.83,438,2,0
14181.35,44965.15,104,0,0
22924.41,43566.39,805,0,0
6344.86,14607.76,470,2,0
12397.09,7205.61,3,3,1
18773.06,56255.95,73,1,0
11782.99,53449.87,76,1,0
33863.38,52253.29,734,1,0
50311.39,38016.25,10,5,1
39004.03,74494.33,943,0,0
35621.2,89040.3,719,0,0
1139.3,9475.72,443,0,0
5427.15,10248.27,354,0,0
52917.13,97521.09,887,1,0
41511.12,78597.11,356,0,0
44077.81,31106.31,1,6,1
17306.67,63191.21,179,2,0
4540.46,9483.63,780,0,0
44812.97,77783.13,858,2,0
15601.46,25796.29,189,0,0
18810.12,58661.96,922,2,0
23992.15,40915.92,785,0,0
14602.24,40825.36,828,0,0
138539.95,96674.32,8,4,1
9205.17,17186.94,415,0,0
11765.26,8130.56,2,6,1
30664.45,60871.44,441,0,0
14341.79,33199.15,896,0,0
74503.02,69325.52,4,3,1
2626.35,11201.82,171,2,0
19696.95,51366.06,155,2,0
11479.56,29067.39,619,0,0
20602.77,54378.01,253,0,0
2533.33,11605.42,690,2,0
35137.65,90700.7,991,1,0
49173.43,97308.01,760,2,0
3003.04,25807.51,603,1,0
12679.62,11829.44,4,4,1
34347.48,54718.66,743,1,0
18699.2,42842.06,781,2,0
8307.98,17457.73,743,0,0
138685.44,80119.06,2,6,1
22130.21,37197.73,117,0,0
6095.09,24318.79,292,0,0
41388.22,71134.97,403,2,0
7556.55,5281.45,9,3,1
22538.83,84907.97,93,0,0
42302.95,31351.33,5,6,1
9251.13,20623.77,271,1,0
5782.38,30267.37,104,2,0
12196.91,10004.54,2,6,1
75139.64,45051.23,1,3,1
34876.12,66593.43,870,1,0
30010.03,69483.31,546,0,0
8277.58,12895.09,821,1,0
70705.94,54403.31,8,3,1
122734.77,64997.11,2,4,1
9937.17,18159.48,953,0,0
6496.05,53422.05,168,1,0
16508.1,49620.25,164,1,0
27675.76,90652.69,807,0,0
5403.0,30578.32,619,2,0
8670.77,40464.53,975,1,0
24909.14,41795.28,62,0,0
7456.53,37257.88,931,0,0
41145.81,72231.39,625,2,0
8681.61,46577.29,834,0,0
48675.73,38698.2,2,5,1
15324.1,57610.62,783,0,0
38942.53,25413.98,2,5,1
43909.9,75865.55,940,1,0
78886.08,75439.35,5,6,1
5721.73,18762.37,444,1,0
21912.51,35692.43,890,0,0
44727.08,78227.83,584,2,0
131490.12,67474.5,5,5,1
28829.14,75329.82,31,0,0
28252.67,62094.72,793,2,0
26094.98,91828.76,489,0,0
48613.56,30417.88,6,6,1
7327.72,22780.81,288,0,0
8011.33,62728.58,574,0,0
3386.38,6864.73,754,2,0
8360.15,65629.34,787,2,0
176527.84,95076.07,1,4,1
37003.17,88704.92,875,0,0
20218.25,39340.12,630,2,0
23815.62,47019.6,260,2,0
1868.78,13483.16,95,1,0
33821.04,18799.93,6,5,1
24761.02,50095.15,642,0,0
54703.81,96445.74,400,0,0
18260.53,74743.66,273,0,0
43423.24,88220.71,348,0,0
13375.52,21234.14,481,2,0
18924.59,63195.17,597,0,0
12670.22,99485.25,745,0,0
3235.54,5369.79,32,2,0
35132.1,27747.65,3,5,1
11393.76,35589.78,325,0,0
7489.79,43818.5,932,0,0
6245.06,18601.71,643,2,0
8685.67,57159.58,756,2,0
53095.58,79757.36,206,0,0
20890.56,79984.21,616,0,0
9383.72,68546.56,631,0,0
22262.23,32367.22,855,1,0
8771.55,14281.34,65,2,0
86427.51,77906.9,9,3,1
25391.47,85834.98,411,0,0
89020.07,53042.08,3,5,1
14154.24,53620.36,770,2,0
29571.44,97720.2,269,0,0
18030.73,74564.65,131,2,0
22694.89,43791.17,979,1,0
23102.38,34752.41,880,1,0
870.15,5862.54,341,0,0
18396.01,27454.93,368,0,0
105217.42,79184.35,4,4,1
56096.88,83741.97,386,2,0
27300.65,79264.07,100,2,0
1749.77,9097.77,46,1,0
5998.23,25262.62,216,1,0
31381.84,60316.6,210,0,0
86157.16,55263.4,1,4,1
95325.89,65049.8,1,3,1
30158.35,21498.05,1,5,1
103728.63,85630.91,10,4,1
14753.3,56704.02,580,1,0
1626.32,11703.37,811,2,0
18119.19,26917.74,377,2,0
10074.72,35458.21,670,1,0
9456.01,19233.57,965,1,0
21886.42,32330.57,544,1,0
2828.97,8008.98,763,2,0
28782.51,68721.03,659,2,0
31481.91,75219.84,967,1,0
43684.32,65752.5,646,2,0
24357.55,44387.73,581,1,0
11664.45,29864.52,748,0,0
29114.36,63317.49,158,2,0
97574.41,75026.3,7,5,1
16521.45,47048.5,55,0,0
13130.86,44612.72,574,1,0
33992.97,78844.88,389,1,0
8224.15,28670.56,254,2,0
37739.71,33796.89,10,5,1
3000.71,12659.03,123,2,0
14946.9,22108.19,621,2,0
11889.03,33436.82,951,0,0
30957.79,48002.23,56,2,0
18673.47,39975.37,199,2,0
34734.85,93605.11,158,1,0
10954.16,75903.15,557,1,0
44638.38,66333.89,660,2,0
24719.66,43352.78,283,1,0
7800.2,47079.41,444,1,0
64262.13,33111.47,5,4,1
11606.17,19047.54,211,1,0
63288.75,94051.76,588,0,0
132843.52,82326.08,5,4,1
128504.87,68965.91,5,4,1
120230.23,98056.44,9,5,1
12097.58,69935.5,87,1,0
5514.75,27178.59,529,1,0
27907.65,43680.23,784,1,0
15119.56,25712.73,626,1,0
13797.25,29033.2,945,0,0
15876.44,12760.26,9,4,1
16660.75,29077.88,806,0,0
106333.8,56238.09,4,5,1
6556.76,32074.75,866,2,0
140434.43,71685.68,8,4,1
5481.55,20169.67,968,2,0
73470.46,63792.07,3,3,1
8963.85,20749.26,109,1,0
14171.54,21487.43,635,0,0
17598.15,95287.92,37,0,0
48033.43,68704.41,860,2,0
126853.14,73131.27,9,4,1
127678.24,66018.27,1,3,1
31625.99,98717.19,882,1,0
12701.27,44481.06,102,0,0
148271.36,83059.15,4,5,1
98534.49,67762.61,1,5,1
8946.23,16418.37,526,0,0
99141.48,60285.95,3,5,1
56504.72,89086.99,467,2,0
2149.45,6372.68,625,2,0
41569.37,78693.43,236,1,0
15545.07,42542.04,302,2,0
32324.68,82206.85,821,2,0
47224.65,70689.83,896,2,0
7239.32,22360.39,861,0,0
35498.3,51138.27,439,2,0
105140.27,79349.29,2,5,1
17590.18,29343.84,898,1,0
27994.67,72706.28,758,2,0
21528.26,79768.53,337,0,0
4238.76,20864.84,499,0,0
10214.99,18577.56,407,0,0
135292.19,90151.89,3,6,1
36724.37,85329.7,86,2,0
66574.88,34909.68,6,5,1
23291.33,94335.0,876,2,0
1603.53,6366.29,734,1,0
44127.99,74504.29,548,1,0
20766.39,86852.39,405,1,0
18930.73,77649.53,967,1,0
17330.32,58939.61,308,2,0
21596.57,67412.11,173,0,0
134825.7,96683.64,10,6,1
55534.1,34937.72,9,6,1
56120.02,36145.32,4,4,1
55257.87,32119.52,7,5,1
33937.62,87997.12,950,2,0
15601.64,63638.19,534,1,0
32153.87,49240.06,955,2,0
6851.97,32393.16,705,2,0
6328.01,57443.32,469,1,0
34356.39,49266.21,888,2,0
10886.4,65799.32,341,2,0
1047.36,8510.86,700,2,0
41289.54,39837.98,10,4,1
6203.86,27433.95,151,2,0
14868.77,58521.6,993,1,0
8579.87,12594.38,990,1,0
49813.88,91918.27,681,1,0
11437.55,45736.03,103,0,0
45874.73,66136.85,559,1,0
27203.07,41638.86,680,1,0
3402.13,9161.46,807,1,0
18991.62,50094.68,80,1,0
87409.0,61190.89,6,3,1
116242.51,68850.02,7,6,1
17676.73,59046.59,185,2,0
6804.53,17505.88,377,1,0
69530.5,53234.19,7,5,1
18919.57,59405.08,578,1,0
32141.11,72524.9,840,2,0
37706.69,69176.26,903,0,0
2396.27,11768.84,576,2,0
38720.73,25225.2,7,3,1
64197.37,34938.95,7,3,1
18252.53,29294.51,341,0,0
27884.94,71851.5,657,2,0
19312.14,47707.96,742,2,0
4379.13,14856.01,808,2,0
45159.48,67991.89,825,1,0
42360.62,79420.54,485,0,0
4351.53,7442.76,65,1,0
52331.52,78260.75,689,0,0
32000.5,21343.33,10,3,1
10735.83,74662.2,49,2,0
16172.87,31270.46,594,1,0
10632.25,19836.47,329,0,0
12696.77,39520.88,845,1,0
59961.93,52349.44,4,6,1
7030.91,16227.89,410,0,0
51024.77,74121.08,681,0,0
23268.37,63474.33,225,1,0
59902.4,35221.66,4,4,1
16454.61,41941.18,604,0,0
46711.08,36554.46,4,4,1
15046.87,61494.52,267,2,0
19190.72,14058.99,4,3,1
16996.64,97985.01,591,0,0
25661.28,20129.99,9,6,1
4439.56,18851.8,531,2,0
19111.23,42739.0,240,2,0
28087.5,71712.96,715,1,0
22410.74,21485.19,4,3,1
97283.03,56165.17,7,3,1
19347.69,89455.35,799,1,0
25929.07,22430.72,9,3,1
13077.03,34051.52,506,2,0
50912.31,94011.37,573,0,0
42877.99,81664.84,75,0,0
60869.4,47760.22,5,4,1
2250.27,11174.35,301,0,0
13640.06,66075.2,728,1,0
43342.51,79134.9,799,0,0
148483.91,91378.03,8,3,1
62664.64,94020.02,232,0,0
145100.79,81487.28,10,3,1
158707.7,98028.24,7,5,1
4278.9,41977.27,127,1,0
18427.07,40828.85,264,2,0
28731.86,24130.17,10,5,1
26944.36,63778.46,156,2,0
16053.28,58902.17,656,1,0
113691.73,62133.37,8,3,1
11358.45,57946.71,826,2,0
6073.72,19194.63,523,0,0
9035.15,17711.81,43,0,0
58052.77,40308.2,4,3,1
88976.5,88702.87,2,4,1
19020.16,79802.97,386,1,0
12366.24,40695.59,424,2,0
44297.35,88641.99,138,2,0
4092.58,33373.27,612,2,0
776.5,5410.73,140,2,0
16231.2,10643.27,2,5,1
11646.79,10091.53,5,6,1
53979.06,40206.6,5,5,1
8815.54,85043.14,279,0,0
16881.55,54781.27,488,2,0
10817.37,74170.25,947,0,0
5447.83,10683.38,31,0,0
38505.55,26090.17,1,5,1
10601.16,36636.85,157,0,0
38281.39,20455.67,9,5,1
23219.05,13439.84,3,4,1
40456.69,58998.61,971,2,0
6961.6,62271.88,605,1,0
6887.43,59540.51,124,2,0
19323.82,99865.28,840,0,0
32542.88,99020.76,51,0,0
36895.26,82718.82,779,0,0
26232.58,14260.87,2,6,1
10454.07,73000.6,100,0,0
13829.05,58792.23,582,2,0
111824.01,82468.92,6,5,1
38074.75,60544.89,674,2,0
17213.02,84157.54,911,1,0
1301.53,5085.32,240,0,0
26850.14,82977.76,362,0,0
16813.9,86864.54,633,1,0
153671.06,82212.4,9,6,1
36345.39,73117.4,781,1,0
116758.88,99715.27,10,4,1
7342.19,71284.81,104,2,0
14377.84,9577.54,9,4,1
78608.99,46395.91,1,5,1
5094.3,27305.18,986,0,0
95836.31,63741.39,7,6,1
31668.35,19158.02,5,4,1
28619.01,19190.51,10,3,1
47112.55,27886.99,10,4,1
34721.04,24995.67,5,6,1
110791.97,65914.86,4,4,1
11553.93,46956.88,635,1,0
84783.74,63785.59,3,3,1
21654.2,47832.07,317,1,0
27168.96,69154.04,666,0,0
33640.25,83151.42,727,1,0
63269.74,98480.75,801,2,0
9696.74,25851.33,542,0,0
5021.45,8839.76,768,2,0
25781.68,80969.66,604,2,0
10841.61,10057.65,2,5,1
3013.2,28208.07,126,1,0
11308.56,95025.08,382,0,0
31483.38,96118.38,215,2,0
19233.03,52048.36,117,0,0
56383.1,54833.87,4,6,1
37554.52,68667.69,484,0,0
32952.8,50068.52,313,2,0
13293.7,28558.26,572,2,0
38821.79,21503.69,8,4,1
50386.82,47643.45,8,4,1
166124.45,88124.04,8,6,1
38978.14,31347.11,4,5,1
78037.03,45223.39,3,6,1
26873.91,77938.84,74,2,0
8803.11,71750.87,441,1,0
4774.59,9876.52,745,1,0
52977.04,85601.58,262,1,0
3864.62,10094.53,407,0,0
133245.89,73171.82,8,6,1
9712.81,31595.49,97,1,0
19075.62,47064.05,891,0,0
28914.25,43373.81,73,2,0
21173.91,57014.42,346,0,0
8050.83,52565.27,750,2,0
11490.13,97019.16,164,1,0
7987.44,16399.63,522,2,0
2546.9,8251.06,193,2,0
37045.8,60492.4,151,0,0
5241.53,24263.88,723,2,0
25679.7,45600.83,146,1,0
35203.42,93312.35,180,2,0
4510.82,6461.17,114,2,0
26001.93,94375.53,430,1,0
35988.34,60409.57,388,0,0
21716.99,38610.37,761,2,0
57845.9,94559.33,970,1,0
12025.53,21442.8,127,0,0
86865.68,66745.24,8,6,1
23916.11,59350.75,60,0,0
13814.35,88596.26,378,1,0
86119.68,58139.37,6,5,1
26399.91,92232.49,35,2,0
23169.27,64940.96,298,2,0
40048.97,77165.26,744,1,0
32944.4,50836.95,806,0,0
149378.58,79418.07,6,3,1
42957.54,86898.04,614,2,0
138253.4,87965.97,5,6,1
14614.62,61673.98,755,2,0
8989.1,27637.23,971,2,0
42801.61,82828.69,499,1,0
10337.21,35065.43,859,1,0
10036.8,46467.7,667,2,0
14372.54,7464.94,5,5,1
18227.82,47395.91,257,1,0
9529.88,14126.41,260,2,0
11041.2,65238.87,227,0,0
3513.45,5153.83,113,2,0
30961.61,49889.53,195,0,0
45495.65,70529.53,586,0,0
18860.89,99694.06,916,1,0
5661.28,20581.69,43,2,0
36074.86,73517.9,527,1,0
68834.62,46690.48,9,3,1
149518.45,96661.27,6,5,1
44194.75,63271.21,58,0,0
14482.56,59225.77,860,2,0
49536.92,95205.63,983,0,0
6769.73,61166.17,61,1,0
50302.32,93543.75,726,1,0
1343.94,6352.72,315,0,0
40093.11,62918.45,753,2,0
18616.04,42025.08,630,0,0
2657.74,6878.17,110,0,0
6533.76,15460.74,55,1,0
22275.4,67382.7,335,0,0
11403.5,16977.22,459,2,0
70846.94,60806.29,10,3,1
44426.94,70194.95,219,2,0
65871.73,99059.29,387,0,0
32954.45,52478.17,860,2,0
78916.28,63672.24,9,5,1
27962.75,57379.6,377,0,0
160616.54,82397.21,4,3,1
46738.73,73102.48,907,2,0
99772.79,62798.39,1,5,1
11078.81,64150.52,933,2,0
1966.27,7859.38,946,1,0
5965.89,46053.86,272,2,0
35075.26,56217.04,102,2,0
169729.42,90546.41,9,6,1
12230.59,34680.5,583,1,0
6297.14,42418.63,375,1,0
3094.35,8430.78,408,2,0
110405.34,99103.99,10,6,1
28944.13,59913.79,530,1,0
18939.63,30866.77,155,1,0
57176.63,89388.72,66,1,0
82423.18,60125.58,7,3,1
35277.94,51323.49,53,0,0
26226.9,68152.84,618,2,0
78777.86,60023.23,3,6,1
26292.15,68801.19,52,2,0
40706.28,65282.33,165,1,0
63340.74,97257.48,449,0,0
13572.77,55996.35,134,2,0
13351.03,81279.62,880,1,0
6055.34,24263.84,676,1,0
6269.56,12439.2,595,1,0
66992.16,37558.39,2,3,1
14828.72,8074.3,6,3,1
14200.89,40128.02,979,0,0
5508.75,39283.4,738,0,0
15857.64,94897.03,541,0,0
23767.32,35903.23,63,1,0
7881.43,32753.04,344,0,0
19814.45,80496.0,531,1,0
7520.26,26584.89,229,1,0
9004.96,54023.19,872,0,0
9088.49,21139.04,121,0,0
26403.95,86399.52,967,1,0
20074.05,76120.99,717,0,0
54676.98,86329.32,769,0,0
20020.27,15501.11,7,3,1
28539.2,87333.55,152,2,0
29578.96,70343.79,613,1,0
13085.03,72277.02,986,0,0
78816.96,48195.53,5,3,1
18395.72,33977.56,342,0,0
11100.45,23256.5,232,2,0
18242.75,38921.41,119,0,0
622.94,5244.17,557,2,0
17470.73,64025.63,882,0,0
74512.34,51467.94,3,4,1
29252.17,27250.62,2,5,1
90703.61,50281.41,8,6,1
35294.45,55091.62,974,2,0
38249.51,29207.9,3,4,1
12454.78,19478.78,216,0,0
37744.67,98557.89,181,0,0
32434.46,88518.78,610,1,0
19285.83,58016.87,55,0,0
37348.83,71311.99,68,1,0
71539.12,40494.59,2,4,1
27303.3,57574.31,957,2,0
9039.95,19059.76,619,0,0
15359.16,43607.45,185,2,0
20020.42,72443.54,45,2,0
21634.03,82382.51,407,2,0
14563.31,21172.35,657,1,0
95877.47,72307.79,10,4,1
15749.1,23557.67,693,0,0
36624.25,90341.75,315,1,0
21111.04,41258.17,500,1,0
10887.63,26176.42,520,2,0
4601.49,9652.65,284,1,0
11424.36,76808.73,476,0,0
135580.83,75727.0,1,4,1
23247.39,39347.33,500,1,0
116614.51,86852.3,5,4,1
15709.38,95695.19,788,1,0
40290.76,88106.75,735,1,0
15419.65,93859.35,469,1,0
172489.77,90352.07,8,6,1
1764.52,14814.13,750,1,0
23041.3,33995.65,735,0,0
17988.05,16709.88,8,4,1
51689.02,89729.49,397,1,0
31407.24,68156.72,371,2,0
3707.59,10644.89,931,1,0
95417.89,60948.6,6,4,1
4585.21,11027.92,434,1,0
13160.23,27765.54,605,0,0
6056.53,50490.72,291,1,0
15255.61,92868.69,614,1,0
11702.55,54254.04,914,1,0
18908.3,44268.57,298,1,0
1893.05,8487.83,158,0,0
27879.37,88984.75,835,0,0
132186.25,82263.46,8,3,1
15996.26,39574.32,617,0,0
38236.87,73887.43,336,0,0
26462.59,72838.36,598,1,0
14649.87,41709.92,917,2,0
23662.02,76485.14,752,0,0
9466.77,28359.24,841,0,0
10439.68,28345.34,96,2,0
41055.57,62663.66,594,2,0
39243.85,73340.22,609,1,0
28691.43,65678.35,74,2,0
12844.43,36258.14,646,0,0
16188.12,75526.02,197,2,0
9909.78,18499.26,445,2,0
16366.83,49281.56,985,2,0
15305.21,72650.5,404,1,0
14496.43,44621.45,404,0,0
6945.32,18728.86,213,2,0
79907.48,41675.49,10,3,1
88831.07,48834.23,9,3,1
56138.22,43898.47,6,4,1
19619.24,68840.96,192,2,0
30848.68,78487.01,778,0,0
28587.49,56338.54,207,0,0
4481.79,19257.48,59,2,0
28554.44,43325.51,384,2,0
6434.32,36348.93,343,2,0
16174.06,43698.0,377,0,0
33779.71,72010.14,654,2,0
14008.81,22644.07,790,2,0
47494.11,28314.78,8,6,1
21899.78,82759.98,376,1,0
59375.46,38421.68,6,4,1
14453.31,29004.37,673,1,0
55670.08,42613.47,6,6,1
46071.15,66929.72,209,2,0
52214.39,96666.28,990,2,0
38411.13,73575.97,596,0,0
57443.62,94553.64,420,0,0
2528.95,10027.9,329,0,0
37485.16,21136.3,1,5,1
54990.48,95745.45,547,0,0
88060.96,54674.99,4,4,1
64186.6,46065.41,4,3,1
13440.45,30974.1,241,0,0
14184.24,51053.66,381,1,0
17393.09,40248.06,948,2,0
32337.41,64796.35,710,0,0
44039.49,23886.05,5,3,1
14943.78,58019.73,579,1,0
64438.56,49702.85,2,5,1
99970.72,61985.68,8,3,1
44919.59,84042.4,527,2,0
13053.55,39269.36,698,2,0
4058.89,34244.39,449,1,0
3186.3,6760.28,330,1,0
3651.54,8160.72,698,1,0
23807.49,69807.16,281,1,0
15519.06,11892.76,5,6,1
8023.64,50265.01,240,2,0
11049.95,23153.12,358,0,0
104262.01,81291.7,3,5,1
13342.91,7306.01,10,6,1
26522.56,49489.07,724,1,0
7373.54,12751.59,894,1,0
7285.0,18228.43,828,2,0
27353.84,91489.64,153,0,0
11922.33,72024.16,468,1,0
154888.45,78139.83,2,3,1
25044.36,51611.73,217,1,0
29600.74,42921.98,694,1,0
26645.6,94062.18,85,2,0
8856.66,31588.59,975,1,0
15446.72,24486.01,316,0,0
11947.2,20630.16,55,0,0
57592.61,48826.83,3,6,1
8038.06,56143.15,497,2,0
55332.93,92810.87,309,2,0
45032.57,89360.3,617,2,0
43367.94,88834.32,272,2,0
9341.74,52495.93,33,0,0
79245.54,45612.12,6,5,1
138586.42,93194.43,4,3,1
18869.13,34607.0,219,2,0
103097.19,71791.85,6,3,1
32293.75,18536.75,4,4,1
124660.63,94518.41,5,4,1
28308.36,69936.2,898,1,0
10586.67,63045.22,152,0,0
9641.91,18021.11,627,1,0
10569.32,59789.61,755,0,0
18702.51,39055.58,236,1,0
48489.94,86693.69,719,2,0
46238.0,70100.03,276,0,0
4123.92,28905.46,95,2,0
29218.46,56369.07,753,1,0
155901.73,83518.92,6,4,1
38758.68,23066.65,9,4,1
22047.58,33432.14,807,0,0
44492.37,74899.61,360,1,0
13104.09,8559.08,5,6,1
54043.56,32637.95,7,6,1
51418.68,89354.42,254,1,0
45218.2,43399.92,5,6,1
15947.23,25368.83,925,0,0
7322.26,6691.51,5,6,1
35314.65,58117.06,70,2,0
24477.25,70446.75,46,2,0
107970.74,79412.55,4,5,1
14851.24,43136.45,328,1,0
44848.86,97443.24,966,1,0
106341.78,76860.31,4,3,1
30674.78,98638.04,240,2,0
84688.57,52072.1,2,6,1
56865.34,83920.92,165,1,0
21550.19,90114.92,461,0,0
46421.26,68114.87,546,1,0
20251.22,86170.12,360,1,0
41454.0,79917.21,487,0,0
10954.9,81762.15,209,1,0
141317.65,79635.55,5,6,1
143584.34,96809.63,4,6,1
40166.53,64606.01,103,0,0
17086.64,35590.39,594,2,0
1919.11,12093.98,579,2,0
5868.27,10583.46,754,0,0
97100.52,60692.08,4,3,1
38298.81,24746.91,2,5,1
35001.56,74310.62,742,2,0
65733.77,34734.06,10,5,1
21745.35,50708.65,194,1,0
103521.51,88417.61,3,4,1
27665.43,17926.69,10,4,1
53764.18,78888.33,210,0,0
184459.3,93097.68,7,3,1
11646.85,23074.44,503,2,0
51768.47,86665.87,377,1,0
4297.32,32721.37,392,0,0
4323.27,26722.14,841,2,0
19665.54,84733.83,758,1,0
8979.39,55729.62,566,1,0
17950.23,89801.52,235,0,0
15087.86,89746.61,450,1,0
27756.95,16268.55,7,3,1
27401.91,95976.13,781,1,0
41825.28,95687.48,284,0,0
78145.14,40799.7,10,3,1
18616.71,30137.32,248,1,0
16817.42,36277.66,511,0,0
27471.98,59526.8,414,1,0
10929.7,20305.73,116,0,0
28050.74,92300.89,633,1,0
13228.48,46402.24,991,2,0
14386.91,73220.37,33,0,0
17697.18,36738.4,764,2,0
6005.25,15470.6,795,2,0
24447.54,78833.56,428,1,0
97168.17,91119.94,3,3,1
11393.41,37682.7,168,2,0
1636.16,14507.68,670,2,0
52589.07,46502.52,5,6,1
28026.84,72517.03,112,1,0
65592.29,94974.67,656,0,0
8015.6,23680.68,855,1,0
10298.69,54954.3,716,0,0
51161.01,81309.88,872,0,0
36476.0,32618.19,8,3,1
99457.15,58326.12,2,5,1
4513.06,19317.95,184,2,0
29058.19,24510.33,3,4,1
9716.52,37591.66,71,0,0
4296.95,7458.32,70,0,0
17592.22,9884.58,3,6,1
3273.26,14229.17,400,0,0
14496.61,32602.93,291,0,0
19249.29,74012.33,366,0,0
25396.81,64088.79,725,2,0
108942.6,64214.31,3,5,1
53531.06,36421.21,9,6,1
23841.94,81759.86,971,0,0
10136.94,6565.86,10,6,1
10467.67,34034.02,192,0,0
11275.28,94478.27,731,0,0
16957.37,79431.91,387,0,0
27326.66,68048.61,555,0,0
30338.75,48970.72,729,2,0
8399.36,25418.79,98,0,0
55175.48,29536.78,10,5,1
104964.67,95416.76,8,4,1
18069.38,60290.16,813,1,0
6379.12,18469.78,919,1,0
13467.17,21463.06,59,0,0
144377.43,88432.08,8,3,1
170285.96,95005.97,6,6,1
60467.07,42388.3,7,3,1
112369.57,78148.29,6,5,1
60100.41,53254.0,4,4,1
8814.07,51849.28,870,2,0
9221.87,28078.78,84,2,0
28687.78,78474.19,625,2,0
99756.36,82638.97,5,6,1
10476.6,63245.0,412,1,0
104031.27,55238.04,6,3,1
31243.44,67464.5,894,2,0
22087.96,91671.43,78,2,0
18946.77,29294.13,954,1,0
70429.91,50865.49,7,4,1
55267.33,88672.34,169,1,0
22552.59,17826.67,9,6,1
11707.36,87091.29,954,2,0
8232.04,12414.56,491,0,0
34180.2,89272.66,186,1,0
22572.51,39302.73,489,2,0
8263.09,20867.8,364,1,0
17496.45,39091.81,745,2,0
5917.33,10143.2,178,2,0
2338.39,18757.83,786,1,0
3153.32,7113.56,704,1,0
61641.77,33044.49,2,5,1
32542.57,52404.05,867,1,0
15044.44,56819.6,245,0,0
3668.31,13686.84,790,2,0
11730.76,92231.62,728,0,0
12024.41,8267.44,9,6,1
9718.02,16759.54,92,0,0
54956.45,82693.75,726,0,0
38538.04,26237.32,2,5,1
18382.35,16948.47,5,6,1
10065.02,98077.14,628,1,0
17781.82,56910.66,69,2,0
12256.06,34223.99,336,0,0
12673.36,66623.42,109,1,0
41065.34,92361.65,705,0,0
46980.08,26662.2,4,5,1
25652.25,74745.55,311,1,0
3062.25,14970.39,726,0,0
3196.29,10334.18,808,2,0
53886.35,85015.41,458,2,0
186624.29,95537.24,1,6,1
9890.27,44909.81,981,0,0
31161.83,78661.85,532,1,0
26256.81,18875.59,3,4,1
27620.34,26300.03,5,3,1
8086.9,21918.52,324,1,0
29043.48,72855.41,745,1,0
2905.61,27538.21,388,0,0
8759.72,23095.04,974,0,0
32312.17,87575.67,895,1,0
66453.28,54255.93,3,3,1
40526.75,40328.46,3,3,1
97142.84,92112.26,10,6,1
87781.22,67297.29,6,5,1
17029.09,83083.15,79,0,0
13226.69,33891.92,198,2,0
18973.72,29934.28,409,2,0
21776.87,48822.75,132,2,0
29243.2,27404.24,3,6,1
21773.54,59280.52,748,1,0
8854.98,39429.29,802,0,0
26217.6,78015.34,624,2,0
11595.04,46023.96,814,1,0
22782.26,41415.49,873,1,0
10800.93,23229.36,261,0,0
25161.92,96666.13,892,0,0
11109.52,35142.55,602,2,0
50780.77,40875.75,6,5,1
41334.78,29847.76,7,4,1
2471.78,23579.66,803,0,0
14502.78,76030.73,869,1,0
83964.73,79246.41,9,5,1
14143.06,45821.31,718,0,0
3181.22,15915.1,290,2,0
6724.74,15208.13,125,1,0
59298.32,96396.05,698,2,0
28968.16,94252.21,128,2,0
12278.54,71013.02,724,0,0
15811.43,23496.55,640,2,0
20195.12,59909.44,541,0,0
43360.58,68427.02,362,1,0
30386.77,43462.63,761,1,0
29285.63,42348.59,364,0,0
82160.73,58877.52,8,6,1
3985.94,36059.99,44,0,0
78471.56,44407.76,3,3,1
29324.19,15257.16,6,4,1
6771.83,15073.71,58,1,0
6356.79,48510.04,405,2,0
16440.81,50184.69,159,0,0
7712.57,72743.22,975,2,0
19954.59,65505.43,366,0,0
23020.84,12323.49,6,4,1
11013.9,17261.26,726,2,0
30237.46,79893.38,835,0,0
13688.63,60722.61,100,2,0
3251.32,5000.2,45,1,0
27126.45,96641.61,38,1,0
15452.31,72824.21,234,2,0
91325.06,59975.3,5,3,1
12214.98,29605.16,896,1,0
2069.77,18303.06,236,0,0
11435.7,36237.75,334,2,0
43363.61,69727.83,463,1,0
84261.04,84109.27,2,6,1
64740.12,34762.27,9,6,1
64818.5,98723.8,442,1,0
32780.05,73964.7,793,1,0
18436.73,10340.42,5,4,1
23279.18,41243.27,232,0,0
85420.59,78581.17,8,6,1
2864.33,7393.28,342,2,0
46768.64,98312.66,343,2,0
36036.85,25769.05,3,4,1
21632.29,60035.07,250,2,0
13009.74,70446.48,452,2,0
16044.56,46755.95,702,0,0
43067.61,68868.2,86,1,0
11820.57,21212.21,229,1,0
57723.08,47901.95,3,3,1
47820.81,87853.82,471,2,0
16097.54,46078.12,729,2,0
29810.17,51419.46,247,2,0
103007.17,67561.43,2,4,1
99604.77,68967.53,10,3,1
638.57,6380.59,116,0,0
1373.24,8909.57,278,1,0
72660.71,59897.43,2,5,1
23962.56,13067.29,8,4,1
11393.29,97192.47,585,2,0
39354.2,67111.36,409,0,0
10496.69,48262.38,811,0,0
38512.26,62123.93,563,0,0
29149.55,25018.1,10,6,1
34486.5,50445.98,713,1,0
34313.88,84644.65,877,2,0
23752.43,42521.91,67,2,0
90277.53,83520.99,3,3,1
43508.58,74721.11,418,0,0
4857.38,9213.0,204,0,0
167015.01,89465.24,4,4,1
49747.89,92347.29,74,2,0
8723.72,15191.29,740,2,0
26015.17,40537.6,517,1,0
6204.96,16952.9,134,1,0
6845.9,10201.92,484,0,0
80124.99,52196.55,3,4,1
8512.63,68082.67,225,2,0
72032.18,42249.7,5,6,1
33669.09,27737.71,8,5,1
9735.68,66750.93,953,2,0
45211.72,70972.88,233,2,0
4292.07,15472.92,675,0,0
13649.37,24476.69,282,2,0
30188.23,93275.48,996,0,0
4064.27,7021.21,993,2,0
11055.21,79104.84,437,1,0
29386.17,95982.96,628,2,0
4949.62,14892.64,486,0,0
125913.58,92390.68,7,3,1
35227.43,98008.95,796,1,0
9883.48,92035.01,275,1,0
28175.03,60772.04,947,2,0
73768.68,68949.45,1,6,1
38232.41,57956.12,741,2,0
11671.64,40966.22,311,2,0
2332.65,13630.16,425,1,0
12814.04,88346.84,535,2,0
4926.19,13770.08,944,2,0
27042.98,67759.95,994,2,0
39759.98,20192.8,8,5,1
34372.74,53050.75,804,1,0
126259.81,76953.15,6,5,1
47829.11,75801.38,557,1,0
2276.45,6613.35,408,2,0
5767.21,11323.85,352,1,0
66658.77,60881.37,3,3,1
51374.78,88914.52,349,1,0
30859.43,88719.72,425,0,0
42783.71,64246.08,472,0,0
14019.62,37967.42,409,0,0
25769.34,99880.52,725,2,0
39576.14,91018.21,872,0,0
19003.26,67964.79,702,2,0
17583.99,28968.6,45,0,0
7813.59,14379.71,193,0,0
48983.22,86380.85,585,2,0
121611.42,88323.53,7,4,1
77234.84,59325.15,1,6,1
43944.18,99860.3,977,1,0
107609.81,84380.22,3,4,1
15790.13,11660.02,1,6,1
110515.95,84626.37,10,3,1
12959.91,94302.87,625,2,0
31579.33,89647.75,43,2,0
45531.22,79731.01,334,0,0
80534.42,72898.55,9,3,1
28420.28,91695.97,660,2,0
19692.66,92760.25,483,0,0
133919.65,76626.74,7,6,1
154314.5,84976.61,5,3,1
14142.96,24560.84,875,0,0
8129.26,30151.95,689,1,0
10342.76,21594.56,921,1,0
29316.97,57562.95,785,2,0
8313.88,41491.05,947,2,0
33807.85,57861.94,793,2,0
13944.37,10231.31,6,5,1
55396.38,31667.77,6,4,1
10790.82,25391.49,776,0,0
62998.87,48754.08,7,3,1
38600.78,63077.12,69,2,0
12990.33,29487.61,786,2,0
100853.05,93387.0,7,6,1
46720.72,94564.82,906,1,0
41554.56,67746.41,594,0,0
38373.1,35872.73,6,5,1
33144.75,26112.56,8,6,1
38808.06,97752.11,66,1,0
111185.32,80291.5,2,4,1
24873.05,66309.12,883,1,0
13576.75,76808.78,544,1,0
55938.27,28444.93,4,4,1
17538.58,52928.26,848,2,0
15825.53,59554.59,199,2,0
27348.17,93035.68,894,1,0
19277.68,62643.76,616,0,0
3508.25,7697.26,164,2,0
9447.93,22452.21,830,0,0
52202.21,79016.06,154,1,0
89082.78,59043.07,2,5,1
35439.49,18971.98,9,4,1
32286.58,94479.63,312,0,0
43422.02,94371.75,898,1,0
24168.54,58915.61,861,2,0
25423.62,80153.91,144,2,0
55916.01,87825.61,272,2,0
1109.96,6314.78,112,2,0
7932.15,45507.37,972,1,0
18389.64,73578.21,547,0,0
79542.28,50432.09,8,5,1
50467.49,92710.35,591,2,0
19337.78,45652.96,297,0,0
4493.99,18122.88,195,1,0
20772.17,74946.16,908,1,0
20721.55,96430.0,92,0,0
29372.13,71785.47,148,0,0
38822.18,72330.12,935,1,0
139034.47,94844.24,8,3,1
158321.45,84814.62,4,4,1
7796.47,25650.31,429,0,0
72460.78,69573.72,2,3,1
6835.79,10317.48,160,1,0
101611.38,72735.48,9,6,1
17850.2,27904.8,740,1,0
10853.14,10184.54,4,6,1
20844.34,53862.13,422,0,0
6111.05,26772.51,679,2,0
27861.75,16950.28,7,3,1
31963.0,63040.29,41,2,0
23183.42,41449.84,292,0,0
39612.87,88907.77,610,0,0
13448.0,7486.92,2,5,1
40825.62,39929.18,8,5,1
18051.19,34360.02,374,0,0
60590.68,53626.37,8,4,1
175947.39,97321.85,4,5,1
43657.8,80201.34,853,0,0
57583.17,91312.85,599,0,0
28181.56,50454.57,731,2,0
90188.77,57480.45,1,5,1
24996.47,60686.59,149,1,0
14673.1,67706.16,86,1,0
8149.81,53833.18,206,2,0
96221.8,68925.71,10,6,1
41535.64,87443.88,660,1,0
16783.42,64546.11,862,0,0
71533.2,66944.47,10,4,1
38090.08,88259.06,302,0,0
52852.12,34194.98,4,6,1
5761.84,30547.13,253,1,0
29765.54,16829.85,3,5,1
5214.79,35332.12,347,1,0
37421.52,63823.11,748,2,0
25698.65,50724.08,58,2,0
3357.54,6474.95,386,1,0
3756.55,26283.51,792,1,0
4871.85,9399.73,895,1,0
45276.09,69576.24,212,1,0
53211.7,79133.67,256,0,0
14090.58,22113.33,54,0,0
13353.02,81371.65,503,1,0
24654.5,17592.64,5,4,1
9635.31,74205.44,792,2,0
17272.78,81022.59,794,1,0
11408.72,16999.86,783,1,0
55146.2,79361.21,520,2,0
86016.0,57745.63,9,4,1
3088.42,28051.57,164,0,0
41946.0,63006.79,293,1,0
14600.57,14265.17,3,6,1
10165.87,16036.53,296,0,0
9529.4,37950.12,973,0,0
20253.94,52173.85,965,0,0
20783.52,90491.54,756,0,0
10710.43,47363.18,154,0,0
35652.55,72681.62,994,1,0
6717.6,54527.76,900,0,0
37540.97,84147.92,725,1,0
23232.13,96645.44,763,2,0
8248.15,23523.03,225,0,0
21733.25,43610.87,705,2,0
97771.13,63740.45,7,5,1
22245.69,42545.16,417,0,0
101242.65,72155.68,3,5,1
11190.93,20218.43,331,1,0
21573.84,34014.78,114,2,0
53800.86,30903.42,7,3,1
45830.45,22916.01,2,6,1
19324.32,46063.94,137,0,0
10635.69,72670.92,421,2,0
104257.47,56129.82,2,6,1
39119.27,38422.96,4,6,1
33715.83,88425.07,700,1,0
33803.88,27755.55,3,5,1
12595.9,96353.26,316,1,0
17571.1,38604.66,580,1,0
118807.85,61164.38,8,4,1
25276.98,51396.07,906,1,0
6914.32,15240.82,43,0,0
31196.75,86720.75,927,1,0
42244.82,73880.35,467,2,0
41559.55,74075.8,193,1,0
31405.9,28146.58,5,4,1
39865.57,94254.27,600,2,0
21183.02,71993.3,82,2,0
2042.12,6980.62,540,2,0
116218.78,80234.5,6,4,1
3045.58,19990.73,869,2,0
16372.83,48387.67,675,2,0
64427.77,50368.17,4,4,1
127606.43,69665.94,9,3,1
38764.84,55732.75,506,0,0
12442.37,19056.65,717,0,0
33551.42,55535.97,803,0,0
4831.11,7678.53,907,2,0
8509.24,57257.42,343,0,0
49241.69,73016.15,946,2,0
84139.06,79580.14,5,4,1
41206.29,72921.98,264,0,0
101636.48,63740.64,2,5,1
23841.17,66429.73,87,1,0
16086.43,37861.34,156,0,0
4349.87,38227.02,833,1,0
27650.48,53080.86,85,0,0
40790.15,97797.07,854,2,0
16891.4,27933.47,100,0,0
4672.19,18795.19,269,2,0
8391.78,65363.92,904,0,0
5196.87,14962.89,104,1,0
23364.8,47993.61,200,0,0
39926.82,57489.85,820,0,0
12927.29,64938.89,410,2,0
13243.58,74732.36,465,1,0
47129.67,67550.07,679,1,0
21132.78,32436.26,287,2,0
44939.15,72645.23,666,0,0
31524.72,22042.62,5,4,1
9770.63,79004.45,631,1,0
31555.51,86928.93,732,2,0
14770.26,8616.31,4,5,1
7237.11,12919.68,529,0,0
693.86,5283.17,712,2,0
13815.09,44073.75,977,0,0
55735.02,99471.38,113,1,0
13567.54,50658.36,981,0,0
9317.72,81007.53,846,0,0
24315.17,56961.81,471,0,0
16291.01,53866.88,687,2,0
45215.0,76938.26,192,1,0
83945.18,52821.5,2,6,1
6493.3,22384.85,891,2,0
13601.0,99595.86,972,0,0
4472.02,39451.23,367,0,0
123058.13,80178.09,4,6,1
66592.53,43366.84,3,3,1
14421.62,37067.47,459,2,0
22723.47,17252.5,3,3,1
36046.82,55975.88,476,1,0
19139.3,54967.4,345,2,0
6692.05,13631.75,328,2,0
45965.15,75348.01,867,0,0
5532.87,42403.48,868,1,0
15664.46,57919.83,760,0,0
21908.81,89434.6,352,2,0
26748.13,66626.6,240,1,0
10650.47,38072.7,934,2,0
18892.78,44909.47,657,1,0
36388.81,34982.44,1,3,1
3957.32,13528.55,381,0,0
11920.87,17567.88,832,1,0
11623.29,20668.96,787,1,0
9309.07,39396.18,441,2,0
17286.34,87591.9,266,2,0
100721.81,66878.85,5,6,1
31278.86,24396.5,8,3,1
20910.2,68296.03,932,2,0
24877.46,61411.7,638,2,0
9085.68,38588.9,205,0,0
169432.35,94492.64,9,4,1
20617.58,74197.23,601,1,0
43402.5,79421.5,507,1,0
4024.84,11311.56,185,0,0
13638.24,80709.44,828,0,0
15491.51,41039.57,951,2,0
157923.01,94249.83,4,3,1
13320.83,20625.75,245,0,0
25403.87,73830.81,277,0,0
79796.31,50178.13,5,5,1
1563.91,12008.57,962,2,0
14653.95,73061.25,132,0,0
10105.24,74728.35,835,2,0
10680.54,28712.58,239,1,0
14325.47,51467.48,708,0,0
38851.2,30340.72,4,6,1
37364.62,58374.82,363,2,0
17075.04,50636.8,104,1,0
41465.24,63481.06,841,1,0
36802.58,66163.76,466,1,0
18587.05,38834.66,453,0,0
9431.93,80515.3,997,2,0
22030.33,64246.17,417,1,0
55686.45,95646.94,122,2,0
12255.41,96505.88,908,0,0
17071.24,98464.43,372,0,0
3892.89,15890.8,149,0,0
12227.34,29828.82,930,0,0
34772.46,67757.01,523,0,0
113530.02,82130.35,5,6,1
118611.31,82534.49,3,4,1
15845.77,93818.09,570,0,0
124876.24,95387.31,1,6,1
32398.6,73206.9,122,2,0
20207.31,95043.75,995,0,0
114544.83,60836.51,3,6,1
1134.29,9392.87,589,2,0
34286.67,56816.53,403,1,0
26467.88,47530.1,506,0,0
48365.71,81257.6,925,0,0
828.76,5275.01,993,0,0
9396.59,15350.26,674,2,0
125865.28,71246.93,10,3,1
8351.55,45413.83,973,1,0
54231.92,92883.79,111,1,0
40983.55,77736.41,942,1,0
20269.76,57958.82,802,0,0
16519.64,27265.44,693,2,0
21056.2,85553.2,519,0,0
28133.8,94640.88,427,0,0
27264.2,40699.39,56,2,0
16985.66,29814.45,350,1,0
29968.24,86027.23,183,1,0
128804.53,64485.58,1,5,1
8474.58,21192.4,720,1,0
8425.41,7862.59,5,4,1
58701.2,52507.99,6,6,1
37923.91,56137.72,739,0,0
34831.78,90912.91,690,0,0
5204.7,10902.73,351,2,0
169826.23,92072.02,5,6,1
65107.97,57995.71,2,6,1
8857.05,27184.6,100,1,0
6632.19,41780.46,440,1,0
55322.34,28199.86,3,3,1
34643.27,33814.15,5,4,1
9514.6,71199.43,568,2,0
47009.07,92497.64,848,1,0
93890.75,66578.33,5,3,1
66105.34,39980.36,3,5,1
34540.9,63519.47,701,0,0
5565.42,35372.46,1000,2,0
8776.9,85800.84,214,1,0
10730.11,18365.63,95,2,0
135154.46,89190.4,1,5,1
6638.27,56540.27,630,0,0
32221.61,68376.16,179,1,0
6097.2,37307.02,348,0,0
39511.24,57186.49,122,1,0
22771.78,81649.08,276,1,0
23339.67,54901.51,329,1,0
41211.86,61484.49,984,2,0
6531.12,46306.1,812,2,0
44397.37,76656.94,752,2,0
14446.02,58552.67,468,0,0
7584.21,14383.51,62,0,0
38750.08,74745.04,46,2,0
89373.06,57892.15,7,3,1
46104.38,89882.54,92,1,0
36183.42,62138.76,791,0,0
37585.25,54304.08,491,1,0
25747.89,83058.2,645,2,0
45030.08,28236.16,8,5,1
35729.67,57126.73,997,2,0
8760.49,18219.68,79,1,0
6474.74,12266.48,892,1,0
61023.58,88927.27,85,0,0
84924.03,72243.48,1,6,1
35544.72,60313.43,689,1,0
13640.61,29132.68,907,0,0
61517.86,89553.38,936,1,0
136679.0,84637.48,3,3,1
3901.07,10523.17,34,2,0
32172.07,63626.77,81,2,0
13281.27,89591.96,818,1,0
15473.68,49032.98,765,0,0
18896.31,31916.21,117,0,0
185667.19,99412.75,5,3,1
7844.01,6160.47,5,3,1
25649.68,56975.01,204,0,0
124528.04,79599.05,10,6,1
26505.66,52516.5,128,1,0
56689.48,85748.4,533,1,0
62593.28,40898.23,9,3,1
3006.52,5033.71,582,2,0
20174.27,39411.32,193,2,0
3587.31,12726.06,47,1,0
26215.78,61633.85,241,1,0
7016.32,18586.85,101,0,0
34323.64,85316.79,470,2,0
18928.79,50249.45,669,2,0
31640.46,68239.24,204,1,0
4727.34,11517.7,228,0,0
30562.9,58943.91,750,0,0
7532.34,13995.01,72,0,0
3144.71,21614.05,496,0,0
29647.61,99216.94,468,0,0
12641.19,47161.69,56,0,0
20289.77,34992.54,275,0,0
7927.86,11878.69,437,0,0
14058.65,37055.08,444,0,0
18138.44,81026.63,371,0,0
17131.28,83782.56,724,0,0
21869.46,13840.8,9,3,1
27170.07,93633.05,746,1,0
95874.1,54836.56,10,6,1
1987.35,6372.95,292,1,0
23759.93,48364.38,967,0,0
17810.61,32746.59,898,2,0
42846.23,85196.94,639,0,0
9214.48,31587.05,574,0,0
67092.98,65614.94,7,5,1
27440.8,53761.1,274,0,0
2414.3,8478.04,604,0,0
29248.4,48069.25,335,2,0
13148.12,39245.73,900,2,0
897.43,6921.74,717,2,0
36970.56,61993.06,853,2,0
67420.28,46324.05,6,5,1
43699.99,69268.35,500,0,0
32123.66,54791.79,785,1,0
21044.71,37254.53,113,2,0
3396.44,25054.68,348,0,0
32244.5,79277.69,230,0,0
5601.66,29560.19,630,2,0
12048.57,35372.56,915,2,0
27354.68,94255.22,229,0,0
10799.68,99101.86,396,1,0
10869.82,17483.65,344,0,0
59663.56,38917.9,10,6,1
39731.24,24128.38,3,4,1
22608.99,48411.62,316,2,0
57698.18,95824.21,105,1,0
32789.24,89703.54,258,1,0
47056.97,99746.91,595,2,0
16086.92,45504.42,476,0,0
14696.82,25079.65,480,2,0
20574.18,88036.93,666,0,0
9586.87,81911.32,541,0,0
11910.36,7428.4,9,4,1
43938.78,79151.95,664,1,0
30506.85,69109.56,600,2,0
66771.92,96860.96,800,2,0
21722.6,90942.34,507,0,0
37079.85,69157.57,987,2,0
7436.48,18149.46,860,2,0
39772.95,61369.09,54,0,0
15691.03,76931.3,187,1,0
19850.15,32128.39,274,1,0
101214.5,99701.68,5,4,1
27901.5,48967.96,944,2,0
4322.48,13167.0,357,1,0
11824.65,87344.9,632,0,0
145685.07,76485.5,7,3,1
17303.72,33420.6,576,2,0
62655.18,98974.11,691,2,0
17745.63,57126.13,850,2,0
103677.35,51890.61,5,5,1
24239.77,54143.15,640,2,0
32702.63,18984.61,8,5,1
129644.51,93416.19,7,6,1
2161.07,20041.02,286,2,0
21915.16,76457.94,297,2,0
4886.24,18394.13,591,1,0
31226.88,88732.31,641,1,0
13535.86,44702.21,287,2,0
14845.99,56272.89,340,1,0
25844.56,70511.56,180,0,0
28654.22,55196.82,587,0,0
11849.85,70959.96,824,2,0
12025.64,67356.29,310,2,0
119140.33,71328.08,5,3,1
8077.59,34202.41,800,1,0
16786.86,28027.92,481,1,0
46096.16,85790.88,257,0,0
11040.73,16047.53,848,1,0
18478.02,52725.04,95,1,0
22188.28,40126.76,38,1,0
51598.17,31421.18,1,3,1
63205.19,60221.73,9,5,1
64823.92,53230.17,1,6,1
30274.14,70466.39,965,0,0
48413.94,80753.61,417,0,0
6383.3,9332.44,192,0,0
65045.29,37531.81,5,5,1
43881.15,43193.34,2,6,1
23562.67,50395.27,156,2,0
20103.61,78300.74,694,0,0
13116.37,26400.34,877,2,0
17718.52,31188.4,992,1,0
33582.57,26865.0,8,3,1
79458.55,42717.35,3,6,1
26070.98,49274.97,501,1,0
108969.18,55603.97,8,3,1
19900.71,31245.25,564,0,0
13182.48,20610.31,311,2,0
10789.38,31818.67,396,2,0
24201.33,92298.55,895,0,0
34005.22,82319.27,661,1,0
58917.95,86227.06,972,2,0
35443.05,57803.13,375,0,0
5387.9,44298.39,161,1,0
9185.57,46155.41,448,0,0
45583.91,99132.97,154,1,0
36320.17,94079.88,352,0,0
131468.54,96547.52,5,3,1
61109.67,41765.22,7,4,1
29292.69,52629.16,464,2,0
11338.12,56219.36,581,2,0
26257.83,86777.77,583,2,0
47366.99,23757.18,6,6,1
16335.95,56649.6,755,2,0
2327.23,8047.91,241,2,0
3641.55,19328.84,879,0,0
86934.14,52692.81,3,4,1
3293.31,9162.42,332,2,0
30286.26,55397.3,1000,1,0
9960.25,51216.37,515,0,0
104566.8,81873.19,6,3,1
15877.57,28491.85,912,1,0
4491.37,19760.15,74,0,0
29005.92,62526.25,448,0,0
51707.88,98924.65,228,1,0
15569.46,75584.09,980,0,0
8522.12,6314.58,2,4,1
93852.24,62137.39,7,4,1
12065.04,31472.22,796,0,0
41007.28,73100.35,901,0,0
162883.2,93530.21,5,5,1
1237.99,10395.25,474,2,0
7183.48,7060.32,3,4,1
3046.07,9080.62,987,0,0
38041.95,68690.09,54,2,0
19829.44,36075.29,740,1,0
14008.25,12234.34,3,3,1
37687.84,78905.03,572,1,0
74527.83,41035.87,5,5,1
53541.14,47613.82,8,3,1
136981.95,86550.0,4,6,1
21270.74,93292.48,276,0,0
16961.51,79140.78,717,1,0
102426.95,91357.25,3,5,1
52611.99,79624.12,912,1,0
20962.1,35102.07,682,2,0
52701.63,26676.32,4,3,1
2437.88,6396.6,676,2,0
11670.09,17805.15,756,1,0
7015.6,56555.5,955,1,0
109616.59,94797.41,9,4,1
8848.18,42711.02,424,1,0
10524.2,92378.37,786,0,0
35170.28,60335.86,639,1,0
101654.26,65647.91,6,5,1
46602.45,74211.39,220,1,0
27220.94,51394.94,795,0,0
13505.52,45524.94,144,1,0
43924.76,62933.77,997,0,0
9345.12,59671.18,999,2,0
19510.67,82551.46,911,1,0
21165.51,59811.17,753,2,0
34710.45,88086.06,101,1,0
107825.42,73302.17,9,3,1
56064.07,41203.09,7,6,1
11726.2,34111.35,404,2,0
31181.93,67385.52,54,2,0
147505.9,90153.67,10,3,1
21078.51,43139.8,790,2,0
4983.82,21508.88,532,1,0
109998.2,64789.59,9,6,1
48622.5,99236.41,827,1,0
17499.28,65182.58,242,2,0
17216.96,14655.23,4,3,1
13172.51,27215.63,533,1,0
13509.4,36993.06,383,1,0
27398.78,65159.62,263,0,0
31264.41,96189.56,904,1,0
3608.46,6885.27,861,2,0
8600.58,44108.45,879,1,0
10734.12,19312.58,810,1,0
19368.98,73053.43,561,2,0
41995.03,80232.72,735,1,0
4324.26,6812.27,309,1,0
95885.4,70679.41,1,4,1
19116.96,30590.63,743,0,0
22047.95,66530.94,444,0,0
16958.73,79244.22,304,0,0
6795.5,12168.63,378,0,0
2347.04,9898.35,823,2,0
12665.88,32376.4,198,0,0
34935.57,19551.11,2,5,1
60019.01,37270.31,9,4,1
98904.19,94514.63,5,3,1
29284.7,53078.81,664,1,0
21874.98,68479.13,689,1,0
39612.2,90634.18,264,1,0
6484.78,22900.58,875,1,0
9143.26,66260.62,865,0,0
31278.67,76144.72,569,1,0
1956.79,8566.6,583,0,0
176811.24,96447.66,9,5,1
38417.67,59089.07,767,1,0
59800.89,56409.43,4,3,1
189594.99,98179.08,8,4,1
84183.3,53681.07,10,3,1
12960.97,25696.76,70,2,0
37565.46,84067.57,727,0,0
23093.65,98755.19,830,2,0
63194.5,98580.55,99,2,0
95950.64,66493.65,1,6,1
10005.47,45403.18,368,1,0
15077.57,99143.68,943,1,0
24038.67,98058.92,317,2,0
21765.22,95242.65,998,1,0
17652.1,29664.59,54,2,0
40056.54,68579.82,214,2,0
61953.09,91507.3,40,1,0
21585.25,38015.4,129,0,0
9564.93,50035.52,831,0,0
4779.08,33270.01,230,0,0
24019.26,43494.56,779,1,0
13111.51,28590.31,748,0,0
151810.99,98620.13,5,5,1
2534.18,21144.0,554,1,0
8367.52,6828.79,2,3,1
7652.26,56990.29,516,1,0
22743.95,42978.03,121,2,0
98674.42,82902.21,3,4,1
122011.93,85837.13,6,6,1
4422.06,7937.93,750,0,0
28814.9,14863.83,9,4,1
35964.19,21385.31,8,5,1
2062.0,6627.67,669,2,0
21569.13,43148.92,137,2,0
45423.76,38771.59,6,6,1
11166.66,42260.6,814,2,0
32433.08,23708.92,1,4,1
20975.65,13766.99,5,3,1
118650.89,85879.45,9,6,1
29563.15,44233.47,149,0,0
6852.83,29492.27,866,1,0
23412.65,15969.85,6,3,1
34230.28,76769.52,37,1,0
26067.12,89749.75,122,0,0
16781.65,73561.84,163,2,0
7386.48,33248.21,846,1,0
9812.01,86277.55,374,2,0
9297.91,70001.26,413,1,0
42310.23,69913.62,682,2,0
37323.68,69275.51,440,0,0
174287.24,98642.44,6,4,1
147665.53,74749.86,2,4,1
11173.02,29908.32,471,2,0
122358.68,81908.4,1,5,1
35640.91,66890.24,344,1,0
27224.71,63503.54,943,1,0
13536.94,56874.72,590,2,0
12798.52,19006.77,413,2,0
132901.59,87939.4,7,5,1
35826.26,83364.49,595,2,0
62729.33,37409.52,10,4,1
55097.34,93749.6,239,1,0
5733.86,27639.57,409,0,0
82990.51,44330.05,2,6,1
127042.26,84896.97,7,4,1
22359.88,62638.17,799,0,0
25411.88,23271.13,3,4,1
12915.8,18476.41,504,2,0
3818.94,7055.43,159,1,0
55981.09,53666.56,3,4,1
21406.25,74542.14,118,0,0
36758.98,66746.97,383,2,0
25433.35,57679.56,372,1,0
54191.13,82667.31,911,0,0
14469.38,26652.93,672,0,0
10743.16,85226.64,390,2,0
20600.03,66681.53,484,0,0
28973.14,77031.12,641,1,0
38158.59,72737.23,119,1,0
20533.98,64916.55,719,2,0
36023.63,93487.56,980,1,0
11436.54,28110.72,789,1,0
6136.0,43759.16,557,1,0
26685.33,82348.4,57,0,0
3982.96,37906.97,359,2,0
12158.07,9520.96,3,6,1
36853.41,75589.8,551,0,0
5170.37,19962.5,765,1,0
10211.58,51285.94,514,0,0
37196.33,22147.39,9,4,1
6437.13,55959.07,711,1,0
30287.22,44163.99,43,2,0
41328.95,64883.35,368,1,0
34913.42,74609.98,696,1,0
27924.11,82709.28,632,0,0
8366.59,69180.03,945,2,0
24838.88,41168.6,784,0,0
13579.06,39504.82,811,2,0
12163.22,72159.75,156,0,0
9196.43,22445.43,465,2,0
25529.1,72288.56,594,2,0
28772.97,58049.98,700,0,0
29689.94,42730.24,387,0,0
8060.91,67287.67,216,2,0
53568.59,78572.92,478,1,0
16149.01,13746.6,2,6,1
7169.38,23871.73,208,1,0
11185.28,17117.9,148,0,0
4410.36,24901.84,616,0,0
15271.44,34382.03,962,2,0
134057.18,92397.41,4,6,1
21454.49,41506.42,284,0,0
50545.76,76238.63,445,1,0
6070.28,26167.96,894,0,0
90271.1,51400.2,3,5,1
69865.89,49844.65,6,3,1
4062.37,20967.56,670,2,0
2967.53,12821.42,850,0,0
2397.96,21636.24,550,2,0
19502.61,32321.05,186,1,0
30264.47,71247.75,828,2,0
17829.39,44445.72,97,0,0
12667.03,77104.88,850,2,0
26995.12,44467.08,853,1,0
16181.41,27881.75,280,1,0
41145.84,21684.66,8,4,1
52570.31,36061.35,3,6,1
56692.14,46028.04,2,3,1
13824.07,55887.11,74,0,0
7283.8,13773.78,804,1,0
14112.64,71555.96,698,0,0
5284.62,14929.45,860,1,0
8601.46,13595.68,340,1,0
27485.42,43492.53,604,1,0
126332.4,83393.88,9,4,1
1447.18,9161.65,787,2,0
29437.9,96640.19,439,2,0
37023.62,76007.5,583,2,0
29145.06,58452.09,757,2,0
9588.44,35646.53,355,0,0
12856.5,9373.63,6,4,1
50906.29,81035.76,452,1,0
12644.85,33258.24,474,1,0
4914.8,27607.61,159,2,0
9911.56,48752.32,597,1,0
31647.5,50442.38,300,1,0
33608.12,54680.71,544,2,0
30570.13,49850.38,625,0,0
52950.07,36007.9,6,5,1
15401.32,12398.17,7,6,1
38437.09,70603.3,606,0,0
170583.87,93979.48,9,6,1
105486.7,68184.3,6,6,1
24693.33,48574.73,964,1,0
34110.3,20554.66,10,3,1
12411.48,21672.43,689,1,0
94553.2,73253.8,5,5,1
9581.7,23609.16,765,2,0
27087.82,88354.27,703,0,0
12712.91,20107.42,979,1,0
126016.58,65044.88,6,3,1
10426.92,5421.47,3,5,1
19090.35,88603.0,164,2,0
101594.23,61793.33,6,6,1
18409.67,41674.23,219,0,0
27764.71,55328.61,99,2,0
32126.0,92428.14,948,0,0
179957.89,92685.96,3,5,1
30090.33,74758.21,892,0,0
19435.96,75167.13,592,0,0
83021.72,46179.28,8,6,1
30716.54,16644.18,10,4,1
37752.83,92771.52,889,2,0
24545.28,65544.94,828,1,0
9350.1,37465.18,304,1,0
33685.06,61049.93,108,2,0
14143.35,25614.9,248,1,0
61754.17,41723.62,2,5,1
78217.22,73206.89,3,4,1
109038.5,79512.15,10,6,1
40190.96,60054.05,118,1,0
4963.82,13815.75,569,1,0
31440.09,68579.75,824,1,0
14825.68,47065.95,472,0,0
17694.47,44395.8,356,1,0
24459.54,75123.44,589,1,0
39558.24,73577.37,755,0,0
1868.19,14162.68,772,1,0
41079.78,67476.25,999,1,0
81501.66,66881.93,4,5,1
45230.72,65236.02,746,2,0
177340.29,93956.08,5,4,1
5271.22,26229.15,816,0,0
86089.85,74119.61,8,6,1
43298.03,74708.67,533,0,0
44649.34,92249.14,160,0,0
4003.79,21169.73,580,1,0
80897.88,54044.69,9,5,1
7009.97,6370.13,8,6,1
7397.09,12369.02,505,1,0
26754.6,70814.57,831,2,0
12848.01,27709.72,284,2,0
9987.68,18860.29,452,2,0
71828.53,42737.14,3,4,1
31119.99,59880.19,198,0,0
23476.18,93593.47,506,0,0
41413.7,85722.95,996,0,0
70610.5,43654.0,8,5,1
19353.38,79346.34,960,1,0
11020.51,44129.35,502,1,0
42006.43,98021.24,814,1,0
42927.41,88942.16,445,0,0
8817.1,45434.66,219,1,0
21625.74,42298.02,826,1,0
12319.54,62961.7,512,1,0
33729.81,51248.87,212,0,0
121473.71,90201.99,5,4,1
62423.24,96084.45,663,1,0
61974.05,94381.96,681,0,0
21703.82,32065.83,849,0,0
21273.99,93641.64,994,2,0
52371.07,35359.05,7,5,1
53064.67,39615.28,3,4,1
14856.37,76225.53,205,2,0
72196.47,38352.95,6,6,1
6470.1,10064.38,854,1,0
142646.15,78234.56,9,5,1
131220.2,82173.43,3,5,1
38559.55,61663.16,846,1,0
11752.19,21275.11,698,2,0
4936.45,23798.91,905,2,0
8158.52,15785.43,859,0,0
87018.52,86568.57,7,6,1
16577.11,84661.71,213,0,0
45094.03,76037.49,160,1,0
136175.88,79319.16,5,5,1
24415.53,37383.71,52,1,0
9674.27,69625.12,346,2,0
24261.11,74252.9,367,0,0
28458.71,43278.97,101,1,0
5995.23,19256.7,153,2,0
21584.19,58877.17,307,1,0
18806.28,33266.78,852,2,0
6148.31,36450.98,885,2,0
4333.17,12935.63,550,1,0
170677.08,92087.42,10,6,1
129340.0,73001.5,2,4,1
34968.12,84852.0,239,2,0
11012.82,83892.28,533,2,0
10051.85,34406.97,291,1,0
42056.17,83271.23,529,2,0
13733.77,19623.13,749,2,0
44157.85,82313.3,198,0,0
8126.24,12239.22,273,0,0
10828.05,64765.72,613,2,0
172963.0,97768.19,4,3,1
13072.39,23449.9,557,0,0
20920.31,51053.65,228,1,0
40362.07,24628.97,5,5,1
111150.26,55947.39,8,6,1
85691.32,62430.38,4,4,1
5013.14,42603.74,659,2,0
52126.71,78559.8,406,0,0
18018.07,34253.88,724,2,0
42634.57,26193.06,7,3,1
40456.43,94625.0,122,0,0
4387.99,28147.12,55,2,0
20172.32,83356.64,621,2,0
43096.37,23431.52,6,3,1
7678.42,57338.21,44,1,0
94698.1,62231.71,3,4,1
37298.57,90608.42,776,0,0
18240.51,86852.34,226,2,0
23592.2,53407.17,797,0,0
7442.46,19280.91,268,2,0
42551.48,61075.63,693,1,0
5152.04,26251.21,207,1,0
7654.29,32014.29,688,0,0
51138.29,99295.43,93,1,0
33110.49,65797.22,115,1,0
37862.04,63041.75,396,0,0
17976.11,52278.47,83,2,0
4374.37,9319.39,629,1,0
31908.15,63356.5,972,1,0
944.39,6195.49,585,1,0
49015.5,32892.99,6,5,1
156216.79,95969.37,4,3,1
5731.3,9008.24,328,0,0
2959.73,7928.29,384,2,0
5335.18,26553.88,189,1,0
21279.72,15948.91,2,6,1
146059.45,85752.19,5,3,1
43543.6,75988.49,202,1,0
9275.4,18696.87,507,1,0
12049.4,27243.74,164,1,0
5580.91,18866.92,765,1,0
37308.37,59121.2,561,0,0
94951.84,58093.53,4,3,1
16022.18,58392.63,126,2,0
47020.55,87608.28,946,2,0
21239.42,44942.93,341,2,0
42170.07,31296.65,9,6,1
19894.68,70386.31,941,2,0
106998.59,91008.95,9,4,1
122170.4,70384.05,5,3,1
17859.11,42539.19,823,0,0
9710.73,26662.05,37,1,0
28221.3,57652.85,920,1,0
51010.01,87495.54,875,1,0
156640.05,86876.01,10,3,1
49106.8,74547.29,96,1,0
12545.29,27042.79,157,0,0
2396.39,6175.47,441,2,0
27590.61,50455.32,701,2,0
2272.15,14850.81,633,2,0
93648.67,83920.33,4,6,1
7391.86,12816.94,670,0,0
21435.48,39642.38,217,1,0
43168.83,88113.95,808,1,0
9970.87,24503.8,941,1,0
27238.32,54055.9,516,0,0
18939.41,83200.88,860,2,0
53043.96,77348.09,560,0,0
10972.65,29807.97,528,2,0
32933.55,27207.92,6,4,1
14296.53,29484.13,333,1,0
28281.46,45470.4,513,2,0
23695.77,58247.25,689,2,0
9108.84,63475.94,45,0,0
5430.07,34783.1,424,2,0
9883.49,70985.68,807,0,0
7981.6,20231.79,436,1,0
24136.79,82073.06,972,2,0
11819.79,47105.46,328,1,0
22202.98,43865.79,317,1,0
3539.01,28515.0,945,2,0
5017.1,14886.93,947,1,0
21747.78,77331.26,50,2,0
87269.37,49726.73,2,3,1
82726.97,55995.38,7,6,1
11412.53,56867.05,848,2,0
171140.0,95583.62,9,5,1
139397.6,70098.57,1,3,1
3881.79,17218.87,402,0,0
5122.69,11692.05,283,2,0
40188.12,72707.37,67,1,0
2071.62,10075.6,170,0,0
111398.71,87874.09,9,6,1
27192.9,82264.03,812,2,0
110936.75,84025.82,9,4,1
10415.42,44391.05,773,2,0
52243.15,96656.89,592,0,0
21795.01,37092.56,220,2,0
19185.15,31618.37,619,1,0
9125.16,21647.69,842,1,0
13469.87,37435.01,622,2,0
103404.53,82551.39,1,4,1
8869.9,32734.01,115,1,0
11564.06,72608.75,979,0,0
21281.65,12176.31,4,6,1
21140.25,35463.78,235,2,0
112107.97,94833.96,8,5,1
4042.82,36527.78,508,0,0
8442.25,52329.24,722,2,0
11417.3,21425.0,446,0,0
4800.92,11834.63,284,0,0
13479.06,21931.55,228,2,0
33049.76,66121.78,114,0,0
36324.26,73244.01,806,0,0
122562.49,64567.86,8,4,1
21283.1,56800.88,410,0,0
25922.69,61414.52,577,0,0
27519.17,53689.76,600,0,0
104551.0,67862.06,7,6,1
8620.31,30290.09,200,2,0
9101.63,18890.18,413,1,0
18512.28,42923.68,357,1,0
2191.22,18064.92,881,0,0
33484.55,70269.89,915,1,0
62862.75,99685.96,901,2,0
37622.73,95323.36,667,2,0
17747.99,45535.97,496,0,0
27430.32,98243.0,239,2,0
43596.62,68727.14,430,2,0
3076.39,23862.85,329,2,0
21187.69,80905.57,804,1,0
13569.18,74837.56,556,2,0
8240.61,42690.05,219,0,0
10565.94,29726.19,363,0,0
20046.24,40042.84,538,1,0
86188.45,56915.34,4,5,1
26617.25,48735.71,793,2,0
26064.5,77606.13,378,2,0
40078.79,61981.92,932,1,0
14624.52,28742.46,104,1,0
43880.61,26113.51,2,4,1
9530.78,79722.23,118,1,0
96568.76,77764.99,6,3,1
10657.23,7285.73,5,5,1
26394.4,40607.49,220,2,0
89467.98,47531.98,8,4,1
41416.25,34212.18,3,4,1
28986.61,79111.72,675,1,0
4114.61,30282.76,893,0,0
37516.04,65055.47,397,1,0
27098.0,84263.41,607,1,0
3876.19,22511.81,876,1,0
79450.3,78655.86,7,4,1
49061.62,31290.87,6,3,1
8124.53,73061.73,333,1,0
32850.89,98546.57,258,2,0
21699.63,98762.04,107,0,0
15417.22,40782.62,734,2,0
152823.49,82654.19,9,3,1
17452.31,25530.94,253,0,0
37463.01,94886.24,811,1,0
42460.5,96702.48,951,0,0
20797.85,32399.65,776,0,0
28658.0,54219.31,488,1,0
49368.57,79084.69,620,1,0
11163.68,20828.82,306,1,0
8996.26,89617.86,129,2,0
9386.91,19888.98,897,1,0
19720.21,84242.03,298,1,0
151016.9,76034.03,9,4,1
23096.84,50308.66,469,1,0
4462.79,34796.58,651,1,0
132068.48,71537.19,4,5,1
29888.77,86823.39,926,2,0
87362.78,77878.66,10,6,1
2567.34,5620.93,101,2,0
34742.58,69133.32,666,0,0
7254.46,31179.14,116,1,0
18625.91,12415.79,4,6,1
56303.34,82548.19,701,1,0
33289.25,64165.65,500,1,0
56634.27,95987.99,739,0,0
25032.12,71757.26,479,0,0
110096.51,92550.83,8,3,1
21307.23,35742.43,641,2,0
11730.74,29344.14,130,1,0
10629.83,24529.93,341,0,0
52719.2,83611.61,76,2,0
5418.55,21739.29,669,0,0
5039.88,31624.92,434,0,0
37213.48,91572.44,386,2,0
1633.83,13935.94,683,2,0
27065.69,58142.7,484,0,0
19785.19,55519.75,974,2,0
11851.24,44905.56,398,1,0
15431.7,51953.19,326,1,0
71511.58,48177.89,1,5,1
66518.04,43433.74,10,3,1
118702.94,94934.81,2,6,1
5797.51,32239.4,309,2,0
12199.41,21117.54,997,1,0
3227.12,13109.47,965,2,0
7965.58,54700.91,697,1,0
20507.95,78674.28,369,1,0
12836.15,46117.17,270,0,0
75762.86,67908.87,4,4,1
4900.1,10724.13,995,2,0
126389.91,87377.36,8,3,1
10962.34,70777.41,959,1,0
139503.38,71276.88,2,3,1
29809.25,59013.98,166,2,0
9066.07,20494.44,323,2,0
16833.33,41956.13,838,2,0
12530.93,94087.56,70,0,0
61925.04,95891.6,311,0,0
78139.94,62410.06,1,3,1
12025.94,32896.22,678,2,0
13147.6,50840.8,187,0,0
9791.81,23889.96,778,1,0
5227.41,18059.59,440,2,0
98847.5,67312.51,6,6,1
11361.97,37800.11,106,1,0
17655.54,32408.41,285,0,0
21695.35,63648.97,998,1,0
137417.5,82377.45,1,5,1
20656.96,35924.01,629,2,0
25832.8,42243.61,153,0,0
7244.18,11321.13,267,2,0
33504.2,92874.85,290,2,0
15824.52,7977.02,9,5,1
16874.53,11059.4,5,3,1
9577.26,34649.94,974,0,0
6445.4,37839.73,757,1,0
36161.78,85479.8,882,0,0
148609.44,95887.38,8,6,1
11108.4,25766.03,299,1,0
62481.2,92674.44,211,0,0
26839.52,48388.81,968,1,0
34312.68,60011.43,982,2,0
18948.37,60575.4,637,1,0
47826.11,36890.22,5,3,1
40978.1,92360.73,690,0,0
49213.93,77056.97,253,2,0
5662.84,27330.83,769,1,0
17007.85,56694.72,962,1,0
20689.28,62979.96,712,1,0
12245.51,43211.12,825,1,0
5293.68,23215.03,915,1,0
62423.03,90532.23,916,2,0
25693.28,67614.98,592,1,0
19279.39,72290.13,676,0,0
17446.93,43420.07,608,0,0
15940.9,40077.12,891,2,0
8368.55,13239.11,39,1,0
11464.98,9634.05,8,6,1
20532.82,97116.57,141,2,0
3225.01,9916.74,874,1,0
26212.24,64882.75,751,1,0
6445.68,10793.53,329,1,0
37986.42,65854.01,989,0,0
68614.06,54284.85,9,4,1
20578.29,29438.16,516,2,0
18670.49,38994.43,440,0,0
97876.24,68750.78,7,6,1
29924.66,24982.3,5,3,1
22506.78,17538.37,1,3,1
20212.8,82680.81,180,0,0
2818.41,8253.47,575,2,0
61608.85,88524.73,683,1,0
31624.13,57101.85,621,1,0
13857.54,44044.09,322,1,0
11115.0,16534.81,977,0,0
6657.63,35153.15,744,2,0
1494.45,6055.15,121,2,0
179416.17,91465.4,8,6,1
21755.52,60305.68,808,1,0
96934.65,60430.32,5,5,1
25400.26,16642.09,1,5,1
24887.91,38829.92,722,1,0
41102.64,24332.41,6,3,1
15818.99,83804.96,637,2,0
17547.61,84369.63,403,1,0
7218.75,11022.42,884,2,0
109841.39,78089.86,5,3,1
50367.71,86864.36,86,1,0
10737.57,51611.99,518,1,0
26825.64,69416.19,109,2,0
40053.76,88916.44,424,0,0
3192.46,7735.47,291,2,0
97563.49,49531.23,6,6,1
9407.15,51658.33,707,1,0
5177.44,11773.95,717,0,0
57071.63,93061.14,89,2,0
61109.46,95158.58,839,2,0
37519.8,72660.09,676,0,0
70301.36,37591.3,10,5,1
45673.85,97457.46,511,2,0
40086.44,96215.76,938,2,0
30569.16,83383.56,368,1,0
5901.93,11118.85,36,1,0
16247.38,29149.84,560,2,0
23275.82,50872.66,174,0,0
44893.61,89098.15,995,0,0
46784.6,38664.54,7,6,1
5739.29,13808.24,907,1,0
41465.68,68605.05,735,0,0
8983.32,52598.95,770,2,0
9435.63,26626.11,917,2,0
15110.8,92226.75,148,1,0
10045.0,46494.75,678,0,0
2980.6,24226.7,412,1,0
20108.1,90355.73,565,2,0
33050.04,47302.28,970,0,0
130735.38,71072.96,8,6,1
6252.08,12471.84,484,1,0
30087.74,23734.69,10,6,1
8101.2,16612.89,191,2,0
13873.49,24386.13,943,2,0
41209.83,78475.86,651,1,0
47879.33,69618.02,208,1,0
23562.7,37965.99,364,2,0
57858.98,44692.52,7,5,1
11232.67,34730.76,617,1,0
21272.07,14269.6,4,5,1
26039.98,71097.02,985,0,0
17002.24,32141.0,305,2,0
19819.13,51948.16,808,1,0
129407.06,98569.91,5,4,1
27713.25,75557.96,395,2,0
22040.12,94013.5,455,1,0
61357.14,95558.08,354,1,0
9787.86,79370.08,370,2,0
8713.16,19339.98,282,2,0
38490.73,98176.69,842,2,0
13410.42,28608.44,470,0,0
25698.33,43292.18,595,1,0
27119.22,48968.26,834,1,0
39883.83,96679.8,297,1,0
40021.84,68395.98,784,2,0
104590.32,56534.08,6,4,1
7785.42,36702.11,162,2,0
55602.67,83666.63,278,0,0
42278.33,73946.61,931,2,0
12981.55,44014.1,449,2,0
4257.13,10149.46,675,2,0
3428.33,22257.95,637,2,0
35402.0,67763.91,734,2,0
27631.19,75270.04,506,0,0
33065.72,91440.61,572,0,0
76599.24,38473.19,1,5,1
12639.5,29770.41,701,1,0
73258.68,59088.12,10,4,1
3285.01,15456.96,274,1,0
13052.48,9199.64,2,5,1
47020.58,95010.92,147,0,0
46226.58,66879.48,975,0,0
12834.17,10389.14,9,5,1
163023.78,97972.31,7,4,1
4052.41,28972.28,233,1,0
15981.27,79640.82,868,2,0
28231.84,60985.23,465,2,0
10038.15,45303.8,481,0,0
1457.38,14174.37,58,2,0
49373.76,35245.53,3,5,1
27824.97,73414.49,573,0,0
39348.07,37950.87,8,6,1
97152.51,52584.77,3,4,1
11602.1,22028.64,865,1,0
89039.34,53353.0,6,6,1
3132.39,13610.92,275,0,0
9759.55,90218.37,484,1,0
34470.19,75820.29,594,0,0
1592.76,5774.33,859,0,0
11289.66,6489.56,10,6,1
42159.07,39010.8,6,3,1
72318.78,62819.25,7,5,1
36458.09,88072.14,161,1,0
25966.62,82540.9,755,0,0
14764.24,43212.38,868,2,0
10378.04,18910.96,877,2,0
7960.27,13624.75,214,0,0
160073.35,86827.52,5,5,1
41764.91,81363.58,652,0,0
6931.99,47010.25,437,1,0
163685.62,81990.4,10,6,1
14735.95,78095.11,152,2,0
25763.64,88768.27,615,0,0
153341.64,86801.32,9,3,1
13625.06,84556.67,822,2,0
10150.12,80175.25,141,1,0
3235.68,10997.53,953,1,0
22173.62,78669.25,218,2,0
54332.87,88346.47,256,2,0
8199.09,27018.63,364,1,0
7267.08,67812.43,96,2,0
76043.94,57579.48,3,4,1
4545.32,14497.14,509,2,0
71649.93,46598.18,9,5,1
15888.3,46024.34,272,2,0
21678.54,50690.61,177,0,0
154542.82,94039.08,10,3,1
102600.58,64432.85,7,5,1
18454.17,50802.28,219,1,0
20386.0,79583.11,240,0,0
2356.87,9003.94,745,2,0
28943.88,61153.76,675,0,0
16603.08,43096.3,251,0,0
50689.73,77283.51,635,0,0
15884.07,28794.77,343,1,0
37104.01,56064.69,956,2,0
35810.04,97573.2,391,2,0
43926.22,63442.8,705,0,0
16492.61,28843.77,297,0,0
19406.94,63176.68,402,1,0
11842.92,93885.77,190,2,0
9112.84,27962.18,164,0,0
13172.22,99599.91,381,2,0
114954.65,76506.74,3,4,1
25456.48,45357.91,367,0,0
4882.65,10240.45,790,0,0
5022.9,15484.11,622,1,0
24259.54,81953.49,954,1,0
10064.82,31330.09,733,1,0
4258.2,33942.64,178,1,0
31879.87,51208.64,965,0,0
40471.57,87587.25,699,1,0
25713.22,67346.99,492,1,0
65620.62,34699.9,6,3,1
11336.25,6124.2,9,4,1
55615.7,91321.33,672,0,0
2659.64,5050.99,352,0,0
21590.69,42310.03,303,1,0
27324.36,39516.89,791,2,0
12440.28,45931.07,998,0,0
29703.09,28134.33,2,5,1
32206.19,74461.6,104,2,0
27129.53,66587.62,480,1,0
32362.62,87473.07,782,1,0
6421.52,12804.19,835,0,0
2298.0,17839.92,272,1,0
9421.61,49331.19,356,2,0
2710.82,13656.88,888,2,0
5975.58,9614.15,563,0,0
24144.59,93979.63,332,2,0
14514.16,7836.68,6,5,1
77691.07,47440.23,6,3,1
31186.23,17850.21,3,3,1
116241.14,85546.55,5,6,1
17210.18,90092.29,520,2,0
12103.99,23123.25,130,1,0
73403.92,42284.18,8,6,1
8167.22,32156.32,290,2,0
58016.22,92569.97,323,0,0
100414.13,65745.79,4,6,1
13573.28,22152.42,955,1,0
60631.83,55435.37,10,6,1
34761.72,58902.17,441,2,0
39782.97,75903.25,697,1,0
10982.11,16822.67,80,2,0
43979.08,68354.82,601,1,0
38944.89,68593.16,768,2,0
2970.91,9023.18,851,2,0
43071.2,76877.87,60,0,0
35140.95,25594.1,3,5,1
29104.41,64752.52,769,2,0
77464.94,70125.56,10,4,1
55861.28,92337.54,628,1,0
34805.29,21060.33,3,6,1
140936.64,85406.59,3,5,1
15494.68,30193.41,657,0,0
16056.43,44897.25,647,1,0
147802.7,83406.86,4,3,1
16975.12,68265.62,915,2,0
117955.68,61881.88,1,3,1
39327.91,57140.84,174,2,0
58909.29,48142.84,5,6,1
6302.12,19771.29,130,1,0
23903.59,75706.37,924,2,0
47502.33,73529.65,951,1,0
152123.19,95076.26,8,4,1
110583.67,74172.85,7,6,1
135147.65,77230.69,3,6,1
18688.03,56166.93,832,1,0
7700.93,48477.47,313,1,0
121113.21,95402.7,3,4,1
56768.1,97670.48,445,0,0
110378.84,93021.05,8,6,1
6456.75,34871.55,43,1,0
52501.58,76048.22,936,0,0
32306.94,51047.36,56,2,0
18437.73,89768.98,335,0,0
2725.51,22387.9,855,2,0
32393.3,59643.77,50,1,0
18763.54,80418.98,343,1,0
53683.65,36175.47,1,6,1
41156.01,96190.26,395,1,0
5336.05,17456.82,143,2,0
5345.88,10504.39,254,1,0
16225.82,14362.52,4,4,1
17736.29,40518.19,497,1,0
29579.55,73520.61,668,2,0
12645.0,22491.01,496,2,0
6591.68,58161.93,961,1,0
13154.31,98742.97,395,2,0
111843.56,76746.22,10,6,1
43190.87,73555.62,613,2,0
15378.53,12157.59,8,6,1
45275.96,99726.09,181,2,0
42180.26,23380.31,3,4,1
88649.71,84558.18,9,4,1
57849.6,36522.4,3,6,1
11357.79,24274.02,963,1,0
101108.64,71249.92,7,5,1
35180.02,28944.9,9,6,1
74455.97,41554.75,4,3,1
8799.51,37443.53,236,0,0
117250.53,70193.39,4,3,1
17725.96,71314.56,983,1,0
52824.41,86044.93,460,2,0
3910.29,24843.49,596,2,0
18970.29,36537.34,1000,1,0
1375.67,12106.34,760,2,0
88946.2,83200.08,1,4,1
159223.12,90830.78,6,6,1
24719.25,44669.8,145,1,0
11498.69,55457.95,160,1,0
18308.96,58414.13,597,2,0
53082.88,84090.26,941,0,0
17605.59,79836.21,78,0,0
13235.94,21378.23,190,0,0
3492.74,10419.31,75,1,0
9988.31,44991.09,447,2,0
16514.9,60474.76,746,0,0
31380.34,67767.83,808,1,0
18265.79,53749.28,393,1,0
61915.43,35617.07,7,3,1
30775.85,50154.7,782,1,0
11800.27,40132.69,818,1,0
23871.3,39304.43,705,2,0
30411.86,45933.63,919,2,0
15164.46,29732.67,139,1,0
138286.69,83816.54,4,3,1
60621.97,57988.83,1,5,1
49072.89,72331.45,856,1,0
46228.08,35723.3,5,5,1
53413.11,88116.66,612,2,0
3538.4,25295.87,908,1,0
117291.24,61207.88,1,6,1
38067.67,25041.27,7,6,1
10211.7,73014.33,784,0,0
7384.91,38706.79,803,1,0
3655.13,16266.22,568,1,0
47919.07,36469.32,2,3,1
6021.29,10826.37,866,1,0
33090.86,79920.54,859,0,0
9166.03,89714.31,240,1,0
69352.38,61215.43,8,5,1
169522.42,95906.03,3,6,1
138274.32,78372.69,6,4,1
6340.61,45667.69,591,2,0
31927.84,30597.71,10,4,1
29968.53,54234.36,746,2,0
36775.09,18862.97,10,4,1
30592.74,25380.77,3,6,1
21511.64,31218.74,135,2,0
49305.51,83179.14,197,2,0
118091.96,67050.19,6,3,1
25337.85,37607.89,585,0,0
78445.06,58653.73,6,6,1
46879.58,73346.71,72,2,0
7131.85,13825.25,948,2,0
59791.73,41031.63,8,4,1
17993.75,13248.33,4,4,1
84204.57,51369.81,3,5,1
12184.71,45487.88,167,1,0
21313.72,15681.53,6,6,1
13003.15,20205.17,701,2,0
26213.17,55706.02,825,0,0
12312.72,37752.05,817,1,0
15143.47,35067.48,805,2,0
21845.0,31642.61,568,1,0
71036.62,38255.24,7,5,1
52008.47,90369.97,501,0,0
4093.2,8431.14,82,0,0
15016.01,45570.04,474,2,0
18040.47,60032.37,983,2,0
122652.05,71858.27,8,4,1
19046.0,31993.51,639,0,0
28192.99,50130.62,509,2,0
27965.91,52399.23,273,2,0
173270.2,93279.27,9,4,1
24036.51,40621.57,839,1,0
43252.79,65757.14,369,1,0
36775.45,54066.34,810,0,0
14044.31,51373.65,36,0,0
22961.6,20928.08,7,5,1
49849.58,93689.05,494,1,0
5841.04,22696.12,886,0,0
49523.85,39125.86,6,4,1
35995.62,60714.62,564,1,0
21766.79,40163.56,532,0,0
14064.55,21857.15,524,0,0
24056.31,45516.77,407,1,0
7381.74,31513.48,339,2,0
104940.24,52939.17,2,4,1
8297.95,22841.42,181,0,0
147888.65,96872.36,7,4,1
15197.12,55111.23,169,2,0
27250.69,96086.07,134,1,0
43009.28,88602.91,129,0,0
10994.88,38620.53,453,1,0
64501.27,62758.9,4,3,1
48690.09,88271.5,521,2,0
27390.4,54149.17,168,0,0
9226.71,50593.21,965,2,0
156895.77,79754.74,9,5,1
6494.92,61737.21,762,2,0
38552.54,33030.69,4,4,1
14303.62,35238.92,230,0,0
7398.14,10615.34,419,1,0
71176.41,40577.68,10,5,1
7496.39,61094.6,557,0,0
7566.47,67615.3,373,2,0
53648.29,33020.22,1,3,1
32383.19,84230.32,965,2,0
10171.22,24755.98,1000,2,0
8827.92,52035.23,600,2,0
3948.82,9091.91,116,0,0
23965.66,94599.23,350,0,0
100503.26,59755.97,1,5,1
8462.22,19498.53,813,2,0
52078.73,33477.98,3,6,1
6681.69,35780.35,508,0,0
20340.31,29398.19,484,1,0
64039.17,55199.62,8,4,1
44975.75,73477.88,639,0,0
30711.65,82228.82,692,0,0
31300.71,79848.33,707,0,0
48675.97,74509.35,520,1,0
39579.6,80943.07,550,1,0
127329.79,67837.75,2,6,1
31465.76,22956.59,1,3,1
42307.85,82744.15,195,2,0
11281.56,33865.07,335,1,0
7878.44,13867.27,749,0,0
14176.01,95670.18,747,1,0
12305.59,21632.66,984,2,0
58300.17,90629.09,695,2,0
19782.78,48844.82,319,0,0
3826.45,20160.23,991,1,0
16875.28,45069.94,176,2,0
10137.48,57300.88,71,0,0
21154.44,69789.9,411,0,0
16193.79,55181.28,789,0,0
5557.2,16105.88,867,2,0
95329.54,83134.67,1,3,1
56153.76,99042.67,609,1,0
52630.15,28550.88,1,6,1
9852.18,22003.08,470,0,0
16248.66,10427.54,4,5,1
4265.72,30992.19,868,1,0
2397.65,11157.36,370,1,0
53333.84,98898.64,54,2,0
61019.54,95316.88,529,1,0
3494.06,5521.34,949,1,0
66253.68,37395.34,3,4,1
75142.58,73383.72,6,3,1
38630.66,61675.33,704,1,0
5462.28,21655.76,823,0,0
16971.61,91208.79,522,1,0
2956.42,24203.16,74,1,0
10685.68,26307.45,523,1,0
14981.39,30764.36,262,1,0
93827.23,61846.61,4,3,1
11369.38,47874.65,767,2,0
106225.9,87431.46,7,5,1
2040.72,7449.94,33,1,0
90299.84,89634.3,4,4,1
6367.67,59007.22,989,1,0
4361.91,18094.9,960,0,0
140639.12,95706.15,3,3,1
32431.19,82010.62,81,1,0
76168.12,65669.53,6,6,1
23798.76,65206.98,898,2,0
8433.02,8056.53,4,6,1
21032.37,55418.92,718,0,0
112593.58,61597.29,1,3,1
132858.52,72395.77,10,6,1
9270.36,15752.44,147,0,0
83469.21,44608.16,7,3,1
6711.56,29883.97,574,0,0
10766.44,7266.67,2,5,1
56343.84,81439.33,952,1,0
85805.57,53776.24,5,4,1
114116.48,79991.41,8,6,1
29692.03,54203.26,340,2,0
95867.24,51543.87,7,5,1
26258.64,58846.26,797,1,0
21365.16,11899.05,1,3,1
26938.94,95056.05,372,1,0
5621.36,12292.89,411,2,0
19470.06,65613.2,289,2,0
39195.38,78757.59,72,2,0
51497.86,77315.26,595,1,0
5276.93,11266.48,920,2,0
16625.58,33277.26,777,1,0
60855.95,40122.46,4,5,1
64412.23,96787.35,193,1,0
50150.06,37805.84,2,4,1
109366.58,74138.11,9,5,1
30925.17,80713.96,464,1,0
58019.85,41744.76,7,4,1
5640.91,16801.9,752,1,0
85475.32,55138.81,2,6,1
42470.01,94394.51,587,0,0
6941.75,16585.19,617,2,0
1444.49,7754.86,406,2,0
18688.64,40487.39,636,1,0
2390.1,9987.33,777,1,0
34984.4,76099.46,356,1,0
40031.74,79535.7,904,2,0
54766.0,32074.07,10,6,1
82527.47,66643.73,4,6,1
35870.0,84944.79,119,2,0
16527.59,15514.13,1,4,1
22839.36,59214.42,145,2,0
19742.32,11572.1,10,3,1
22801.95,62652.66,275,1,0
47461.04,78670.02,508,1,0
33261.41,86676.29,801,0,0
42610.49,89949.77,419,1,0
26474.83,13911.58,2,5,1
20558.06,10337.2,3,6,1
75412.88,43750.84,8,4,1
15900.03,65722.57,544,2,0
4740.39,18358.05,796,0,0
17950.94,42429.49,822,0,0
75696.4,65752.4,2,4,1
2885.07,16442.7,861,2,0
111697.16,97298.36,5,4,1
18687.86,11188.09,6,5,1
20713.91,30469.22,105,2,0
100771.04,90584.52,5,5,1
50861.44,41862.69,7,5,1
20893.33,80877.02,834,0,0
35965.95,62588.61,142,1,0
11243.29,76742.89,659,2,0
17022.32,90723.02,535,0,0
125097.91,79876.18,3,5,1
7016.22,16510.85,458,2,0
44456.47,67554.98,169,0,0
8291.23,21012.35,261,2,0
27584.08,71085.58,34,0,0
30767.24,50895.47,300,0,0
12511.89,58245.51,395,2,0
9793.86,65108.0,896,0,0
13298.87,68231.72,788,2,0
34202.52,50110.26,865,0,0
25666.13,82375.73,823,0,0
22179.37,32126.32,931,1,0
42370.83,88585.05,286,0,0
28152.7,73809.66,356,0,0
140672.82,90802.13,1,6,1
11248.05,54820.39,101,1,0
7237.72,10741.49,103,2,0
40995.1,81086.99,290,0,0
10701.05,34937.95,978,0,0
44017.08,72074.8,862,0,0
32490.67,76302.05,60,0,0
126396.48,66020.64,1,4,1
50352.22,85177.16,436,2,0
122545.48,68332.82,9,6,1
125580.78,89663.36,6,5,1
34391.8,28398.28,3,5,1
27876.86,41967.61,649,0,0
13215.83,21059.09,70,0,0
34573.71,88361.89,777,0,0
8966.72,13390.53,179,1,0
31388.75,69268.31,577,1,0
13624.08,51140.43,543,1,0
90942.62,88914.93,3,3,1
7849.81,32455.36,486,0,0
7530.85,24050.15,459,2,0
4932.54,17344.22,805,2,0
39632.42,24402.09,7,6,1
37142.71,66239.54,537,2,0
29428.73,50795.34,372,2,0
84194.86,72318.94,5,5,1
37301.23,73271.08,622,1,0
34731.5,71946.15,292,2,0
13470.93,32972.07,860,1,0
1381.58,13120.39,352,1,0
111913.3,63063.9,2,5,1
37862.89,55899.22,33,0,0
10783.31,16925.44,628,2,0
9380.3,26282.24,664,0,0
4015.3,8983.8,925,2,0
11742.42,28098.29,866,0,0
26206.99,38994.13,271,0,0
20760.19,32468.72,783,2,0
7710.13,11416.62,268,1,0
13013.41,34548.4,612,1,0
149261.74,77303.36,1,5,1
5694.23,43029.65,86,0,0
55381.97,94291.68,654,1,0
31903.05,76225.82,852,0,0
14676.82,22755.32,313,1,0
33021.85,23930.56,7,4,1
3876.66,33228.36,801,0,0
22970.72,40024.11,790,2,0
13823.23,23053.9,663,0,0
10142.73,19809.1,419,0,0
28863.01,46142.22,989,2,0
50288.38,84252.31,554,2,0
16440.9,31036.4,721,0,0
70759.52,70046.35,2,6,1
23655.9,72026.58,86,2,0
64628.05,39499.23,9,3,1
38956.12,85874.14,249,1,0
53707.51,30571.85,6,5,1
21455.11,42994.27,78,0,0
125752.03,77051.9,8,5,1
59414.2,87590.5,869,2,0
23253.43,98267.02,595,0,0
35684.51,51180.26,662,0,0
36149.52,62291.26,312,0,0
8125.91,53493.76,303,0,0
15207.58,22795.31,496,2,0
16580.84,12605.57,4,4,1
24577.08,37154.49,519,0,0
32777.29,58766.14,685,1,0
40737.13,67345.65,445,1,0
15017.98,30687.97,86,1,0
20687.12,15188.41,4,5,1
6569.29,28122.22,401,0,0
3454.34,5441.3,244,0,0
3697.36,7378.68,598,1,0
37886.89,56759.03,426,2,0
23767.05,90097.34,207,2,0
10976.52,34803.34,655,2,0
45049.93,41931.51,6,3,1
32710.72,49333.17,692,0,0
10896.64,63423.02,509,0,0
45207.34,78009.75,349,2,0
5354.15,8035.63,685,0,0
7187.94,13245.22,500,0,0
42769.67,90397.89,87,1,0
3275.05,27959.43,293,1,0
17673.68,47035.06,860,1,0
59153.22,50891.65,9,5,1
109035.53,56840.39,9,4,1
20662.88,38673.13,225,2,0
11881.77,42106.3,601,1,0
11975.47,18995.4,258,1,0
54664.56,53415.04,7,6,1
43094.14,23621.26,7,6,1
10196.43,77637.62,416,1,0
16777.7,56821.15,359,2,0
67030.57,46428.72,8,3,1
2784.63,16057.21,226,2,0
30823.99,60980.31,124,1,0
36922.79,31253.44,4,5,1
48830.84,91462.67,131,0,0
39065.39,89689.99,822,0,0
100726.78,86846.9,1,4,1
17380.85,90197.34,711,1,0
95347.11,52788.06,7,5,1
3626.88,9544.59,856,1,0
2046.26,9798.56,401,1,0
13250.23,53798.3,289,1,0
81962.34,80918.69,6,6,1
21105.17,12518.92,1,4,1
34674.4,56983.88,660,0,0
28066.91,74360.72,40,2,0
10603.35,57517.01,842,1,0
17519.69,28737.0,637,2,0
129060.28,64885.67,7,5,1
22353.35,88344.22,780,0,0
44695.3,23431.98,6,5,1
5326.47,48694.2,96,0,0
9552.02,36064.12,127,0,0
107509.3,75005.84,9,3,1
17783.47,39915.28,632,0,0
56310.87,88752.98,950,1,0
21303.78,45210.84,334,2,0
9499.77,29274.32,994,1,0
14572.68,26262.76,52,0,0
15264.11,97357.08,139,0,0
28180.02,44925.58,50,0,0
12060.79,18280.92,597,1,0
45922.6,73559.58,485,0,0
30697.42,96251.8,793,2,0
138870.01,89486.62,10,4,1
48477.21,71923.1,547,1,0
23849.24,91724.49,152,2,0
8580.57,54288.05,633,1,0
4371.46,23467.72,945,1,0
58207.33,37732.59,3,5,1
34219.91,71223.18,570,2,0
17277.06,41591.31,173,1,0
42641.02,24727.57,8,6,1
4349.53,16920.05,626,2,0
39006.29,95117.79,334,0,0
162871.29,87581.34,5,5,1
32594.41,88311.59,254,2,0
9400.17,53616.77,957,1,0
9726.08,14190.96,203,1,0
84204.0,72623.48,3,3,1
10481.93,7434.05,7,5,1
67984.8,97582.87,206,2,0
45981.08,91985.28,987,0,0
6357.61,13915.81,721,0,0
33146.94,23844.4,10,5,1
12188.45,7581.74,5,4,1
34812.4,53862.74,580,0,0
16209.72,9702.74,7,5,1
42764.15,30335.59,3,6,1
6899.56,26497.05,792,1,0
34868.07,32618.5,4,4,1
10226.2,16070.92,930,0,0
27168.23,76893.87,765,2,0
13839.43,82841.62,342,0,0
16015.76,55652.62,933,2,0
42071.55,72529.45,783,1,0
21900.41,50733.87,557,2,0
2258.11,11119.54,814,2,0
25053.68,37267.87,149,2,0
6232.11,17922.19,893,2,0
73010.75,63408.29,4,3,1
12115.51,34588.41,327,1,0
64571.5,43730.34,4,5,1
18467.72,68833.17,105,1,0
3077.79,11415.73,101,1,0
34265.75,97601.06,136,2,0
18945.04,37160.97,718,0,0
30729.49,89197.49,872,0,0
3429.56,25535.7,73,1,0
6711.88,32007.19,668,0,0
107437.19,58000.82,8,6,1
17771.31,39469.17,471,0,0
125949.23,70583.98,3,3,1
103836.75,55121.24,9,6,1
10061.88,15327.3,675,2,0
9934.65,53369.98,934,1,0
23544.01,44200.39,501,2,0
27427.31,44981.5,100,1,0
10229.18,36173.86,204,0,0
20711.44,13813.69,8,3,1
22104.19,38339.47,454,1,0
16971.14,39446.12,896,2,0
39489.73,63552.89,316,1,0
6286.64,12723.31,376,1,0
30944.41,53525.95,330,2,0
10326.69,70733.69,51,2,0
15064.02,72376.3,318,1,0
32040.91,25614.1,3,6,1
37892.39,61539.52,560,2,0
6495.68,14618.58,118,0,0
42180.98,89882.04,824,1,0
33837.26,61264.08,767,1,0
42782.51,95260.5,60,1,0
29123.22,66200.39,87,0,0
23416.33,36361.82,387,0,0
2149.01,13238.72,989,0,0
55275.94,94085.62,532,0,0
11449.27,22818.78,212,1,0
16253.72,30525.55,487,2,0
8368.67,70179.76,585,1,0
52236.68,77114.55,231,1,0
36271.08,89687.93,203,1,0
33677.68,49987.33,226,1,0
13069.94,50404.25,651,1,0
9210.83,18030.76,897,0,0
12537.52,41254.43,93,1,0
23594.05,43822.31,45,1,0
12074.06,69820.34,68,2,0
60610.81,40196.92,7,3,1
12051.31,10220.89,1,3,1
60163.63,45200.62,8,4,1
7548.0,26000.45,977,1,0
21902.47,89591.63,380,2,0
41301.99,83495.69,737,2,0
5505.09,15672.57,990,1,0
4485.1,38168.07,738,1,0
9802.91,54844.83,172,2,0
12306.49,48111.58,376,2,0
13455.07,61834.27,545,2,0
22998.27,12583.19,9,6,1
119499.16,92533.74,9,3,1
12188.12,28632.51,701,0,0
19710.41,37482.88,642,2,0
60908.33,98401.48,46,2,0
27975.58,71316.35,64,0,0
19397.33,49209.95,873,1,0
1168.09,8378.59,191,2,0
6908.19,12789.15,679,2,0
4031.54,26303.68,55,0,0
37606.09,69570.34,740,0,0
15910.72,50156.31,305,1,0
17046.46,97359.87,869,0,0
83662.16,77339.61,10,3,1
18707.79,55445.43,405,1,0
32521.89,55648.75,500,2,0
34802.06,72170.88,162,2,0
2913.43,6781.8,164,1,0
26832.47,46654.08,143,1,0
2123.09,5355.14,674,1,0
38810.02,97363.58,850,1,0
10523.86,75116.04,238,2,0
88725.55,55354.88,10,3,1
80206.81,56975.49,8,6,1
58911.93,42716.58,1,6,1
131428.23,96205.19,8,4,1
17056.74,12005.27,9,3,1
67982.3,35810.66,8,5,1
15294.36,35223.26,976,2,0
32526.7,76913.05,207,0,0
26444.99,19653.21,5,4,1
10784.82,53452.54,204,0,0
10423.22,29712.59,88,2,0
20495.39,18219.64,6,4,1
13490.36,81210.87,384,1,0
41471.17,74123.44,632,0,0
44128.02,22702.3,5,6,1
18868.92,41267.88,84,2,0
5713.96,5667.42,4,6,1
14325.99,71397.32,88,1,0
113414.73,84464.21,10,5,1
56421.33,41192.26,8,4,1
20075.95,38639.74,989,2,0
15946.5,11762.0,5,3,1
7019.26,11725.92,653,1,0
15678.82,79074.07,716,2,0
31153.15,98252.7,979,1,0
48535.54,94718.26,213,1,0
3594.46,10531.51,704,0,0
7990.45,63560.07,328,0,0
7298.69,18926.94,389,0,0
71192.61,48716.77,10,6,1
24994.12,74781.88,911,0,0
44259.67,98179.1,902,1,0
120875.81,74479.24,1,6,1
41988.28,76905.2,895,1,0
43559.66,25586.05,5,5,1
3858.46,27661.42,854,2,0
8760.15,25327.74,635,2,0
13754.23,9855.47,7,4,1
31762.0,51057.17,235,2,0
51662.87,36874.44,5,6,1
17777.76,75854.87,607,2,0
3155.91,11559.66,377,1,0
5248.74,8408.85,860,0,0
17321.92,42233.31,810,1,0
16455.22,50502.45,865,0,0
15994.67,26629.77,577,1,0
25342.84,20001.02,4,4,1
36727.47,86811.87,559,1,0
19125.98,45549.31,58,2,0
5057.83,48350.31,662,0,0
29199.64,73512.72,191,0,0
1877.67,9789.96,216,1,0
35849.35,92019.07,679,1,0
7268.85,6630.64,7,4,1
118363.04,60061.62,8,3,1
67270.16,36445.8,7,4,1
11278.51,89957.29,414,1,0
58972.31,41328.54,4,4,1
25790.08,69518.44,180,0,0
29065.68,98773.23,486,0,0
1642.05,9212.63,752,1,0
29063.63,88798.0,614,0,0
28408.47,76702.94,790,1,0
37146.97,57654.71,841,1,0
4509.04,14646.61,848,1,0
24511.78,64755.99,677,1,0
18591.87,30847.71,923,1,0
2676.23,6090.34,84,2,0
63597.17,50379.86,3,4,1
89905.12,57426.11,5,3,1
24817.3,50582.66,858,0,0
16068.03,40339.41,900,2,0
23409.66,78833.22,762,0,0
15050.19,99048.99,305,2,0
11529.01,18957.8,652,0,0
11705.59,75208.01,211,2,0
16547.72,34406.78,941,1,0
12924.08,8397.97,5,5,1
53124.08,99753.32,942,2,0
27543.18,71111.1,58,2,0
16418.65,80965.6,964,2,0
26240.78,89576.92,836,2,0
30648.85,19585.44,1,5,1
7903.84,26118.15,144,2,0
46236.3,68949.16,568,1,0
16654.54,38287.25,673,1,0
40409.66,29225.83,4,3,1
33801.52,71242.5,758,2,0
43869.31,67097.08,423,1,0
11261.69,18548.13,819,2,0
6103.26,52326.7,128,0,0
32475.58,29355.95,10,6,1
182865.69,94764.38,5,5,1
6666.94,61820.37,709,0,0
11488.75,23738.28,852,2,0
67269.98,96188.73,635,0,0
11885.71,8530.26,10,5,1
36909.4,30391.48,1,5,1
75830.59,68449.58,10,4,1
23099.02,36360.39,902,0,0
30969.36,80466.74,283,1,0
14055.21,35681.79,433,0,0
2159.76,15087.62,908,2,0
67107.33,48298.6,8,4,1
125703.41,98916.83,5,5,1
41844.86,36049.79,6,4,1
23488.16,59771.32,431,0,0
39535.58,26697.67,1,5,1
45131.81,88915.78,648,0,0
13965.05,21508.1,413,0,0
1932.58,13172.84,391,1,0
18761.25,42177.79,405,0,0
20871.56,38395.64,818,2,0
42539.02,25020.32,3,3,1
22054.14,66207.88,790,1,0
130784.53,94961.8,1,6,1
48046.32,96624.49,540,1,0
41134.56,59065.61,66,2,0
21215.67,38778.85,468,0,0
10350.54,17457.62,320,1,0
36851.29,57509.51,30,2,0
66779.55,56822.6,9,5,1
33745.5,66695.46,625,0,0
2463.57,6533.74,366,1,0
10202.09,92335.52,497,1,0
35234.4,50451.0,869,0,0
61392.42,33903.56,7,4,1
1967.18,13807.81,161,2,0
18930.78,32797.82,392,0,0
31376.7,56688.87,881,0,0
52846.82,94965.97,319,1,0
17392.11,43653.46,149,2,0
8152.46,19279.31,155,0,0
2035.69,7942.29,233,1,0
98438.63,71669.98,7,5,1
5113.39,36794.85,211,2,0
1612.19,5630.2,323,2,0
12541.78,99607.31,664,0,0
4768.19,13615.46,245,0,0
31743.73,46366.93,732,0,0
6445.49,11319.12,325,0,0
104075.69,63750.81,2,3,1
56326.17,29339.95,6,5,1
53834.78,96157.52,103,2,0
23374.38,12447.72,2,6,1
6985.99,30744.94,198,1,0
14342.39,21616.45,447,0,0
9824.18,30325.05,212,2,0
19798.86,15391.67,5,5,1
6127.65,10373.48,481,2,0
24600.51,82181.6,691,1,0
13678.8,84566.48,814,2,0
8542.73,16517.33,250,1,0
5459.24,32305.99,705,0,0
99804.71,51536.0,7,6,1
29001.98,99105.06,880,1,0
12072.61,41178.67,439,2,0
51167.3,81503.28,343,0,0
4242.0,41634.68,811,1,0
20607.05,19920.19,4,5,1
3857.71,16044.99,438,0,0
61394.37,88501.68,445,1,0
32345.65,60870.33,616,0,0
34834.03,63985.93,539,2,0
70524.35,69348.26,3,3,1
87630.33,60461.87,1,3,1
90223.21,85554.35,2,3,1
5648.36,37972.8,662,1,0
15488.3,74149.58,664,2,0
51591.2,35624.92,3,5,1
43549.67,32926.53,6,6,1
15446.3,60021.1,335,2,0
46804.03,81145.16,576,1,0
5526.08,11415.93,72,1,0
6801.73,56049.66,849,1,0
16760.57,47761.64,804,1,0
36722.33,75615.05,200,1,0
18424.96,16543.03,6,3,1
30907.55,76202.61,743,2,0
2974.64,9521.09,691,0,0
86256.54,66638.58,10,4,1
35804.6,74021.63,371,1,0
18645.12,85024.99,570,2,0
14701.28,49143.44,129,1,0
11128.56,35179.24,169,2,0
11431.96,84041.4,800,1,0
41058.16,32452.19,5,6,1
3727.11,17901.65,846,0,0
30647.71,62328.91,733,1,0
6338.19,36192.46,991,1,0
27081.32,85853.76,1000,2,0
3021.99,5229.75,512,0,0
31812.24,22766.82,4,3,1
31096.27,91705.61,964,0,0
46332.2,88386.37,462,0,0
139419.37,80153.54,4,6,1
15226.71,57756.56,455,0,0
42143.09,86729.6,132,0,0
175435.27,93358.17,9,6,1
143242.58,95809.81,1,4,1
13243.64,61488.56,667,1,0
8567.59,34016.23,809,1,0
46465.81,30405.13,1,4,1
8958.86,14235.26,741,1,0
22962.71,37260.39,431,1,0
27518.41,72570.13,924,2,0
22524.52,65213.22,827,1,0
18452.85,85260.67,455,0,0
58497.15,32527.31,4,4,1
32590.34,57413.6,775,2,0
4087.53,18897.39,208,2,0
20028.75,35639.51,56,0,0
40124.18,90470.18,59,0,0
48220.41,75092.81,709,1,0
98994.32,93040.46,8,3,1
127122.88,81897.07,6,6,1
8889.83,82207.73,556,2,0
22982.11,50343.46,399,0,0
21319.07,35388.66,51,0,0
15162.92,52058.37,222,2,0
38625.67,84233.27,353,1,0
11183.55,97549.84,216,1,0
3065.9,22377.24,146,2,0
49984.7,40914.2,6,5,1
9234.56,13841.45,161,0,0
59864.32,37103.62,6,6,1
12355.02,28589.94,85,0,0
10118.96,54305.55,398,0,0
29202.63,58141.49,117,1,0
29339.83,94657.9,402,2,0
15847.36,81652.66,410,0,0
20316.53,40465.0,363,0,0
68586.41,45453.43,8,6,1
98622.99,89862.48,3,6,1
138593.11,86798.44,1,6,1
11872.66,29839.86,583,1,0
29904.98,45357.76,727,0,0
37416.8,54146.01,39,2,0
31892.54,81168.93,548,0,0
28721.17,56262.93,521,1,0
35827.74,64279.94,257,2,0
5264.02,9455.99,248,2,0
49688.26,86715.66,987,1,0
4607.23,11779.79,623,1,0
20190.42,34257.93,269,2,0
20698.5,56829.43,699,1,0
5617.14,11482.0,441,2,0
94790.56,75859.2,1,3,1
30578.06,86874.82,468,1,0
3788.2,12918.4,455,2,0
27843.72,76410.1,986,0,0
10647.21,74311.28,792,1,0
3697.43,20587.64,69,0,0
7899.44,25261.66,741,1,0
85193.68,67085.19,7,6,1
43039.19,71862.81,855,0,0
9698.0,40367.08,802,1,0
57309.17,99786.89,664,1,0
29737.25,85665.22,785,0,0
19802.55,99561.79,107,0,0
26074.0,41349.94,472,1,0
18958.57,58165.32,736,0,0
34057.36,77654.34,184,2,0
11234.93,66255.42,944,0,0
22422.51,53957.48,664,0,0
25348.45,45788.07,879,2,0
26790.25,45076.01,623,0,0
4399.93,6873.82,296,2,0
10445.11,64493.43,756,1,0
19826.01,39334.44,162,2,0
19465.04,98980.27,298,2,0
12583.84,18293.28,865,2,0
15388.47,52192.57,975,0,0
2571.66,5086.16,268,0,0
15050.26,48137.95,920,0,0
13068.44,20287.8,574,1,0
11071.85,60598.37,680,2,0
124111.44,66027.03,8,4,1
15771.08,25930.55,950,0,0
77314.63,61769.74,10,5,1
17920.95,63578.83,735,1,0
27430.2,68709.37,278,0,0
33794.42,54043.24,382,1,0
30533.94,22019.53,2,5,1
10876.75,17437.87,361,2,0
6119.12,18793.67,455,0,0
13561.02,12259.21,5,5,1
10600.63,51477.75,79,1,0
38603.23,90988.17,698,2,0
16961.39,73579.83,584,0,0
67397.96,46470.19,4,5,1
66516.34,58497.29,5,3,1
49577.34,71301.8,713,0,0
7626.2,11081.01,914,2,0
27886.34,72010.92,108,2,0
14835.12,30907.82,483,0,0
9049.88,77195.1,960,1,0
13871.86,26753.93,620,0,0
15672.15,12208.85,7,6,1
3578.67,12712.81,867,1,0
11012.23,32400.11,827,1,0
19931.89,67900.13,364,2,0
24533.43,74193.68,467,0,0
12708.71,42668.02,469,1,0
1538.77,7548.77,98,0,0
48460.13,26960.51,1,6,1
12647.45,41979.43,318,0,0
14829.36,25897.28,266,0,0
147410.68,87828.36,5,5,1
57203.91,51068.48,10,3,1
2453.05,5001.17,318,2,0
24595.32,67575.4,641,0,0
5671.57,11218.25,816,2,0
48326.14,83258.81,324,1,0
1503.37,8326.69,681,1,0
11466.26,56473.12,359,2,0
15302.36,22511.67,668,0,0
35106.14,97627.73,418,2,0
13249.35,79356.66,889,2,0
48569.48,36827.26,9,6,1
187181.09,96531.43,7,6,1
9852.87,86651.24,512,2,0
27620.59,46885.64,416,0,0
78847.5,40549.65,8,5,1
13432.81,30997.8,613,0,0
118687.05,68918.13,9,3,1
52995.68,90887.99,65,2,0
51786.84,82843.39,222,2,0
25412.6,43217.01,757,1,0
2245.25,10139.35,118,0,0
17138.6,70527.84,818,1,0
46605.36,74483.44,435,2,0
5859.98,8869.89,44,2,0
3839.79,16455.08,491,0,0
24688.04,85770.25,663,2,0
9022.93,13021.65,212,1,0
26249.21,66072.36,799,1,0
5568.65,22185.26,713,2,0
16800.98,56532.17,867,0,0
37607.78,94443.26,133,2,0
32864.01,70998.15,961,2,0
6753.41,13641.85,437,1,0
114549.04,64129.18,3,4,1
28151.69,17960.61,10,5,1
34895.08,87002.81,765,0,0
133414.3,88090.97,3,3,1
20643.94,47682.36,635,2,0
1651.91,6526.75,455,2,0
4208.43,38346.17,287,0,0
68907.27,63431.81,3,4,1
11844.48,42477.55,142,2,0
47210.73,28713.9,8,5,1
26222.76,65949.59,548,1,0
91381.05,83957.17,8,5,1
117196.91,88553.54,10,6,1
2240.07,5391.62,841,0,0
7015.74,34803.73,999,2,0
11061.07,25678.71,353,0,0
13316.03,20100.3,584,2,0
11140.23,27253.65,608,1,0
104631.9,97584.28,4,6,1
194233.01,98980.26,10,4,1
5384.23,18888.25,597,1,0
60631.29,88256.44,683,2,0
7809.87,54860.46,504,0,0
28581.8,50139.01,643,0,0
18332.02,79909.92,331,1,0
42908.65,69277.39,235,2,0
64539.01,63675.7,7,6,1
21978.08,11394.45,7,4,1
4395.79,42954.44,847,2,0
30066.61,91067.02,913,0,0
137291.82,78642.91,7,3,1
28056.85,58845.25,368,0,0
8564.9,17061.25,189,1,0
10408.31,67219.79,467,0,0
7820.09,16459.99,394,2,0
8201.48,41864.74,423,1,0
10578.13,23338.03,629,0,0
8959.34,88904.4,560,0,0
15587.59,89441.88,500,1,0
111457.58,74594.5,1,3,1
12650.6,67522.21,37,0,0
3513.57,21714.26,511,1,0
44279.51,72796.36,748,1,0
7999.65,28937.39,166,2,0
26264.12,45292.64,479,1,0
17353.2,28622.11,54,2,0
41606.04,73284.16,274,2,0
39039.85,82406.09,188,0,0
38777.03,58861.4,285,1,0
14350.5,26206.01,411,2,0
6710.01,43410.87,300,2,0
120404.33,75902.62,6,6,1
13176.05,24856.14,450,1,0
12153.22,84369.42,990,2,0
8288.15,19243.75,646,1,0
31566.64,65716.57,922,2,0
15408.44,28667.33,234,2,0
28483.63,95429.35,511,1,0
42236.2,93649.11,647,2,0
46951.86,29552.13,10,6,1
39976.45,35794.82,9,6,1
58487.29,93087.23,677,1,0
51677.65,36890.51,9,6,1
30463.54,66596.17,823,2,0
6181.16,44078.3,707,0,0
20159.54,44369.8,919,0,0
16770.39,26143.03,876,2,0
7358.25,59961.6,982,2,0
2157.14,20971.48,546,2,0
125013.64,69412.45,1,5,1
20737.53,15941.16,6,4,1
2857.95,5059.52,725,1,0
58033.08,84738.82,884,2,0
4434.34,11014.39,740,0,0
10835.65,23071.7,289,0,0
27988.67,50759.05,518,2,0
23962.02,48257.36,631,1,0
24922.99,87857.12,158,2,0
120275.42,96895.04,3,6,1
14972.13,73560.87,560,0,0
63156.12,56794.95,3,6,1
18609.39,15605.76,2,5,1
28196.94,64680.34,93,1,0
13707.23,91395.93,537,0,0
922.86,5353.53,558,2,0
51615.04,28078.29,9,4,1
97390.56,72290.78,6,5,1
172544.7,90257.88,1,6,1
13597.04,23348.04,62,2,0
23141.81,13467.02,7,3,1
3496.84,5569.02,957,2,0
92781.54,64784.3,6,5,1
14202.03,41381.91,619,2,0
31431.55,69358.97,128,1,0
46920.24,93038.83,221,0,0
34038.43,61521.79,83,2,0
29692.1,82753.35,649,0,0
11213.62,9384.64,1,6,1
6404.36,14934.28,941,1,0
11859.22,19185.31,918,1,0
6689.93,11387.94,353,0,0
166199.3,90994.74,5,3,1
2371.83,19627.15,516,0,0
120434.37,87689.64,3,5,1
22900.04,50023.62,393,0,0
5129.89,17017.89,873,1,0
39259.88,76699.62,726,1,0
1713.86,9022.88,874,2,0
15020.99,40583.04,687,2,0
52357.24,79857.38,708,0,0
21861.58,35529.07,964,0,0
3754.28,13712.37,756,1,0
32259.63,48752.06,134,2,0
15919.91,65879.64,741,0,0
7751.93,71604.6,138,1,0
32198.12,85731.73,767,2,0
64785.37,56989.77,2,5,1
164909.8,99186.05,6,4,1
15694.56,55673.99,688,1,0
3602.4,8761.64,381,0,0
92355.06,56826.64,3,4,1
58712.08,96139.01,115,1,0
26865.07,79574.06,484,0,0
31232.71,15622.98,7,5,1
26051.12,39108.26,461,1,0
56634.11,85950.37,505,2,0
8401.18,30342.29,459,2,0
96001.49,58944.1,2,5,1
16206.33,62198.72,207,1,0
37323.87,61456.33,751,1,0
38784.97,64588.62,95,0,0
37058.77,63461.91,588,0,0
15007.94,90731.81,542,0,0
42440.23,64037.37,349,1,0
1734.14,12666.53,704,0,0
67131.85,51969.35,2,3,1
11585.13,21689.78,342,0,0
73863.83,59826.98,10,4,1
29255.62,26244.01,3,6,1
4143.26,9569.7,360,1,0
51520.75,47641.28,3,6,1
67434.95,97394.75,780,1,0
28915.4,54765.51,210,2,0
28076.8,49536.15,565,0,0
27013.88,64428.92,761,0,0
41270.64,75696.01,322,0,0
11867.45,54804.99,857,0,0
4871.53,20541.13,352,0,0
33863.57,93050.76,775,0,0
6057.56,13946.44,168,2,0
84617.89,75195.95,9,5,1
57241.27,97836.6,153,1,0
85252.04,83691.21,5,5,1
37901.32,70403.45,499,1,0
39331.49,91368.24,997,2,0
36073.3,61444.76,678,0,0
32219.69,91911.58,614,1,0
21970.93,19757.95,3,6,1
106781.49,63791.09,9,3,1
3768.48,7211.05,216,0,0
46131.81,86979.04,671,0,0
8444.64,16798.1,314,0,0
4575.25,22932.08,470,2,0
29949.52,69375.57,844,2,0
8392.08,23546.96,832,0,0
9328.93,91202.43,96,0,0
5691.71,46449.59,605,1,0
6465.16,35814.74,876,0,0
42575.5,90264.85,590,1,0
73054.75,62370.08,4,6,1
13451.06,67470.46,332,1,0
21318.6,50997.88,70,1,0
3804.89,21977.88,466,1,0
47242.34,80193.07,161,1,0
17509.76,61641.35,48,1,0
98109.6,59786.87,1,4,1
31895.91,94546.49,846,0,0
17587.95,45185.9,73,0,0
49664.04,86185.92,479,1,0
16846.86,43110.91,40,2,0
21240.07,96915.78,920,0,0
176802.0,95053.49,5,4,1
39329.4,68399.37,525,1,0
1300.96,6574.53,873,2,0
6712.38,39113.3,465,2,0
42979.61,64984.29,448,2,0
173622.3,96974.63,7,4,1
7012.65,37571.47,630,1,0
4668.17,29892.77,428,1,0
3048.87,8036.92,175,2,0
19307.15,30195.37,892,2,0
39491.81,98787.95,271,2,0
10100.2,44640.37,219,0,0
57659.83,43145.66,1,6,1
6486.64,45388.26,558,2,0
52502.81,95893.85,183,1,0
20985.41,61944.34,768,2,0
19741.95,30686.41,926,2,0
3492.8,21720.19,812,0,0
78238.38,72458.65,3,5,1
8797.78,64045.37,224,2,0
6229.1,37833.67,131,0,0
6801.55,15172.48,176,1,0
38095.76,75620.16,781,2,0
57245.12,95573.68,849,1,0
6649.82,16880.01,862,0,0
10141.5,33758.39,789,0,0
11015.04,17846.15,985,1,0
81660.61,47672.96,8,4,1
2601.72,6475.41,453,1,0
6517.29,43559.44,726,2,0
10993.45,91293.42,616,1,0
10503.58,97728.86,205,0,0
30808.85,62500.33,906,1,0
96391.4,82056.49,6,4,1
10112.38,62049.55,632,2,0
9748.26,33042.11,720,2,0
35850.95,68280.5,423,0,0
37220.81,57130.28,926,0,0
92798.02,50901.39,9,4,1
52636.79,32838.7,1,5,1
85806.59,43562.69,10,6,1
40314.41,70724.7,276,0,0
137547.59,75422.38,6,4,1
10302.91,28609.62,874,0,0
105356.12,90728.78,9,4,1
36041.47,56988.27,249,2,0
38355.81,59183.09,484,0,0
13237.9,23783.24,460,1,0
56680.71,98371.67,710,2,0
42470.71,97585.77,397,2,0
23735.5,42158.06,1000,1,0
79569.51,45599.48,5,5,1
28481.28,69683.96,57,2,0
16907.79,53153.09,742,0,0
1185.97,10360.98,438,2,0
74525.39,64933.57,1,4,1
7415.18,35332.99,444,1,0
13279.19,25647.27,344,1,0
45441.08,70792.88,245,1,0
10725.42,20225.08,944,0,0
28312.97,91722.69,677,0,0
31338.42,21386.79,8,6,1
23582.64,57931.84,223,2,0
5662.09,9903.1,405,1,0
27045.73,43404.17,102,2,0
23963.42,85961.55,44,0,0
12956.79,69455.48,409,0,0
6826.44,5492.82,10,4,1
19234.21,79905.91,914,1,0
12109.85,81636.65,759,0,0
45546.11,68867.08,490,1,0
37874.79,91739.34,247,0,0
88572.64,67389.91,1,6,1
7807.29,16628.47,818,0,0
17036.46,54147.0,922,0,0
116789.22,69357.44,10,3,1
16129.5,26382.53,570,2,0
15972.59,29158.36,875,1,0
41617.11,70476.16,980,1,0
174794.31,90624.11,3,3,1
2048.48,5572.5,30,0,0
54722.74,37573.02,4,5,1
4138.37,8642.32,858,2,0
49252.25,92440.18,645,2,0
11933.88,27137.3,463,2,0
112505.3,70866.2,1,4,1
39187.29,71287.27,926,2,0
107615.74,79399.99,9,4,1
20008.84,79131.28,245,1,0
34417.95,57267.66,206,1,0
40862.45,25813.43,3,3,1
12943.49,10019.25,10,5,1
69023.68,35039.48,9,6,1
91254.84,55980.23,10,3,1
3471.8,5741.18,58,1,0
18525.03,42724.74,586,2,0
6445.22,38795.24,617,0,0
91239.29,88092.21,1,5,1
66714.7,98215.52,433,0,0
12193.12,40942.98,391,2,0
36502.2,30939.37,10,5,1
101634.4,69720.65,3,5,1
116972.09,64489.47,2,6,1
1932.26,13564.13,674,0,0
145288.22,85254.83,5,3,1
39438.94,82851.41,758,1,0
6909.07,39405.94,851,2,0
111180.05,70106.07,7,4,1
44976.71,33660.94,1,6,1
17857.58,14650.15,3,5,1
34921.75,60735.38,600,1,0
18861.19,28197.37,761,0,0
51231.68,39788.3,10,5,1
119416.08,60742.76,3,3,1
62353.02,45983.88,3,6,1
21698.88,39199.85,84,1,0
87533.54,72310.74,1,4,1
7348.48,16506.64,209,0,0
3723.74,33022.82,467,0,0
4921.59,38533.61,538,2,0
23202.26,18374.49,6,6,1
32232.37,23993.98,3,5,1
13258.39,19636.06,439,2,0
43455.29,23549.76,5,4,1
59216.66,55708.74,8,3,1
107536.91,63143.32,1,5,1
39841.87,79031.97,565,2,0
7005.96,11194.61,980,0,0
20040.08,29686.57,330,0,0
28419.55,45535.29,966,2,0
24844.99,86084.38,228,1,0
34281.43,34155.68,6,6,1
3087.24,8532.98,137,1,0
24261.27,44908.13,832,0,0
10253.22,62391.27,996,1,0
79531.37,49907.72,6,3,1
15761.98,30299.94,891,2,0
59657.26,30493.07,7,5,1
51879.18,88266.91,956,1,0
120082.31,99793.81,1,5,1
72313.24,54089.33,6,4,1
36758.24,85225.29,300,1,0
52030.97,89290.78,285,1,0
7246.79,14003.26,31,0,0
40835.47,83253.64,849,2,0
6360.35,10522.38,37,1,0
53009.64,43865.56,5,4,1
20252.04,60780.15,730,1,0
57009.56,93216.46,78,1,0
15854.43,93760.83,629,1,0
31958.34,76606.07,773,0,0
55253.43,48361.33,1,3,1
35052.46,88683.4,997,1,0
22183.82,56635.75,520,2,0
8788.43,21390.64,49,0,0
34503.55,93209.27,747,2,0
128918.55,96456.84,3,4,1
31567.6,74625.9,296,0,0
8421.65,59740.4,359,2,0
11997.26,35780.94,313,2,0
30580.07,82720.25,192,1,0
33754.31,60853.45,672,2,0
22339.99,67577.46,47,1,0
16398.9,52108.11,359,1,0
16936.87,42398.1,568,1,0
93614.72,47036.26,10,5,1
147468.25,74760.46,2,5,1
25680.9,64372.44,446,2,0
7117.71,62005.65,622,0,0
28005.03,54202.61,429,2,0
99774.31,83689.28,3,3,1
36494.41,19728.87,3,3,1
17939.45,50129.62,264,0,0
6652.12,28621.6,297,1,0
7164.2,13197.74,932,2,0
53608.24,81501.18,325,0,0
16159.34,46428.0,762,1,0
17773.93,82592.35,427,1,0
26483.64,60173.9,610,2,0
41165.85,66088.92,726,1,0
115722.31,68365.55,1,4,1
44163.39,26531.15,3,5,1
15877.83,22949.62,654,1,0
25552.03,86089.61,604,1,0
8337.28,32846.31,334,1,0
4829.07,15552.47,253,2,0
4273.22,8694.85,704,1,0
134516.03,79939.81,6,4,1
2110.9,12065.03,566,0,0
21723.6,85580.19,843,0,0
49980.21,72257.41,720,0,0
21747.26,54340.13,766,2,0
98662.54,59721.32,3,6,1
30367.6,43755.15,800,2,0
4765.54,6855.9,332,1,0
5340.71,15472.59,452,0,0
10071.08,32392.74,168,1,0
19601.69,58949.67,434,0,0
1472.39,12004.06,728,0,0
42544.14,64563.81,298,1,0
7775.64,23539.33,947,2,0
13092.39,25942.95,673,1,0
24321.05,60063.84,480,0,0
16860.06,8825.68,3,4,1
174055.21,92351.0,6,5,1
18501.85,77173.95,435,0,0
20656.94,34010.43,723,1,0
32545.23,60266.14,442,2,0
44782.73,23849.93,10,6,1
9968.15,19330.18,777,1,0
33809.6,27125.28,2,6,1
80200.66,47557.3,2,5,1
13337.31,84817.97,335,0,0
4111.62,19525.0,343,2,0
116016.73,81220.29,9,3,1
58327.35,89412.84,546,2,0
40963.37,35570.81,10,3,1
26221.05,14759.45,1,4,1
31989.67,69796.28,51,1,0
162490.69,97047.43,4,4,1
14437.65,60535.29,947,0,0
47086.85,75618.35,193,1,0
23805.77,82790.89,422,1,0
17012.45,96004.73,90,2,0
21862.43,98012.97,651,2,0
5404.4,29174.51,219,2,0
9111.48,18822.75,44,1,0
34033.51,72917.95,345,0,0
20568.77,32543.43,492,1,0
8434.93,23992.75,659,0,0
32011.66,31963.52,4,4,1
4615.29,27568.14,853,0,0
12980.98,34170.0,694,0,0
40187.83,70890.26,296,0,0
19528.92,89778.66,935,1,0
11280.93,5719.15,2,4,1
52434.18,81665.69,207,1,0
3389.64,32027.94,286,0,0
17849.02,28375.12,741,0,0
43062.88,75864.58,350,1,0
20458.97,51575.89,851,0,0
24468.11,44488.06,237,2,0
29836.95,51079.82,943,0,0
4852.58,14850.06,620,0,0
32520.07,94604.17,945,1,0
18084.6,10844.45,2,5,1
10368.92,30025.25,149,1,0
67406.51,96536.14,378,2,0
22726.24,94709.84,910,0,0
36541.1,53595.39,461,1,0
16529.02,50658.64,948,2,0
58421.65,37014.11,4,5,1
112159.84,58558.86,4,6,1
15481.47,53090.4,669,0,0
122654.46,98872.68,4,5,1
115126.97,68926.07,10,6,1
27755.1,53088.68,847,2,0
22567.46,11872.9,1,6,1
31854.75,47703.63,484,1,0
104986.59,54439.76,5,5,1
111422.71,89010.27,2,6,1
147203.34,83422.22,2,6,1
20060.75,54767.64,335,2,0
34893.73,99509.26,509,1,0
42254.83,81470.06,398,2,0
21593.58,14482.21,1,6,1
5337.76,27508.94,321,0,0
11348.03,64510.03,43,1,0
5304.7,25209.51,690,2,0
146008.22,78403.03,3,5,1
32019.68,50886.21,814,2,0
35556.52,77481.29,759,1,0
18369.43,28202.59,765,1,0
105518.27,91925.85,5,6,1
23302.41,63484.48,123,0,0
3823.31,14131.95,216,0,0
35912.28,62329.07,419,2,0
41934.47,69341.1,100,0,0
7328.87,11731.8,466,1,0
54368.01,97980.07,569,1,0
19257.68,15480.76,8,4,1
36242.21,76582.81,426,0,0
10387.1,31863.27,348,0,0
14833.38,74927.32,352,2,0
3002.77,7298.91,600,1,0
18673.57,85490.74,992,0,0
8906.3,78871.37,331,2,0
32522.97,95469.12,922,2,0
27776.7,53920.22,210,1,0
42869.05,73154.89,825,2,0
2526.67,7311.75,419,2,0
29976.05,66590.74,444,1,0
17868.88,82646.64,409,0,0
47994.73,45132.78,4,5,1
28522.61,47746.02,571,1,0
17628.12,74434.82,627,2,0
18338.19,55188.29,314,1,0
4230.22,18061.61,759,1,0
15416.5,29638.77,157,0,0
22475.26,86990.14,756,1,0
98423.78,50436.7,8,5,1
7708.96,37616.15,962,1,0
9024.7,29344.21,405,1,0
10087.07,26712.07,183,0,0
91821.76,70853.54,6,6,1
11537.68,86981.76,872,1,0
14789.86,24026.13,509,2,0
27244.03,93458.94,737,2,0
11978.61,78273.62,559,1,0
29135.59,64767.59,401,0,0
127066.37,90581.85,1,4,1
51927.57,99586.66,592,1,0
12417.96,61113.22,546,1,0
101887.4,80594.65,9,5,1
13205.17,47860.16,266,2,0
155311.76,85340.86,10,5,1
8877.55,45068.1,692,1,0
93787.68,85722.83,5,4,1
42340.57,96750.3,157,2,0
26324.42,84418.05,367,0,0
23419.78,40782.44,631,0,0
44176.76,91603.62,699,0,0
3391.12,9644.2,852,2,0
43229.36,90252.0,415,1,0
9302.03,27122.87,89,2,0
20785.02,62704.2,635,1,0
68992.86,45230.12,1,6,1
13569.04,57850.43,34,1,0
6084.01,22605.51,348,2,0
29478.8,72787.5,414,1,0
105356.33,73645.16,7,4,1
20876.13,95161.01,993,1,0
3171.45,31095.42,850,0,0
116807.88,67635.17,10,3,1
8665.83,20713.76,518,2,0
5388.2,45429.72,353,2,0
12175.57,30260.53,707,1,0
125924.12,87974.72,10,3,1
19570.26,36278.65,292,0,0
5750.55,46412.86,834,1,0
69735.14,42926.04,1,6,1
26419.16,20108.24,2,5,1
11645.14,17898.58,353,0,0
3340.81,16404.33,751,2,0
88130.39,63708.86,8,3,1
4698.03,21422.27,690,1,0
15825.55,94903.72,214,0,0
13445.72,28488.69,304,1,0
10825.64,35257.14,954,2,0
11497.99,19352.74,198,1,0
15192.63,10646.21,6,3,1
115622.92,85582.28,4,3,1
7302.53,31720.0,320,1,0
13399.53,65972.87,740,0,0
57203.45,42849.56,1,6,1
15859.05,55036.2,253,1,0
11836.93,99052.14,213,1,0
111741.11,58049.01,6,4,1
27897.91,84097.31,886,2,0
5902.35,29485.0,952,0,0
20501.38,91041.57,187,1,0
36210.94,21682.37,2,4,1
71432.05,43132.28,6,5,1
151529.86,88916.01,3,5,1
10891.88,17425.37,700,2,0
150599.46,91012.57,7,4,1
117728.72,96371.16,4,4,1
3289.27,6546.22,117,1,0
53844.61,81750.45,335,2,0
28912.47,23100.85,1,3,1
170663.57,94016.15,1,5,1
55696.79,36050.88,1,3,1
31417.65,56934.61,938,0,0
22473.73,85525.21,466,0,0
101392.67,67607.48,1,3,1
14531.62,20784.9,663,0,0
38867.66,71404.44,594,1,0
29055.42,90483.1,488,2,0
40299.03,58922.59,480,1,0
20269.54,67284.39,141,0,0
19166.57,57201.74,842,0,0
5853.36,43592.42,87,1,0
5895.77,12608.55,349,2,0
191918.97,99555.05,1,4,1
33443.26,49756.19,630,0,0
26537.51,22360.65,7,5,1
7822.67,60272.86,410,2,0
10021.46,46621.3,698,1,0
6478.84,12813.44,391,0,0
130463.59,75478.88,8,4,1
51333.73,78727.0,988,1,0
65861.29,46642.0,2,5,1
44307.13,76385.19,381,1,0
8035.44,50855.83,129,0,0
8734.27,12736.93,737,0,0
104268.36,92579.07,5,5,1
48654.77,33878.35,2,6,1
50123.47,80057.11,156,0,0
104523.02,63350.71,8,3,1
27162.47,91625.8,151,2,0
31484.37,50232.47,79,0,0
45147.75,64800.55,144,1,0
28077.69,40620.03,411,0,0
6225.41,19312.05,977,0,0
16678.73,38946.2,177,2,0
88021.12,56717.89,1,5,1
91068.84,45774.18,2,4,1
4608.29,14949.34,187,1,0
16709.74,59998.06,564,1,0
31844.08,66752.95,131,1,0
11275.69,48906.88,973,2,0
21706.79,37882.65,471,0,0
76700.56,41672.49,1,3,1
17168.89,70261.53,494,1,0
24617.51,41842.9,667,2,0
4641.0,21813.0,686,2,0
21812.74,75886.34,423,2,0
3104.15,7269.07,840,1,0
66971.02,33564.69,7,5,1
53059.33,99594.4,95,1,0
33138.17,57458.87,818,0,0
74075.55,49670.15,3,6,1
106396.95,59151.57,3,4,1
28634.31,53887.64,622,2,0
108581.02,75273.75,10,3,1
94496.9,56548.61,7,4,1
34541.87,92521.75,836,0,0
25961.08,76245.52,50,1,0
132447.76,70515.78,6,3,1
78543.09,69467.5,3,6,1
19467.95,13463.81,5,6,1
57387.9,33314.7,1,3,1
42389.77,60817.0,742,1,0
51711.57,97771.96,527,2,0
29231.11,43245.61,606,2,0
158864.62,93145.86,1,3,1
37931.51,64530.05,642,0,0
23768.65,34714.48,593,2,0
8974.73,14344.54,310,2,0
43709.87,70520.45,126,1,0
16961.06,46579.35,861,2,0
111380.0,85226.39,4,3,1
10375.63,15298.97,905,1,0
34571.61,83852.75,147,1,0
22117.85,31915.2,958,0,0
48121.92,36187.64,4,5,1
116258.95,75583.7,6,6,1
21957.52,15621.75,9,4,1
39186.87,97226.48,556,2,0
58125.97,84787.83,837,1,0
45467.14,67459.06,257,1,0
48630.2,70995.33,741,1,0
14546.26,46056.6,644,2,0
56808.26,92975.33,627,0,0
15232.17,23633.72,275,2,0
2498.52,6676.34,404,0,0
5906.11,13088.48,584,2,0
53349.31,50598.19,2,4,1
33841.89,19625.64,2,4,1
133864.38,67200.47,8,6,1
21606.55,89354.54,894,1,0
21103.91,30539.4,844,2,0
5551.68,20674.15,312,2,0
11362.8,22365.95,102,0,0
100489.64,69890.2,2,4,1
25584.82,59034.32,880,2,0
47206.1,47095.4,4,3,1
24992.46,42409.75,802,2,0
16395.49,41902.78,393,0,0
33273.95,74084.08,266,1,0
28276.1,68174.95,367,2,0
66261.53,98274.47,440,0,0
4086.6,39208.77,677,0,0
6371.39,35982.21,651,2,0
54135.2,96421.76,357,1,0
6296.89,21577.91,919,0,0
18097.59,16825.56,1,6,1
6694.34,21090.58,708,0,0
19144.77,43525.49,168,1,0
59861.23,38374.04,3,5,1
165013.94,96080.37,3,3,1
13826.28,20452.9,508,1,0
64178.39,91813.4,299,0,0
35556.5,22786.1,10,3,1
31180.0,95159.4,226,2,0
32327.47,93315.44,951,2,0
22559.49,50394.72,307,0,0
7138.71,58989.96,610,1,0
6758.55,50110.28,778,1,0
72085.66,66538.53,3,5,1
38469.15,64932.62,376,2,0
1055.89,8402.6,259,0,0
48272.64,81734.03,495,0,0
21343.21,71667.96,325,1,0
43831.45,94466.8,847,1,0
4556.95,9462.03,393,0,0
42745.71,30401.69,10,4,1
47793.54,98744.2,63,2,0
23769.65,91248.47,774,1,0
18587.73,50643.51,827,0,0
52061.91,29887.11,1,5,1
13294.86,94734.81,767,0,0
6978.46,24720.34,803,1,0
159374.69,89560.21,8,3,1
12837.87,55979.27,878,2,0
27212.81,39623.45,936,0,0
5774.14,17742.73,585,0,0
23672.52,69301.47,378,0,0
18082.43,56591.34,802,1,0
4791.19,25188.22,824,1,0
10676.33,68929.52,111,0,0
27636.54,66024.99,421,2,0
3646.0,19675.71,969,1,0
26981.47,47956.95,506,0,0
19398.81,11300.85,4,6,1
53522.13,87726.91,271,2,0
10456.56,99404.18,307,1,0
31417.84,57770.93,759,2,0
9536.73,62526.41,926,2,0
5158.47,41557.35,346,1,0
67654.82,35321.38,7,6,1
118348.88,60891.58,1,4,1
41403.48,60832.32,364,0,0
29784.16,49646.75,699,1,0
5184.04,20867.82,213,1,0
81401.8,52610.36,1,5,1
37628.12,81975.17,599,0,0
1679.78,12332.03,963,2,0
7913.17,32192.23,212,2,0
19158.62,10239.48,7,4,1
5145.56,8597.7,822,0,0
19506.44,34132.18,179,0,0
20516.33,39405.14,743,2,0
8028.46,11901.03,677,0,0
123458.81,66572.71,3,4,1
42987.77,91432.42,391,1,0
5361.95,10225.14,624,0,0
48553.99,37624.8,10,6,1
33111.77,59274.91,344,1,0
25199.79,44735.09,795,2,0
67048.78,45881.96,8,3,1
15741.95,82211.83,647,2,0
5729.43,8389.59,99,1,0
19363.65,19107.63,5,4,1
86267.27,50664.44,5,4,1
64589.72,36859.85,2,5,1
1600.46,13851.62,784,1,0
19190.57,33671.6,265,2,0
22148.46,12689.29,6,4,1
24758.83,51841.59,469,1,0
3897.34,9724.25,612,2,0
29382.47,69353.09,430,2,0
22169.86,45838.75,614,2,0
2852.38,12024.34,934,1,0
32487.34,51641.41,854,2,0
13986.4,49497.42,106,2,0
28532.48,63244.51,627,0,0
28027.01,84579.15,778,1,0
4774.33,41516.99,852,0,0
132980.91,83481.39,9,4,1
36005.75,76290.25,641,2,0
6898.11,11157.85,467,1,0
5952.48,30238.26,990,1,0
12422.0,84120.64,991,0,0
3969.91,6250.43,247,1,0
27088.91,47225.55,558,1,0
7069.6,13856.7,94,1,0
5637.96,16836.92,483,2,0
31764.09,77565.73,85,1,0
19512.71,51109.32,680,0,0
21000.31,52368.46,799,0,0
25447.13,39922.73,80,2,0
37129.89,99767.89,137,1,0
14232.55,51088.67,247,0,0
36041.54,97425.07,919,2,0
21544.02,74235.03,327,2,0
9290.8,56473.49,632,2,0
18643.35,12969.77,3,5,1
88820.25,71022.43,9,4,1
11323.38,10513.34,10,4,1
7139.16,26626.62,450,0,0
21983.15,47799.14,539,1,0
26072.39,39936.94,395,1,0
2705.42,11175.59,165,2,0
21341.54,77189.81,368,2,0
32555.01,16921.45,7,5,1
3050.13,30128.3,259,2,0
8274.93,19249.85,812,2,0
30261.45,46167.29,213,1,0
3169.4,21820.37,559,2,0
5302.57,32235.61,466,1,0
125985.49,83135.25,2,5,1
45486.2,43362.28,1,5,1
59941.35,34641.67,7,5,1
50034.93,74489.84,780,2,0
47488.96,80039.53,994,0,0
71396.24,41146.87,7,4,1
4077.67,8050.67,66,1,0
39814.18,69621.53,617,1,0
11849.44,40825.86,329,1,0
11696.4,88359.1,48,2,0
26595.19,57727.25,318,2,0
51727.08,89571.53,70,2,0
26456.16,77925.76,856,2,0
142655.63,74938.2,4,5,1
19601.6,28976.13,297,1,0
79181.67,53042.95,1,6,1
121172.28,67912.58,6,4,1
5610.4,50245.8,148,2,0
26944.94,66194.11,762,0,0
58670.92,89387.59,419,2,0
3082.31,9323.6,704,0,0
21989.61,84551.42,828,2,0
9397.37,21700.33,938,0,0
28225.23,40858.31,642,1,0
13065.68,85274.39,486,0,0
9628.8,39552.0,388,1,0
66286.9,34474.7,1,4,1
16646.19,84241.6,757,1,0
81969.67,46145.72,4,4,1
8829.0,37663.38,48,2,0
49072.85,73222.96,763,2,0
34334.22,72330.65,492,2,0
163414.16,86124.41,9,6,1
18246.58,83344.14,490,0,0
811.87,7089.37,585,0,0
128414.65,69703.78,2,6,1
9067.39,70400.22,681,2,0
2879.74,6194.37,271,1,0
15051.53,75978.08,650,0,0
75926.38,40592.72,8,4,1
49027.03,26137.38,8,6,1
11594.59,18339.58,682,0,0
27544.62,60910.98,726,0,0
26829.67,46007.94,290,2,0
2185.06,11443.06,157,0,0
9310.14,14580.91,567,1,0
19887.54,34283.9,737,1,0
16502.9,44930.5,363,0,0
15474.78,8092.57,4,6,1
8460.05,29278.31,554,1,0
32773.85,81781.73,561,0,0
16276.57,54409.84,270,1,0
9359.65,79195.25,104,2,0
26373.71,62444.52,982,0,0
24012.68,40811.14,286,0,0
48279.45,72478.85,921,0,0
105034.27,86350.38,5,5,1
15986.55,35387.45,43,2,0
67906.86,59046.7,9,5,1
9992.52,68421.52,444,2,0
14776.75,61230.11,801,1,0
14896.81,25455.19,376,0,0
14931.56,79995.27,437,2,0
17488.65,25822.71,326,2,0
13331.31,31731.18,599,0,0
10380.58,81394.09,326,0,0
20011.49,70918.5,145,0,0
7269.69,13401.03,474,1,0
49478.83,93684.56,128,0,0
39234.74,61010.36,654,1,0
4396.12,7622.65,734,0,0
5818.96,38276.56,997,2,0
20229.72,30280.69,153,2,0
19185.88,49012.05,763,1,0
5648.79,21906.76,393,2,0
32912.84,85033.8,818,0,0
15141.12,35752.48,95,2,0
25053.71,64322.48,182,0,0
83879.34,68881.36,7,3,1
37575.07,59271.38,699,0,0
14368.36,42403.91,421,0,0
19613.51,51332.56,733,1,0
152382.97,87153.31,1,3,1
128419.32,80054.91,4,4,1
5739.7,35548.81,148,1,0
69553.38,48981.55,4,3,1
112830.57,93600.9,4,4,1
116825.36,60301.75,5,6,1
123444.86,68182.51,7,6,1
9188.64,23286.13,820,0,0
19691.97,79166.2,330,1,0
7311.94,31963.46,714,1,0
133211.94,96968.53,5,4,1
33904.44,69296.15,875,0,0
10994.08,25781.06,264,0,0
19779.33,93513.36,748,1,0
49339.07,93265.05,999,2,0
15731.45,37383.98,367,1,0
8681.05,13559.9,442,2,0
11422.68,52375.31,538,1,0
117129.19,59270.68,6,3,1
7558.63,5271.47,2,6,1
14577.55,24824.46,228,0,0
12288.24,24614.2,713,1,0
13810.25,29635.45,303,0,0
3985.63,8456.27,578,1,0
46995.2,78986.05,990,2,0
22443.89,11351.74,7,3,1
17137.29,84069.7,615,0,0
34393.25,90800.94,898,1,0
25147.63,64002.24,360,2,0
22885.73,71253.22,402,2,0
5544.05,11010.27,197,2,0
11703.2,25691.65,805,2,0
27573.74,72972.94,323,1,0
38901.07,24187.11,8,6,1
4063.21,30046.5,471,0,0
51533.93,80998.57,412,1,0
16527.62,80637.95,689,1,0
23566.1,83244.14,277,2,0
124233.37,98451.32,4,5,1
22672.26,41022.58,763,2,0
42550.62,79158.04,312,1,0
20570.51,41237.45,626,2,0
11587.64,21880.24,557,1,0
16819.26,38897.78,849,1,0
3517.2,22316.86,817,1,0
4941.66,27500.37,243,0,0
6838.81,43479.68,136,1,0
84034.7,64669.51,3,4,1
13291.66,38675.58,944,0,0
36896.41,57010.86,637,2,0
6837.28,9952.98,893,1,0
2414.88,7747.28,494,2,0
18122.12,88147.18,523,2,0
59521.13,36807.42,1,3,1
25666.47,63017.04,360,2,0
6676.8,38038.22,357,0,0
54325.29,77693.4,235,1,0
21261.95,73958.59,996,1,0
1903.9,18635.64,757,2,0
32811.39,67724.06,631,1,0
23027.84,92980.97,632,1,0
29676.2,74869.02,427,0,0
18562.57,44621.2,297,1,0
46252.21,70742.56,376,2,0
5860.71,20174.43,470,0,0
94799.44,69876.67,9,3,1
1329.02,5399.72,823,1,0
51324.6,86172.09,957,0,0
31214.45,99066.87,900,2,0
3363.47,6975.78,719,2,0
5983.99,11019.84,241,0,0
7500.23,5045.95,4,4,1
9990.33,42869.63,455,0,0
3717.04,12136.83,881,1,0
12822.89,36614.04,556,1,0
5600.3,16090.74,130,2,0
35115.35,25347.95,4,5,1
5488.18,11785.76,311,0,0
28755.64,67401.13,49,0,0
76139.0,43538.94,5,5,1
14389.29,33792.76,415,2,0
4315.59,19986.13,164,0,0
10324.18,40790.27,596,1,0
34692.18,75482.16,563,1,0
38194.1,90503.45,895,0,0
44788.27,34371.81,7,6,1
9439.0,35443.93,733,2,0
24394.87,40025.13,901,1,0
5026.2,15043.29,406,1,0
23401.38,45314.65,460,0,0
20247.83,76122.11,888,1,0
38897.06,58038.93,599,2,0
18038.17,60503.6,896,0,0
62599.8,99020.37,574,1,0
6429.67,31529.17,448,0,0
162073.21,86512.31,6,3,1
25161.57,62815.03,105,2,0
25483.89,41465.63,30,1,0
52752.28,28553.78,6,5,1
7387.63,18453.95,438,0,0
33501.81,63712.78,271,1,0
11427.59,40470.73,230,2,0
21526.25,37682.29,575,2,0
16139.6,36149.37,474,1,0
24818.25,36643.76,234,1,0
39966.67,24767.22,10,6,1
15648.39,53047.2,190,1,0
38234.58,96786.49,977,1,0
7715.84,71509.98,478,1,0
7518.72,25552.35,96,0,0
60746.06,30851.07,2,6,1
20872.96,32023.9,334,1,0
6810.51,17468.22,236,1,0
11401.35,30518.26,69,2,0
98903.4,87142.14,5,3,1
8203.02,27393.08,641,2,0
5943.0,14116.58,830,1,0
19986.64,68903.87,334,0,0
27598.5,82199.49,58,0,0
5858.37,18235.22,313,1,0
29534.43,96112.31,151,2,0
16317.92,25881.71,280,1,0
9386.44,36642.4,350,2,0
5200.16,10440.65,400,0,0
50650.23,80273.17,164,0,0
41394.78,87948.02,825,2,0
5001.3,12673.62,346,0,0
8041.0,14828.85,347,2,0
56556.89,99915.23,560,1,0
32711.22,79537.79,743,0,0
30607.61,97462.96,162,2,0
116850.24,65263.8,8,6,1
57690.14,37659.4,7,5,1
2894.56,16977.12,553,2,0
11409.16,34885.76,632,1,0
16088.13,14017.41,2,4,1
13091.81,75438.86,729,0,0
23049.88,58480.06,850,0,0
41029.35,33356.69,8,6,1
5298.64,12201.09,284,1,0
117322.02,59093.52,9,3,1
129523.69,70324.73,6,4,1
31110.68,49694.77,55,0,0
11055.59,24314.87,444,2,0
179408.75,93739.63,6,3,1
75650.26,39260.71,2,5,1
19762.82,31490.01,863,2,0
28681.83,49129.67,361,0,0
22133.37,13089.94,8,4,1
8421.76,55577.74,586,0,0
174870.19,88891.59,6,6,1
9192.69,63688.78,365,0,0
52884.25,99949.74,869,0,0
10869.36,6402.51,2,5,1
27782.62,57438.78,152,0,0
20990.65,31705.35,519,1,0
81569.79,55855.59,6,3,1
44100.06,87667.93,875,2,0
9038.53,21130.55,759,1,0
46742.63,78037.45,696,1,0
33937.73,65303.83,843,1,0
28676.02,58938.4,58,1,0
12980.7,25005.0,938,1,0
14356.47,34133.91,92,2,0
114531.82,85653.49,7,6,1
7507.12,20827.13,482,0,0
25156.83,50146.54,875,0,0
50047.24,87006.2,794,0,0
59338.43,97707.95,308,0,0
39480.85,61000.43,132,2,0
34709.42,82978.6,475,0,0
30756.21,51846.45,726,0,0
66202.63,49032.05,10,6,1
31231.09,23156.55,1,6,1
44231.03,77767.81,74,0,0
31019.78,60168.35,360,2,0
126217.65,64300.31,10,5,1
11934.65,71627.9,53,1,0
4878.82,47091.1,234,1,0
8379.17,45444.19,199,2,0
22684.51,46889.01,341,2,0
152225.5,84290.13,2,6,1
197248.91,98687.06,3,3,1
24503.18,42967.45,829,2,0
73301.17,69858.32,9,5,1
38740.75,66654.51,742,0,0
43590.84,66265.54,69,0,0
11520.31,18272.14,966,1,0
47509.12,68155.51,396,1,0
27243.72,83232.57,509,2,0
92771.1,79563.56,4,5,1
128801.59,71740.79,10,5,1
10308.47,26818.72,177,2,0
174865.15,98430.15,5,3,1
11200.38,54767.65,259,1,0
13723.9,99630.37,353,2,0
36980.56,96164.31,861,1,0
29386.12,87564.31,934,2,0
21426.42,15206.76,7,6,1
10871.29,35497.71,170,1,0
7110.52,21782.55,530,1,0
45408.52,84931.64,793,1,0
12307.98,47622.45,808,1,0
22190.74,69694.3,972,1,0
40722.55,27501.75,6,6,1
1047.17,5362.59,776,2,0
4515.78,25624.85,404,0,0
10527.92,19552.24,292,2,0
44374.63,64026.32,618,2,0
11656.57,29398.61,556,1,0
7487.0,73556.76,270,0,0
2459.7,7795.15,480,2,0
151697.0,99129.27,9,5,1
52714.39,38885.32,3,5,1
6568.18,46201.84,689,2,0
37875.15,97710.45,998,0,0
21520.0,86765.51,259,1,0
20454.72,46671.16,983,1,0
37630.42,56798.25,333,1,0
24011.91,45408.94,576,0,0
12606.21,83255.16,628,1,0
128023.33,77799.74,9,6,1
48490.52,94417.27,138,2,0
31856.33,30723.73,1,5,1
60254.26,49832.08,3,5,1
70349.55,46030.14,5,6,1
44402.53,88142.2,851,2,0
30424.43,75849.22,433,0,0
23145.01,43881.94,236,2,0
78498.54,57636.53,6,4,1
12203.35,78196.01,772,1,0
19111.17,29117.16,398,2,0
42371.2,69558.27,878,2,0
106930.82,74416.85,10,5,1
9667.78,21461.23,94,0,0
22544.56,56447.06,560,2,0
5293.46,46698.47,900,1,0
68323.77,47496.95,5,4,1
11205.37,37698.6,776,0,0
30677.18,62619.33,100,2,0
20127.62,73892.67,992,0,0
4621.72,46183.73,563,2,0
140288.09,96738.88,7,4,1
27490.84,62585.57,784,2,0
14119.02,21129.86,786,2,0
47858.18,75716.94,110,2,0
9809.14,46165.95,689,2,0
16965.59,61145.12,358,2,0
23108.47,75215.46,763,0,0
48202.46,33463.72,10,4,1
43731.66,86257.48,612,2,0
65129.31,97188.68,444,1,0
23283.07,63323.0,207,1,0
14353.13,34162.15,76,0,0
13562.52,55290.83,944,0,0
16967.31,97478.75,649,1,0
4994.0,8520.52,318,2,0
56209.4,85484.62,925,0,0
39201.33,74017.91,97,0,0
40856.32,90070.55,324,2,0
22181.26,48989.22,480,1,0
65379.1,38942.15,3,6,1
9879.65,24127.91,383,0,0
2718.63,12179.14,269,2,0
5505.72,38572.38,417,1,0
82258.93,48459.06,4,3,1
38581.23,69755.39,729,2,0
165299.81,92690.23,3,6,1
45514.37,88805.62,401,0,0
82759.57,64668.17,8,6,1
123945.31,65571.05,4,3,1
24577.87,71460.71,370,1,0
2275.13,10874.19,905,1,0
21125.86,57906.7,793,0,0
59347.63,56666.48,9,5,1
70346.62,68178.59,6,5,1
94734.43,79227.47,8,5,1
11631.87,28904.06,54,0,0
33984.42,91994.2,34,2,0
123922.68,90510.69,2,4,1
32766.93,51854.14,596,1,0
109690.64,73193.93,3,4,1
39767.74,73057.68,66,2,0
10117.08,16576.75,523,2,0
86852.51,73639.99,1,3,1
12998.07,35708.72,514,2,0
40139.88,26433.43,2,6,1
41272.7,34960.71,2,3,1
69276.74,44565.38,5,5,1
21383.37,17707.03,3,3,1
14233.09,12908.49,6,4,1
36723.87,75048.47,915,0,0
37573.48,56505.89,465,1,0
9176.33,34726.35,241,0,0
19456.92,33816.92,432,2,0
73896.79,52484.59,1,5,1
69074.85,99373.16,710,0,0
13491.18,79897.83,146,2,0
19593.02,55917.28,485,0,0
7450.95,67380.21,606,0,0
1042.79,8975.42,955,0,0
48527.88,44867.43,4,5,1
89415.25,47273.36,10,5,1
7450.79,28287.97,981,2,0
15457.08,25750.96,803,2,0
11612.96,76478.16,495,1,0
46965.51,73470.01,488,1,0
23621.23,72349.68,109,2,0
7727.49,11298.85,923,2,0
64730.6,92602.93,348,2,0
27909.38,55010.64,208,1,0
50706.51,83892.05,846,1,0
6268.78,9681.91,817,1,0
38552.23,74323.71,159,1,0
40487.02,39075.15,8,3,1
4691.01,29959.51,850,1,0
14395.91,74252.07,374,1,0
15420.23,65547.99,362,1,0
15328.35,97117.17,420,1,0
19733.19,12736.09,2,5,1
27624.57,59987.31,334,0,0
27937.67,46943.62,736,2,0
5349.39,22673.16,528,0,0
14500.22,51804.11,400,0,0
5893.75,5683.46,1,3,1
17624.88,42402.48,759,1,0
131994.64,76487.5,10,5,1
14669.23,61140.9,518,2,0
34364.4,67140.9,649,2,0
3425.72,10164.38,130,2,0
29880.07,91568.15,237,0,0
13945.34,20607.86,527,0,0
21270.26,34731.63,862,0,0
22580.62,48300.97,261,0,0
16732.21,70768.76,776,1,0
10717.11,36389.33,586,1,0
16658.92,86766.31,973,1,0
89587.04,50646.31,9,3,1
17862.71,35481.65,493,1,0
1736.78,13815.14,503,1,0
4298.01,41819.35,998,1,0
4426.69,37720.31,696,1,0
25156.08,37226.22,217,1,0
32818.2,95405.72,495,0,0
23269.77,50912.59,444,1,0
22586.38,50369.26,710,2,0
6494.82,11334.28,117,0,0
38125.51,61270.96,51,1,0
5300.35,15819.51,767,0,0
4134.27,6734.36,97,1,0
10204.75,37038.61,915,2,0
6921.08,21466.65,287,2,0
181317.02,97771.09,8,3,1
140991.84,74814.42,4,3,1
64022.7,95934.97,649,1,0
84452.56,66053.52,10,4,1
31724.76,52042.6,115,2,0
52178.27,80538.01,99,0,0
15972.82,72241.5,91,2,0
84804.96,44919.84,10,6,1
19880.39,64708.04,927,2,0
10558.42,99608.64,568,0,0
18504.91,26615.27,236,0,0
5075.22,8314.09,357,1,0
150009.65,91325.45,2,3,1
11307.05,90106.57,248,1,0
10652.39,41961.21,216,1,0
19723.78,70524.59,544,2,0
19077.26,79015.05,496,1,0
51715.76,32218.24,4,6,1
15921.34,98377.53,386,2,0
104801.13,74063.91,4,6,1
43212.81,64348.82,853,0,0
45368.56,75306.82,103,2,0
30575.5,91732.5,133,1,0
42334.9,81864.15,304,0,0
11772.47,34051.44,863,2,0
25561.66,64687.26,748,1,0
31096.18,46810.27,128,2,0
9075.78,32063.31,680,0,0
8080.65,27846.92,96,1,0
8556.0,29246.41,489,1,0
37915.91,30191.34,10,3,1
28361.79,52856.9,233,1,0
2929.25,12697.02,964,1,0
7969.88,70910.11,668,0,0
41228.97,85253.96,655,2,0
8569.73,24741.8,522,1,0
38707.38,58542.18,220,2,0
15864.17,94803.82,87,2,0
14344.2,11582.45,10,3,1
12122.41,47274.93,962,1,0
152961.27,85965.27,4,4,1
19571.4,56961.87,103,2,0
8783.3,67017.17,342,1,0
10260.83,41775.14,143,2,0
24205.45,93881.38,779,2,0
17041.89,61017.28,287,1,0
10595.08,21522.27,557,1,0
9222.82,45513.26,597,1,0
38477.35,61856.52,237,1,0
89587.51,76195.71,7,6,1
45458.44,78874.12,797,0,0
9808.65,86200.12,244,1,0
119584.51,71829.45,9,3,1
83355.17,73807.81,8,6,1
22467.26,43190.68,805,2,0
9688.02,45562.85,593,2,0
14136.77,26675.86,1000,1,0
12711.46,41125.14,432,2,0
50385.89,86148.63,844,2,0
49660.49,76438.87,831,2,0
34213.99,59090.11,367,0,0
3513.15,26362.78,667,2,0
10629.75,31082.33,213,2,0
21196.41,48899.64,139,2,0
16408.88,72740.9,147,2,0
38220.13,67513.13,300,1,0
26689.05,15172.97,9,6,1
2229.18,9086.38,860,1,0
47725.27,80955.76,768,1,0
16546.03,11466.66,2,3,1
53919.03,78000.19,71,1,0
5915.84,15350.79,892,2,0
14102.12,38773.46,137,2,0
16260.79,94813.87,752,2,0
19734.18,16134.28,4,3,1
95480.27,66357.31,8,5,1
89192.38,81655.77,9,6,1
152304.8,82378.0,3,4,1
9884.27,20056.77,856,0,0
23220.48,43607.9,353,0,0
24178.01,49329.23,153,0,0
40564.84,96953.85,352,1,0
11818.38,24918.32,801,1,0
17166.25,27731.62,595,1,0
22448.25,52189.48,797,0,0
46817.21,70808.9,149,2,0
5238.2,13690.16,943,1,0
11435.48,7988.8,6,5,1
36547.3,69654.16,340,1,0
139410.52,69871.28,8,3,1
24093.39,23942.17,8,6,1
10470.12,22546.67,348,0,0
13956.43,85934.93,613,1,0
5878.09,30827.49,918,0,0
26006.86,72227.47,867,0,0
162270.82,90690.22,9,4,1
16891.59,11429.88,2,4,1
14531.17,21741.97,45,2,0
21385.35,13261.12,8,5,1
44226.74,65768.13,293,2,0
9693.11,58520.79,242,0,0
30299.14,72900.66,378,1,0
78721.98,53211.84,4,6,1
41595.19,84949.26,172,2,0
39866.79,80385.2,461,2,0
4366.89,7744.69,222,0,0
3254.72,20307.96,928,1,0
144765.05,81508.21,6,6,1
6951.31,6891.89,9,3,1
115721.3,59796.16,3,4,1
21051.22,53088.11,853,1,0
10525.5,61258.33,278,2,0
49779.87,94120.26,966,1,0
20164.92,51832.67,791,1,0
45095.97,89270.23,200,0,0
42499.48,91191.97,681,2,0
124747.4,82023.84,10,3,1
62905.73,60223.6,6,4,1
5985.39,41686.83,831,2,0
3235.56,25630.32,395,2,0
20036.35,38102.67,198,2,0
9368.51,58051.87,614,0,0
35557.69,68434.38,512,2,0
37384.53,83017.23,882,0,0
7342.69,28507.38,83,0,0
21248.91,33431.81,577,2,0
15055.09,23299.26,408,0,0
19657.22,35882.79,852,0,0
6779.87,17907.44,106,2,0
19878.79,35629.56,464,2,0
31055.01,63093.3,86,0,0
40926.81,90088.47,464,1,0
14285.09,56309.73,307,2,0
15461.77,78940.99,960,1,0
170986.51,96243.67,3,4,1
7882.32,73737.89,216,0,0
22101.97,79384.1,666,0,0
79873.82,67926.8,9,3,1
8325.44,12872.61,954,1,0
18950.89,63436.49,861,0,0
59936.65,48913.05,9,3,1
32986.82,63927.5,144,1,0
46009.57,66147.58,907,0,0
77054.47,59391.75,9,3,1
55438.68,39245.73,7,5,1
39445.41,98090.03,541,1,0
61117.43,38768.81,7,6,1
4509.3,7805.27,118,0,0
93921.31,52306.4,4,6,1
65923.88,96290.56,654,2,0
49006.51,70009.9,648,1,0
14059.49,29041.67,391,2,0
28913.06,57448.74,201,2,0
51012.57,80066.68,758,2,0
37949.67,64982.44,371,0,0
4204.2,7660.75,759,0,0
30960.44,77207.69,781,1,0
3472.08,30630.09,638,0,0
63038.38,37810.74,10,4,1
42684.22,30369.73,3,3,1
5637.28,16021.55,141,2,0
5015.33,38451.63,122,2,0
13315.65,80890.27,580,2,0
4481.47,21116.86,542,2,0
25365.01,52629.19,977,2,0
2883.34,5040.3,550,1,0
29998.76,46769.31,747,0,0
5359.01,19066.93,960,2,0
31637.61,52747.83,527,1,0
8440.1,5776.98,9,3,1
41031.48,97610.02,934,2,0
3667.43,19612.59,122,2,0
6648.18,45480.36,889,2,0
4986.02,21076.46,822,0,0
14494.85,31337.4,891,2,0
36211.03,18375.91,7,3,1
63222.54,92719.75,36,0,0
9354.75,78439.68,382,0,0
69292.6,48106.47,7,3,1
136082.48,98975.16,5,6,1
3127.6,7308.43,909,1,0
47676.87,72683.59,603,2,0
57550.94,92683.74,380,2,0
91485.05,46709.71,4,6,1
11290.24,24158.25,728,0,0
35169.84,72081.91,962,0,0
23734.28,63031.89,408,0,0
35616.86,77776.65,553,0,0
9720.84,64975.03,727,0,0
11417.81,22879.31,199,0,0
27039.4,40289.38,658,0,0
173014.02,93556.02,8,5,1
13710.69,76816.97,944,1,0
8693.46,45882.57,417,0,0
27056.09,75807.86,605,2,0
34628.8,58638.27,917,1,0
12670.19,44410.09,47,0,0
13051.58,9162.3,10,3,1
3294.25,6274.61,874,0,0
39751.85,56904.66,210,2,0
8006.84,17752.54,357,2,0
24142.76,19808.7,3,4,1
129733.57,71065.12,2,5,1
10698.42,72785.12,582,0,0
17903.13,35250.74,776,1,0
23317.59,55816.02,500,1,0
155855.02,83506.03,6,6,1
61979.2,89044.44,887,2,0
44626.18,32618.26,10,4,1
18849.51,30613.62,79,1,0
18890.08,47187.29,41,1,0
35379.19,28380.48,4,5,1
51730.18,43472.5,3,6,1
40424.22,34919.83,2,6,1
75916.98,43215.89,3,4,1
61489.7,96842.0,257,2,0
11090.64,25224.69,602,0,0
13704.1,69183.34,163,0,0
7113.98,67257.84,392,0,0
96622.24,71380.55,3,3,1
8134.58,11896.59,122,0,0
7878.73,15733.96,708,2,0
47820.26,85087.38,613,0,0
2585.2,6608.58,256,1,0
94165.46,92328.34,3,3,1
22801.86,58906.21,580,0,0
23634.99,45570.95,74,1,0
26357.08,92316.18,217,2,0
133959.09,84517.4,10,4,1
12462.56,22007.81,894,2,0
24146.83,37489.31,830,1,0
86532.51,67418.76,2,4,1
2067.45,18764.63,464,0,0
17483.13,56077.01,847,2,0
19629.77,39693.48,389,1,0
6535.28,15626.6,338,0,0
9057.33,31888.82,149,0,0
29409.71,53507.7,448,2,0
14260.42,35008.6,978,1,0
3796.63,21832.6,88,1,0
10267.95,42567.56,710,0,0
3810.37,11413.37,177,1,0
39041.77,62778.67,990,1,0
7080.49,35435.77,37,0,0
116155.64,66362.63,2,3,1
12282.4,59190.27,936,2,0
111887.7,61676.16,9,5,1
30839.64,61341.32,211,1,0
102229.9,67042.34,2,6,1
15893.91,26983.2,182,2,0
43116.07,86522.79,798,0,0
61879.54,37032.85,6,5,1
3511.23,28444.32,919,1,0
76707.62,42359.59,5,5,1
12958.69,97748.35,930,0,0
30955.38,64888.76,237,2,0
140914.75,74260.3,3,6,1
11732.25,20721.51,841,2,0
22061.92,59750.1,464,2,0
10170.69,22180.55,477,2,0
22436.34,78046.54,792,2,0
21879.4,49857.51,730,0,0
74011.08,54927.9,5,5,1
40670.76,92652.5,300,0,0
6687.58,19544.19,615,1,0
97172.56,86029.48,9,4,1
7333.28,22058.41,407,0,0
37040.85,55251.95,860,0,0
75413.69,37878.3,4,4,1
21206.07,71959.09,747,1,0
47340.52,24826.26,1,5,1
9544.49,19377.13,966,1,0
25501.38,36848.02,827,0,0
106335.62,69675.5,10,3,1
3041.92,12713.87,633,0,0
6440.83,13673.99,467,1,0
50044.81,79759.64,502,2,0
67080.36,37870.07,9,6,1
11623.59,10125.23,10,3,1
33306.83,66118.05,616,2,0
23043.38,40533.2,989,2,0
97800.05,57117.51,8,6,1
4613.44,7621.01,82,1,0
27156.5,91015.51,566,0,0
32996.32,66324.94,770,0,0
144196.34,93114.09,2,5,1
113820.93,98950.35,9,4,1
68440.7,42520.06,5,3,1
16223.11,91215.31,409,2,0
5217.69,29788.64,606,0,0
5898.58,14419.13,600,2,0
25717.89,22554.94,6,3,1
52087.01,46283.2,5,6,1
6195.46,29607.77,137,2,0
85881.65,56251.7,4,4,1
25147.71,59896.78,60,2,0
58842.08,93596.63,426,2,0
11015.74,43139.1,893,0,0
20806.27,12720.93,7,3,1
28356.14,49799.57,818,1,0
29669.43,44560.07,678,2,0
15178.21,76315.06,254,1,0
25139.17,17791.47,7,5,1
15042.1,21495.56,685,1,0
17669.98,62118.07,543,2,0
19502.76,81082.67,284,0,0
63253.34,49767.58,7,3,1
26080.6,55069.09,43,1,0
35647.86,81069.69,305,1,0
11601.74,27103.94,556,1,0
28407.24,89515.83,172,0,0
18742.75,27458.04,245,2,0
44246.96,89392.21,181,0,0
49496.12,82602.43,715,1,0
21665.38,89090.43,351,1,0
3625.62,25332.68,102,2,0
81700.77,58300.48,2,3,1
16826.16,58496.63,90,2,0
19750.28,43371.38,915,1,0
20147.9,29995.08,423,0,0
129298.58,69238.81,4,4,1
20573.01,85314.33,772,0,0
34292.76,85534.42,582,0,0
14338.9,92309.96,649,2,0
20849.88,41817.77,155,2,0
5754.26,27333.62,478,0,0
27881.43,58786.28,296,1,0
88071.38,86520.38,5,6,1
59042.29,89131.27,489,1,0
142128.55,77556.56,4,4,1
102171.37,67195.84,4,6,1
3518.05,9901.56,778,0,0
25273.42,68783.88,427,0,0
31036.43,87974.06,50,0,0
14201.94,77862.42,978,2,0
110614.05,68888.72,2,4,1
15949.25,31349.42,36,2,0
43192.84,86402.56,484,2,0
139723.77,88312.93,9,4,1
17328.71,40490.14,196,1,0
27631.88,92087.34,616,1,0
22770.84,14589.93,2,6,1
18174.04,89277.51,425,0,0
48413.1,78810.34,731,0,0
36641.18,69491.96,471,2,0
35485.2,64888.61,674,1,0
70992.22,39504.39,3,5,1
35700.07,29487.7,3,3,1
19325.35,48742.12,40,1,0
44195.61,76990.75,85,0,0
13328.84,93756.75,686,2,0
15227.37,46479.33,421,0,0
19398.99,28844.61,727,1,0
16384.89,51915.33,441,2,0
186190.26,96925.98,3,4,1
6542.6,21908.73,291,1,0
32597.7,71106.85,492,0,0
142176.08,90856.26,10,5,1
47509.14,89717.57,926,2,0
2819.02,11312.67,710,0,0
3802.81,9981.16,501,2,0
18233.92,90751.02,809,0,0
30493.42,45577.75,783,1,0
25280.8,79941.34,822,1,0
38790.85,21850.43,1,5,1
4839.28,14831.36,584,1,0
8006.03,12397.84,498,0,0
36585.39,24359.7,10,3,1
26727.59,59045.45,86,1,0
9011.17,23954.34,319,2,0
19079.96,89485.33,152,1,0
26024.65,48983.01,223,0,0
7155.87,26602.57,793,1,0
5806.85,11501.08,754,1,0
48187.73,78655.24,799,0,0
125276.97,70367.95,4,5,1
9556.77,47711.52,110,2,0
103247.44,91079.08,2,3,1
12450.67,6369.18,1,3,1
68073.93,49590.08,5,3,1
109004.2,94080.92,8,4,1
36020.02,87548.13,825,1,0
132704.87,76981.25,7,6,1
24921.04,41933.6,758,1,0
25132.67,78665.31,897,1,0
181045.57,92398.13,10,4,1
7101.1,24572.3,62,2,0
19556.69,80585.85,698,0,0
19480.77,12276.88,1,6,1
49459.07,78127.52,134,0,0
23853.73,56337.61,681,2,0
90188.16,51696.68,6,3,1
10395.57,75219.95,979,2,0
44601.18,27869.0,3,5,1
21689.85,70384.83,388,1,0
11374.88,16290.21,791,0,0
2197.04,10735.57,691,0,0
9220.48,24065.04,217,2,0
7722.95,69279.54,344,1,0
3380.99,17398.52,484,0,0
19185.56,91296.73,935,2,0
61382.12,40964.03,10,4,1
23457.17,46251.48,210,2,0
4925.06,16105.66,163,0,0
17085.02,44566.61,41,0,0
9499.6,76859.39,864,2,0
29514.75,19796.36,10,5,1
127705.8,69247.0,1,3,1
135726.41,93354.84,1,6,1
38685.67,66789.65,366,0,0
18946.11,89478.89,715,2,0
10346.46,35989.03,360,2,0
74527.72,70370.86,1,6,1
20063.88,75990.87,816,0,0
22991.54,76259.8,319,2,0
39557.57,74397.2,854,0,0
135010.17,99262.7,2,3,1
14822.37,36387.64,329,1,0
12823.33,64801.09,190,0,0
10149.12,51610.89,724,0,0
46238.29,33467.16,4,6,1
19213.42,79109.57,623,1,0
23885.56,63193.03,458,2,0
22434.51,37168.03,994,1,0
58624.61,97140.11,906,1,0
7514.22,69841.41,821,1,0
5766.49,26795.39,393,0,0
42907.05,71911.52,508,0,0
27288.82,41085.73,44,2,0
23050.09,35601.49,520,2,0
28238.0,49289.68,654,1,0
9636.1,81614.09,63,2,0
24588.89,70289.79,984,2,0
12040.73,40303.76,351,0,0
3982.08,16995.31,893,2,0
25836.26,64041.37,97,2,0
21953.82,47492.02,734,2,0
6183.68,19891.77,223,0,0
41711.85,77822.98,586,1,0
16338.43,91075.69,373,2,0
33692.34,96359.94,303,2,0
32028.58,96292.2,460,2,0
6427.59,28323.58,775,1,0
47234.01,24744.77,3,4,1
30692.25,54074.69,131,0,0
37790.57,87766.67,369,1,0
7513.1,19406.1,463,2,0
12984.24,75754.8,708,0,0
9341.66,33500.44,432,2,0
37375.33,55412.83,366,0,0
62848.7,48926.89,7,4,1
28851.9,61543.69,139,2,0
50755.43,78111.77,814,1,0
45400.2,73261.49,499,1,0
22428.19,44863.66,926,1,0
8798.72,17515.1,102,0,0
36730.57,90004.29,607,2,0
12755.64,99310.09,1000,2,0
12800.47,33068.12,424,2,0
26817.43,42758.23,232,1,0
99942.79,64412.68,9,5,1
41670.0,20958.45,1,5,1
64806.11,34702.02,7,5,1
5671.26,9064.5,249,2,0
3549.19,9001.52,809,1,0
116727.47,68939.78,6,6,1
7331.47,17300.12,906,2,0
8427.3,15035.36,127,0,0
10588.82,38334.2,997,0,0
117896.9,96933.09,9,6,1
54059.55,27555.35,6,4,1
18493.08,40242.77,395,2,0
13352.57,44525.19,89,1,0
15241.41,15220.03,2,3,1
16440.16,38697.32,353,1,0
3600.0,9303.92,529,0,0
18681.38,73985.56,241,1,0
65110.88,52556.53,4,4,1
23117.38,53544.92,540,2,0
34822.52,79968.99,335,2,0
47788.27,36414.32,5,6,1
25677.25,50715.67,366,2,0
32734.02,75476.95,543,0,0
6920.37,12309.11,844,1,0
65973.57,53914.6,3,6,1
11163.2,22088.57,959,2,0
38026.11,64795.36,243,0,0
1467.5,11465.05,392,2,0
24101.32,39707.21,195,0,0
33594.0,51716.66,884,0,0
49683.68,84321.91,158,1,0
14563.34,67820.74,950,2,0
64147.98,46740.66,3,4,1
34892.36,29953.1,7,4,1
22121.24,97486.32,400,1,0
18712.53,54229.75,473,0,0
12065.39,24451.2,477,1,0
10634.09,18462.79,975,2,0
15224.7,78796.5,836,0,0
77299.79,46619.75,7,5,1
1505.01,7715.32,92,0,0
23288.27,53343.29,694,1,0
9129.35,57027.4,963,2,0
2119.62,8196.06,626,1,0
65756.07,39112.94,9,5,1
37135.96,54919.23,301,0,0
22684.38,64233.86,445,1,0
44769.98,94761.35,764,2,0
21379.23,62897.41,505,0,0
7525.21,24536.09,41,2,0
7665.22,33369.74,934,0,0
8742.0,37969.88,797,2,0
82027.46,56436.65,1,3,1
10987.0,21255.44,696,2,0
1831.48,7037.6,83,2,0
39045.05,58264.45,308,0,0
71719.12,57759.7,8,3,1
14976.78,33522.65,714,0,0
4941.02,30463.68,757,1,0
89632.3,52944.18,1,5,1
125353.36,62827.8,3,5,1
2636.11,5832.46,114,2,0
54487.0,84212.7,264,2,0
96696.12,65874.38,8,3,1
2867.63,12646.85,336,1,0
39591.41,86727.2,680,1,0
20892.28,40753.53,711,2,0
9320.98,15541.76,48,0,0
73421.88,50312.51,8,6,1
21636.73,80617.0,295,2,0
61790.66,55633.88,9,5,1
12256.3,74053.76,881,1,0
26380.62,67485.08,552,1,0
106016.58,96934.62,5,4,1
27355.69,59847.72,970,1,0
6051.61,8838.41,186,0,0
29302.92,44361.38,619,0,0
33619.76,69393.31,139,0,0
2533.43,12532.89,409,0,0
9836.91,37994.7,118,2,0
12318.82,72221.61,352,1,0
17028.32,30298.67,141,2,0
19476.73,15697.95,9,5,1
61004.43,55711.17,9,5,1
26228.26,92355.82,816,1,0
42110.96,60457.29,227,1,0
9371.17,26136.66,40,0,0
51426.98,91491.56,836,1,0
24632.63,51177.77,181,2,0
47129.22,76429.25,939,1,0
51884.18,44947.34,9,3,1
37001.81,59974.84,677,0,0
59458.7,43189.2,1,3,1
31640.48,20044.81,3,5,1
155297.2,87358.64,8,6,1
19627.01,29652.73,390,2,0
19080.99,57087.51,530,1,0
16653.35,91940.83,796,0,0
2903.72,5201.52,282,1,0
2591.49,25077.25,839,0,0
42671.37,66222.62,379,1,0
7899.3,30444.85,480,0,0
30865.05,74973.13,269,0,0
61366.2,35431.59,3,6,1
13611.67,45612.61,130,2,0
