customer_id,full_name,dob,address,kyc_status,agent_id
1,Miguel West,1961-05-08,"2417 Solis Forks Suite 953
Karenborough, CO 77717",VERIFIED,57
2,Diana Nielsen,2005-07-26,"0910 Julia Mills
Paulbury, RI 20239",PENDING,86
3,Cheryl Johnson,1992-09-03,"38740 Thomas Road Suite 395
Lindafurt, VA 16517",PENDING,55
4,Joseph Garrett,1955-03-18,"180 Steven Plaza
Lake Amanda, MT 59753",VERIFIED,12
5,Mark Fowler,1987-05-26,"75363 Sanchez Unions
Donaldland, UT 11695",VERIFIED,58
6,Christopher Miller,1995-08-09,"2275 Riddle Unions
North Katherinemouth, AS 29449",VERIFIED,41
7,Jennifer Boone,1970-01-05,"286 Ashley Circles Suite 429
West Joseph, VA 84907",VERIFIED,30
8,Jasmine Davis,2005-02-19,"0554 Evans Parkways Suite 643
Hamiltonshire, UT 31980",VERIFIED,9
9,Lawrence Castillo,2005-04-30,"1930 Kimberly Locks
Denisemouth, PW 50669",PENDING,71
10,Hayden King,1993-10-13,"7462 Richard Row
New Kyleborough, CT 41523",VERIFIED,55
11,Timothy Sanchez,1990-10-22,"441 Hernandez Street Suite 492
Mckinneyhaven, OH 41875",PENDING,91
12,Kimberly Gates,1959-04-11,"856 Martinez Spring Apt. 313
Davishaven, GU 30296",VERIFIED,10
13,Andrew Campbell,1994-04-27,"9517 Katherine Stream
Brendaton, VT 81605",PENDING,63
14,Beth Fields,1975-10-06,"358 Mercedes Coves Suite 589
South Amandaport, OK 19710",PENDING,39
15,Christopher Robertson,1959-05-28,"66388 Christopher Locks Apt. 155
Bassstad, WI 59673",VERIFIED,89
16,Daniel Hays,1993-03-19,"USCGC Madden
FPO AE 22849",VERIFIED,26
17,Timothy Thompson,1954-02-28,"3313 Harris Run
New David, IL 92822",VERIFIED,65
18,Sonya Shah,1978-09-29,"7800 Marcus Harbor Suite 398
Lunaside, GU 94439",PENDING,46
19,Douglas Cain,1966-02-09,"57082 Chambers Haven
West Justin, KY 43464",VERIFIED,13
20,George Richards,1976-09-07,"389 Smith Ridges
Johnsonborough, NJ 41686",PENDING,64
21,Wendy Meza,1989-08-29,"53483 Dakota Dale
Ginaburgh, ID 74659",VERIFIED,66
22,Thomas King,1962-06-25,"4727 Hendricks Key
Rebeccahaven, KS 02095",PENDING,52
23,Donna Valenzuela MD,1999-01-16,"88709 Andrea Falls
South Aaron, MA 21150",PENDING,33
24,Blake Trujillo,1969-02-13,"129 Russell Crossroad
Jeffreyshire, CT 60631",VERIFIED,78
25,Emily Hester,1996-03-28,"4697 Perez Radial
South Jonathantown, KS 40908",PENDING,36
26,Nicole Alvarado,1961-01-10,"Unit 2993 Box 7110
DPO AA 30221",VERIFIED,29
27,Tyler Hale,2005-11-04,"001 Simpson Fort
Lake Michaelberg, WI 37187",PENDING,27
28,Amanda Mcclain,1963-03-12,"73221 Jasmine Overpass
Cannonmouth, TN 71212",VERIFIED,32
29,Michael Ward,1976-11-05,"4633 Rivera Summit
West Emily, MI 95387",VERIFIED,1
30,Christopher Reed,1974-02-14,"615 Tiffany Plaza Suite 803
Ryanstad, IL 26612",VERIFIED,52
31,Scott Ford,1986-08-15,"777 Brian Drive
Sierraborough, KY 28729",PENDING,78
32,Carl Mitchell,1969-06-30,"48220 Harrison Forest
West Charles, NM 22766",VERIFIED,87
33,Jessica Wallace,1982-11-18,"01937 Curtis Mews Suite 322
Annport, WI 48394",VERIFIED,7
34,Shannon Porter,1986-09-29,"781 Arnold Land Apt. 021
Lesliemouth, UT 52142",PENDING,31
35,Jennifer Hines,1967-01-01,"2912 John Creek Apt. 245
Ricardoville, VA 29204",PENDING,47
36,Scott Austin,1988-08-24,"412 Sean Field
Smithchester, WI 26777",VERIFIED,46
37,Anthony Mcgee,1988-10-07,"22393 Johnson Corner Suite 777
Michelebury, DE 66812",PENDING,89
38,Elizabeth Gray,1952-11-02,"36787 Paul Radial Apt. 981
Dianechester, AS 66602",PENDING,49
39,Abigail Nelson,1986-01-22,"8694 Davis Plains Suite 261
Teresaview, ME 08340",PENDING,90
40,Kelly Wilkerson,1969-01-08,"12891 Rice Fork Suite 932
New Beth, VT 97814",PENDING,49
41,Yolanda Bright,1980-11-12,"607 Alexander Burgs Apt. 103
Whiteberg, AZ 51222",PENDING,16
42,Tamara Roth,1988-05-02,"926 Kathryn Plains
New Reginaldland, KS 91144",PENDING,66
43,Kent Young,1992-01-31,"102 Schmidt Ramp Suite 822
New Erin, PR 52529",PENDING,93
44,William Garrett,1966-08-26,"12988 Ward Prairie
North Jeremymouth, CO 07142",VERIFIED,98
45,Brian Noble,1984-03-25,"306 Aaron Islands
Brownstad, AZ 09461",PENDING,62
46,Joe Roy,1976-07-24,"079 Stephanie Underpass Suite 632
South Peter, OK 95359",PENDING,27
47,Hector Tucker,1983-07-05,"544 Brian Cliffs Apt. 054
Hancockview, KS 68777",PENDING,27
48,Christopher Mooney,1973-03-16,"0743 Wendy Route Apt. 077
Danielleshire, AR 70287",PENDING,48
49,Peter Chavez,1950-12-17,"270 Billy Crossroad
Shariborough, WY 34952",PENDING,78
50,Emily Martinez,1959-03-06,"24307 Wallace Locks
Zunigaburgh, AS 46672",VERIFIED,16
51,Katherine Jones,1975-10-11,"408 Parker Motorway
Aliciaton, WV 03926",VERIFIED,75
52,Nicole Ford,1967-10-18,"3691 Mary Motorway
East Jonathanchester, SD 40600",VERIFIED,54
53,Barbara Hunt,2007-06-20,"843 Sandra Light Apt. 514
Samuelfort, NY 12694",VERIFIED,91
54,Christopher Miller,1975-05-09,"1134 Shelly Ville
North Johnview, WA 18082",VERIFIED,86
55,Sonya Contreras,2000-07-14,"01517 Rodriguez Oval
Jacobtown, MH 91871",PENDING,15
56,Gregory Mitchell,2000-03-13,"72375 Bishop Loop Suite 355
Kylemouth, DE 13697",VERIFIED,30
57,Richard Chandler,1975-09-30,"011 Rachel Hills
Woodsshire, VA 27408",PENDING,100
58,Elizabeth Alvarado,1955-02-08,"84130 Salazar Ridge
Moraleston, WA 22030",VERIFIED,57
59,Matthew Roberts,1982-11-06,"1499 Kayla Burg
West Robert, OH 30726",VERIFIED,89
60,James Johns,1973-02-24,"USCGC Stephenson
FPO AP 54017",PENDING,39
61,Erica Buchanan,1951-05-15,"25960 James Streets
Jamesside, UT 19456",PENDING,85
62,Brenda Michael,1959-02-03,"86619 Crawford Trail
Bradleyberg, OK 31850",VERIFIED,23
63,Jade Macdonald,1969-04-23,"526 Amanda Court Suite 942
Patriciahaven, PW 78300",VERIFIED,10
64,Erin Gomez,1984-12-04,"467 Murphy Lodge
Port David, WY 09182",VERIFIED,11
65,Kimberly Garza,1951-08-06,"902 Peterson Orchard Suite 962
East Maria, HI 25704",PENDING,77
66,Wanda Yang,1955-04-10,"57995 Sonya Junctions
South Katherine, CO 59503",PENDING,12
67,Donald Lane,1980-09-07,"491 Roger Wells
North Rebeccaville, FM 36089",VERIFIED,97
68,Jeffrey Green,2000-03-28,"372 Courtney Viaduct
Robertstad, MA 10854",PENDING,13
69,Michael Shaw,1983-04-29,"14249 Jennifer Circles Apt. 470
Brittneystad, MT 28821",VERIFIED,38
70,Gary Thomas,1967-08-23,"022 Brooks Squares
New Joshua, TN 11417",VERIFIED,20
71,Richard Gates MD,1972-05-02,"USNS Miller
FPO AP 82545",PENDING,100
72,Brian Davis,1993-11-16,"Unit 1087 Box 9225
DPO AP 83739",VERIFIED,77
73,Jeremy Petersen,1958-04-08,"5013 Jasmine Glen
Port Ricky, AR 44351",VERIFIED,5
74,Tonya Cruz,1956-05-17,"PSC 2829, Box 1482
APO AP 70983",PENDING,59
75,Calvin Daniels,1971-02-20,"2285 Davis Trail
Port Janeshire, NH 67057",PENDING,2
76,Melissa Ballard,2004-09-22,"055 Rodriguez Port
East Jacobshire, WA 17067",PENDING,34
77,Richard Hernandez,1967-05-04,"378 Sexton Drive Apt. 705
Angietown, NC 98916",PENDING,25
78,Andrew Miller,1968-12-20,"443 Garcia Camp Suite 079
Port Lisatown, NJ 43631",PENDING,59
79,Harold Davis,1984-04-18,"69724 Simmons Land Apt. 328
Onealbury, SC 11623",PENDING,86
80,Ashley Morgan,1981-04-19,"677 Melissa Orchard Suite 503
Port Anna, MA 94438",VERIFIED,27
81,John Hoffman,1993-04-05,"333 Prince Square
Guzmanstad, NV 33519",VERIFIED,37
82,John Kemp,1952-11-29,"990 Melvin Plains
Singhland, MD 34621",VERIFIED,61
83,Meagan Stevens,1984-07-13,"80886 Ward Streets
East Mark, CT 83286",VERIFIED,73
84,Brandy Berg,1959-08-15,"9204 John Square Suite 475
Hesterberg, NH 92496",VERIFIED,22
85,Todd Wright,2006-05-27,"777 Kendra Stravenue Suite 744
Patrickborough, MH 10875",VERIFIED,92
86,Rachel Crawford,1977-10-15,"57636 Hill Cape
Ashleyville, AZ 42646",PENDING,93
87,Holly Anderson,1964-09-08,"USCGC Walker
FPO AP 68223",PENDING,91
88,Randall Turner,2002-02-01,"242 Adrienne Dam
Courtneychester, RI 05262",VERIFIED,82
89,Christopher Jackson,2006-07-18,"PSC 6004, Box 4346
APO AP 01929",PENDING,53
90,Michael Lawson,2000-09-13,"12629 Kathy Club Suite 574
West Rogerside, DC 56294",PENDING,47
91,Anthony Lawrence,2007-08-21,"772 Beard Shores
Ricardoburgh, GU 99046",VERIFIED,72
92,John Baker,1985-05-20,"731 Hughes Mountain Apt. 177
West Carolyn, OR 62586",PENDING,14
93,James Roberts,1997-07-02,"2665 Albert Parks
Beasleyport, VI 41162",VERIFIED,78
94,Michael Austin,1996-01-31,"1885 Johnson Loop Suite 695
Markbury, CA 95694",PENDING,34
95,Laura Banks,1962-04-25,"598 Lauren Radial
Thompsonport, WY 33615",VERIFIED,15
96,James Reeves,1957-10-11,"55015 Tucker Springs Apt. 831
Zimmermantown, ND 61160",VERIFIED,93
97,Michael Sharp,2004-01-19,"18075 Zachary Mount
New Kimberly, MH 94955",VERIFIED,72
98,Joshua Kennedy,1995-01-04,"USS Ferguson
FPO AE 22257",VERIFIED,67
99,Michael Rodriguez,1993-07-25,"Unit 9395 Box 7926
DPO AP 38646",PENDING,27
100,Daniel Buck,1961-02-21,"28860 Deborah Gardens Apt. 071
Wyattchester, OR 77714",PENDING,55
101,Crystal Ortiz,1964-11-09,"040 Atkins Lodge
Walshside, SD 83539",VERIFIED,82
102,James Nelson,1977-03-03,"8372 Wood Rapid
Port Arthur, VI 90590",PENDING,15
103,Melissa Middleton,2004-03-02,"41874 Abbott Causeway
New Jessicabury, IN 53283",VERIFIED,71
104,Jonathan Figueroa,1967-09-14,"496 Katherine Gardens Suite 857
West Alisonshire, ND 63359",PENDING,23
105,Mark Hays,1971-11-15,"05636 Guzman Crossing
Port Josephshire, FM 01048",VERIFIED,47
106,Ashley Johnson,1953-11-28,"80109 Mcguire Parks Apt. 951
Frankshire, PR 71458",VERIFIED,96
107,Steven Hammond,1970-10-10,"46596 Evans Flat
West Joshuabury, VT 49361",VERIFIED,4
108,Anthony Norris,2003-12-04,"279 Hutchinson Trail Suite 715
Jenniferborough, ND 66196",PENDING,1
109,Mark Jones,1955-06-20,"39228 Jonathan Forge
Petersontown, MO 52240",PENDING,82
110,James Parker,1987-02-04,"14634 Ward Trace
Lake Heatherport, SC 81735",VERIFIED,4
111,Phillip Brown,1956-01-16,"5512 Tyler Circles Apt. 686
Kylehaven, MN 78327",VERIFIED,25
112,Elizabeth Webster,1986-01-29,"56755 Melissa Ports
Bethmouth, AK 04487",PENDING,98
113,Michael Santiago,1996-03-03,"31871 Fuller Locks Suite 231
West Michael, ID 45494",VERIFIED,14
114,Lisa Parrish,1971-12-14,"844 Ortiz Underpass
West Edwardfort, VA 99314",VERIFIED,36
115,Gloria Bowman,2001-08-29,"279 Wesley Villages
Dukebury, VI 94352",VERIFIED,62
116,Denise Hansen MD,1988-05-07,"68491 Mathis Isle
East Isaac, HI 27173",VERIFIED,63
117,Nicole Gonzalez,1982-02-11,"26772 Kelsey Trace Apt. 731
West Aaronfort, AK 45173",PENDING,89
118,David Lee,1964-01-14,"13934 Washington Field
Lake Timothy, DE 82996",VERIFIED,27
119,Alex Jordan,1971-03-04,"878 Hamilton Coves Apt. 461
Nicholeville, MS 56768",PENDING,10
120,Brandy Edwards,1987-05-20,"29610 Rodney Plains Apt. 582
Brittneystad, DC 19142",PENDING,67
121,Cody Sandoval,1992-09-27,"52201 Goodman Roads Apt. 136
South Steven, HI 18089",VERIFIED,40
122,Erica Lyons,1969-08-14,"4102 Diana Route Apt. 760
Alvarezland, MD 05407",PENDING,57
123,Diane Gaines,1970-11-19,"02931 Fleming Springs Apt. 597
Adrianburgh, VT 96319",VERIFIED,48
124,Paige Edwards,1977-07-18,"USNV Barnes
FPO AA 44048",VERIFIED,23
125,Sarah Johnston,1962-02-03,"7117 Gardner Shoal Apt. 083
East Kari, CA 19867",VERIFIED,77
126,Johnathan Murphy,1976-04-09,"4135 King Gardens Suite 531
Port Linda, AS 68021",PENDING,68
127,Brandon Garza,1990-09-04,"937 Kelsey View Suite 483
Dunnstad, CT 50386",VERIFIED,30
128,Samantha Smith,1968-07-11,"41803 Amanda Crest
Marymouth, KY 20715",VERIFIED,47
129,Taylor Brown,1977-05-24,"485 Buchanan Key
Thomasville, ND 10494",VERIFIED,14
130,Bryce Ramsey,1998-02-26,"38048 Love Drive
Jorgemouth, IA 99451",VERIFIED,21
131,Ashley Martin,1962-06-13,"19696 Gutierrez Dam Apt. 278
Teresafurt, MI 40432",PENDING,70
132,Taylor Sanders,1959-05-15,"503 Jackson Gardens Apt. 041
East Jeremy, MH 02261",VERIFIED,31
133,Natalie Martinez,1983-01-01,"64500 Martha Ridges
Lake Kelly, OK 38975",PENDING,99
134,Jeffrey Anderson,1955-09-17,"3605 French Neck
Kimberlyton, MS 92502",PENDING,16
135,Heather Smith,1968-06-03,"33083 Samantha Brook
Nolanside, MD 18621",PENDING,37
136,Ronald Ward,1984-10-25,"7599 Benjamin Wall Suite 489
Mclaughlinhaven, NJ 12580",VERIFIED,64
137,Andrew Farrell,1975-05-25,"223 George Tunnel Apt. 782
West Ralphview, MT 37779",VERIFIED,70
138,Michael Newton,1959-01-17,"67459 James Station Apt. 958
Michaelchester, UT 87074",VERIFIED,18
139,Adam Dunn,1980-04-11,"226 Mccoy Club Apt. 601
East Spencerborough, NM 48087",VERIFIED,69
140,Justin Calderon,1990-10-03,"38866 Hill Turnpike
South Jeantown, CO 98845",VERIFIED,77
141,Michael Murray MD,1987-07-24,"62213 Mills Glen Suite 503
Gomezland, GU 17949",PENDING,42
142,Jessica Henderson,1981-10-30,"11269 Marshall Mall Suite 965
Kathleenstad, AL 69176",PENDING,97
143,Alex Rocha,1983-04-27,"315 Wilson Viaduct
Cameronchester, IA 62582",PENDING,75
144,Stephanie Martin,1957-09-08,"195 Michael Route
West James, MT 09017",PENDING,29
145,Gabriela Kirk,1997-11-03,"91921 Lawson Vista
Lopezburgh, DE 98144",VERIFIED,98
146,James Nixon,1961-01-29,"8576 Dustin Ways Suite 290
Mooreland, PA 17767",PENDING,38
147,Aimee Wright,1965-04-01,"9411 Stephanie Port
Christopherbury, MI 49875",VERIFIED,27
148,Kimberly Butler,2007-08-21,"4618 Brian Point
Markbury, CO 68279",PENDING,76
149,Madison Gill,1981-07-18,"5294 Evans Rapids
Lake Jonathan, TN 17811",PENDING,92
150,Crystal Jordan,1969-08-09,"USNV Anderson
FPO AP 85870",PENDING,21
151,Casey Jenkins,1965-04-03,"121 Derrick Lane
New Carlbury, KY 39731",VERIFIED,33
152,Jesse Sanchez,2002-12-26,"0179 Tristan Route Suite 083
Barrerachester, SC 05025",VERIFIED,84
153,Martha Lambert DVM,1971-02-02,"7688 Michael Village
Suzanneton, SD 18519",PENDING,66
154,James Lee,1974-11-12,"943 Brewer Manors Suite 740
New Michael, NJ 77805",VERIFIED,41
155,Mark Martin,1978-08-13,"USS Floyd
FPO AE 45469",PENDING,88
156,Angelica Jacobs,2000-04-03,"USNS Wall
FPO AE 38935",PENDING,89
157,Nicholas Mitchell,2005-08-12,"0721 Jesse Flats
North Bill, GA 02982",VERIFIED,5
158,Jared Vazquez,1956-06-24,"87286 Michelle Inlet
South Jeffrey, DE 33979",PENDING,16
159,Cynthia Hunt,1971-11-11,"0314 Doris Stravenue
Anthonymouth, KY 86597",VERIFIED,94
160,Ashley Riley,1961-01-01,"202 Antonio Orchard Suite 679
Tinaside, TX 63562",PENDING,77
161,Andrew Perez,1957-11-01,"344 Warren Springs
Jonesbury, VA 55503",PENDING,70
162,Jesus Johnson,1971-09-11,"394 Jones Place
East Marcusborough, FM 53528",PENDING,79
163,Toni Henderson,1984-06-10,"96107 Cheryl Meadow Apt. 783
Angelafort, CA 48273",PENDING,32
164,Tamara Gilbert,1953-09-05,"73250 Murphy Lakes
Kingfort, SD 85134",VERIFIED,60
165,Tara Oliver,1961-01-19,"9568 Brian Burg
Lake Sandra, WV 25968",PENDING,73
166,Marisa Scott,1997-02-18,"0468 Robert Villages Suite 136
Lake Pedro, MA 20622",VERIFIED,87
167,Diana Carson,1985-07-30,"96656 Lopez Cape
Lake Stephenland, OH 57974",VERIFIED,43
168,Dr. Nicholas Davis,1973-08-31,"92072 Amy Corners Suite 115
Jonathanfurt, PA 73471",VERIFIED,28
169,Rachel Howard,1998-09-19,"09562 Douglas Stravenue
Scottfort, NY 98883",PENDING,100
170,Michael Wright,2007-08-03,"0903 Moore Cape Suite 102
Andreashire, NE 31463",PENDING,31
171,Jasmine Pope,1991-02-16,"295 Rodney Avenue
Butlerton, IA 48086",VERIFIED,61
172,Jessica James,1960-05-20,"5914 Crystal Trafficway Suite 450
Blakemouth, NE 50529",VERIFIED,20
173,Robert Nguyen,1951-07-07,"25724 Daniel Cove
West Jennifer, MT 22619",PENDING,45
174,April Marshall,1962-09-04,"USNS Burnett
FPO AP 32248",PENDING,48
175,Tammy Hunter,1995-03-09,"7084 Scott Viaduct
North Mario, MI 58676",VERIFIED,75
176,Leslie Gross,2007-05-16,"185 Lance Springs Suite 679
South Mallory, MD 48172",PENDING,1
177,Benjamin Clark,1951-10-30,"060 Colleen Falls
Greerborough, DE 40473",PENDING,98
178,William Allen,1992-05-30,"Unit 9357 Box 6946
DPO AE 38400",VERIFIED,63
179,Paul Levine,1999-09-20,"1434 Jeffery Mountains Apt. 868
Lindseychester, ND 88540",VERIFIED,55
180,Tara Conner,1966-11-03,"001 Kelley Ford Suite 355
South Scott, NH 23250",PENDING,75
181,Christy Harvey,2003-01-18,"661 Oscar Drive
Port Carolynfort, RI 09033",PENDING,3
182,Shane Kelley,1971-07-18,"82137 Kevin Circle Suite 084
New Elizabeth, MS 49391",VERIFIED,60
183,Laura George,1993-11-21,"USCGC Davis
FPO AE 08898",VERIFIED,8
184,Catherine Thomas,2003-10-29,"755 Alec Turnpike Suite 999
New Teresaborough, CA 03084",PENDING,58
185,Tanner Brewer,1968-06-23,"8314 Christopher Stream Suite 753
Lake Dana, CT 11855",VERIFIED,51
186,Jason Bailey,1973-04-25,"6695 Baker Spur
Crystalchester, FM 82887",VERIFIED,3
187,Jeffrey Schultz,1990-09-27,"161 Stephanie Drive
Port Brandytown, RI 79542",PENDING,7
188,Helen Richards,2005-04-13,"393 Perez Road
Brendachester, MI 14078",VERIFIED,59
189,Karen Berry,1970-08-17,"0087 Amanda Extension
Khanburgh, ME 62015",PENDING,35
190,Stephanie Golden,1979-03-20,"6861 Mercado Flat
Chelseachester, WI 44360",PENDING,88
191,Mark Carey,1985-08-23,"50236 Jacob Park Suite 324
East Steven, GA 04445",PENDING,26
192,Tina Brown,1973-07-04,"5081 Moore Meadow
East Katherinefort, PA 24320",VERIFIED,14
193,Jonathan Stephens,1965-07-08,"5568 Bradley Meadow
East Jessica, CT 14744",PENDING,21
194,Jamie Rodriguez,1995-03-14,"Unit 6103 Box 5524
DPO AP 97865",VERIFIED,10
195,Cassandra Winters,1968-03-02,"9256 Kathryn Fall Apt. 300
Thompsonville, PA 81490",VERIFIED,67
196,Gerald Smith,1951-07-04,"66325 John Cliff
Leefurt, NV 87570",VERIFIED,11
197,Sara Mercado,1953-01-13,"81771 Gonzales Fort Suite 229
Josemouth, MS 64274",PENDING,60
198,Deborah Bush,1975-05-26,"1317 Berry Coves
Jamesmouth, DE 22420",PENDING,52
199,Jessica Melendez,1961-05-28,"54808 Cain Ramp Suite 429
Jesseville, OK 58491",PENDING,79
200,Jeffrey Evans,2004-03-29,"464 Jessica Canyon
Port David, IL 61483",VERIFIED,90
201,Karen Cook,1952-11-27,"1342 Sullivan Courts
Marshmouth, WY 82125",PENDING,81
202,Thomas Estrada,1992-01-31,"0180 Walker Rapid
South Sheila, PA 56764",VERIFIED,24
203,Seth Gonzalez,2003-03-29,"473 Mike Ranch Suite 823
Millerbury, PW 06408",VERIFIED,88
204,Mark Andrews,1976-07-30,"05785 Stacy Cliff
Jessicaburgh, NC 52523",VERIFIED,97
205,Anna Lopez,1989-07-10,"656 Amanda Ferry Suite 765
Vernonmouth, OK 32727",PENDING,72
206,Maria Harris,1955-12-04,"8737 Ortiz Pine Apt. 196
Thompsonfort, UT 98169",VERIFIED,72
207,Kyle Young,1992-05-07,"553 Hughes Crest
South Haley, ID 59710",PENDING,42
208,Jacob Miller,1965-01-28,"0234 Perry Green Suite 127
Matthewstad, MD 18184",VERIFIED,15
209,Ricky Sanchez,2006-05-03,"881 Roth Glens Suite 610
South Sarahhaven, OH 13210",VERIFIED,81
210,Jordan Simmons,1957-05-12,"50774 Kaitlyn Forks
West Michael, MD 71997",VERIFIED,20
211,Javier Gibbs,1981-04-12,"97773 Michael Fork Suite 551
Lake Bill, NV 91250",VERIFIED,59
212,James Trevino,2006-01-18,"22533 Ricky Lane Apt. 892
East Joseph, WY 33177",VERIFIED,2
213,Kaitlyn Wilson,1993-06-09,"PSC 4784, Box 4796
APO AA 06788",PENDING,67
214,Amanda Jackson,1984-11-08,"564 John Skyway Apt. 078
Michaelmouth, PW 65186",PENDING,58
215,Bryan Anderson,1973-04-26,"5517 Beasley Hollow
North Nicoleton, CT 90711",VERIFIED,75
216,Crystal Smith,1980-09-28,"443 Nguyen River
Lake Ronaldmouth, CT 22820",VERIFIED,60
217,Dylan Rowe,1999-07-10,"332 Holloway Drive
Tinafurt, MT 87300",VERIFIED,95
218,Dana Oneal,1993-05-14,"USNV Pierce
FPO AP 76824",PENDING,16
219,Kristina Sanchez,2002-12-23,"204 James Plaza
North Stephanie, NH 18916",PENDING,14
220,Nicole Wilson,1967-01-07,"946 Scott Ports
Roseville, PW 22763",PENDING,76
221,Jordan Underwood,1954-05-17,"PSC 4548, Box 6998
APO AE 57104",VERIFIED,6
222,James Beard,1997-06-06,"52452 Keller Court Suite 630
Kurtville, IN 03315",PENDING,32
223,Steven Reeves,1977-12-23,"17080 Nicholas Corners
Bennettville, DC 61566",VERIFIED,13
224,Margaret Hernandez,1976-05-19,"USCGC Thompson
FPO AA 88803",PENDING,23
225,Walter Chang,1988-03-15,"USS Wagner
FPO AE 85113",PENDING,4
226,Destiny Jordan,1967-06-26,"1212 Hensley Rest Apt. 991
Jamesport, IA 05759",VERIFIED,22
227,Angel Vaughn,1977-01-16,"USCGC Logan
FPO AA 24881",VERIFIED,98
228,Robert Medina,1992-07-24,"281 Mitchell Orchard Suite 803
New Taylorville, MD 28450",VERIFIED,96
229,Michelle Ali,1954-10-18,"61289 Evelyn Harbor
Port Christinemouth, DE 98143",VERIFIED,45
230,Todd Wood,1964-04-08,"4101 Gonzales Ranch Apt. 188
New Jennifershire, AK 53475",VERIFIED,86
231,Kristen Reyes,2002-03-14,"USNV Mason
FPO AA 74632",VERIFIED,93
232,Christopher Harrison,1993-03-22,"1230 Gabriel Courts
Michellemouth, VI 20634",PENDING,81
233,Michael Vazquez,1987-09-09,"55946 Karl Manor
Johnland, AS 64601",VERIFIED,57
234,Sara Rodriguez,1960-12-12,"PSC 7649, Box 5454
APO AE 11245",VERIFIED,57
235,Michael Ross,2008-05-25,"5046 Lynch Crossroad Apt. 181
Caitlyntown, UT 81667",PENDING,22
236,Glen Robinson,1954-11-11,"1015 Cody Route
South Eric, WV 76674",PENDING,93
237,Renee Peterson,2001-10-02,"699 Williams Walks
Clarkborough, DE 21062",PENDING,43
238,Michael Sherman,1951-12-25,"9100 Woods Trail Suite 482
Lake David, NY 02987",VERIFIED,60
239,Laurie Collier,1968-05-18,"27319 Lisa Knoll Apt. 994
Gravestown, MT 58101",VERIFIED,48
240,Brian Brown,1985-12-26,"687 Vincent Extension Suite 556
South Mindy, MT 69584",VERIFIED,42
241,Rebecca Ward,1958-01-04,"641 Smith Row Apt. 391
Stephanieside, MI 74469",PENDING,64
242,John Galvan,2007-01-29,"857 Debra Greens Apt. 265
North Tony, MA 80877",PENDING,63
243,Edward Dyer,1965-01-22,"99914 Richardson Hill Apt. 026
Theresachester, GU 74955",PENDING,23
244,Christopher Davis,1966-07-19,"234 Sawyer Coves
Port Heather, CA 14421",PENDING,46
245,Alexander Perkins,1987-03-23,"78607 Danny Route
Davenportmouth, AZ 90405",VERIFIED,28
246,Jessica Morris,1966-11-15,"0081 Richardson Mills Suite 308
Pottsmouth, AS 52619",PENDING,88
247,Rachel Murray,2002-11-28,"411 Thomas Circle
Robertsview, AS 20381",VERIFIED,58
248,Kevin Murray,1998-07-11,"697 Richard Mills Apt. 903
East Elizabethstad, GU 14995",PENDING,15
249,Pamela Copeland,2004-05-30,"126 Hall Loaf
Finleyberg, SD 33847",PENDING,93
250,Stephanie Navarro,1957-06-13,"963 Janice Fords Suite 082
New Mollyview, VI 66852",PENDING,19
251,Jerome Edwards,1974-01-18,"55187 Erickson Lodge
West Mary, PR 82753",PENDING,14
252,Mary Webster,1974-06-30,"4287 Catherine Manors Apt. 053
Erinfurt, MD 71782",VERIFIED,46
253,Dawn Hicks,1950-11-02,"0723 Brian Mills
Benitezstad, OH 38091",PENDING,85
254,John Powell,1961-09-12,"Unit 1508 Box 0008
DPO AA 26459",PENDING,80
255,Jessica Finley,1996-07-29,"USNS Payne
FPO AE 59427",PENDING,27
256,Mrs. Cheryl Li,1988-05-05,"0721 Daniel Courts Apt. 667
New Marie, MH 15297",VERIFIED,66
257,Tanya Taylor,1960-09-12,"9403 Jennifer Gateway Suite 732
Sarahborough, UT 58239",PENDING,26
258,Sean Mclaughlin,1989-02-12,"1122 Schneider Pike
Saraland, GA 21662",VERIFIED,84
259,Randy Gordon,1982-02-13,"7033 Kristina Bypass Apt. 021
West Vincent, LA 19407",PENDING,77
260,Karen Baker,1979-02-09,"1827 Jennifer Spur
Lake Taraland, AS 93430",PENDING,76
261,Angela Harding,1981-11-03,"543 Evans Pass
Angelaton, WY 24738",PENDING,16
262,Adriana Harvey,1957-05-05,"7788 Barnes Views
Port Chad, AR 61119",VERIFIED,1
263,Meghan Smith,1976-11-18,"USNS Phillips
FPO AE 20111",PENDING,30
264,Alexis Reynolds,2002-11-20,"5136 Erica Turnpike Apt. 765
East Ashley, DC 35687",VERIFIED,52
265,Dawn Adkins,1986-07-12,"3928 Gutierrez View Apt. 377
Riceville, NE 83221",VERIFIED,75
266,George Smith,1991-04-08,"93629 Angela Throughway Suite 487
Ethanton, AS 54547",PENDING,81
267,Fred Lopez,1987-01-24,"3152 Avila Flat Apt. 414
New Jonathanhaven, CA 98588",VERIFIED,81
268,Daniel Moore,1982-01-08,"412 Steven Row
Carlosfurt, ND 86501",VERIFIED,25
269,Matthew James III,1969-12-23,"219 Robert Roads Suite 888
Bondport, MS 09307",VERIFIED,28
270,Crystal Pearson,1953-08-10,"USS Collins
FPO AP 38789",VERIFIED,45
271,Kayla Thornton,2004-05-15,"561 Walter Wells
Allisonland, NV 31992",PENDING,43
272,David Hernandez,1988-02-10,"PSC 3348, Box 6314
APO AE 79633",VERIFIED,99
273,Monica Jones,1988-09-30,"5010 Stacy Trace
Shawport, OH 83941",PENDING,45
274,James Malone,1955-06-11,"1361 Hill Streets
Flynnshire, ME 36695",VERIFIED,66
275,Erin Patterson,1963-12-15,"956 Baldwin Forge Apt. 213
Port Kellymouth, NE 39062",PENDING,48
276,Robin White,1970-04-02,"426 Hensley Expressway Apt. 142
South Daniel, WV 88721",PENDING,5
277,Susan Hobbs,1974-04-23,"583 Cervantes Streets
Lake Julie, NH 90784",VERIFIED,43
278,Karen Harvey,2001-02-17,"5604 Kelly Shoals
Andrewstad, NV 95025",PENDING,66
279,Lauren Murray,2001-07-11,"16606 Mackenzie Summit
Claudiaville, MO 75470",PENDING,46
280,Robin Suarez,1959-10-22,"87596 Christopher Village
West Marissaberg, CO 12727",PENDING,35
281,Kimberly Ramsey,1976-08-17,"171 Sharon Plaza Apt. 966
Elijahshire, VA 44374",VERIFIED,79
282,Amber Lucero,1957-07-12,"19409 Edwards Tunnel Suite 945
Port Christopher, PA 86269",PENDING,44
283,Carol Winters,1967-11-02,"52299 Carrillo Lock
Martinezchester, TN 66471",PENDING,90
284,Joseph Faulkner,2002-08-22,"775 Deborah Views
Jacobburgh, CO 21194",VERIFIED,34
285,Kristen Carr,2002-03-09,"100 Williams Grove Apt. 700
Lopezmouth, SC 69076",PENDING,5
286,Eric Hall,1963-10-08,"967 Mills Parkway Apt. 646
Vargasborough, MA 04754",PENDING,52
287,Danielle Robinson,1970-12-15,"23749 Moore Radial Suite 694
Ronaldbury, GU 01761",PENDING,68
288,Derek Bates,1994-06-18,"482 Coffey Dale Suite 134
Matthewburgh, KS 28763",VERIFIED,62
289,Joseph Burns,1973-01-30,"1727 Thompson Mountain
South Jacobside, GU 36629",PENDING,65
290,Scott Roth,2004-09-10,"005 Schwartz Islands
North Brooketown, MN 74805",VERIFIED,12
291,Patrick Mcclain,1952-05-08,"56527 Burns Club
New Jaredside, ME 85153",PENDING,90
292,Nathaniel Perez,1963-09-16,"820 Jose Lake Suite 252
Porterbury, FM 36983",VERIFIED,24
293,Morgan Shepherd,1987-07-09,"654 Robert Place
New Jimmy, GA 36041",PENDING,31
294,Norma Johnson,1991-11-16,"344 King Mills
Hamptonmouth, AL 92725",PENDING,68
295,Rhonda Mullins,1987-03-14,"957 Emily Forges
Richardton, VI 92402",PENDING,71
296,Jordan Moore,1996-02-14,"72831 Alexander Ranch Apt. 597
Norrisside, DC 98245",VERIFIED,95
297,Samantha Lopez,1995-08-06,"4929 Decker Inlet
Port Wendy, VA 36806",VERIFIED,76
298,Elizabeth Griffin,1999-12-07,"3986 Patricia Spur Suite 865
Danielside, MI 10822",VERIFIED,79
299,Stephanie Davis,1966-01-16,"9743 Campbell Throughway Apt. 369
South Elizabeth, ND 05663",PENDING,78
300,Luis Anthony,2001-08-16,"Unit 5672 Box 3087
DPO AA 85365",VERIFIED,16
301,Kyle Hensley,1994-06-08,"Unit 8384 Box 2755
DPO AE 96770",PENDING,41
302,Matthew Holmes,1993-05-06,"32918 Gary Rapid
New Dustinfort, AZ 86293",VERIFIED,8
303,Jackie Carroll,1987-03-13,"1362 Bryan Mill
Port Patrick, AL 64577",PENDING,44
304,Molly Casey,1978-05-10,"84459 Sara Hills Suite 128
Joshuaton, SC 84899",VERIFIED,7
305,Tammie Walker,1963-03-08,"059 Brown Cove
Caseystad, ID 24626",PENDING,87
306,Nicholas Elliott,1966-01-04,"98998 Craig Pines
Martinshire, GU 20587",VERIFIED,43
307,Stacey Mcdaniel,1987-11-02,"370 Lee Glens
New Aaronstad, MS 04942",PENDING,73
308,Shawn Wright,1969-04-24,"66688 Curtis Divide Apt. 583
Burkechester, FM 39647",PENDING,55
309,Lauren Brown,1976-02-10,"42486 Emily Vista
Scottview, WA 06320",PENDING,22
310,James Barrett,1981-04-06,"540 Haley Throughway Apt. 852
Port Cody, IL 41663",PENDING,92
311,Kimberly Perry,1999-09-30,"USNV Cummings
FPO AP 69228",PENDING,72
312,Barbara Clark,1994-11-05,"8498 Douglas Centers Apt. 310
West Gregory, CO 53335",VERIFIED,66
313,Tony Jackson,1974-11-17,"25788 Morales Plain
South Brett, SD 33105",PENDING,37
314,Victoria Vargas,1979-05-17,"40735 Robert Corners
Coffeyshire, AK 63514",PENDING,17
315,Tammy Hernandez,1971-04-08,"9524 Teresa Estate Apt. 171
Jamesview, AZ 56657",VERIFIED,31
316,Donald Reed,1984-07-02,"25776 Hensley Ridge
Lambertfurt, WA 57307",PENDING,16
317,Edward Stevenson,1973-05-15,"577 John Parks
Carterchester, RI 53312",VERIFIED,17
318,Samantha Griffin,1989-02-09,"PSC 8632, Box 6557
APO AE 50321",VERIFIED,22
319,Victoria Perez,1990-06-29,"9033 Danielle Tunnel Suite 358
West Lori, NJ 40888",PENDING,74
320,John Sanchez,1951-12-20,"51955 Amber Port
New Derek, AS 54283",VERIFIED,52
321,Christina Mills,1980-06-12,"59581 Gardner Estate
Port Amy, MS 18271",VERIFIED,13
322,Robert Wilson,1974-11-01,"0071 Paul Lane Suite 625
Phillipston, IA 85975",VERIFIED,83
323,Amy Henson,1960-12-04,"7643 Deborah Motorway
Port Lisa, SD 27906",PENDING,49
324,David Fox,1982-11-22,"976 Molly Fords
South Josemouth, IL 48734",VERIFIED,42
325,Melissa Cole,2001-08-17,"PSC 8978, Box 7929
APO AP 07558",PENDING,85
326,Shelby Petty,1996-05-28,"1498 Moore Rest Suite 864
Courtneyton, FM 28038",PENDING,44
327,Christina Ryan,1979-02-19,"49318 Gabriela Trail
New Matthewland, PA 47045",PENDING,87
328,Thomas Stewart,1963-10-10,"03493 Donovan Plain
Williamsmouth, AR 73203",VERIFIED,98
329,Cheryl Richardson,1997-08-28,"59212 Cook Green Suite 136
Robertstown, MP 50731",VERIFIED,62
330,Jessica Nelson,1996-03-15,"918 Hill Shoals
North Marytown, NV 22717",VERIFIED,89
331,Steve Le,1978-04-07,"7744 Lopez View Apt. 639
Newmanmouth, KS 22536",VERIFIED,6
332,Kenneth Smith,2002-03-12,"72003 Emily Gateway
Valentineton, TN 69979",VERIFIED,20
333,Wayne Perez MD,1980-11-13,"835 Perez Terrace
West Craig, AK 75537",PENDING,39
334,Jeremy Johnson,1990-01-18,"766 Bailey Vista Apt. 859
Lake Josephfort, AL 88535",VERIFIED,34
335,Natalie Ingram,1962-10-03,"63886 Oneal Isle Apt. 322
North Codystad, PW 85554",VERIFIED,24
336,Richard Dixon,1978-12-25,"7314 Gabriel Trail
Lake Jenniferfurt, FM 48681",PENDING,24
337,Donald Cardenas,1990-01-12,"831 James Center Suite 490
Thomasbury, IA 53540",PENDING,9
338,Tyler Dixon,1993-04-09,"72728 Martinez Isle Apt. 445
East Daisymouth, MP 18754",PENDING,12
339,David Chaney,1994-09-19,"27276 Christopher Fort Suite 522
Jonestown, DE 09165",PENDING,10
340,Daniel Guzman,1974-03-16,"PSC 4563, Box 4886
APO AA 28462",VERIFIED,8
341,Hannah Robertson,1997-07-13,"15046 Garcia Burg
Port Eric, IN 42129",PENDING,66
342,Michael Watson,1978-03-31,"17074 Johnson Burgs Apt. 816
Garyburgh, PA 61254",PENDING,68
343,Alvin Brown,1980-02-02,"337 Fleming Shoals
North Erika, CA 80046",VERIFIED,43
344,Kathleen Cox,1976-05-11,"25096 Evans Mountain
North Mary, NE 14217",PENDING,55
345,William Conner,2008-02-07,"7951 Randy Mountains
South Brian, TN 66008",PENDING,53
346,Kenneth Phillips,1986-08-14,"87418 Aguirre Loop
Paulhaven, NV 94111",PENDING,71
347,Destiny Ramirez,1990-08-14,"8002 Bell Squares Apt. 352
Tylermouth, PA 40430",VERIFIED,92
348,Tiffany Brown DVM,1961-05-05,"22720 Barnes Cove Suite 656
Joannefurt, AL 24476",VERIFIED,30
349,Emily Kline,1999-03-08,"Unit 2495 Box 2051
DPO AP 36296",VERIFIED,35
350,Renee Lindsey,1968-01-10,"8510 Waller Extension
Anthonybury, MH 30530",VERIFIED,55
351,Cristian Wood,1963-07-13,"536 Alex Mount
Patrickfurt, PR 06597",PENDING,28
352,Laura Hernandez,1984-06-30,"90435 Elizabeth Ford
Charlesville, MT 47767",PENDING,76
353,Sean Sanchez,1983-09-01,"481 Palmer Ridges Suite 218
East Whitney, VT 19893",VERIFIED,48
354,Anthony Miller,1966-03-25,"899 Jacob Corner
North Colechester, SD 06419",PENDING,58
355,Erica Dickerson,2005-01-31,"70171 Haney Cliffs Suite 524
New Johnland, NC 93558",VERIFIED,66
356,Warren Brown,1990-08-19,"403 Lisa Summit
Port Stevenfurt, NC 35033",VERIFIED,86
357,Victoria Ramirez,1950-12-08,"PSC 8394, Box 6720
APO AE 16500",VERIFIED,4
358,Juan Palmer,1988-02-23,"237 Douglas Unions
Oconnorland, IL 30124",VERIFIED,95
359,Lisa Pennington,1986-08-22,"08706 Grimes Ways
Christopherport, NM 98316",PENDING,85
360,Lauren Stevens,1993-01-20,"34541 William Brook
Port Jamesfort, IN 68019",VERIFIED,28
361,Michael Higgins,1981-06-07,"USCGC Gomez
FPO AP 10570",VERIFIED,18
362,Stephanie Mendez,1997-07-13,"877 Tran Mountains
East Michelletown, UT 40287",PENDING,71
363,Jennifer Torres,1957-03-01,"0837 Christopher Ports Suite 903
East Stephanieport, TN 51358",VERIFIED,68
364,Dr. Jessica Bennett MD,1974-04-04,"USNS Smith
FPO AA 09982",PENDING,80
365,Elizabeth Goodwin,1987-11-10,"48527 Randy Island
Douglastown, VT 61039",VERIFIED,80
366,Renee Stewart,1985-11-12,"789 Michael Village Suite 598
Shannonshire, ID 69656",PENDING,25
367,Annette Ward,1973-06-18,"0693 Ortega Gardens Suite 978
Piercefurt, CA 15881",VERIFIED,19
368,Jason Carter,1993-02-27,"371 Audrey Avenue
Smithfurt, DE 20968",PENDING,80
369,Calvin Pope,1989-04-23,"PSC 4144, Box 7799
APO AE 77875",VERIFIED,27
370,Christopher Garcia,1987-07-16,"475 Stevenson Expressway Suite 551
Kayleestad, IN 32862",PENDING,92
371,David Sanchez,1959-05-23,"0347 Dawn Walk
South Melissa, WY 35079",VERIFIED,26
372,Lori Rowe,1984-02-20,"USCGC Simpson
FPO AP 12971",PENDING,8
373,Aaron Morton,1955-03-16,"73220 Phelps Squares
South Tiffanyport, IA 05998",PENDING,26
374,Kenneth Sanchez,1984-05-12,"285 Alexis Pass Apt. 217
East Thomasfort, WY 08407",VERIFIED,41
375,Rodney Taylor,1982-10-11,"53875 Michael Coves
Ryanchester, NM 02119",PENDING,15
376,Elizabeth Lucas,1986-08-01,"18548 Haley Roads Apt. 163
Bellville, UT 25532",PENDING,83
377,Christina Reid,1980-12-23,"11292 Baldwin Wall
Port Jamiehaven, PW 93401",PENDING,96
378,Justin Thompson,1954-12-25,"879 Shelly Keys
Sethchester, AK 07258",VERIFIED,23
379,Cody Parker,1982-11-14,"55226 Klein Place Apt. 705
Jonesshire, ME 09796",PENDING,24
380,James Knight,1972-02-15,"560 Harris Village Suite 662
Jaredview, DC 91665",PENDING,96
381,Patrick Cardenas,1996-03-09,"089 Lewis Mountain Apt. 610
Genebury, NV 65091",PENDING,39
382,Jo Patterson,1979-06-24,"9406 Kristen Islands Apt. 878
Natalieberg, IN 56522",VERIFIED,91
383,Stanley Hurley,1960-11-07,"44179 Taylor Forest
Whitneyburgh, WI 68309",VERIFIED,30
384,Emily Flynn,1982-08-22,"2111 Ramos Squares
Hillshire, FM 31188",VERIFIED,45
385,John Smith,1984-09-18,"9141 Smith Locks Suite 989
Emilyburgh, FM 17009",PENDING,61
386,Daniel Robinson,1981-09-26,"19432 Brian Walks
Chavezchester, MA 88797",PENDING,40
387,Stephanie Thomas,1972-04-29,"836 Thornton Mission Apt. 483
East Chadland, MO 12805",PENDING,97
388,Amy Gallegos,1979-12-11,"9393 Dudley Brook
Crystaltown, MP 78420",PENDING,22
389,Anthony Sparks,1976-04-04,"774 Matthew Rapids Apt. 505
Michelleshire, LA 14678",PENDING,59
390,Karen Graham,1959-11-15,"46435 Johnson Trafficway Apt. 486
Robertborough, MT 70392",VERIFIED,27
391,Daniel Mathis,1996-01-21,"709 Steven Plaza Apt. 611
Lake Yesenia, KY 78743",VERIFIED,53
392,Tina Richard,1987-12-21,"897 Hobbs Shore
West Patricia, KS 79502",VERIFIED,15
393,Lauren Hill,1973-02-19,"06862 Jose Orchard Suite 999
Port Mariah, MN 93725",VERIFIED,5
394,April Thomas,1981-02-06,"3666 Rojas Prairie
Hallville, VA 89639",VERIFIED,24
395,Shannon Hart,1976-09-07,"2831 Myers Crest Suite 216
Port Beverlyburgh, OH 56888",PENDING,12
396,Alexandra Rivera,1954-07-07,"73759 Jones Track
South Maria, NJ 44086",VERIFIED,85
397,Joshua Perry,1951-01-09,"Unit 4162 Box 5581
DPO AA 31289",PENDING,92
398,Hannah Howell MD,2003-05-13,"997 Russell Isle
South Maria, TX 09377",PENDING,28
399,Shane Ford,1972-10-09,"Unit 6241 Box 4946
DPO AA 64147",VERIFIED,46
400,Stacey Combs,1975-11-22,"654 Gross Bridge
East Jeremiah, IA 48654",PENDING,100
401,Cory Thompson,1964-09-27,"1643 Rebecca Island
Port Linda, UT 23847",PENDING,94
402,Thomas Lopez,2006-09-27,"4075 Jones Prairie Apt. 836
New Eugeneside, PW 41734",PENDING,25
403,Tammy Willis,2008-01-19,"057 Sarah Plain Suite 865
Josephchester, MP 24792",VERIFIED,89
404,Tamara Myers,1965-03-19,"0858 Hale Mills Apt. 178
Erinmouth, TN 28763",PENDING,51
405,Michael Ellis,1972-09-29,"71806 Barrett Springs Suite 739
Port Thomasburgh, NJ 22583",PENDING,73
406,Katie Cox,1952-05-23,"28228 Banks Flat Suite 711
East Caroline, SC 73026",VERIFIED,22
407,Edward Miller,1955-08-13,"99719 Pierce Light Apt. 920
North Waynemouth, MP 20445",PENDING,47
408,Walter Gould,2007-02-01,"894 Turner Crescent
New Stephanieberg, AZ 57460",PENDING,98
409,Matthew Crane,2004-09-01,"767 Yolanda Centers Suite 691
Allenborough, FL 28893",PENDING,79
410,Joel Graham,1967-12-17,"995 Villa Flat
North Michelle, RI 72383",VERIFIED,99
411,Jeff Barber,1966-09-08,"7223 Shelly Ford
Dianebury, MA 90348",VERIFIED,79
412,Robert Porter,1954-08-12,"3551 Macdonald Neck
Taylorshire, VT 63764",VERIFIED,90
413,Wendy Moore,1997-08-18,"534 Randy Summit Suite 205
Cooperhaven, MO 93992",VERIFIED,4
414,Michael Bailey,1977-03-31,"9088 David Walks
Loganbury, WI 70377",VERIFIED,23
415,Renee Hall,1952-07-30,"6953 Delgado Ford
Salinasberg, CT 38527",PENDING,16
416,Katherine Smith MD,1959-01-22,"87346 Jones Key
South Amy, KY 50742",PENDING,34
417,Amanda Cole,1966-04-23,"Unit 3877 Box 0933
DPO AE 59988",PENDING,45
418,Jennifer Hall,1970-06-23,"87288 Wilson Spurs
Lake Makaylaton, WV 85233",PENDING,29
419,Sarah Haley,1999-10-10,"USS Mueller
FPO AP 68529",PENDING,5
420,Ricardo Liu,1979-09-08,"88638 Cortez Port Suite 613
New Genemouth, WA 35351",PENDING,79
421,Darrell Watts,1966-07-11,"1952 Kim Vista
North Lori, ME 60574",PENDING,87
422,James Mitchell,1995-08-05,"USNV Rowe
FPO AP 24478",VERIFIED,18
423,Ashley Powell,1964-12-16,"340 Kim Mills Apt. 646
Lake Josephton, MN 88777",VERIFIED,85
424,Lauren Graham,1966-11-26,"5134 Tamara Vista Suite 968
Nicoleport, VI 61871",VERIFIED,2
425,James Patterson,1959-06-17,"34479 Dennis Knoll Apt. 086
New Alexander, TX 07618",PENDING,91
426,Jennifer Jackson,1955-05-28,"72502 Michael Dale Suite 081
Melissaside, MP 82342",VERIFIED,45
427,Sierra Ryan,1991-04-04,"95407 Jorge Dale
New Joannborough, DE 05436",PENDING,34
428,David Romero,1992-09-06,"53714 Hughes Hollow Suite 715
Stacychester, VI 63385",PENDING,28
429,Gary Morris,1978-11-29,"45680 Johnson Inlet
Smithshire, PR 76071",PENDING,95
430,Vanessa Sullivan,1990-05-20,"157 Candace Vista
Lake Timothy, FL 71586",PENDING,22
431,Timothy Day,2004-12-05,"1495 Anna Falls
West Brian, WI 27841",PENDING,25
432,Jessica Russell,1954-02-04,"Unit 9589 Box 7126
DPO AA 57968",VERIFIED,16
433,Lisa Hall,1980-06-18,"7166 Green Harbors Suite 258
South Tony, NM 08010",PENDING,69
434,Ann Patterson,1964-09-08,"8890 Russell Course
East Austinstad, VI 34847",VERIFIED,50
435,John Molina MD,1951-04-09,"895 Pamela Hill Apt. 347
Bruceville, OR 14991",VERIFIED,6
436,Ann Duncan,1955-07-29,"9543 Jacob Summit
Wadeton, NY 42351",PENDING,47
437,Benjamin Lawrence,1986-05-19,"70723 Alexis Causeway
Port Tylerfort, AS 87848",PENDING,14
438,Lisa Cooper,2001-07-19,"65806 Julie Prairie Apt. 832
North David, AL 25769",VERIFIED,3
439,William Brown,1957-03-09,"78817 Villa Orchard
North Zachary, IN 67931",VERIFIED,45
440,Seth Gonzalez,1995-07-08,"30300 Ward Field
Rodriguezton, CO 97142",VERIFIED,65
441,Hector Jenkins,1954-11-20,"8802 Juan Ville
Curtisland, NY 82642",VERIFIED,97
442,Nancy Potter,1997-01-05,"207 Snow Springs
West Jenniferville, MS 35987",PENDING,51
443,Rachel Jenkins,1956-06-27,"1787 Christopher Mount Apt. 945
Carriestad, NC 27079",PENDING,91
444,Devon Bolton,1950-07-09,"USNV Fletcher
FPO AP 21954",VERIFIED,58
445,Andrea Figueroa,1957-05-22,"748 Miller Lakes Suite 865
Port Brandi, WA 67456",VERIFIED,45
446,Julie Vasquez,1953-05-02,"4388 Davis Pike
South Joshua, TX 69572",VERIFIED,87
447,Jeffery Robinson,1998-10-17,"9016 Allen Port
West Lisafurt, NC 44641",PENDING,93
448,Corey Simmons,1987-01-07,"PSC 1151, Box 3285
APO AP 04741",PENDING,40
449,Kelly Williams,1996-04-15,"139 Mary Point
Ortizberg, MA 66913",PENDING,92
450,Nancy Peterson,1964-11-29,"805 Smith Station Suite 811
Port Elizabethborough, ME 31000",PENDING,100
451,Gina Jones,1965-03-07,"8280 Vasquez Curve Apt. 874
Lake Matthew, WI 18422",VERIFIED,19
452,Kevin Williams,1960-02-24,"036 Long Plain Suite 568
Sydneyfurt, NE 29427",VERIFIED,34
453,Erika Shaw,2007-10-22,"336 Singleton Island
Matthewland, VA 28601",VERIFIED,12
454,Robert Meyers,1991-04-19,"3554 Keith Coves
Port Amberhaven, ND 99674",VERIFIED,13
455,Gerald Tucker,1974-12-26,"30273 Mahoney Turnpike Apt. 980
Randolphmouth, ID 00963",VERIFIED,84
456,Madison Taylor,2003-06-16,"714 Trujillo Light Suite 308
Melissamouth, NC 37237",VERIFIED,52
457,Jon Stanley,1997-11-17,"12182 Hammond Tunnel
Port Stacyhaven, OH 75583",PENDING,10
458,Phillip Scott,1965-08-30,"96363 Martin Landing
Lake Tina, MP 30908",PENDING,41
459,Kristin Werner,2006-11-27,"30041 Smith Street
Herreraview, FM 97739",PENDING,5
460,Brianna Alexander,1981-11-25,"681 Thomas Street
New Deanville, OH 85442",PENDING,76
461,Robert Drake,1975-07-24,"3062 Eric Place
Harperport, GA 78338",VERIFIED,20
462,Darin Ortiz,1990-04-08,"44642 Benjamin Terrace Apt. 185
Denisechester, NM 38214",VERIFIED,62
463,Cynthia Snyder,1996-10-04,"699 Joseph Haven Apt. 612
North Karenfurt, UT 09662",PENDING,39
464,James West,1993-03-15,"826 Steven Villages
Georgefort, IA 46548",PENDING,56
465,Jillian Hancock,2002-10-04,"01770 Christopher View Suite 995
Sierramouth, KS 93309",VERIFIED,17
466,Christine Sanchez,2005-02-23,"93380 Bridges Wells Suite 919
Devinland, MT 82244",PENDING,63
467,Ryan Burnett,2002-01-09,"74717 Robin Mount
Taylorburgh, WV 59796",PENDING,38
468,Roy Lucero,1984-01-29,"061 Juan Circle Suite 140
Edwardsside, VA 11779",VERIFIED,62
469,Kristin Phillips,2001-03-09,"44869 Hardy Plaza Suite 048
Lake Sarahhaven, GU 64380",VERIFIED,13
470,Anthony Colon,1966-04-20,"727 David Cliff
Reevesville, SC 04874",VERIFIED,26
471,Susan Anderson,1994-09-22,"651 Glenn Mountain Suite 223
North Clarence, MN 32883",PENDING,85
472,Amy Watts,1977-09-07,"09312 Christopher Lake Suite 142
Matthewberg, PW 58471",PENDING,7
473,Claire Avery,1962-08-09,"644 Tyler Row
South Jeffrey, CT 20969",PENDING,67
474,Bobby Mayo,1992-12-16,"194 Rebecca Summit
Larsenside, NH 86601",PENDING,12
475,Trevor Chapman,1969-05-24,"9749 Carroll Forges
Millerport, HI 88032",VERIFIED,69
476,John Coleman,1961-07-30,"144 Stephen Course
New Michelle, WV 88597",VERIFIED,8
477,Karen Long,2002-01-03,"530 Brown Estate Apt. 054
Kyleland, MH 70911",PENDING,53
478,Joshua Price,1985-05-28,"01890 Jones Green
Adamview, VA 65950",PENDING,48
479,Katie Andrews,1963-11-21,"9916 Kristen Points
East Christopher, MH 71207",PENDING,48
480,Emily Martinez,1983-02-28,"99529 Schroeder Dam Apt. 608
Robersonbury, CA 75555",VERIFIED,99
481,Charles Williams,1985-09-22,"040 Thomas Green
Michaelshire, SD 15715",VERIFIED,64
482,Joseph Robinson,1982-04-27,"3137 Jacob Crest
Kristentown, AS 74476",VERIFIED,82
483,Sean Olson,1974-03-09,"3360 Randy Meadows Apt. 180
North Alyssaborough, MD 10140",VERIFIED,49
484,Joseph Brady MD,1960-03-27,"Unit 9519 Box 9085
DPO AP 67272",VERIFIED,32
485,Rachael Quinn,2005-01-09,"USNV Gonzalez
FPO AE 60340",VERIFIED,77
486,Barbara Johnson,1960-07-21,"5164 Edward Highway Suite 877
Noblechester, MO 61433",VERIFIED,6
487,Devin Benson MD,1966-08-04,"436 Molina Center Suite 194
Tuckershire, VT 78532",VERIFIED,30
488,Dustin Ford,1994-03-05,"0098 Shields Club Apt. 458
Owenmouth, MI 42279",PENDING,77
489,Jennifer Villanueva,2004-08-02,"PSC 3810, Box 3370
APO AA 30299",VERIFIED,41
490,Gary Thomas,1981-11-20,"776 Robert Mission Suite 967
New Ashleystad, KY 39026",PENDING,31
491,Ryan Munoz,1983-05-29,"1170 Moore Valleys Apt. 024
Ericachester, FL 65442",VERIFIED,39
492,Joanna Gonzales,1958-04-16,"762 Hahn Springs
Oconnorfort, CT 88726",VERIFIED,75
493,Gail Cook,1986-08-06,"482 Clark Ridge
Hawkinsport, CO 63527",VERIFIED,50
494,Nicholas Mcdonald,1998-04-12,"1812 Troy Extension Suite 319
Lake Christopher, PA 05684",PENDING,39
495,David Graves,1971-03-11,"21493 Ramirez Corner Suite 645
Thomastown, WI 61568",VERIFIED,5
496,Stephanie Smith,1992-07-07,"2379 Coleman Cliff Apt. 848
New Charlesfurt, FM 85272",PENDING,62
497,Judy Hensley,1978-01-31,"7794 Peter Park
South Michellemouth, WV 96511",VERIFIED,27
498,James Hamilton,1975-12-01,"6257 Townsend Park
North Kaitlynshire, AS 58352",VERIFIED,31
499,Brenda Rivera,1984-09-03,"85124 Carol Haven Apt. 630
Leonardmouth, PR 36724",PENDING,2
500,Jessica Wright,1971-08-28,"Unit 4714 Box 3462
DPO AE 22980",PENDING,20
501,Roy Bowers,2006-10-05,"248 Susan Dale Suite 386
North Nicholas, NM 17751",PENDING,38
502,Robert Hines,1967-01-17,"08735 Palmer Crossing Apt. 717
North Mary, UT 68888",VERIFIED,59
503,Chad Santos,1998-04-24,"47658 Michael Circles
Clarkberg, IL 73695",VERIFIED,12
504,Philip Herman,1951-09-11,"442 Teresa Fort
New Thomas, ND 79991",PENDING,99
505,Angela Jackson,1977-09-08,"5281 Warner Wall
Williamview, VT 48585",VERIFIED,14
506,Douglas Mills,1994-08-30,"90672 Chase Mission Suite 750
Butlershire, CT 86925",VERIFIED,78
507,Julie Simmons,1980-08-04,"9084 Jonathan Ranch
North Jonathanport, WV 39049",VERIFIED,30
508,Sherry Hubbard,1997-05-23,"970 Kim Underpass
New Dianastad, MA 59977",PENDING,70
509,Michael Alvarez,1991-05-19,"PSC 1002, Box 3197
APO AE 37260",PENDING,8
510,Morgan Owens,1993-08-02,"61264 Nguyen Islands Suite 660
South Alexanderside, HI 70914",VERIFIED,52
511,Alex Murray,2001-02-14,"782 Frazier Square
West Edward, VA 63222",VERIFIED,2
512,Edward Durham,1994-06-06,"32902 Barbara Stream
South Sierra, VT 67935",VERIFIED,1
513,Richard Oliver,1979-02-17,"59495 Brandi Ridge
North Meganfurt, MD 23818",VERIFIED,31
514,Kimberly White,1988-08-10,"597 Wilson Crossing
Jordanhaven, AK 36064",PENDING,5
515,Leslie Sparks,1963-08-25,"392 Hicks Mountains Suite 067
Vasquezview, SD 40418",VERIFIED,87
516,Patricia Logan,1968-11-26,"87621 Curtis Land Apt. 718
Rodriguezburgh, NM 00672",PENDING,63
517,Brittany Gregory PhD,2007-02-04,"3452 David Club Apt. 446
West Samuel, MH 99684",VERIFIED,45
518,Lisa Copeland,1968-12-28,"7703 Cheryl Light
Brittneytown, ND 60010",PENDING,55
519,Heather Warner,1989-11-16,"5432 Castro Crescent
Nelsonville, NE 18178",VERIFIED,68
520,Gary Ali,1960-07-29,"1400 Cory Fall
New Blakefort, WI 96217",VERIFIED,38
521,Anthony Robinson,1965-02-03,"0504 Miller Estates
South Bridgetstad, MA 54175",VERIFIED,25
522,Gary Little,1990-08-28,"436 Kristopher Corner
East Cathyberg, AR 39821",PENDING,97
523,Laura Young,1969-05-04,"590 Thompson Falls
Edwardsfort, NH 96792",VERIFIED,20
524,Candice Carter,1973-05-01,"PSC 3059, Box 8771
APO AA 54306",PENDING,29
525,David Jones,1972-03-11,"46555 Kim Circle Suite 134
South Donaldside, DE 68738",VERIFIED,33
526,James Tucker,1961-07-16,"738 Clark Turnpike Suite 735
Arnoldtown, MI 44614",PENDING,5
527,Allison Mckinney,1970-06-01,"41935 Shaw Route Suite 880
North Michellemouth, MS 40796",PENDING,91
528,Crystal Ayers,1976-11-04,"270 Adrian Isle Suite 648
Michaelchester, PR 51897",VERIFIED,10
529,Gregory Rangel,1993-02-23,"50863 Gabriel Turnpike Suite 190
South Travismouth, DE 01238",VERIFIED,85
530,William Roberts,1985-06-22,"796 Cynthia Stravenue
New Patriciaville, OR 72645",VERIFIED,41
531,Amber Arnold,1978-10-26,"549 Morgan Lake
West Kathy, MI 63616",VERIFIED,48
532,Stacey Flynn,1971-09-14,"815 Evelyn Village
East Dustin, AK 16780",PENDING,10
533,Angela Anderson,1978-10-23,"411 Elliott Rue Apt. 641
New Katherineville, AZ 57155",PENDING,77
534,Wendy Gordon,2000-02-29,"385 Tracy Ranch Suite 132
Port Andrew, AL 24010",VERIFIED,85
535,Jennifer Hardin,1991-02-16,"6313 Walter Gardens
Lake Ryanfurt, MT 52675",PENDING,51
536,Candice Weber,1955-10-23,"4144 Lindsey Springs Suite 707
North Jane, DE 50444",VERIFIED,88
537,Nicole Crawford,1992-08-05,"92838 Bailey Circle
Port Nathan, IA 13635",VERIFIED,60
538,Vickie Murillo,1953-02-08,"18135 Jessica Ridge Suite 200
Lake Kenneth, VA 43775",PENDING,59
539,Emily Payne,1985-03-02,"9602 Audrey Canyon
South Elaine, CO 17952",PENDING,73
540,Chad Conner,1994-06-16,"015 Browning Junction Apt. 124
Samanthaberg, MS 97894",PENDING,46
541,Rebecca Kelley,1972-05-03,"997 Ashley Wells
Lake Craig, CT 68893",VERIFIED,3
542,Gregory Cabrera,1974-08-03,"780 Shannon Village Suite 118
Williamsshire, AR 20402",PENDING,2
543,Mr. Kenneth Smith,1982-11-20,"7008 Vanessa Vista
New Thomas, WY 17454",VERIFIED,63
544,Melissa Rivera,2004-04-21,"00480 Ward Meadows Apt. 752
Lake Tara, RI 55133",PENDING,56
545,Kelly Crawford,1999-11-04,"14286 Michael Coves Apt. 503
Sanfordport, UT 14588",VERIFIED,97
546,Lisa Cook,1961-10-31,"4397 Peterson Loaf Apt. 189
Onealtown, LA 02121",VERIFIED,40
547,Anna Garza,1971-07-16,"48330 Amanda Light Suite 093
Lisaport, PA 38996",PENDING,54
548,Austin Baldwin,1981-05-09,"66113 Justin Ranch
East Daryl, PA 41903",VERIFIED,13
549,Jennifer Lin,1953-11-04,"522 Rasmussen Mission
New Markburgh, PA 00717",PENDING,7
550,Jamie Adams,1979-07-01,"060 Harris Mills
Port Craig, PR 89051",PENDING,27
551,John Powers,2006-06-13,"583 Peterson Camp Apt. 683
Lake James, ND 73214",PENDING,81
552,Stacey Rodgers,2006-10-03,"77284 Richard Isle
Pettyhaven, FL 34558",PENDING,15
553,Frank Morris,1969-01-30,"3856 Tanya Loop Apt. 272
Lake Michael, MT 67001",PENDING,19
554,Christina Mcgee,1999-08-24,"5312 Jacobson Trace Suite 938
North Danielle, MI 16407",PENDING,14
555,Patrick Curtis,1988-03-31,"2803 Anderson Grove Apt. 325
East Ryanfurt, MN 46224",PENDING,98
556,Gina Burke,1953-07-20,"97824 Megan Vista
West Stephanie, WA 60320",VERIFIED,87
557,Matthew Brown,1952-12-07,"245 Rojas Bypass
Harrisonshire, PA 36572",PENDING,21
558,Kaitlin Martin,1974-12-23,"2694 Benton Creek
Lake Annette, CT 57475",VERIFIED,13
559,Jennifer King,1970-11-18,"21392 Jeremy Canyon Suite 152
Amyville, NM 35427",PENDING,74
560,John French,1985-04-03,"49031 Johnson Tunnel
Joshuamouth, ID 67536",PENDING,22
561,Jeffrey Greene,1979-10-16,"Unit 2742 Box 5321
DPO AP 99331",PENDING,45
562,Douglas Williamson,1960-07-26,"77423 Mary Wall Apt. 489
Markbury, OR 99459",VERIFIED,86
563,David Roth,1997-12-27,"75914 Shirley Mill Apt. 803
Lake Elizabeth, NC 74678",PENDING,11
564,Clinton Barber,1970-01-15,"4654 Underwood Lodge
Loriberg, ND 53136",VERIFIED,88
565,Dean Jennings,1975-09-30,"22447 White Keys
Smithstad, VI 22567",VERIFIED,41
566,Steve Morton,1997-02-11,"USNS Adams
FPO AE 12889",PENDING,94
567,Kelly Shields,1963-02-22,"USCGC Hall
FPO AP 86715",PENDING,21
568,Deanna Ramirez,1971-11-20,"5663 Chan Ranch Apt. 475
East Brookechester, PR 43857",VERIFIED,63
569,Andrea Miller,1998-05-15,"09673 Bowman Garden Suite 169
Connorchester, IL 98485",PENDING,15
570,Timothy Boyd,1966-01-20,"66779 Holly Keys Apt. 834
Richardton, RI 02120",VERIFIED,33
571,Richard Yoder,1987-12-30,"7626 Dixon Expressway Apt. 669
Emilyton, AS 75431",VERIFIED,1
572,Dawn Campos,2000-10-07,"89413 Johnson Springs Suite 492
Ianmouth, MP 14172",PENDING,38
573,Karen Johnson,1974-04-05,"093 Nelson Fort
Mendozafurt, ND 41479",VERIFIED,32
574,Ian Williams,1954-01-04,"Unit 9699 Box 0506
DPO AE 13301",VERIFIED,97
575,Todd Dunn,2002-08-20,"1448 James Hollow
West Jennifer, WI 17568",VERIFIED,54
576,Phillip Jones,1992-11-27,"6566 Shaw Well
Kellystad, CO 72988",VERIFIED,13
577,Jordan Rivas,1955-03-15,"16041 Morris Manor Apt. 835
Kaylaview, KY 28645",VERIFIED,13
578,Jennifer Shaffer,1955-03-29,"734 Lisa Vista Suite 180
Lake Alexander, DC 68571",VERIFIED,84
579,Patrick Nguyen,1995-10-13,"2543 Glover Causeway Apt. 760
South Stephanie, KY 03892",PENDING,30
580,Christian Roberts,2003-07-17,"9012 Chapman Run
South Michelle, FL 07833",VERIFIED,12
581,John Williams,2000-06-02,"056 Johnson Mission Suite 508
Katiehaven, UT 52513",VERIFIED,17
582,Michelle Adams,1999-03-21,"220 Renee Mountain
Benjaminchester, MA 88788",VERIFIED,76
583,Christopher Kim,2002-10-08,"626 Daniel Passage
North Christopherchester, SC 92812",VERIFIED,52
584,Patricia Richardson,1955-10-07,"9132 Mark Underpass Apt. 489
Martinshire, MP 55955",PENDING,35
585,Tony Nguyen Jr.,1972-07-10,"6830 Alan Ways
West Dominique, ND 15414",VERIFIED,93
586,Mitchell Rogers,1985-04-12,"PSC 9518, Box 4950
APO AE 47849",VERIFIED,51
587,Ryan Garcia,1984-01-26,"22807 Jeffrey Crest
New Tiffany, IA 07635",VERIFIED,25
588,Steven Baxter,1957-01-10,"3909 Chelsea Greens
Lake Willie, PR 74172",VERIFIED,19
589,Timothy Goodman,1952-08-10,"907 James Junctions Suite 263
Gallaghertown, AL 32949",VERIFIED,83
590,James Freeman,1997-05-22,"58945 Martin Glens Apt. 790
West Jeffreyborough, MS 13410",VERIFIED,67
591,Julie Alvarez,1966-04-14,"734 Campbell Underpass Apt. 938
Marcusbury, TX 55254",PENDING,92
592,Mary Green,1979-09-07,"615 Phillips Ridge Apt. 887
East Danielbury, AZ 50975",VERIFIED,56
593,William Fox,1950-09-16,"20428 Nicholas Place
Fitzgeraldtown, NJ 06094",VERIFIED,55
594,Dr. James Webster,1990-09-20,"10966 Sandoval Plains Apt. 427
East Shaneview, CT 30005",PENDING,15
595,Nicholas Lewis,1985-01-14,"817 Jessica Alley Suite 976
East Monica, TX 64834",PENDING,97
596,Lisa Peterson,2002-05-19,"5283 Gonzalez Estates Apt. 080
Jessetown, MT 26527",PENDING,61
597,Kimberly Cooper,1986-08-09,"4371 Barker Well Apt. 577
Saramouth, FL 39288",PENDING,21
598,Maureen Coleman,1955-01-10,"91170 Howard Spring
Fullerbury, TX 96602",VERIFIED,45
599,Maurice Singh,1954-03-16,"797 Howard Springs
Richardsburgh, FL 25542",VERIFIED,64
600,Heather Taylor,1979-10-04,"9623 Marissa Ways
Frostbury, TN 66628",VERIFIED,4
601,Carla Hebert,1987-01-18,"6899 Robert Square
Allenburgh, NJ 50114",VERIFIED,31
602,Robert Dennis,2005-07-19,"3310 Chan Road
Westshire, GU 53490",PENDING,76
603,Susan Villarreal,1982-07-14,"1324 Veronica Canyon Apt. 967
West Marcuston, MO 31554",VERIFIED,46
604,Brianna Williams,1994-08-31,"4626 Brown Green Apt. 134
Leonside, NY 89896",VERIFIED,29
605,Anthony Burns,1957-08-24,"3506 Evans Crossroad
South Michaeltown, NV 19844",VERIFIED,39
606,Michael Hodges,1984-05-20,"02302 Gomez Plains
Onealland, WY 62121",PENDING,77
607,Judith Ramsey,1965-05-20,"94484 Thomas Mount
Hamiltonside, PA 50495",VERIFIED,82
608,Jonathan Hudson,1989-03-10,"17558 Keith Road Suite 621
Samanthaport, NV 82248",PENDING,8
609,Philip Martinez,1977-04-14,"488 Abbott Station
Tammyborough, MI 15911",VERIFIED,87
610,Dustin Hurley,1978-12-26,"8448 Alexander Lodge
Christophermouth, PW 57419",PENDING,67
611,Timothy Hendricks MD,1997-05-01,"1616 Bradley Village Suite 078
Foleyside, FL 81444",PENDING,17
612,Christina Wade,1952-05-15,"26666 Baker Terrace
South Michellefort, WA 06960",VERIFIED,1
613,William White,2004-04-24,"3627 William Views Apt. 540
South Kimberlychester, OR 47691",PENDING,67
614,Todd Wright,1994-03-29,"PSC 7018, Box 6605
APO AE 65545",VERIFIED,2
615,Jacob Henderson,1999-01-04,"87557 Angela Plains Suite 744
Velazquezmouth, NV 16984",VERIFIED,2
616,Sandra White,1978-10-09,"680 Ian Island
West Neilburgh, FL 79134",PENDING,72
617,Robert Garcia,1965-09-28,"95386 Ortiz Summit
Dawnchester, VA 10155",PENDING,56
618,Samantha Keller,1996-04-15,"460 Jacob Square
East Madison, SD 34165",PENDING,72
619,Troy Robinson,1988-10-12,"57648 Kelly Lake
Thompsonburgh, MH 45294",VERIFIED,19
620,Christina Brown,1990-04-07,"5296 White Haven
East Tanner, MD 24657",PENDING,85
621,Shane Blevins,1967-06-26,"099 Amber Knoll Apt. 704
Kristenburgh, KS 03524",VERIFIED,1
622,Ashley Rodriguez,1982-12-05,"22988 Miller Via Apt. 933
Port Russell, IA 12379",PENDING,88
623,Harry Lewis,1957-03-02,"099 Tracy Lights
East Robertshire, WV 79526",PENDING,29
624,Jessica Gregory,1956-10-12,"811 Doyle Branch Apt. 740
Port Tyler, KS 71508",PENDING,32
625,Aaron Jones,2001-12-01,"16824 Harrison Knolls Suite 384
North Anita, KS 00979",VERIFIED,27
626,Rhonda Cohen MD,1999-11-24,"05690 Lambert Grove Suite 728
New Williamfort, SD 02555",VERIFIED,78
627,Dalton Bennett,1976-01-11,"47430 Park Shoals Apt. 076
Blackchester, VI 63969",PENDING,55
628,Stefanie Bautista,1991-05-14,"002 White Rapid
Tiffanytown, ND 89896",VERIFIED,34
629,Tiffany Greene MD,1991-01-29,"92236 Suzanne Lodge
Robertborough, TX 52621",PENDING,2
630,Michael Hanna,1969-03-19,"7822 Charles Fork Suite 599
Ferrellborough, AS 26166",PENDING,94
631,Tamara Graham,1953-09-30,"34857 Smith Track
North Krystal, UT 59519",PENDING,4
632,John Buchanan,1974-08-29,"950 Lisa Court Suite 340
Gonzalesview, VA 42064",PENDING,60
633,Kristen Trujillo,1994-01-11,"363 Deanna Unions Apt. 788
Mcfarlandville, NJ 83478",VERIFIED,36
634,Patricia Gibson,1974-11-29,"012 Elijah Islands Suite 193
Christinaside, OK 40898",VERIFIED,95
635,Robert Moreno,2001-11-17,"50343 Williams Freeway
Adamtown, OK 36799",VERIFIED,83
636,Michael Ramirez,1987-01-05,"330 David Branch
South Angelaside, MH 45766",VERIFIED,56
637,Tracey Carson,1994-06-23,"7009 Jackson Station Suite 808
Brandonchester, AS 17292",PENDING,8
638,James Martinez,1977-04-29,"18502 Stephanie Meadow Apt. 481
Domingueztown, AL 82267",VERIFIED,25
639,Christian Robles,1984-08-23,"58788 Patel Walk
Derekburgh, SC 76260",PENDING,81
640,Mike Davis,1962-08-25,"29389 Kent Well
Howardberg, ME 27901",PENDING,67
641,Margaret Branch,1966-02-27,"3653 Anderson Rapid
South Sara, PR 52706",PENDING,43
642,Richard Wade,1970-12-10,"5030 Andrade Manor
Samanthaport, IA 85599",VERIFIED,8
643,Hannah Patterson,2005-12-18,"92540 Fox Junctions
North Michaelside, MA 39911",VERIFIED,80
644,Michael Adams,1980-07-09,"9220 Reed Grove Apt. 930
Patriciaville, VI 19388",VERIFIED,75
645,Michael Roberts,1962-12-28,"30099 Brian Causeway
Williamsside, MO 91127",VERIFIED,93
646,Katrina Crawford MD,2004-01-19,"0293 Burnett Trail Suite 053
Port Dakota, KS 45823",VERIFIED,12
647,Jay Strickland,1970-03-29,"107 Beverly Falls Apt. 125
Bowmanburgh, MS 88147",PENDING,42
648,Brian Meadows,1984-07-17,"390 Melissa Green
Lake Tiffany, WI 70677",PENDING,47
649,Amber Anderson,1955-07-14,"01026 Johnson Lakes Suite 039
New Katelyn, HI 86830",PENDING,33
650,Mary Mccarthy,1998-03-15,"05512 Spencer Loop Suite 049
North Travishaven, WY 07061",PENDING,76
651,Donna Cummings,1987-08-05,"6031 Jenna Islands
West Kimberlytown, AS 59545",PENDING,70
652,Hailey Lawrence,1971-05-24,"5919 Franco Plaza Apt. 989
West Lori, MI 86983",VERIFIED,3
653,Earl Hammond,1986-03-17,"505 Joshua Street Apt. 789
Collinsstad, LA 50562",VERIFIED,16
654,Laura Hoffman,1967-11-06,"511 Michael Ridges
Brownchester, WV 76235",VERIFIED,23
655,Sharon Roberts,1990-07-13,"662 Robert Curve Suite 419
South Andreaberg, WY 20326",PENDING,44
656,Karen Cherry,1977-01-08,"78661 Price Inlet
New Charleston, AS 37850",PENDING,21
657,Melissa Yu,1966-08-07,"782 Shea Skyway
South Michaelside, AR 82903",VERIFIED,41
658,Anthony Dyer,1962-01-04,"3170 Mary Place Apt. 806
Jonesburgh, IA 35593",VERIFIED,87
659,Lindsay Daniels,2003-11-21,"928 Anderson Drive
East Evantown, CT 25915",PENDING,23
660,Steven Dorsey,1963-08-14,"PSC 9315, Box 7390
APO AE 25153",VERIFIED,29
661,David Jones,1981-07-09,"18187 Adrienne Prairie
East James, HI 33510",VERIFIED,53
662,Stephanie Cummings,1952-06-11,"067 Jodi Freeway Suite 902
Andrewton, IA 74843",VERIFIED,34
663,Gene Tucker,1961-12-24,"5277 Elizabeth Roads
South Taylor, AK 83058",VERIFIED,68
664,Joseph Robinson,1954-01-22,"9461 Teresa Groves
South Devon, GA 24304",PENDING,65
665,Dean Johnson,1958-09-08,"94176 Cannon Flats Suite 543
Briggsborough, SC 02988",VERIFIED,43
666,Nicole Cooper,1961-09-22,"86093 Jamie Ranch
Allenborough, MP 68754",PENDING,11
667,Anthony Snow,1979-07-16,"PSC 2739, Box 5201
APO AP 99676",PENDING,98
668,Timothy Tanner,1986-10-19,"6120 Paul Green Suite 568
Wilsontown, VI 86247",PENDING,76
669,Steven Campos,1967-07-01,"765 Gonzalez Station
Port Heather, NY 21154",PENDING,96
670,Taylor Farrell,1953-06-21,"39626 Wade Ridges Suite 457
Gonzalezberg, NE 26686",PENDING,92
671,Jennifer Martinez,1970-07-12,"52655 Thompson Track
East John, LA 05016",VERIFIED,88
672,Pamela Calhoun,1985-01-08,"2361 Fritz Run
Mathewsport, ID 32031",PENDING,71
673,Christopher Wilson,1974-07-13,"925 Hull Course Apt. 494
Zacharyburgh, MH 73409",VERIFIED,35
674,John Carson Jr.,1981-05-04,"332 Scott Trail Apt. 938
Elizabethton, OH 65010",PENDING,85
675,Deborah Jackson,1966-10-31,"5816 Grant Fields Apt. 423
East Codyborough, NC 20902",VERIFIED,40
676,John Davis,1997-01-28,"2839 Hernandez Glen Apt. 719
Kirstenstad, DC 63421",VERIFIED,48
677,Jill Gonzales,1969-02-28,"Unit 8358 Box 2873
DPO AA 36611",PENDING,96
678,Ronald Smith,1974-04-08,"66405 Michael Square
Kyliehaven, NC 80024",PENDING,63
679,Janice Weiss,1967-07-06,"373 Rachel Light Suite 319
West Laurabury, IA 14324",VERIFIED,78
680,Peter Barrett,1969-02-09,"4959 Tran Stravenue
Lake Elizabeth, FL 09877",VERIFIED,33
681,Robert Wright,1964-12-16,"963 Gregory Drives
Lake Bretttown, MT 69738",PENDING,40
682,Michelle Salinas,1986-09-27,"5693 Jack Views
Port Brittneyfort, KS 92883",PENDING,62
683,Anthony Edwards,1985-03-28,"USNS Dean
FPO AA 72201",VERIFIED,5
684,Dr. Steven Turner,1972-06-23,"610 Danielle Plaza
East Kevin, NJ 46642",PENDING,38
685,Matthew Jefferson,2003-08-18,"Unit 7610 Box 5542
DPO AA 31650",VERIFIED,76
686,Scott Irwin,2006-01-28,"06405 Tiffany Pines
East Charleneberg, ID 33404",VERIFIED,57
687,Mrs. Shirley Cabrera,1961-12-07,"94726 Jordan Circles Suite 474
South Karaburgh, IL 16566",VERIFIED,6
688,Michael Wilson,1977-06-09,"22472 Jimenez Port Suite 466
South Anthony, MI 71925",VERIFIED,95
689,Taylor Smith,1985-02-03,"07694 Alejandro Shore
Dodsonmouth, KY 23315",VERIFIED,80
690,Crystal Coleman,1994-12-08,"PSC 0366, Box 6358
APO AA 09664",VERIFIED,72
691,David Murphy,1983-12-20,"154 Thomas Underpass Suite 140
South Barbara, KS 12785",PENDING,84
692,Shawn Bailey,1991-12-22,"563 Kimberly Village Apt. 544
Hoffmanhaven, AK 17420",PENDING,27
693,Anna Bush,1988-03-30,"436 Clark Ports
New Madison, ND 07795",VERIFIED,32
694,John Taylor,1989-05-03,"65112 Hunter Ford Suite 449
West Joshuamouth, VT 59756",VERIFIED,35
695,Misty Hawkins,2008-02-09,"253 Eric Lodge
Higginsburgh, HI 50119",PENDING,23
696,Lauren Durham,1959-02-06,"8548 Schmidt Junctions Apt. 204
Johnsonmouth, AZ 43712",VERIFIED,62
697,Richard Holland,1959-06-29,"693 Adams Haven Apt. 658
Libury, CO 85046",VERIFIED,30
698,Daniel Miller,1989-10-11,"4675 Carmen Villages
Matthewfurt, MP 81622",PENDING,10
699,Kimberly Bennett,1977-12-17,"4448 Mary Trail Suite 267
Annaview, KS 57388",PENDING,14
700,Jillian Scott,1991-08-12,"9198 Cameron Union
Barbarastad, ND 22238",PENDING,30
701,John White,1971-10-06,"29695 Johnson Trail Apt. 882
Port Tammy, FL 34369",VERIFIED,74
702,Carrie Nelson,1963-02-24,"648 Carlos Circles Apt. 632
Loriville, ND 08653",VERIFIED,53
703,Destiny Garcia,1978-01-07,"051 Brian Rue Suite 203
Donaldsonton, MT 22459",VERIFIED,85
704,Corey Craig,1953-04-29,"7179 Lindsey Freeway
North Mark, AL 71351",VERIFIED,85
705,Jessica Young,1960-11-14,"Unit 0863 Box 0043
DPO AE 59153",PENDING,29
706,Anthony Myers,2005-06-10,"042 Ross Meadows Suite 930
Port Dennismouth, SC 03408",PENDING,76
707,Steven Long,1991-09-25,"774 Cynthia Squares Apt. 988
West Linda, PR 12691",VERIFIED,8
708,Mark Rivera,1972-11-01,"4014 Elizabeth Burg
South Matthew, ID 16577",PENDING,32
709,Dr. Maxwell Freeman,2006-11-12,"9050 Smith Shores
Cobbmouth, ND 62156",VERIFIED,100
710,Monica Lopez,1972-09-13,"151 Torres Corners Suite 847
Karenland, NJ 35812",VERIFIED,15
711,Jennifer Rogers,1952-02-02,"44473 Victor Knolls Suite 827
Vanessaport, SD 11738",VERIFIED,18
712,Wyatt Wagner,1989-12-23,"16990 Katherine Circle Apt. 229
West Kathleentown, NH 96142",PENDING,62
713,Andrea Mclean,1971-07-15,"621 Harrison Mills Apt. 825
Lake Normantown, WY 64560",PENDING,99
714,Kyle Cannon,1972-08-19,"473 Kimberly Trail
Lake Chloeborough, MH 64935",VERIFIED,9
715,Denise Stone,1971-03-05,"42484 Christopher Springs Suite 373
Fullerberg, FL 36324",PENDING,21
716,Rachel Gonzalez,2004-04-01,"8594 Bailey Crescent
Garciachester, WV 96597",PENDING,75
717,Karen Jordan,1985-05-09,"68752 Huynh Shoals Suite 313
Leeshire, NC 61630",PENDING,88
718,Emily Allen,2007-02-22,"3808 Lisa Keys Suite 680
Bushmouth, IL 74853",VERIFIED,39
719,Leah Gray,1998-10-19,"962 James Fields
South Gina, IA 71307",VERIFIED,28
720,Brian Lawrence MD,2001-06-21,"8472 Susan Ramp
Davidmouth, TX 84358",PENDING,83
721,John Wilson,1961-09-25,"9349 Jackson Isle Suite 841
Barkerbury, VA 55627",VERIFIED,37
722,Christopher Miranda,2006-01-13,"23218 Richard Row
Millerville, DE 93492",PENDING,37
723,Noah Martin,2007-11-04,"705 Anthony Streets Apt. 744
Lauramouth, KS 35470",VERIFIED,47
724,Tyler Smith,2005-02-08,"9393 Campbell Camp
West Sethfurt, PW 31970",PENDING,41
725,Paula Wise,1967-05-15,"92396 Christopher Extension
West Erica, KS 02824",VERIFIED,86
726,Marilyn Mercer,1980-06-15,"028 Williams Drive Apt. 533
East Christopher, FL 45849",PENDING,96
727,Robert Rodriguez,1986-05-25,"67507 Wright Throughway Apt. 961
Jeremyfurt, TN 86411",PENDING,83
728,Jason Rodriguez,1981-08-13,"Unit 2446 Box 6454
DPO AE 30875",PENDING,18
729,Joan Rowland,1992-09-27,"824 Maureen Springs Suite 790
East Samueltown, MO 73448",PENDING,55
730,Felicia Roach,2007-08-03,"3447 Ellis Cape
New Michaelton, GA 59127",PENDING,16
731,Larry Smith,1968-02-16,"68001 Robert Isle Apt. 238
West Carolynhaven, WA 59968",PENDING,4
732,Lisa Carter,1996-10-15,"530 Cory Tunnel Suite 831
Port Brittneyfurt, WV 60543",PENDING,8
733,Grace Benson,1993-10-27,"6446 Frederick Common
North Lindaville, ND 38226",VERIFIED,15
734,John Ramirez,1951-08-24,"111 David Rest
Bobbyburgh, ME 98585",PENDING,74
735,Wayne Erickson,1982-09-27,"888 Jill Shoals
East Brooke, UT 67915",PENDING,2
736,Richard Scott,1954-02-25,"525 Floyd Port
Theresafurt, MN 64908",VERIFIED,45
737,Alexandria Hudson,1957-05-30,"8427 Stephanie Causeway Suite 007
Henrymouth, OH 89356",PENDING,70
738,Donna Harmon,1962-09-09,"42689 Colon Tunnel Apt. 198
Amandachester, AR 80344",PENDING,6
739,Phillip Lewis,1965-03-12,"28566 Yvonne Light
West Frank, TX 87040",PENDING,57
740,Matthew Bell,2004-06-24,"60594 Bailey Mall Suite 381
Elijahborough, WI 26807",VERIFIED,78
741,James Anthony Jr.,1998-09-18,"38674 Kelli Lakes Apt. 762
Lisashire, ME 09722",VERIFIED,73
742,Steven Thomas,1985-10-01,"810 Delgado Fords Apt. 241
East Theresa, AL 12226",VERIFIED,82
743,Michael Carter,1956-11-18,"92818 Kelly Grove
Melvinstad, TX 97929",VERIFIED,28
744,Monica Stephens DVM,2002-12-02,"206 Keith Islands Apt. 847
Melissaview, MS 43371",PENDING,32
745,Ryan Doyle,1994-01-31,"7757 Matthew Falls Apt. 702
North Jodyton, ID 59604",VERIFIED,85
746,Cole Cardenas,1985-10-09,"345 Kristin Fork Suite 221
Kimberlymouth, MS 76443",VERIFIED,40
747,Alexis Vance,1968-12-02,"87797 Ochoa Burgs Apt. 503
New Crystalfort, ND 60748",VERIFIED,71
748,Tracy Davis,2004-11-08,"36633 Kathryn Manors
Port Robert, WI 03652",VERIFIED,65
749,Elizabeth Snyder,1963-02-12,"56598 Hogan Islands
Robertburgh, VA 93448",VERIFIED,28
750,Hannah Huff,1982-07-18,"119 Isaac Freeway
New Richardmouth, PA 22687",VERIFIED,96
751,Joseph Gallagher,1981-04-17,"54962 Bradley Path Suite 330
South Keithfurt, DC 65821",PENDING,61
752,Joshua Anderson,2004-05-03,"316 Thomas Circles
Lake Tamaratown, CO 71351",VERIFIED,25
753,Robert Brown,1981-02-02,"80755 Rodriguez Extensions
West Cassandra, FM 13363",VERIFIED,23
754,Victoria Lang,1958-06-05,"621 Santos Wells
South Dianaport, SC 74556",PENDING,58
755,Dennis Carlson,1984-10-05,"57594 Jennifer Dam Apt. 435
Morrisfort, VA 44701",PENDING,37
756,Gabriella Berry,1959-06-18,"USNS Davis
FPO AE 46425",PENDING,4
757,Amy Miller DDS,1970-03-12,"437 Duke Ville Apt. 485
Port Leslie, HI 06060",VERIFIED,81
758,Samantha Cook,1955-02-12,"64569 Hart Harbors
New Amanda, MS 19830",VERIFIED,89
759,Matthew Craig,2001-05-03,"Unit 2050 Box 9964
DPO AA 70398",VERIFIED,60
760,Jamie Mcfarland,1988-09-25,"72217 Shelly Unions
New Gloriaside, VI 74925",PENDING,54
761,Ryan Klein,2000-04-18,"231 Martin Orchard
Port Jaredport, ID 76217",VERIFIED,98
762,Nicole Jones,1996-10-07,"8668 Richard Manors
East Ronnie, MN 88620",VERIFIED,78
763,Kevin Brown,1979-08-27,"3156 Luis Corner Suite 679
New Michaelview, IN 85804",VERIFIED,68
764,Sierra Hartman,1950-07-12,"4109 Wilson Light
Rodneystad, OK 41930",VERIFIED,87
765,Ms. Denise Stone PhD,1969-07-23,"1221 Rodgers Meadow Suite 695
Carrilloton, AK 84624",PENDING,12
766,Michael Parker,1961-10-05,"8875 Wilson Mall Apt. 403
Keithchester, HI 27703",VERIFIED,68
767,Christian Morales,1950-06-22,"826 Lauren Motorway
New Amandastad, NV 32003",VERIFIED,15
768,Patricia Grimes,1952-10-25,"96590 Galvan View Suite 622
Lake Brettville, CT 23826",VERIFIED,17
769,Richard Jenkins,1963-05-02,"Unit 7831 Box 5923
DPO AE 81027",PENDING,63
770,Nathan Austin,1959-08-10,"67364 Garcia Isle
Lindseytown, MS 03009",VERIFIED,91
771,Kathryn Hansen,1985-09-09,"191 Hunter Pines Suite 630
Jonestown, RI 39567",VERIFIED,87
772,Johnny Vazquez,1981-05-16,"Unit 9851 Box 8610
DPO AP 75146",PENDING,63
773,Michael Hernandez,1983-01-07,"0206 Taylor Crest Suite 080
Anthonymouth, AR 63865",PENDING,21
774,Ann Cohen,1954-12-02,"8114 Brown Glen Suite 558
East Travis, SC 04305",PENDING,48
775,Nicholas Gonzalez,2006-01-24,"444 Williams Ports
South Johnland, SC 12355",PENDING,2
776,Edward Barker,1993-09-25,"309 Ramirez Plains
Nicolefurt, WI 68379",PENDING,6
777,Robin Cobb,1997-01-25,"6186 Beverly Inlet
Justinshire, NV 64930",PENDING,66
778,Dawn Ross,1971-07-13,"6471 Sanders Tunnel
Ingramton, MN 54571",VERIFIED,18
779,Jordan Smith,1975-01-11,"USNV Robinson
FPO AE 45284",PENDING,21
780,Steven Hunt,2005-06-10,"2827 Jennifer Roads
Lambhaven, NH 94668",VERIFIED,17
781,Adrian Medina,1952-05-07,"4576 Matthew Spur Suite 840
Chavezburgh, WV 30445",VERIFIED,2
782,Lauren Garrett,1995-09-26,"Unit 4918 Box 8430
DPO AP 53132",PENDING,17
783,David Maxwell,1971-08-09,"273 Jacqueline Road
Lake Steveshire, PW 52721",VERIFIED,73
784,Douglas Gray,1971-12-27,"6993 Deanna Corner Suite 665
North Jeremyhaven, OK 09245",PENDING,43
785,Lindsey Walters,1991-01-01,"Unit 9120 Box 8420
DPO AE 43159",VERIFIED,99
786,Thomas Mercer,1994-08-27,"855 Yang Lakes
Torreshaven, AK 98767",VERIFIED,53
787,Kristy Ramirez,1974-03-25,"82985 Tammy Summit
Rogerhaven, WV 39550",VERIFIED,87
788,Stephen Baker,1980-01-07,"8819 Petty Corners Apt. 683
Lake James, NE 13835",VERIFIED,62
789,Wesley Strong,1999-09-28,"Unit 4113 Box 6034
DPO AA 85033",VERIFIED,53
790,Nicole Smith,1973-02-16,"USCGC Welch
FPO AA 03053",VERIFIED,8
791,Hayden Banks,1989-05-12,"2689 Holland Park
South Marilynberg, TN 38334",PENDING,98
792,Christopher Watts,1979-12-15,"981 Pierce Corner
East Melindamouth, MN 37354",VERIFIED,50
793,Brittany Shaffer,2007-03-27,"61563 Warren Square
North Kennethville, RI 20170",PENDING,8
794,Lisa Williams,1969-08-22,"686 Hughes Glen Suite 327
Lopezstad, OH 05595",PENDING,47
795,Christopher Grimes,1972-05-29,"024 Conner Views Suite 240
Morrisfort, WY 17197",VERIFIED,91
796,Seth Kennedy,1965-02-11,"778 Patrick Summit
Lake Amandaburgh, NV 54063",PENDING,18
797,Gregory Walker,1951-05-26,"889 Flores Neck
Melissaton, UT 41198",VERIFIED,59
798,Craig Mcdonald,1995-04-19,"885 William Heights
New Abigailbury, MS 87427",VERIFIED,33
799,April Powers,1950-07-07,"48707 Dominguez Orchard
Matthewville, UT 80799",PENDING,18
800,Robert Adams,2003-05-21,"961 Cunningham Ramp Suite 671
South Andrew, MP 55588",VERIFIED,67
801,Dawn Ayala,2003-09-30,"6943 Robert Dale
South Karenchester, AS 83125",PENDING,75
802,Maria Conway,1986-08-02,"57422 Harry River
Hallfurt, NJ 04857",PENDING,91
803,Sonya Wright,1987-11-19,"33182 Young Lodge
South Carlos, MP 90412",PENDING,1
804,Jason Shaffer,1981-05-13,"467 Stephanie Place
Robinsonland, MT 31705",PENDING,54
805,Casey Fisher,1970-07-25,"PSC 7955, Box 0060
APO AE 58538",VERIFIED,9
806,Anna Lee,2005-12-30,"228 Black Walks Apt. 391
Harristown, VT 18422",PENDING,9
807,Jeffrey Weber,1954-12-12,"307 Robertson Land Apt. 874
West Davidfort, IL 83761",VERIFIED,84
808,Timothy Aguilar,1963-04-08,"29500 Mcmahon Shore Apt. 767
West Alexanderberg, CO 50110",VERIFIED,84
809,Isabel Waters,1964-07-07,"4579 Kevin Lane
Erinfort, CO 87658",VERIFIED,37
810,Cindy Jones,1968-11-25,"324 Lopez Creek
Martinborough, ND 22190",VERIFIED,23
811,Barbara Joseph,1962-02-09,"706 Jackson Motorway Apt. 538
East Brandon, OK 11316",PENDING,17
812,Daniel Williams,2006-10-28,"032 Jonathan Valleys
Sheltonport, DC 56710",VERIFIED,42
813,Brian Wright,1978-12-28,"924 Matthews Mountains
West Williamtown, SC 21309",VERIFIED,48
814,Benjamin Olson,2003-10-25,"452 Nelson Parks Apt. 045
Port Christopherborough, MN 57428",VERIFIED,48
815,Jacqueline Peck,1955-10-12,"96454 Daniel Courts Apt. 282
Donovanton, GU 94238",VERIFIED,94
816,Renee Quinn,1993-11-08,"5108 Fernandez Unions Suite 669
Kennethberg, KY 80319",PENDING,43
817,Alicia Baker,1983-02-16,"45068 Alexander Course Apt. 078
North Brianshire, IA 49755",VERIFIED,50
818,Mark Alexander,2005-12-21,"115 Eric Flats
Cassandraview, NC 75912",PENDING,56
819,Renee White,1981-08-17,"1261 Short Haven Apt. 270
Vincentburgh, CA 36555",VERIFIED,16
820,Katelyn Roach,1997-03-16,"612 Parker Ports
Port Ashleyville, AR 70133",PENDING,74
821,Jonathon Holmes,1997-10-07,"49167 Hill Glen Suite 342
Ryanmouth, VA 91718",VERIFIED,9
822,Bethany Scott,1998-04-23,"USS Booth
FPO AE 31771",PENDING,64
823,Garrett Rodriguez,1974-04-13,"174 Taylor Turnpike Apt. 008
Johnsonhaven, MN 01502",PENDING,8
824,Lisa Giles,1964-07-08,"8926 Porter Summit
Sydneytown, VA 96910",VERIFIED,94
825,Dana Brown,1994-11-27,"812 Andrew Ports Suite 791
New Stephanie, MT 35333",VERIFIED,79
826,Joshua Morgan,1958-12-10,"1602 Jeremy Burgs
Jonathanhaven, DE 95838",VERIFIED,68
827,Matthew Lane,1980-08-27,"3779 Cynthia Dam
New Erinberg, VI 38385",PENDING,75
828,Erin Morales,2003-11-01,"50766 Warner Well
North Christine, VA 32326",VERIFIED,4
829,Dawn Moore MD,2001-06-26,"2797 Melissa Light
New Marytown, AZ 20243",PENDING,52
830,Anthony Kelly,1999-11-27,"2415 Kristie Key Apt. 510
West Jakeborough, NY 96465",PENDING,74
831,Adam Franco,1970-11-16,"989 Chloe Shoal
Jacquelineborough, HI 56497",VERIFIED,7
832,Mark Cox,1954-08-20,"344 Jackie Burgs Suite 613
Sweeneyland, ME 48737",PENDING,47
833,Samantha Larsen,1996-01-31,"21664 Robert Ranch
Castroton, NY 35599",VERIFIED,63
834,Lisa Warren,1971-04-10,"037 Walker Station Suite 653
Lake Adamland, AR 17010",PENDING,57
835,Jared David,1974-12-22,"49514 Harold Throughway Apt. 789
New Raymond, UT 73255",PENDING,71
836,Gordon Hunt,2000-10-11,"67625 Moore Brooks
Port Jeremymouth, TX 16870",PENDING,8
837,Willie Tyler,1997-08-14,"462 David Mountain
Martintown, PA 45580",PENDING,44
838,Christopher Turner,1990-09-09,"817 Amanda Creek Suite 808
East Michelleland, DC 27649",PENDING,73
839,Patrick Sanders,1956-06-23,"42030 Jones Cliff Apt. 276
Hughesland, NC 37210",PENDING,76
840,Kathy Mcgee,1980-05-26,"97727 Brian Trace
Port Dustinfurt, AL 50401",PENDING,62
841,Rita Ortega,1959-03-22,"163 Jesse Points
Joshuamouth, AR 95481",PENDING,61
842,Donna Myers,1987-02-24,"7503 Foster Forges Apt. 369
Veronicaville, MI 34029",PENDING,9
843,Thomas Beck,1961-11-19,"4069 Jose Key
New Jeffreyville, OK 70178",VERIFIED,73
844,Jillian Mcneil,1968-10-06,"965 Martin Island Suite 893
Knoxhaven, WV 68975",VERIFIED,80
845,Pamela Colon,1970-08-04,"4751 Adam Place Apt. 931
North Matthewmouth, WI 58405",VERIFIED,83
846,Justin Elliott,1958-09-07,"3671 Jamie Mountain
Samanthaborough, DE 17687",VERIFIED,3
847,Tina James,1973-05-07,"25602 Gallegos Spur
East Catherineborough, FL 55581",VERIFIED,10
848,James Wood,1951-04-10,"320 Palmer Hollow Apt. 412
New Sheilabury, SD 98863",VERIFIED,63
849,Earl Campbell,1999-09-17,"25862 Kristina Drives Suite 717
East Elizabethshire, OR 19009",PENDING,32
850,Victor Cardenas,1971-10-11,"5819 Lopez Wells Apt. 671
New Tyronefort, UT 22268",PENDING,23
851,Jay Jones,1966-01-13,"19709 White Mills
South Christopher, PR 94496",VERIFIED,64
852,Bryan Myers,1960-04-03,"6355 Lawrence Haven
New Rickyton, SD 47385",PENDING,38
853,Bobby Carr MD,1998-12-25,"89813 Luis Corner Suite 719
West Katherinestad, MA 86434",VERIFIED,25
854,Amanda Scott,1974-01-24,"79087 Joseph Key Apt. 884
Lake Jennifer, CT 03824",VERIFIED,52
855,Derrick Deleon,1959-08-21,"Unit 9849 Box 5879
DPO AP 85288",PENDING,92
856,Catherine Oconnell,1952-09-14,"032 Diaz Cove
Lukeview, RI 04644",VERIFIED,47
857,Alison Wilson,1979-09-01,"8008 Montgomery Track
Brownstad, MS 87623",PENDING,12
858,Andrea Chapman,1955-10-26,"32690 Charles Ridge
Marcuston, TX 95312",PENDING,52
859,Christina Monroe,1990-06-10,"25366 Amy Landing Suite 691
Port Megan, LA 52074",PENDING,42
860,Nicholas Thompson,1956-10-07,"6655 Catherine Club Apt. 928
Catherineland, TX 59462",VERIFIED,21
861,Kristy Walls,1970-04-12,"4412 Brooks Parkway
Abbottfurt, PW 80086",VERIFIED,91
862,Jaclyn Gilmore,1956-09-08,"5830 Ann Place Suite 368
Rogershaven, PR 27239",VERIFIED,23
863,Kaitlyn Diaz,2008-04-20,"20012 Jane Prairie Apt. 588
New Christopher, DC 23118",VERIFIED,24
864,Edward Bowman,1989-02-23,"PSC 1954, Box 7226
APO AA 33673",VERIFIED,62
865,Jacob Smith,1965-07-01,"1394 Janice Valleys
Port Nicholas, MH 13113",PENDING,20
866,William Silva,1976-08-05,"030 Adam Walk
Schaeferfort, NE 98247",PENDING,17
867,Timothy West,1963-03-30,"831 Charles Forges Apt. 422
Port Patty, WI 85559",VERIFIED,41
868,Andrea Clark,1977-01-20,"9892 Janice Prairie
Michaelmouth, AR 75346",PENDING,41
869,David Brooks,1957-07-24,"719 Chris Street
Smithside, PR 25899",PENDING,95
870,Bryan Manning,2008-04-21,"23131 Joshua Station Apt. 004
Salazarshire, FM 44501",PENDING,17
871,Mrs. Sharon Ochoa DDS,1991-08-16,"634 Mullins Via Apt. 951
North Amyshire, NV 24358",PENDING,27
872,Jose Tran,1959-12-29,"08061 Phillips Knolls
Richardsonville, AR 67995",VERIFIED,10
873,Sharon Patterson,1958-10-10,"571 Abigail Bridge Suite 652
Mooretown, CA 29546",PENDING,16
874,Jason Richardson,1953-11-29,"909 Sherri Rest Suite 531
Ericksonshire, GU 14243",VERIFIED,75
875,Tammy Patterson,1959-05-02,"511 Walker Land Apt. 854
West Sarahstad, AZ 78767",VERIFIED,83
876,Jon Thomas,1965-10-04,"8184 Hernandez Passage Apt. 599
Butlerland, IA 84284",PENDING,71
877,Savannah Sims,2002-10-20,"511 Johnson Gardens
Lake Rebecca, OK 42552",VERIFIED,9
878,Rachel Schmidt,1975-09-25,"256 Kara Lights Suite 905
Lake Leslieton, MA 53502",VERIFIED,54
879,Scott Rasmussen,2005-06-10,"PSC 0489, Box 7779
APO AE 41112",PENDING,27
880,Cole Freeman,1996-07-27,"33062 Smith Club Apt. 429
Holderhaven, ME 11551",VERIFIED,22
881,Patricia Garrett,1976-10-30,"95881 Destiny Oval Suite 679
South Valerie, DC 83055",VERIFIED,18
882,Raymond Lee,1964-04-26,"735 Valdez Estate Suite 901
West Melissa, ND 07970",PENDING,25
883,James Sanchez,1977-05-28,"5620 Richard Expressway
Jonestown, MN 19471",PENDING,6
884,Christopher Garcia,1990-01-18,"47937 Norris Trail
Jensenberg, FM 41039",PENDING,87
885,Candice Mcdonald,1960-06-11,"3121 Leach Road
North Ariel, KS 99124",VERIFIED,51
886,Alexandra Miles,1999-09-12,"2704 James Parkways Apt. 587
Davistown, DE 62150",VERIFIED,32
887,Tyler Khan,1970-11-28,"693 Powell Land
Port Ricardo, HI 27710",VERIFIED,9
888,Darrell Martinez,1967-12-23,"8668 Barrera Roads
West Danielleville, WV 72779",VERIFIED,16
889,Cynthia Booth,1983-06-08,"Unit 3650 Box 6356
DPO AP 13747",PENDING,77
890,Christina Graves,1991-05-23,"6140 Perez Dale
Sandershaven, SD 90692",VERIFIED,17
891,Robert Manning,2001-03-21,"Unit 8806 Box 6310
DPO AA 97693",PENDING,5
892,Clarence Taylor,1983-08-08,"47375 Clark Roads Apt. 465
Floreshaven, MN 70396",VERIFIED,43
893,Lisa Jones,1974-06-05,"4020 Rachel Spring Suite 828
Kingmouth, MN 91973",VERIFIED,82
894,Donald Horton,1981-06-19,"3441 Barnes Burg Apt. 835
Castrofurt, GU 09072",PENDING,77
895,Randy Edwards,2003-08-06,"4167 Michelle Stravenue
Houstonstad, NC 81131",PENDING,77
896,Michael Hernandez,1957-03-26,"1016 Holloway Station
Zacharyville, WA 08326",VERIFIED,44
897,Patricia Huber,1967-06-25,"88315 Whitaker Fords
Hendersonbury, IN 55333",PENDING,82
898,Scott Simpson,1954-12-19,"6244 Bowman Knoll Suite 444
Lake Michaelport, MH 60093",PENDING,69
899,Amy Smith,1994-04-21,"479 Lori Loaf Suite 800
Andrewtown, MS 74779",VERIFIED,32
900,Robert Roberts,1963-12-20,"8672 Lewis Gateway
South Timothy, PA 87993",VERIFIED,100
901,Justin Stewart,2000-09-20,"617 Cook Pine
North Brandymouth, WA 49328",PENDING,93
902,April Martinez,1991-02-04,"414 Mcintosh Loop Suite 421
Lake Brendaview, NM 24363",PENDING,90
903,Christopher Reynolds,1979-01-28,"01123 Douglas Causeway
Tiffanyfurt, IA 88835",VERIFIED,38
904,Victoria Perez,1969-02-11,"212 Smith Glens
Amandaborough, MT 38943",VERIFIED,54
905,Justin Cox,1977-02-15,"48637 Gibson Glen Apt. 732
Lawrenceport, PR 47259",PENDING,76
906,Erin Andrade,1971-05-21,"25641 Jordan Square
Goodwinbury, GA 62545",VERIFIED,54
907,Andrea Graham,1962-05-23,"7297 Sylvia Freeway Apt. 345
Vanessamouth, GA 54791",VERIFIED,50
908,Elizabeth Brooks,1953-01-16,"Unit 6290 Box 5761
DPO AP 40155",PENDING,67
909,Kimberly Allison,1988-01-04,"2555 Steele Summit
Melanieshire, MS 70992",VERIFIED,17
910,Renee Drake,1973-11-23,"7616 Angela Drive
Jenniferton, LA 31644",PENDING,99
911,Sabrina Hill,1998-05-09,"75445 Vincent Road Apt. 948
Port Michelleburgh, MI 47049",PENDING,53
912,Jennifer Thomas,1959-10-27,"983 Joshua Forges
Samuelmouth, GU 40892",PENDING,54
913,Timothy Blankenship,1989-02-16,"46766 Jennifer Stravenue
South Matthewhaven, WA 82119",VERIFIED,42
914,Elizabeth Middleton,1996-04-11,"744 Peterson Forks
Robleshaven, CA 66244",VERIFIED,46
915,Robert May,1997-06-09,"Unit 7336 Box 9694
DPO AE 09440",PENDING,29
916,Mark Young,1972-02-27,"160 Antonio Mews Apt. 088
Danielfurt, LA 19497",PENDING,44
917,Sandra Hernandez,1973-07-31,"PSC 8217, Box 8889
APO AA 96883",VERIFIED,96
918,Christopher Cook,2003-04-23,"64217 Reed Well
Joshuaborough, MS 68553",PENDING,57
919,Toni Ward,1974-09-01,"63541 Washington Cove
North Angelaside, MO 58960",VERIFIED,81
920,Melanie Nichols,1994-05-10,"32245 Christina Tunnel
Dianeside, SC 68297",VERIFIED,22
921,James Adams,1961-08-10,"223 Mary Alley
Port Justinview, MI 30327",PENDING,36
922,Justin Barnes,1980-07-31,"2311 Zachary Field
North Lisa, CT 94531",VERIFIED,98
923,Erika Wyatt,1954-04-28,"63075 Reid Springs Apt. 181
Maxwellchester, CA 87794",VERIFIED,78
924,Robert Peck,1955-06-15,"0243 Holland Brook Apt. 085
West Zacharyfort, AK 04292",VERIFIED,100
925,Ian Harrington,1975-11-23,"25511 Kaitlyn Corner
East Tylerborough, WA 35910",PENDING,3
926,Dennis Hernandez,1968-04-30,"72071 Brown Estate Suite 950
South Angelamouth, KS 61067",VERIFIED,74
927,Lisa Johnson,1965-11-03,"542 Carrie Avenue
Wendyport, VI 06208",VERIFIED,95
928,Stephanie Moore,2001-09-12,"543 Hampton Rapids
Hoview, CO 33888",PENDING,54
929,Jose Christensen,1982-09-29,"12894 Shannon Ville
Carlabury, NV 67804",VERIFIED,95
930,Daniel Warner DDS,1968-10-04,"766 Eric Valley
Fernandezfort, PW 70053",PENDING,51
931,Randall Flores,2003-09-27,"19683 Kristen Trafficway Suite 925
East Kathryn, MP 87797",VERIFIED,67
932,Kimberly Vargas,1967-08-01,"8349 Scott Orchard
West Nancy, FM 25066",PENDING,87
933,Joshua Alvarez,1951-12-05,"19794 Martin Orchard
Lake Olivia, AR 72617",PENDING,43
934,April Nunez,1988-09-23,"50746 Joseph Ridges Suite 198
East Alecview, WV 39967",PENDING,5
935,Charles Allen,1970-03-04,"368 Morgan Mall Suite 799
Cookburgh, MA 80182",VERIFIED,69
936,Randy Jackson,1956-05-27,"0305 Rowe Cliffs
Lake Parkerton, OK 55580",PENDING,54
937,Shawn Chandler,1951-07-10,"818 Tammy Ferry Suite 012
South Hannah, AK 23523",PENDING,48
938,Amber Leonard,1994-05-17,"5912 Brooks Courts Apt. 991
New Sandrachester, PA 51760",VERIFIED,30
939,Samantha Fields,1969-12-31,"0777 Andrew Prairie Apt. 378
Markville, TX 01057",PENDING,91
940,Heather Gross,1981-11-10,"47052 Roy Village
Kylechester, IA 76624",PENDING,38
941,Natalie Bush,1952-07-28,"97242 Brenda Crossroad Suite 276
Jonesmouth, WV 42757",VERIFIED,66
942,Breanna Moran,1970-08-09,"96165 Gregory Fields
Port Jonathanmouth, VT 43859",VERIFIED,58
943,Christopher Johnson,1978-05-11,"PSC 7350, Box 8342
APO AA 36827",PENDING,99
944,Mrs. Cynthia Robinson,1968-06-10,"9542 Charles Gardens
Riceside, MS 40969",PENDING,36
945,Stephanie Harrison,1970-05-14,"25214 Patterson Point
Bernardborough, VT 33995",PENDING,70
946,Christopher Sherman,1962-12-14,"PSC 9071, Box 3706
APO AA 64893",PENDING,28
947,Holly Espinoza,2004-11-06,"084 Fisher Extensions
East Ryanshire, OR 04467",VERIFIED,72
948,Natalie Hernandez,2003-08-07,"05143 Jennifer Squares Apt. 634
Barkerchester, VI 81895",PENDING,64
949,Jennifer Sanchez,1966-02-01,"837 Steven Oval Suite 988
Patrickport, FL 94144",VERIFIED,36
950,Jasmine Martinez,1987-06-24,"0603 Harvey Underpass Suite 684
New Michael, AZ 34856",VERIFIED,87
951,Timothy Turner,1995-11-17,"055 Mcmillan Mountain
Lake Krista, AR 79133",VERIFIED,3
952,Jennifer Ellison,1963-07-03,"90740 Gary Divide
Matthewfort, MN 60686",PENDING,60
953,Antonio Cline,1992-10-18,"48207 Kathleen Crossroad Suite 951
South Jacobport, HI 04129",PENDING,6
954,Taylor Ramirez,1986-01-09,"84564 William Hills Apt. 113
Westside, NC 48030",PENDING,27
955,Stephanie Todd,1961-05-08,"96088 Katherine Corner
Carpenterland, DE 61130",VERIFIED,78
956,David Arnold,1979-07-04,"34225 Joseph Shores
Harringtonmouth, UT 22055",VERIFIED,25
957,Emily Serrano,1978-03-03,"31741 Torres Center
Deniseland, WV 02322",PENDING,10
958,Anita Williams,1995-09-03,"784 Donaldson Path Suite 621
East Richard, OH 66670",VERIFIED,80
959,Angela Sanchez,1998-09-03,"3137 Jones Courts
Lake Sarahfort, OR 37134",PENDING,44
960,Martha Conley,1992-11-03,"3369 Andrews Camp Apt. 792
West Ricardobury, VT 77045",PENDING,100
961,Tanya Burgess,1984-12-20,"06499 William Islands
Lake Mark, ND 53806",VERIFIED,60
962,Eric Wells,1995-11-29,"637 Miller Island
Dawsonstad, TX 15007",VERIFIED,85
963,Eric Byrd,1993-04-20,"18290 Lisa Drives Apt. 527
Lake Jefferyland, ME 05850",PENDING,3
964,Robert Jones,1960-09-21,"763 Wilson Grove Suite 149
Cordovamouth, NV 72522",PENDING,91
965,Barbara Jenkins,1953-12-12,"598 Annette Meadows
New Johnny, IA 31158",PENDING,16
966,Patricia Williams,1962-04-16,"PSC 6136, Box 9117
APO AE 44511",PENDING,86
967,Shawn Davis,1972-04-27,"890 Wilson Street Apt. 925
West Ryan, HI 65291",VERIFIED,40
968,Todd Jones,1992-03-07,"69151 Mills Meadow Suite 576
New Vernonfort, VI 50012",VERIFIED,9
969,Mrs. Kim Jones,1987-12-25,"USCGC Maxwell
FPO AA 01726",PENDING,24
970,Mary Brown,1957-07-18,"745 Francisco Island
Vaughnstad, RI 92718",PENDING,46
971,Brandy Mckay,1990-02-12,"3225 Gabrielle Cliff
Port Brianberg, OK 54923",VERIFIED,74
972,April Frost,1979-11-20,"46572 Joseph Key
Elaineshire, NE 98248",VERIFIED,41
973,Amber Calderon,1956-11-16,"Unit 8681 Box 4550
DPO AA 12261",VERIFIED,69
974,Donna Wilson,1964-02-12,"1856 George Walk Suite 268
Robertport, SC 02458",VERIFIED,63
975,Terri Knight,1972-05-09,"00015 David Summit
Port Joshua, PA 51355",VERIFIED,66
976,Ashley Miller,1981-07-05,"USNS Diaz
FPO AA 89660",VERIFIED,83
977,Jessica Bernard,1973-03-11,"7575 Crystal Streets
East Tiffanyfort, MO 87467",VERIFIED,78
978,Peter Hughes,1975-09-19,"3704 Margaret Mission Suite 691
West Josephhaven, MT 09329",VERIFIED,7
979,Amanda Harper,1990-10-10,"82526 Suzanne Corners Apt. 575
Port Meredithchester, CO 27056",VERIFIED,48
980,Tammy Finley,1971-04-22,"17981 Jennifer Manors Suite 669
Nathanielport, SD 94023",VERIFIED,94
981,Michelle Evans,1962-09-26,"637 Robinson Curve Suite 700
New Jaime, CA 40920",VERIFIED,42
982,Richard Lee,1994-03-17,"43691 Allison Pines
South Candaceport, PW 66637",PENDING,5
983,Joshua Jones,1963-07-16,"5551 Thomas Dam Apt. 480
Orozcoport, AL 19260",VERIFIED,34
984,Amber Sanchez,1976-11-10,"35489 Ethan Station
West Emily, AS 45931",VERIFIED,65
985,Donald Valdez,1990-05-16,"050 Schultz Light Apt. 274
New Cynthia, CO 18408",VERIFIED,70
986,Isabella Jones,1959-03-30,"Unit 3053 Box 1107
DPO AE 47444",PENDING,22
987,Diane Johnson,1988-08-30,"54566 Lori Valleys Suite 191
East April, WA 34093",VERIFIED,18
988,Roberto Turner,1966-01-07,"567 Robert Rest Apt. 857
Leeburgh, VI 14947",PENDING,48
989,Michael Nixon,1984-09-28,"70425 Jimmy Villages Apt. 705
South Jessica, SC 72392",VERIFIED,58
990,Thomas Stephens,1970-06-05,"710 Freeman Station Apt. 403
Paulmouth, NE 75306",PENDING,42
991,Valerie Collins,1963-01-20,"96006 Kerry Crossing Suite 985
New Amymouth, MT 82308",PENDING,35
992,Joshua Ford,1999-04-01,"857 Haas Lane
Cynthiamouth, PR 88725",PENDING,7
993,Jessica Wright,1976-03-31,"20828 Rebecca Crossing
Lake Erica, OK 61783",PENDING,62
994,Debra Patel,1980-08-09,"3947 Long Trace Apt. 622
North Diana, TX 02841",PENDING,32
995,Joseph Garcia,1981-03-14,"7091 John Spurs Apt. 025
South Jennifermouth, WY 58101",PENDING,36
996,Gary Finley,1964-05-13,"4233 Clay Plains
North Victoria, MA 32571",VERIFIED,81
997,Victor Wiggins DDS,1966-03-10,"76295 Thomas Station
Kimstad, GA 36735",VERIFIED,29
998,Benjamin Walker,1959-07-09,"00908 Keith Light
North Dylan, PW 71021",VERIFIED,61
999,James Johnson,1962-02-15,"957 Lewis Trail
Tommyton, MH 85550",VERIFIED,72
1000,Tammy Ramirez,1954-06-01,"1282 White Ranch
Scottburgh, CO 38485",VERIFIED,3
1001,Sean Stevenson,1977-12-23,"69290 Hanson Parkways
Christopherfort, TN 35851",VERIFIED,59
1002,Joshua Palmer,1987-08-20,"706 Lisa Islands
North William, MS 53913",VERIFIED,26
1003,Wendy Mcknight,1964-08-23,"7287 Shari Islands
North Sandra, NE 66959",PENDING,62
1004,Benjamin Snow,1955-08-02,"484 Jackson Hills
Lake Raymond, DC 79538",PENDING,16
1005,Terry Jones,1972-02-22,"78270 Clark Cliffs
Emilytown, WI 29150",PENDING,21
1006,Erika Delgado,1978-09-30,"581 Andrew Rapids
New Tara, OK 67142",VERIFIED,17
1007,Jonathan Jenkins,1956-07-20,"300 Perkins Prairie
Payneside, DC 21893",VERIFIED,92
1008,Aaron Lewis,1982-01-13,"367 Mandy Via Suite 118
West Jesus, WY 50629",PENDING,26
1009,Mrs. Melissa Graves,1977-12-17,"4697 Robert Haven
Cainfurt, AR 58151",VERIFIED,4
1010,Nathan Dennis,1980-08-08,"PSC 6563, Box 3186
APO AP 22786",PENDING,83
1011,John Grant,1981-04-08,"36080 Owens Field Suite 837
Jonesland, MA 53217",PENDING,80
1012,James West,1989-09-11,"638 Lisa Shore
Port Levi, GA 63744",PENDING,64
1013,Renee Douglas,1965-02-06,"592 Ashley Hill Suite 872
East Melissa, DE 13760",PENDING,46
1014,Tyler Shepherd,1963-07-26,"24943 Russell Parkways Suite 026
Port Dawnside, AR 32590",PENDING,36
1015,Natalie Hill,1996-11-15,"249 Evans Shoals Suite 592
Port Diana, FM 39595",PENDING,11
1016,Bryan Perez,1973-01-22,"63508 Susan Key
Harperhaven, FL 81351",PENDING,16
1017,Kiara Hernandez,1952-05-21,"584 Brock Fort
Johnborough, FM 11341",VERIFIED,58
1018,Steven Robinson,1986-09-27,"7378 Crystal Courts
East Erica, UT 49627",PENDING,4
1019,Tammy May,1990-09-11,"29333 Williams Heights Apt. 517
Parkerburgh, TN 92860",VERIFIED,51
1020,Richard Shields,1963-06-09,"0511 Alexandria Neck
New Jeffreyview, MA 24656",PENDING,75
1021,Mark Cohen,1962-05-26,"5400 Samantha Mews
Douglasburgh, HI 26359",PENDING,86
1022,Ray Williams,1992-12-01,"199 Kimberly Manors
West Stevenshire, PW 81943",VERIFIED,96
1023,Misty Knight,2003-08-30,"024 Rebecca Summit
South Danielland, MI 46353",VERIFIED,80
1024,Jennifer Greene,2005-06-09,"4567 Aaron River
North Lindsay, MP 58263",VERIFIED,45
1025,Jessica Abbott,1971-09-27,"2155 West Mission Suite 055
Jonesborough, MT 73136",VERIFIED,48
1026,Donna Phillips,1974-03-23,"9841 Eric Streets
Kimberlyfurt, TX 04545",VERIFIED,62
1027,Mr. Scott Wilson,1982-11-08,"65684 Daniel Underpass
Elijahland, IA 65018",PENDING,82
1028,Ryan Smith,1985-10-21,"420 Peterson Passage
Sanderstown, PR 47016",VERIFIED,39
1029,Joseph Contreras,1997-12-06,"922 Sarah Turnpike Suite 299
Lake Dennis, MO 82951",VERIFIED,23
1030,Emily Perez,1981-10-30,"USNV Novak
FPO AP 38720",PENDING,15
1031,Mark Monroe,1997-10-24,"46641 Barr Pike
West Carol, FM 42106",PENDING,11
1032,Jason Mejia,1964-02-14,"3159 Walker Walks Apt. 792
Samanthaview, CA 49974",PENDING,6
1033,Dawn Rodriguez,1978-08-26,"4629 John Roads
Port Robinville, IL 45229",PENDING,78
1034,Carl Lewis,2002-06-01,"858 Diaz Lodge Suite 516
South Matthewhaven, PW 97034",VERIFIED,51
1035,Brittany Wilson,1994-06-23,"677 Patterson Village Apt. 862
Frostview, MA 04495",PENDING,38
1036,Yolanda Vance,1976-02-14,"548 Salinas Parkway
Thorntonland, MA 20252",VERIFIED,94
1037,Harold Martin,1985-06-28,"1478 Harris Glens Apt. 132
New Rhonda, DE 81553",VERIFIED,2
1038,Jeremy Smith,1974-04-18,"93720 Michael Walk
Clayshire, VT 11375",VERIFIED,37
1039,Teresa Erickson,1980-03-31,"67105 Brian Vista Apt. 197
West John, GA 87637",VERIFIED,43
1040,Annette Martinez,1988-08-04,"1050 Shaw Roads Apt. 053
Allenport, WY 58005",PENDING,79
1041,Cynthia Kennedy,1983-02-26,"3341 Scott Forks
Sarahfurt, AL 70786",VERIFIED,88
1042,Stephen Fox,1997-04-23,"8880 Amy Roads Suite 449
Lake Sallystad, FL 96126",VERIFIED,60
1043,Mark Young,1971-01-23,"0870 Harvey Isle Suite 952
Lake Danielbury, VA 16386",PENDING,50
1044,Scott Davis,1950-08-03,"6979 Hanson Pine
Franklinmouth, RI 32133",PENDING,29
1045,Martin Fuller,1957-12-12,"USCGC Farmer
FPO AP 97999",PENDING,21
1046,Christina Wilcox,1991-08-17,"384 Andrew Walk Suite 052
Cynthiaport, MD 64772",PENDING,11
1047,Pamela Bailey,1952-05-31,"17496 Ball Walks Suite 710
South Donald, CO 12200",PENDING,82
1048,Anthony Gonzalez,1954-03-02,"950 Sara Fields
Lake Sandra, NY 78369",VERIFIED,52
1049,James Brooks,1971-11-08,"43372 Edwards Creek
Moranchester, GA 45445",PENDING,9
1050,Dustin Young,2007-01-08,"3538 Thomas Ridge Suite 513
Lake Donaldhaven, IL 84062",PENDING,22
1051,Tiffany Wyatt,1986-01-13,"7506 Spencer Via
Douglasmouth, KS 42981",VERIFIED,90
1052,John Mcdaniel MD,2000-06-01,"29505 Kayla Common Suite 661
Navarromouth, SD 28291",VERIFIED,25
1053,Patricia White,1969-08-29,"11038 Charles Lodge Suite 433
New Amychester, HI 06087",PENDING,76
1054,Jason Roy,1957-02-03,"28791 David Street
Ramirezburgh, NH 72121",VERIFIED,99
1055,Ray Rodriguez,1993-05-07,"618 Avila Extension Apt. 970
Salasfort, CO 86402",VERIFIED,88
1056,Justin Clark,1951-03-06,"31117 Murray Hills Suite 677
Monicaview, SD 79466",VERIFIED,79
1057,Christine Jackson,1957-04-07,"22963 Proctor Extensions
North Molly, MN 41764",VERIFIED,94
1058,Patricia Miller,1993-05-08,"077 Russell Springs Apt. 673
New Jamesfurt, TX 50269",PENDING,87
1059,Kenneth Rodriguez,1979-11-13,"1944 Brittney Estates
West Diane, AZ 56112",PENDING,56
1060,Virginia Murphy,1970-02-22,"000 Jessica Vista
West Christopherburgh, MT 58751",PENDING,75
1061,Miranda Hernandez,1969-03-30,"09233 Martinez Island Apt. 164
Anthonyborough, UT 70580",VERIFIED,50
1062,Kevin Choi,1997-02-28,"622 Jeffrey Keys
Thompsonstad, AZ 17316",VERIFIED,93
1063,Christina Evans,1998-12-17,"PSC 1729, Box 0020
APO AA 22869",VERIFIED,24
1064,Sharon Wilson,1951-01-30,"07934 Lewis Canyon
Lake Lydia, ID 09576",VERIFIED,36
1065,Donald Nelson,2001-09-22,"82882 Herrera Shore Suite 493
Maloneshire, MT 93282",VERIFIED,22
1066,Monica Roberts,1972-07-07,"01151 Cory Mountain Apt. 395
Lake Kevinland, CT 64220",VERIFIED,29
1067,Mrs. Whitney Walker MD,1951-04-17,"34143 David Turnpike
Vaughanchester, LA 04915",PENDING,54
1068,Jamie Smith,1955-01-26,"1969 Garcia Overpass
Youngside, MI 67250",VERIFIED,40
1069,Kevin Thomas Jr.,1977-07-10,"232 Christopher Parkways Apt. 696
East Nataliemouth, IA 12274",PENDING,39
1070,Timothy Mendoza,1995-12-27,"7075 David Ways
Bridgetchester, TN 74028",VERIFIED,93
1071,Sarah Castaneda,1959-04-01,"180 Daniels Island Apt. 718
North Crystalfort, VT 16387",VERIFIED,45
1072,Andrew Chavez,1955-02-12,"833 Matthew Court Apt. 535
Lake Stevenfurt, ID 34705",PENDING,85
1073,Erin Gentry,1996-06-16,"606 Donna Loop
Port Miguelberg, FL 94977",PENDING,40
1074,Stephanie Smith,1972-10-19,"19780 Leah Heights
Davisville, AZ 31884",VERIFIED,27
1075,Alan Trevino,1961-08-20,"74867 Flores Plains Apt. 134
Gentryberg, ME 19321",VERIFIED,56
1076,Melissa Flores,1965-09-26,"160 Smith Mountains Suite 136
Nguyentown, DC 23560",VERIFIED,38
1077,Mr. James Chavez DDS,1979-12-19,"0018 Stewart Drive
Oconnorfort, MH 39147",VERIFIED,53
1078,Jason Ellison,1979-05-31,"28688 Weber Ridges Suite 473
West Maryfurt, WI 79553",PENDING,33
1079,Debbie Mendoza,2000-11-01,"2293 Cooper Estate
East Clairehaven, PW 81320",PENDING,90
1080,Laurie Stevenson,1993-12-23,"415 Baker Mission
North Sarahton, NM 57313",VERIFIED,27
1081,Bernard Blake,1952-01-20,"757 King Square Apt. 894
Lauramouth, ND 52553",VERIFIED,5
1082,Karen Nelson,2002-01-14,"997 Soto Plains Suite 092
Carlosside, KS 77064",PENDING,76
1083,Austin Taylor,2008-05-13,"159 Dillon Vista
Myershaven, UT 03322",VERIFIED,34
1084,Deanna Watkins,1984-06-12,"431 Kaitlyn Drive Suite 950
West Sandratown, MS 18803",VERIFIED,6
1085,Molly Blanchard,1959-03-16,"9701 Nicolas Alley
Port Andreaberg, TX 43238",VERIFIED,32
1086,William Hoffman,1973-03-08,"3212 Myers Prairie Suite 258
Port David, PA 93399",VERIFIED,43
1087,Catherine Young,1965-03-09,"13677 Banks Burgs
North Greg, CO 26485",VERIFIED,98
1088,Anna Williamson,1963-07-15,"36482 Bruce Wells
Anthonyside, UT 46241",PENDING,16
1089,Kirk Johnson,2005-03-29,"996 Yvonne Ports
Edwardsport, FM 46814",PENDING,90
1090,Adrian Johnson,2000-05-18,"38430 Jose Camp Apt. 769
North Pamelaview, NH 17023",VERIFIED,77
1091,Nancy Lam,1980-09-26,"44610 Cochran Vista Suite 785
Davidfurt, CA 81238",PENDING,3
1092,Jessica Hunt,1985-08-07,"462 Weeks Oval
New James, IA 74249",VERIFIED,12
1093,Cindy Nelson,1960-06-12,"824 Brett Knoll
Port Mary, PR 17613",VERIFIED,56
1094,Sarah Wallace,1960-07-15,"0499 Cynthia Wells Suite 094
Katelynville, PW 84330",VERIFIED,25
1095,Joshua Meyer,1964-03-24,"66743 Mary Ports Suite 652
Sheltontown, KY 87409",VERIFIED,67
1096,Charles Gross,1962-10-06,"3004 Ann Crossroad
Port Trevorview, NM 99901",PENDING,95
1097,Krista Warner,1996-12-21,"0759 David Loaf
South Daniel, OR 79381",PENDING,15
1098,Maria Nolan,1984-08-02,"2707 Seth Plaza Apt. 110
East Travis, VA 65461",PENDING,54
1099,Andrea Perry,1951-07-03,"USNS Rhodes
FPO AP 88701",VERIFIED,15
1100,William Brown,1973-12-09,"849 Robert Shoals
West Tyler, OH 81550",VERIFIED,29
1101,Sarah Orr,1993-03-05,"USNV Stanley
FPO AA 97673",VERIFIED,79
1102,Brandon Chavez,2000-09-08,"PSC 5282, Box 8754
APO AE 29890",VERIFIED,28
1103,Diana Kelly,1994-05-10,"669 Nolan Flats Apt. 362
Rodrigueztown, MS 49067",PENDING,8
1104,Kristine Peters,1970-03-20,"807 Wu Springs Suite 902
Weisschester, MD 02662",VERIFIED,94
1105,Christian Brown,1975-11-15,"Unit 1234 Box 5112
DPO AP 90387",PENDING,62
1106,Joshua Cannon,1985-12-22,"6147 Scott Mountain
Christopherbury, PR 57466",PENDING,96
1107,Anna Nguyen,1995-06-01,"573 Lisa Springs Suite 682
North Adam, VI 76630",PENDING,58
1108,Corey Harrison,1960-10-07,"Unit 5187 Box 9655
DPO AE 99627",VERIFIED,22
1109,Sandra Watson,1978-09-16,"3281 Fox Tunnel Suite 058
Laurieborough, FM 87493",VERIFIED,7
1110,Bradley Mclaughlin,2008-04-27,"125 Heidi Common
Jacobbury, NV 59027",VERIFIED,58
1111,Lauren Davis,2000-07-09,"53610 Timothy Flat Suite 253
New Benjamin, DC 70746",PENDING,84
1112,Randall Bradley,1991-01-04,"027 Osborne Street
Lake Raymond, HI 86804",PENDING,55
1113,Garrett Thompson,1962-07-18,"1300 Chapman Views Apt. 977
South Jeanne, VA 47903",PENDING,72
1114,Nicole Kerr,1964-09-09,"396 Hammond Greens Apt. 119
Birdburgh, PW 00616",VERIFIED,4
1115,Wendy Mann,1967-02-19,"47977 Matthew Place Suite 710
Lake Sophiamouth, AK 88331",PENDING,82
1116,Larry Ruiz,1974-11-18,"151 Bishop Parkways Apt. 752
West Jasonville, AL 98326",VERIFIED,95
1117,Katie Taylor,1960-08-05,"314 Sydney Landing
Jenniferside, MN 33644",VERIFIED,49
1118,John Mcdaniel,1993-03-28,"09735 Morgan Inlet Apt. 523
Robertville, OR 38080",VERIFIED,1
1119,Christopher Brown III,1982-01-15,"746 Ann Wells Suite 000
Lake Jonathan, GU 88621",VERIFIED,76
1120,Ronald Johnson,2008-04-07,"117 Elizabeth Viaduct
West Brian, MA 53263",VERIFIED,57
1121,Charles Boone,1981-07-20,"12735 Lee Route
Gibbsside, LA 86287",PENDING,38
1122,Richard Garcia,1974-06-30,"USCGC Hall
FPO AE 09411",VERIFIED,4
1123,Kelli Nelson,1950-09-19,"06149 Flores Lane
Port Mathew, MO 93298",VERIFIED,80
1124,Paul Ponce,1997-01-11,"USCGC Edwards
FPO AP 60080",VERIFIED,72
1125,Cassandra Lin,1988-09-27,"2810 Church Park Suite 375
Alberttown, WV 50198",VERIFIED,54
1126,Abigail Haynes,1984-11-10,"90430 Robinson Harbors Apt. 375
South Brandy, DC 85179",VERIFIED,10
1127,Robin Thompson,1993-06-14,"PSC 7871, Box 4897
APO AP 90784",PENDING,10
1128,Rachel Stevens,2005-11-26,"891 Robert Street Apt. 805
New Lori, NE 19645",PENDING,50
1129,Haley Baker,2008-01-04,"38844 Sanchez Drive Apt. 658
Lake Regina, ME 03236",PENDING,31
1130,Rachel Gilbert DDS,1990-01-16,"02118 David Summit Suite 615
Lake Larry, ND 05419",PENDING,51
1131,Jennifer Martinez,1969-04-16,"3335 Torres Burg Suite 866
Mitchellport, KS 79945",VERIFIED,43
1132,Melissa Smith,1951-02-28,"USCGC Garcia
FPO AA 92012",VERIFIED,93
1133,Robert Harris,1968-10-31,"075 Mullen Freeway
Davidburgh, WI 69564",PENDING,44
1134,Robert Oneill,1999-01-25,"9792 Scott Lakes
Bakertown, DC 64078",VERIFIED,51
1135,William Dawson,1987-12-31,"263 Santiago Radial Suite 300
Potterstad, ME 89905",VERIFIED,9
1136,Michelle Rhodes,2005-05-18,"74376 Barrera Roads
North Christian, CT 21357",VERIFIED,23
1137,Natasha Thomas,1990-03-04,"61096 Duncan Corners Apt. 281
Port Jessica, PA 94594",VERIFIED,50
1138,Sabrina Randall,1987-01-04,"8888 Tyler Ramp
Smithborough, AS 81683",PENDING,29
1139,William Ayala,1999-04-04,"USNS Robinson
FPO AA 62142",VERIFIED,42
1140,Kathryn Bowen,1951-01-22,"307 Abigail Springs Apt. 221
Mullinsmouth, RI 89609",PENDING,65
1141,Logan Fernandez,1988-08-22,"664 Adam Overpass Apt. 809
Harrisland, WA 59056",VERIFIED,22
1142,Paula Chavez,1969-05-16,"438 Mark Spurs Suite 418
East Richard, TX 90562",PENDING,91
1143,Donald Nelson,1972-04-28,"2778 Trevor Neck
Justinville, NM 89937",VERIFIED,50
1144,Alexis Meyer,2000-03-13,"527 Taylor Roads Suite 155
Franciscomouth, WA 28224",PENDING,38
1145,Richard Blanchard,1983-07-20,"2610 Traci Stream Suite 852
South Darrylburgh, OH 44965",PENDING,20
1146,Kelly Ballard,1992-05-21,"683 Mclean Track Apt. 185
Jensenstad, CA 04291",VERIFIED,55
1147,Charles Briggs,1973-11-02,"935 Hughes Light
Bakerstad, NV 64533",VERIFIED,70
1148,Carrie Sullivan,2007-06-04,"926 Bruce Valleys Apt. 798
Andersonfurt, NE 78971",VERIFIED,5
1149,Thomas Fowler,1969-11-01,"40400 Santos Way Apt. 324
North Sarah, OR 52258",VERIFIED,19
1150,Lisa Gibbs,2006-06-14,"6594 Mitchell Junction Apt. 028
Huffborough, FL 63361",PENDING,4
1151,Thomas Allen,1992-03-10,"824 Douglas Ranch Suite 263
South Tracyland, OK 44630",VERIFIED,76
1152,Edwin Wright,1995-08-03,"7757 Morgan Overpass
North Tony, LA 15269",VERIFIED,29
1153,Jennifer Daniels,2001-10-18,"PSC 4634, Box 0159
APO AA 36249",PENDING,41
1154,Cody Gutierrez,1961-06-02,"USS Bowers
FPO AA 51646",PENDING,72
1155,Sierra Warren,1972-10-13,"48149 Taylor Plains
Stevenfurt, CO 74190",PENDING,43
1156,Mark Bush,1986-01-26,"PSC 0614, Box 0616
APO AP 14687",VERIFIED,33
1157,Heather Mcgee,1993-04-01,"44871 Taylor Land
Port Robertland, NJ 81779",VERIFIED,85
1158,Heather Holt,1981-06-07,"9265 Reilly Tunnel Suite 015
Johnsonhaven, IN 49772",VERIFIED,19
1159,Mrs. Laura Collins,1956-04-18,"85854 Mark Fort Suite 156
West Margaretview, TN 65616",PENDING,81
1160,Rebecca Johnson,1987-09-01,"5970 Johnson Valleys Apt. 087
Stephaniefort, IN 84690",VERIFIED,73
1161,Michael Flores,1962-11-06,"608 Kari Crest
Collinsville, WY 98584",PENDING,26
1162,William Marks,1997-06-15,"1092 Becky Forge
Kristamouth, CT 72919",VERIFIED,90
1163,Randy Palmer,1952-11-21,"7841 Bill Summit Apt. 720
Molinashire, CT 95964",VERIFIED,90
1164,Kimberly Richardson,1976-11-05,"USNS Carroll
FPO AE 87644",VERIFIED,88
1165,Julie White,1986-07-02,"792 Vazquez Rapid
East Robin, OH 08066",PENDING,12
1166,Nicolas Leonard,1999-07-10,"141 Leonard Forge Suite 978
Philipside, ID 35586",VERIFIED,84
1167,Courtney Taylor,1974-02-27,"399 Richard Knoll
West Samanthaburgh, WV 48802",VERIFIED,78
1168,Christopher Goodman,1980-04-17,"1271 Morse Drive
Parkerton, ID 62733",VERIFIED,31
1169,Robert Mitchell,1972-05-01,"070 Ward Canyon Suite 805
Amberside, IN 11678",VERIFIED,87
1170,Jonathan Nelson,2003-08-25,"652 Russell Square Suite 246
Heatherton, CO 69158",VERIFIED,25
1171,Bradley Vega,1996-10-28,"5981 Larson Lakes Suite 170
North Jennifermouth, NE 30325",VERIFIED,3
1172,Dr. Mark Watson,1982-06-11,"51536 Jackson Lakes Suite 921
Rangelfurt, ID 55581",VERIFIED,38
1173,Alexa Herrera,1993-07-24,"Unit 0206 Box 3882
DPO AA 31253",VERIFIED,15
1174,Jennifer Brock,1956-06-25,"452 Haas Courts Suite 574
South Rachel, NC 29996",VERIFIED,90
1175,Robert Martinez,1954-08-24,"626 Davis Divide Suite 817
West Robert, RI 72915",PENDING,61
1176,Sandra Fisher,1989-07-02,"64659 Martin Gardens Suite 215
Woodtown, AZ 22475",PENDING,43
1177,Christina Riggs,1986-08-18,"2865 Sharp Glens Suite 058
Mariahshire, VT 81586",PENDING,98
1178,Judith Warner,1975-08-04,"0749 Newman Mountain Apt. 670
North Kaylaton, AK 85135",PENDING,62
1179,Erica Anderson,2005-04-01,"91341 Aaron Route
New Gabrielmouth, TX 10901",PENDING,16
1180,Dr. Nathan Burke,1958-01-07,"95005 Anna Causeway Apt. 129
Lake Dustinside, NE 76407",PENDING,92
1181,Alan Payne,1982-08-22,"461 King Field
Port Jeremy, KY 43574",VERIFIED,26
1182,John Heath,1962-09-15,"08157 Davis Canyon
Lambstad, AS 20367",PENDING,23
1183,Elizabeth Weaver,1969-01-22,"509 Michael Isle Apt. 480
Debraville, SD 07290",PENDING,38
1184,Joshua Garcia,1977-09-15,"3981 Morgan Stream
West Stephenberg, UT 27702",PENDING,58
1185,David Taylor,1959-09-27,"9148 Cochran Hill
Shahborough, NH 09131",VERIFIED,3
1186,Paul Chaney,1977-01-02,"871 Zachary River
New Larrystad, SC 03688",PENDING,8
1187,Sean Valencia,1966-04-13,"366 Nancy Oval Suite 716
Port Ericberg, OK 25585",PENDING,42
1188,Roberto Flores,1991-03-07,"0104 Kathleen Underpass
Farmerburgh, MH 73753",VERIFIED,67
1189,Kristen Estrada,1983-12-30,"USS Harmon
FPO AP 41881",PENDING,52
1190,Mrs. Alyssa Blevins,1950-10-08,"7806 Wolf Mission Apt. 575
West Kimberlybury, AZ 70704",PENDING,66
1191,Brenda Howard,1953-01-17,"389 Alvarez Green
South Samantha, PR 01841",PENDING,14
1192,Kim Stone,1992-08-28,"57252 Smith Radial
East Lisaborough, MD 81823",PENDING,38
1193,Jay Wolf,1953-11-18,"098 Hill Estate
Matthewmouth, NM 76350",VERIFIED,8
1194,Dr. Roger Arroyo,2004-03-28,"45243 Smith Light Apt. 512
Lake Amanda, VT 60131",PENDING,98
1195,Robert Gray,2003-10-13,"58228 Deborah Ramp Apt. 400
Jamestown, NY 33233",PENDING,50
1196,Connie Mayo,1968-07-19,"887 Kiara Avenue
North Frances, MP 64335",VERIFIED,68
1197,Charles Carter,1981-04-12,"42001 Lorraine Light Suite 557
Port Robertberg, VT 08560",PENDING,36
1198,Mindy Martin,1977-06-02,"07990 Gutierrez Lake
Danielfort, IA 06100",VERIFIED,89
1199,Thomas Holland,1974-05-03,"63312 Gray Cliff Suite 376
Brettview, WV 29518",PENDING,21
1200,Anne Miller,1990-08-09,"12849 Byrd Gateway
West Kathleenberg, RI 49439",VERIFIED,60
1201,Susan Carter,1970-03-24,"USNV Gray
FPO AA 87072",VERIFIED,83
1202,Emily Garcia,1976-11-29,"3481 Huerta Pines Apt. 766
Sarahville, NH 89570",PENDING,27
1203,Samuel Murphy,1958-04-12,"83423 Rebecca Mission
New Katherinefort, IL 90849",PENDING,41
1204,Rodney Rodriguez,1972-09-17,"249 Garcia Center Apt. 817
New Billyshire, VT 92751",VERIFIED,72
1205,Thomas Walker DDS,1975-04-02,"91981 Charles Valleys
West Lisachester, IA 73698",VERIFIED,68
1206,Benjamin Nguyen,1984-12-09,"690 Michele Alley
South Jenniferville, MS 99178",VERIFIED,21
1207,Kelly Moore,1979-06-19,"0865 Orr Cliffs Suite 295
West David, TN 37995",VERIFIED,75
1208,Samantha Shaw,1967-11-29,"55952 Knapp Estate Suite 036
Melindabury, GU 58067",VERIFIED,44
1209,Nicole Bradley,1959-04-17,"0425 Gabrielle View
North Denise, LA 06488",VERIFIED,28
1210,Bonnie Baker,1979-08-23,"0726 Christina Rue
Petersenmouth, NJ 60562",PENDING,11
1211,Thomas Davidson,2007-11-19,"62162 Jeffrey Vista
Henryburgh, IL 80904",PENDING,71
1212,Seth Bryant,1954-04-06,"564 Erin Mills
Shannonshire, VI 56083",VERIFIED,68
1213,Jennifer Mullins,1977-10-23,"26280 Matthews Tunnel
Johnsonmouth, RI 92571",VERIFIED,54
1214,Daniel Nunez,1993-04-05,"0751 Brian Locks Suite 054
South Heather, VT 60829",PENDING,25
1215,Marisa Miller,1975-08-31,"574 Alex Isle
Andersonport, AZ 02293",VERIFIED,30
1216,Joshua Benton,2004-04-07,"06037 Robert Run
Mcdonaldberg, MD 49652",PENDING,39
1217,Claudia Vargas,1974-01-10,"09283 Joseph Lights Suite 120
Allenmouth, VA 15160",PENDING,54
1218,George Moon,1994-05-12,"346 Wolfe Greens Apt. 541
Lake Kennethview, CT 31554",VERIFIED,73
1219,Amanda Higgins,1959-03-22,"4608 Jones Field
West Frankfurt, WY 07572",PENDING,34
1220,Matthew Foster,2003-06-11,"8799 Jennifer Square
Port Chelsea, NV 80525",VERIFIED,28
1221,Kristin Walker,1989-05-04,"1831 Johns Throughway Suite 442
Marciamouth, WV 89368",PENDING,83
1222,Jacob Lewis,1966-12-10,"9547 Jeremy Wall
Lopezchester, IA 56441",VERIFIED,45
1223,Judith Bridges,1975-09-28,"0143 Shannon Lights
Charlesstad, KS 99257",PENDING,47
1224,Connie Chavez,2002-05-07,"6829 Mark Cove
Shafferchester, GA 65002",VERIFIED,58
1225,Sean Rivera,1965-08-13,"92658 Sanchez Course Apt. 081
Angelabury, FL 37820",VERIFIED,81
1226,Jasmine Johnson,1960-04-15,"397 Jones Divide
South Dwayneport, MA 04045",VERIFIED,90
1227,Tiffany Bryant DDS,2000-08-24,"USS Santos
FPO AA 62912",VERIFIED,53
1228,Bobby Mcclain,1975-04-16,"USNS Lewis
FPO AP 29682",PENDING,4
1229,Jill Long,1989-11-21,"USS Gonzalez
FPO AP 23400",PENDING,33
1230,Tony Perez,1968-01-23,"51173 Shaw Drives
New Jeffreyhaven, NV 89734",VERIFIED,43
1231,Thomas Petty,2000-10-30,"USS Myers
FPO AA 31551",VERIFIED,39
1232,Valerie Richardson,1958-11-13,"339 Ware Isle Suite 208
Richhaven, MO 95557",VERIFIED,20
1233,Robert Mcfarland,1969-08-04,"960 Berg Trail Suite 315
Joseborough, WY 11054",VERIFIED,77
1234,Rebecca Carter,1995-10-28,"96353 Frances Ranch Apt. 882
Carrport, AR 66385",VERIFIED,95
1235,Tammy Scott,1972-11-02,"222 Erin Forge Suite 405
Port Brandimouth, FM 11599",PENDING,26
1236,Lauren Brewer,1978-10-12,"27480 Baker Curve Suite 336
Jenkinstown, DC 62541",VERIFIED,17
1237,Tonya Jones,1996-04-12,"222 Sara Rapids Apt. 953
South Andrea, PW 14358",VERIFIED,27
1238,Natalie Mason,1973-11-10,"4676 Kim Prairie
Porterberg, WY 18781",PENDING,82
1239,Douglas Fletcher,1972-07-06,"472 Shannon Parkway Apt. 878
Johnathanborough, KY 13147",PENDING,31
1240,Brian Jarvis,1982-09-21,"004 Anderson Ferry Apt. 696
Johnsonchester, ID 68082",PENDING,64
1241,Brandon Smith,2006-10-13,"USCGC Horton
FPO AA 50828",VERIFIED,52
1242,Christopher Wilson,1973-06-28,"7817 Richard Village Suite 632
South April, NJ 13734",VERIFIED,53
1243,Matthew Krause,1958-05-11,"27355 Carrie Port Apt. 344
Lisamouth, DE 35617",VERIFIED,17
1244,Teresa Shaffer,1965-04-29,"69034 Aaron Lights
East Emilyside, OK 43521",PENDING,78
1245,Kevin Rodriguez,1957-03-18,"3458 Herrera Path
East Kristitown, OH 26192",PENDING,72
1246,James Church,1956-12-14,"614 Keith Motorway
Pinedaport, MO 51246",VERIFIED,39
1247,Douglas Taylor,1975-05-31,"21698 Deborah Glens Apt. 848
Brandonside, HI 84489",PENDING,44
1248,Justin Alvarez,1992-04-25,"457 Stephanie Squares
Parkerhaven, PA 83811",PENDING,65
1249,Travis Adams,2003-02-04,"51999 Troy Hills Apt. 930
Dorseybury, FL 04789",VERIFIED,50
1250,Martha Foster,1965-04-28,"90763 Brian Turnpike
Port Lisa, WI 37901",VERIFIED,95
1251,Annette Pierce,2001-12-22,"USNS Vance
FPO AP 88974",VERIFIED,77
1252,Thomas Reynolds,1982-05-07,"9425 Jessica Lodge Apt. 347
New Anna, MD 08116",PENDING,22
1253,Cassandra Hardin,1973-08-27,"7097 Cheryl Estate
Barronfurt, DC 31696",VERIFIED,73
1254,Sherri Johnson,1951-08-25,"247 Ramirez Place
Davismouth, IA 95867",PENDING,40
1255,Mrs. Kimberly Bennett,1984-08-28,"343 Shepard Parkways
South Amytown, IA 27415",PENDING,22
1256,Charles Banks,1958-04-13,"944 Crystal Meadow
North James, ME 49336",VERIFIED,2
1257,Jasmine Watson,1978-01-04,"7668 Miller Forest
East Sarah, MH 71205",VERIFIED,16
1258,Johnny Robinson,1982-12-05,"271 Maria Hollow Apt. 811
Jackborough, SC 11756",PENDING,40
1259,Ann Mooney,1963-01-21,"1909 Kyle Harbor
South Daniel, AZ 34699",VERIFIED,75
1260,Michael Johnson,2008-05-16,"141 Vaughan Ville Apt. 769
North Maryberg, PW 07431",PENDING,60
1261,Jessica Owen,1959-04-27,"21697 Long Ridges
Spencermouth, IL 45881",VERIFIED,85
1262,Nicole Carter,1954-09-25,"842 Schmidt Freeway
East Savannahfort, ID 89173",PENDING,61
1263,Dawn Williams,1971-04-23,"6419 Renee Trail
Lake Zachary, OH 15257",VERIFIED,15
1264,Stacy Martinez,1959-02-01,"7294 Smith Manors
South Johnfurt, VT 81654",VERIFIED,78
1265,Justin Jackson,1998-07-25,"712 Mary Port
Irwintown, AZ 41931",VERIFIED,32
1266,Emily Hayes,1985-04-14,"212 Martinez Flats Apt. 921
North Ernest, MD 25429",PENDING,3
1267,Robert Peterson,1971-07-02,"Unit 7814 Box 4433
DPO AE 17599",PENDING,45
1268,Julie Garcia,1960-06-23,"36924 Lin Mall Apt. 272
Port Larry, CA 90658",VERIFIED,87
1269,Julia Hayes,2008-03-04,"1841 Lawson Orchard
Gardnerton, VT 95325",PENDING,28
1270,Marc Richards,1988-07-27,"906 Gallagher Crescent Suite 097
South Bryan, ME 25168",VERIFIED,75
1271,Julia Orozco,1960-07-29,"USCGC Anderson
FPO AA 67894",VERIFIED,48
1272,Eric Miller,1989-12-17,"6606 King Squares
Deborahburgh, NJ 64545",VERIFIED,99
1273,Denise Booth,2000-11-18,"49281 Kimberly Inlet Apt. 146
East Bryan, CA 93551",PENDING,80
1274,Rachel Kent,1996-09-10,"02059 Bryan Plains Apt. 701
Hendricksland, IA 24844",VERIFIED,90
1275,Janice Salas,1968-10-23,"7344 Brandon Lights Apt. 099
Davisfurt, NV 10964",PENDING,21
1276,John Bowers,1971-03-06,"31011 Erickson Ports
Lake Josechester, ME 70949",PENDING,83
1277,Jamie Bryant,1957-01-21,"109 Joshua Summit
Raymondside, OK 53992",PENDING,69
1278,Anna Ward,2001-03-26,"USNS Bennett
FPO AA 70959",PENDING,79
1279,Danielle Walker,1977-10-04,"64770 Tammy Crossing Apt. 383
Connorhaven, MT 30281",PENDING,65
1280,Benjamin Clark,1996-11-08,"34388 Timothy Mount
East Moniquechester, VI 63812",VERIFIED,3
1281,Patricia Gibson,2002-08-26,"USNS Williams
FPO AE 53125",PENDING,71
1282,Renee Petersen,1974-01-07,"11870 Armstrong Court Apt. 056
Amandaland, HI 26006",PENDING,31
1283,Rodney Myers,1958-10-24,"6317 Cheryl Ranch Suite 480
Delacruzfurt, VI 01109",VERIFIED,60
1284,Mark Garcia,1976-02-05,"Unit 6437 Box 4493
DPO AE 01263",PENDING,31
1285,Erin Bennett,1985-04-17,"1095 Mary Point
New James, FM 48369",VERIFIED,11
1286,Joshua Boyd,1995-06-30,"20884 Clark Forge
Stephanieview, MN 01475",PENDING,18
1287,Marvin Owen,2003-03-09,"0431 Lawson Bridge
Mirandachester, MN 24789",PENDING,83
1288,Roger Yates,1967-08-06,"71606 Mary Inlet Apt. 207
Contrerashaven, VT 36130",PENDING,53
1289,Mr. Casey Beck Jr.,1994-10-12,"33876 Michael Locks Suite 060
South Emily, IL 96925",PENDING,15
1290,Stacy Barr,1969-05-09,"9672 Cox Overpass Suite 799
North Dustinborough, MT 83459",VERIFIED,74
1291,Kimberly Brown,1970-07-28,"971 Derrick Course Suite 135
North Mark, MA 49078",PENDING,49
1292,Luis Young,1973-02-19,"73930 Kelly Ridges Suite 212
East Kevin, MH 79453",VERIFIED,87
1293,Sheila Mcdaniel,1969-02-19,"8238 Rodriguez Extensions
North Dawnport, WY 09641",PENDING,51
1294,Jamie Hodge MD,1964-07-16,"04656 Rosales Fork
Lake Michaelview, UT 39212",PENDING,34
1295,Tina Willis,1964-05-16,"48052 Logan Passage Suite 769
Garzatown, TN 77625",VERIFIED,19
1296,Thomas Horn,2005-02-11,"8406 Kathleen Flats Suite 672
Khanfort, MD 58557",PENDING,45
1297,Donald Davis,2004-02-23,"8089 Jacqueline Burgs
North Michael, PA 58473",VERIFIED,48
1298,Darren Riley,1963-11-17,"2950 Danielle Motorway Apt. 839
North Dave, KY 71249",VERIFIED,50
1299,Michelle Smith,1979-03-18,"91666 Angela Junctions Apt. 937
Andrewville, IL 70783",PENDING,62
1300,Karen Fleming,2008-02-17,"PSC 9554, Box 5731
APO AA 06041",PENDING,42
1301,Jeremy Anderson,1992-02-03,"820 Joseph Manor Apt. 483
Paceburgh, AZ 11475",PENDING,6
1302,Jacob Brown,1973-03-14,"057 Rios Villages
Port Robert, KS 98751",PENDING,28
1303,William Bruce,1961-12-14,"3341 Marshall Mountain
West Nathan, IA 56878",PENDING,33
1304,Daniel Bailey,1969-09-27,"004 Lopez Mountains Apt. 952
West Carol, DC 10719",VERIFIED,26
1305,Jennifer Anderson,2008-05-21,"93738 Campbell River
Port Elizabethfort, NC 24203",VERIFIED,10
1306,Bethany Lane,1973-05-29,"4390 Padilla Junction Suite 644
Escobartown, OK 35021",PENDING,64
1307,Brian Alvarez,1950-08-01,"8351 Anderson Branch Apt. 575
East Vanessa, ND 20100",VERIFIED,99
1308,Bruce Collins,2004-01-17,"53622 Mckenzie Drive
South Michael, ME 53587",VERIFIED,84
1309,Becky Graves,1967-04-19,"22533 Perez Forks
New Benjamin, TX 42433",VERIFIED,41
1310,Jackson Barron,1954-11-16,"23619 Curtis Oval
Jacksonstad, OR 90254",PENDING,88
1311,Duane Miller,2000-08-10,"9370 Gary Squares Suite 486
West Tristanmouth, VA 10772",VERIFIED,42
1312,Brittany Schneider,1970-12-10,"20765 Mcgrath Groves
Brownton, NM 82198",VERIFIED,63
1313,Robert Hogan,2002-11-14,"782 Powell Fort
Lake Briantown, CO 71628",PENDING,64
1314,Taylor Torres,1959-11-06,"04784 Anderson Keys Apt. 682
East Tom, RI 92078",PENDING,18
1315,Mr. Robert Patrick,1997-06-30,"248 Frazier Dam
North Brendastad, MI 67873",VERIFIED,74
1316,Natasha Brown,1954-09-16,"597 Christopher Lodge
West Kimberlyshire, NE 35249",PENDING,57
1317,Leah Bell,1958-02-09,"17118 Swanson Center Apt. 190
Bradleyburgh, NH 99848",VERIFIED,43
1318,Sarah Brooks,1968-08-10,"69545 Rebecca Pass Suite 782
Brittneyton, MI 55211",PENDING,27
1319,Kelsey Thomas,1973-08-01,"2170 Kayla Street Apt. 826
Edwardchester, DC 68791",VERIFIED,44
1320,Jonathan Knight,1989-05-24,"92200 Shawn Turnpike
Russellfurt, PR 80662",PENDING,98
1321,Dr. Adam Johnson,1964-04-08,"4059 Brianna Parkways
Spencershire, DC 09919",VERIFIED,75
1322,Andre Barry,1992-01-11,"86725 Steven Islands
Calderonberg, NM 59641",VERIFIED,44
1323,Randy Mason,1959-11-22,"25012 Williams Plains Suite 718
Lake Krystalchester, AR 32095",VERIFIED,84
1324,Billy Grimes,1959-03-31,"9511 Campbell Dale
New Laurenport, SD 76925",VERIFIED,21
1325,David Cunningham,1968-09-27,"769 Veronica Fall
Riveraside, IL 30473",PENDING,94
1326,Amanda Gamble,1955-07-31,"967 Campbell Streets Apt. 078
East Bryan, SD 76170",PENDING,73
1327,Cheryl Rodriguez,1954-09-15,"397 Daniel Key
Lake Catherine, GU 58000",VERIFIED,3
1328,Carmen Hernandez,1969-12-20,"20189 Kristen Ramp
New Barbara, PW 66680",VERIFIED,22
1329,Theresa Olson,1972-02-02,"9361 James Creek
Stevenport, CA 83930",PENDING,55
1330,Jose Caldwell,1973-08-27,"477 Karen Creek Apt. 520
Anthonymouth, GU 07301",VERIFIED,67
1331,Catherine Burnett,1957-12-01,"732 Wiley Springs Apt. 564
New Katelyn, CA 78494",VERIFIED,27
1332,Michelle Potter,1994-08-30,"3852 Tina Keys Suite 649
North Robertshire, WY 63007",PENDING,52
1333,Jamie Mcdonald,1984-10-10,"003 Tyler Road Apt. 799
Ericaborough, FM 50594",VERIFIED,45
1334,Autumn Kramer,2000-04-18,"064 Jackson Glen
New Samanthamouth, NM 42361",PENDING,14
1335,William Mahoney,1953-11-16,"785 Morton Well Apt. 707
Port Stephen, WV 24374",PENDING,37
1336,Katie Daniels,1965-11-11,"61122 Williams Fords
Port Adamtown, ND 27581",PENDING,38
1337,Sheila Miller,2003-04-16,"08940 Shannon Garden Suite 865
Jameschester, CT 59944",PENDING,97
1338,Brittney Hart,1978-09-02,"8337 Sarah Course Suite 400
Seanburgh, OH 52964",PENDING,14
1339,Frederick Winters,1978-12-17,"507 Bethany Lights
Sharonport, ND 54949",PENDING,19
1340,Bradley Hodges,1957-01-09,"89775 Bishop Branch
Roberthaven, HI 28590",VERIFIED,78
1341,Chad Murphy,2005-01-18,"5795 Moreno Circle Suite 327
North Pamelaview, WI 41886",VERIFIED,78
1342,Holly Walker,1975-02-18,"866 Olson Viaduct
South Eric, IA 64892",PENDING,70
1343,Kathy Calhoun,1959-03-07,"USNS Gonzalez
FPO AE 85021",PENDING,40
1344,Eric Vega,1954-08-05,"81554 Morgan Keys
West William, ID 73631",VERIFIED,8
1345,Timothy Tran,1989-11-22,"14490 Newman Row Suite 103
Stacyfort, FM 42349",VERIFIED,89
1346,Chelsea Galloway,1997-02-25,"16778 Russell Turnpike
Youngport, IN 86218",VERIFIED,60
1347,Lori Mcbride,1964-10-08,"80423 Theresa Plaza Apt. 446
Huangport, NY 98875",VERIFIED,6
1348,Nathan Montoya,1958-10-31,"7376 Smith Fort
North Mary, KS 03192",VERIFIED,86
1349,Jill Rodriguez,1998-01-02,"256 Hernandez Harbors Suite 346
Stephenbury, AS 46125",PENDING,39
1350,Brandon Cardenas,1983-05-17,"1605 Justin Forest Suite 462
New Crystal, MN 05135",VERIFIED,89
1351,Stacy Curtis,1953-04-15,"Unit 3038 Box 4668
DPO AE 82779",PENDING,87
1352,Jennifer Stevens,1970-08-05,"PSC 5379, Box 5322
APO AA 30459",VERIFIED,12
1353,Crystal Cabrera,1992-12-14,"955 Denise Junction
Port Michelleton, UT 78823",VERIFIED,82
1354,Adam Eaton,1971-03-25,"71684 Courtney Wells Suite 881
Higginsmouth, IA 13720",PENDING,21
1355,Mr. Keith Bass,1980-09-02,"206 John Landing
East Jamieport, NJ 52475",VERIFIED,46
1356,Rachel Thomas,1970-05-13,"52631 Matthew Ways
East Colleen, NH 07383",PENDING,4
1357,Mr. Christopher Johnson PhD,1970-04-14,"61999 Webster Valley
Michaelfurt, KY 82714",PENDING,14
1358,Joshua Barnes,1993-02-28,"259 Peterson Union
East Diane, IL 54150",PENDING,58
1359,John Joseph,1952-03-03,"53208 Brent Forest Apt. 925
Lake Amber, CT 26593",PENDING,20
1360,Eric Coleman,2004-04-23,"1989 Phillip Manors Suite 194
North Tara, AR 79429",PENDING,26
1361,Natalie Hancock,1996-02-10,"Unit 2216 Box 1462
DPO AA 46870",PENDING,72
1362,Jeffrey Dawson,1969-08-17,"77861 Chen Crossroad
Robinsonshire, TN 41097",PENDING,30
1363,Michael Jordan,1983-09-01,"54616 Justin Via
Christinaview, NE 01249",PENDING,88
1364,Julie Walker,1962-06-11,"658 Davis Throughway
Lake Melinda, KY 19871",PENDING,55
1365,Linda Patterson,1970-10-15,"700 Williams Valley
Michellehaven, CO 90311",PENDING,22
1366,Jessica Gonzales,1991-01-31,"6296 Thompson Point
West Robin, AR 09141",PENDING,1
1367,Jake Lloyd,1976-02-01,"280 Shane Corner Apt. 042
East John, IA 30800",VERIFIED,16
1368,Thomas Figueroa,1983-12-02,"150 Moore Fields
Lake Kevinview, AR 03310",VERIFIED,91
1369,Anthony Smith,2005-12-19,"685 Gray Flats Suite 058
Jessicaport, CO 22018",PENDING,99
1370,Jason Lucas,2001-01-27,"1493 Barbara Fords Apt. 074
Smithtown, RI 34553",PENDING,25
1371,Kenneth Patel,1962-03-18,"475 Sara Islands
West Anthonyborough, WY 44213",VERIFIED,1
1372,Leslie Payne,1952-12-26,"78019 Michelle Freeway Apt. 445
West Molly, CO 51682",PENDING,60
1373,Pamela Johnson,1967-05-25,"62020 Brown Tunnel Suite 481
Rebeccaview, NY 17119",PENDING,60
1374,Shelby Walker,1982-05-03,"911 Nash Parkway
Fisherland, ND 28244",PENDING,86
1375,Jonathan Deleon,1955-10-28,"111 Kylie Canyon
Thomasview, KY 15222",PENDING,60
1376,Taylor Hardy,1965-01-26,"974 Perez Stravenue Suite 909
Jennaland, KS 61949",VERIFIED,29
1377,Brandon Garcia,1982-10-27,"0627 Brandy Crescent Apt. 688
Dayburgh, IA 48564",PENDING,72
1378,Holly Watson,1984-03-11,"6613 Stephanie Flats
Fryton, AR 19750",VERIFIED,83
1379,John Peterson,2000-05-28,"4661 Meyers Field Apt. 832
Michaelview, WA 31013",VERIFIED,25
1380,Monica Patel,1955-02-19,"67196 Olsen Flat Apt. 074
Port Tyler, SD 97567",VERIFIED,20
1381,Stephanie Johnson,1951-10-05,"94156 Marsh Key Suite 304
Patrickmouth, TX 77991",VERIFIED,6
1382,Sean Henry,1963-10-06,"USCGC Washington
FPO AP 46982",VERIFIED,44
1383,Joyce Anderson,1964-04-14,"32059 Melissa Manor
South Matthewburgh, MA 31704",VERIFIED,90
1384,Jonathan Le,1957-03-16,"84222 James Ville Suite 549
West Davidmouth, WY 50474",VERIFIED,26
1385,Brandon Mason,1960-04-04,"316 Janet Loop
Fischerside, PR 84872",PENDING,84
1386,Jennifer Bennett,1988-05-15,"1568 Ariel Forges
East Ashley, DC 78255",VERIFIED,48
1387,Renee Mclean,1978-02-23,"000 Vang Shoal Suite 076
Tuckerville, NC 97050",VERIFIED,4
1388,Sarah Ellis,1992-09-27,"4132 Townsend Ville
West Elizabethtown, WV 27578",VERIFIED,20
1389,Kayla Bailey,1973-06-14,"247 Rachel Neck Apt. 933
West Aaronville, MI 90322",VERIFIED,74
1390,Nicholas Miller,2005-04-09,"0654 Lisa Curve
Brownbury, MI 44496",VERIFIED,95
1391,Laura Ramos,1981-04-28,"USCGC Diaz
FPO AP 97602",PENDING,16
1392,Amy Ramirez,1951-07-10,"88554 Clayton Shore
South Rebecca, IA 02991",PENDING,29
1393,Jamie Rogers,2007-11-29,"PSC 8145, Box 4019
APO AA 02008",VERIFIED,80
1394,Christopher Perez,2002-06-10,"1971 Hines Mountains
Christineberg, MI 02532",PENDING,74
1395,Brittany Kim,1953-03-24,"52863 Hannah Station Apt. 831
Natashaborough, MA 19150",PENDING,68
1396,Troy Shaw,1963-04-27,"6329 Linda Points
North Davidburgh, TX 37934",VERIFIED,29
1397,Betty Bush,1956-10-24,"557 Dennis Fork Apt. 753
North Heidiside, MN 01727",PENDING,96
1398,Michael Parker,1990-01-31,"320 Gilbert Wall
North Erin, PW 25197",PENDING,24
1399,Ashley Johnson,1969-08-25,"436 Pena Ports
Port Chelsea, TN 17654",PENDING,25
1400,Lindsey Avila,1987-10-03,"1685 Laura Fort Suite 762
Newtonview, NM 01243",PENDING,41
1401,Monique Ferguson,1967-09-13,"911 Rogers Bypass Apt. 746
Port Tracy, NE 48120",VERIFIED,20
1402,Kenneth Andrade,1983-02-11,"660 Hunter Falls
Emilyville, WV 84366",PENDING,10
1403,Julia Moss,1965-04-11,"882 Nicole Street
Barbermouth, VI 25608",PENDING,4
1404,John White,1966-02-11,"9530 Bryant Springs
Lake Lisa, GA 04130",VERIFIED,75
1405,Frank Garza,2008-03-26,"6619 Velasquez Oval Suite 519
Nicholeview, AL 99088",PENDING,53
1406,Jason Adkins,2000-12-26,"61656 Smith Hollow Apt. 692
East Collin, IL 96051",VERIFIED,100
1407,Jessica Silva,2003-05-01,"7346 Scott Throughway Apt. 176
Nathanhaven, WY 83804",VERIFIED,56
1408,Jeffrey Davis,1980-09-15,"85253 Cheryl View
Maloneport, IA 98520",VERIFIED,63
1409,Dawn Rasmussen,1958-11-08,"27111 Hunt Ville
West Emily, OH 02633",VERIFIED,67
1410,Lauren Rose,1999-07-08,"70113 Smith Port
Sandovalhaven, KY 28450",VERIFIED,5
1411,Brian Romero,1971-09-07,"93543 Vaughan Freeway
South Steven, ME 15060",VERIFIED,57
1412,Gloria Kim,1951-01-19,"534 Matthew Cliff Apt. 804
Lake Scott, AL 68675",VERIFIED,78
1413,Anthony Williamson,2001-08-08,"85157 Robinson Mountain Apt. 654
South Joshua, NV 66773",PENDING,19
1414,Charles Obrien,1950-08-17,"123 Andrews Drive Suite 156
Port Jasonfurt, MS 07167",PENDING,16
1415,Kevin Booth,1960-04-24,"163 Christopher Grove Apt. 328
Michaelmouth, VI 22785",VERIFIED,94
1416,David Cain,1968-09-29,"59191 Wolf Coves Suite 380
South Antonio, HI 11892",VERIFIED,97
1417,Tanya Aguilar,1999-04-11,"19843 Holmes Greens
South Ashley, KS 69150",VERIFIED,14
1418,Evelyn Thompson,2007-11-30,"4322 Barrett Cliff Suite 893
Bushland, NJ 65213",PENDING,24
1419,Jessica Jacobson,1952-08-04,"4492 Graham Mill
Connerfurt, ND 27521",VERIFIED,87
1420,Michael Mendoza,1964-03-16,"71453 Melendez Canyon Suite 374
Crystalstad, FL 45310",PENDING,68
1421,Theresa Wilson,1965-03-21,"Unit 8512 Box 0623
DPO AP 71136",PENDING,98
1422,Adam Stewart,1960-12-09,"0059 Garcia Spurs Apt. 677
Thompsonfurt, RI 47398",PENDING,7
1423,William Nguyen,2006-04-09,"1314 Lisa Point Suite 928
West Reginamouth, NC 87054",VERIFIED,34
1424,Dr. Megan Valdez MD,1996-12-24,"2522 Clark Inlet Suite 851
New Sarah, PR 96962",PENDING,33
1425,Lauren Davis,1999-02-02,"3485 Walker Falls
Ramostown, FL 45044",VERIFIED,51
1426,Tiffany Fisher,1985-08-10,"75778 Fisher Locks Apt. 077
Stevenberg, VI 11383",PENDING,17
1427,Robert Barnes,1971-01-28,"4195 Larson Station
Barronborough, SC 94202",VERIFIED,48
1428,Brenda Brown,1984-01-18,"2140 John Path
East Ashley, TX 14437",PENDING,24
1429,Tyler Reynolds,1997-03-23,"2604 Stephenson Tunnel Suite 706
New Tyler, GA 30441",VERIFIED,52
1430,John Schneider,1994-12-03,"83060 Martin Mountain
New Luistown, AL 96571",VERIFIED,21
1431,Carla Lindsey,1989-01-30,"9292 Carrillo Forks
South Abigailberg, WY 63957",PENDING,73
1432,Shannon Jones,1950-11-22,"5280 Thomas Village Apt. 942
Monicaville, SD 40163",VERIFIED,32
1433,Daniel Reyes,2003-09-19,"12249 Stark Greens
North Michael, NY 97104",VERIFIED,36
1434,Judith Young,1996-11-21,"3890 Brittany Pike
Norrisville, CO 63723",VERIFIED,19
1435,Alyssa Diaz,1986-10-02,"4942 Sanchez Views
Farleyborough, MI 13011",PENDING,4
1436,John Walker,1958-07-14,"5860 Tonya Lake
Garyfurt, MH 04402",VERIFIED,75
1437,Edward Knight,1954-10-30,"08631 Tiffany Mission
North Joshuaview, RI 03324",PENDING,37
1438,Michael Parker,1956-02-23,"216 Robert Ramp Apt. 111
New Vincent, IL 56208",VERIFIED,50
1439,Barbara Johnson,1959-07-10,"426 Jasmine Lakes
Markland, NY 60925",PENDING,63
1440,Elizabeth Schultz,1973-05-24,"46803 Bush Camp
North Jessicaland, WA 30605",VERIFIED,1
1441,Mark Peterson,2003-02-24,"567 Patterson Glens
Lake Stephanietown, AZ 65236",VERIFIED,65
1442,William Brewer,1997-01-09,"8577 Amanda Union Apt. 257
Ashleyborough, WI 21672",VERIFIED,75
1443,Allison Copeland,1956-05-17,"034 William Bypass Suite 307
Johnside, GA 76542",VERIFIED,32
1444,William Richardson,1989-05-13,"79339 Elizabeth Route Apt. 021
Sarahmouth, FL 57324",VERIFIED,89
1445,Ashley Smith,1968-10-25,"97054 Kendra Ford
New Brianville, WA 66456",PENDING,17
1446,Lori Black,1993-04-24,"525 Shane Causeway Suite 101
South Robertchester, PA 17750",VERIFIED,20
1447,Mary Owens,1968-07-15,"871 Robbins Underpass Suite 954
Jenniferbury, GA 96216",PENDING,4
1448,Christian Bailey,1995-12-31,"66636 Jason Land
Brownborough, TN 76109",VERIFIED,93
1449,Matthew Frye,1979-11-05,"4321 Mckee Wells
Bennettchester, MD 89464",VERIFIED,98
1450,Edwin Bell,1969-02-21,"798 Alexis Extension
North Timothyborough, WY 12682",VERIFIED,52
1451,Brian Espinoza,1956-07-29,"2808 Holly Wells
North Evantown, NE 52141",PENDING,49
1452,Sheryl Davis,1999-08-31,"302 Stacy Rest Apt. 476
Port Brookeside, ND 16103",PENDING,77
1453,Autumn Townsend,1951-09-10,"0384 Joshua Glen
Jennifershire, MP 11740",VERIFIED,82
1454,Sean Allen,1995-02-18,"51746 Christine Ferry
South Christine, KS 07191",VERIFIED,95
1455,Michael Snyder,1998-09-09,"49434 Patterson Wells Apt. 850
South Shawn, NY 28892",PENDING,71
1456,Derek Grant,1966-01-09,"Unit 9799 Box 2934
DPO AP 43345",PENDING,94
1457,Gregory Jackson,1954-05-15,"11515 Jennifer Forge Suite 370
Pachecohaven, NC 90375",PENDING,88
1458,Jason Carter MD,1973-03-10,"PSC 8674, Box 2094
APO AE 09991",PENDING,89
1459,Katherine West,1975-02-07,"9691 Reilly Skyway
East John, MN 51672",VERIFIED,46
1460,Jason Callahan,1991-02-15,"71573 Garcia Oval Apt. 777
South Stevenburgh, GU 14427",VERIFIED,64
1461,Sean Berry,1980-02-24,"15550 Jason Parks Apt. 037
East Marystad, KY 52792",VERIFIED,77
1462,Michael Lowe,1978-09-21,"111 Villarreal Squares
East Jacquelineshire, OK 44506",PENDING,84
1463,Andrew Riley,1973-07-25,"126 Cheryl Cliffs
South Michael, KS 72091",PENDING,75
1464,Daniel Ross,1981-12-04,"38058 Robert Run Apt. 355
Santosville, AR 35968",VERIFIED,75
1465,Leslie Carpenter,1958-09-06,"716 Patel Forest
Lake Lisaberg, PW 35351",PENDING,49
1466,Larry Coffey,1969-10-28,"8738 Donna Road Suite 229
Stacyville, CO 70401",VERIFIED,19
1467,Jennifer Beasley,1981-10-28,"280 Todd Branch Suite 091
Robertview, IA 81817",VERIFIED,44
1468,Jerry Gonzales,1981-08-04,"47766 Jessica Forges Suite 178
Port Markshire, MA 52000",VERIFIED,38
1469,Michael Jones,1962-10-08,"89483 Nicholas Roads Apt. 509
East Valerieview, GU 59750",PENDING,18
1470,Kayla Adams,1993-08-23,"764 William Gardens Apt. 968
Lake Adrianmouth, NY 26863",PENDING,82
1471,Debra Romero,1993-11-27,"41573 William Plaza
West Joshua, AK 65565",PENDING,3
1472,Mary Duncan,1961-01-23,"4770 Andrew Square
Billyhaven, TN 52679",VERIFIED,14
1473,Gina Weber,1954-02-04,"89698 Justin Plains
North David, ID 59666",VERIFIED,20
1474,David Salazar,1971-02-23,"66399 Nicole Parks Suite 986
East Jay, NE 39529",VERIFIED,19
1475,Donald Martin,2006-10-02,"333 Jeffrey Haven Suite 795
Tamishire, CA 27798",PENDING,100
1476,Janet Mccoy,1955-11-19,"93268 Davila Ports
Port Erikfort, PR 75185",PENDING,54
1477,Ashley Allen,1970-09-15,"250 Johnson Courts
Port Johnhaven, MS 65345",VERIFIED,48
1478,David Douglas,2007-08-19,"51561 Samuel Dam
Michaelland, FM 16701",VERIFIED,59
1479,John Brown,1971-01-02,"7600 Young Canyon
North Wesleybury, RI 83864",PENDING,52
1480,Pamela Aguirre,1973-09-08,"98507 Lauren Valley Suite 549
North Meganburgh, IA 79750",PENDING,82
1481,Jeffery Spencer,1977-04-26,"50128 Rebecca Fords
Jacobstad, CT 60320",VERIFIED,65
1482,Anthony Dennis,1951-02-28,"36078 Melinda Square Suite 464
East Justinborough, NJ 06662",VERIFIED,58
1483,Lindsey Mcdaniel,1977-03-01,"58984 Edwards Mountains Suite 810
West Bryanburgh, KY 19720",VERIFIED,75
1484,Kristin Martin,2008-02-05,"20041 Martinez Throughway Suite 152
Perezfurt, MP 65825",PENDING,50
1485,John Cameron,1953-05-13,"8989 Shelley Motorway
East Brittneybury, WI 33531",VERIFIED,9
1486,Caroline Mccoy,2000-10-24,"777 Burns Corner Suite 180
Pamelahaven, KY 58486",PENDING,45
1487,Harold White,1961-07-12,"298 Stewart Highway Apt. 887
West Virginiafort, CO 61083",PENDING,47
1488,Angela Duarte,1957-09-22,"139 Stacy Station
North Mitchellstad, AR 39966",VERIFIED,57
1489,Amanda Herrera,1979-11-13,"2397 Parker Canyon Apt. 759
South Deborah, HI 85994",PENDING,80
1490,Johnny Shaw,1965-12-22,"USNV Bass
FPO AA 95023",VERIFIED,40
1491,April Price,1999-12-24,"32335 Patricia Plains
Waterschester, NH 64985",VERIFIED,26
1492,Debra Nelson,1954-03-13,"8179 Ruiz Plains
Kevinport, OH 97197",VERIFIED,12
1493,Jonathan Guzman,1972-08-26,"08342 James Lodge
Christinemouth, TN 48727",PENDING,62
1494,Crystal Lewis,1980-03-03,"68876 Miranda Drive
Wilsonbury, MA 38920",PENDING,44
1495,Margaret Keller,1965-08-21,"1935 Lawrence Corners Apt. 036
Jaymouth, VI 14866",PENDING,53
1496,Brianna Smith,1975-04-08,"613 Zachary Vista
East Kara, VI 73360",VERIFIED,57
1497,Aaron Sanchez,1956-07-15,"351 Vasquez Crossing Apt. 714
Christopherhaven, UT 67999",VERIFIED,22
1498,Justin James,1996-11-06,"0086 Tammy Village Apt. 076
Lake Kaitlyn, WA 67708",VERIFIED,32
1499,Tara Mckinney,2006-10-18,"649 Smith Shore Apt. 489
Port Keith, PA 25441",VERIFIED,60
1500,James Medina,1973-04-02,"2741 Myers Mountains
Watershaven, HI 41488",PENDING,37
1501,Erik Hancock,1996-02-02,"Unit 7464 Box 7062
DPO AA 54010",PENDING,22
1502,Robin Dennis,1986-06-19,"34334 David Plaza Apt. 373
Robertchester, NM 79360",VERIFIED,75
1503,Billy Anderson,1966-09-09,"Unit 1536 Box 5260
DPO AE 75553",PENDING,87
1504,Johnathan Nguyen,1987-07-27,"615 Bonnie Spring
West Amandaland, HI 97089",VERIFIED,25
1505,Brandy Lambert,1974-04-03,"596 Jessica Knolls
Underwoodshire, MN 19982",PENDING,63
1506,Jade Adams,1991-06-02,"584 Amy Rapid
Joelhaven, VA 79838",VERIFIED,19
1507,Kathy Davenport,1982-11-16,"2531 Pamela Creek
Brownville, VI 94091",VERIFIED,81
1508,Veronica Baird,1956-06-10,"811 Perkins Parks Suite 901
East David, MS 84093",PENDING,91
1509,Devin Harris,1954-06-13,"0856 Keith Spur Suite 090
Brandyside, AK 62324",PENDING,93
1510,Jeffrey Cantrell,1988-08-31,"0699 Jennifer Park Suite 485
New Jodiside, KY 14548",PENDING,75
1511,April Holmes,1979-07-28,"8260 Christopher Via Suite 903
Frenchmouth, MS 58704",PENDING,57
1512,Victoria Lee,1978-11-17,"PSC 9351, Box 6439
APO AE 29898",VERIFIED,24
1513,Martha Wright,1992-06-16,"Unit 5745 Box 0035
DPO AA 64452",VERIFIED,26
1514,Stephen Hawkins,1955-05-09,"20416 Michael Street
Evansbury, MI 25834",PENDING,65
1515,Wendy Kane,1964-02-25,"9862 Bennett Center Suite 726
Coffeyshire, IA 97028",PENDING,7
1516,Julie Young,1992-07-05,"82008 Nancy Spurs
Lake Brendamouth, PA 81918",PENDING,64
1517,James Wells,2003-08-14,"46349 Woods Plaza Suite 286
Hudsontown, NE 39342",PENDING,73
1518,Aaron Rodriguez,1956-06-16,"876 Andrea Prairie Suite 578
Jamesborough, FM 67828",PENDING,74
1519,Andrea Howard,1994-11-30,"28875 Ward Pike
South Charles, DE 10543",PENDING,34
1520,Brandy Ford,1982-12-22,"PSC 4186, Box 6298
APO AA 22756",PENDING,81
1521,Vanessa Sanders,2000-06-18,"USNV Walker
FPO AP 78566",PENDING,20
1522,Jeffrey Rodriguez,1954-12-19,"6845 Brooke Summit
Hicksstad, TN 17198",VERIFIED,75
1523,Kristi Cooke,1981-02-23,"01766 Gonzalez Radial
East Julia, LA 34104",VERIFIED,68
1524,Amy Benjamin,1994-08-10,"USNV Shaw
FPO AA 49497",PENDING,56
1525,Deanna Rich,1963-09-24,"893 Mathis Plaza Suite 552
South Kimberly, ID 94867",PENDING,93
1526,Emma King,1996-03-09,"1718 Susan Gardens
Jaimemouth, CO 38467",PENDING,15
1527,Kevin Rodriguez,2006-11-21,"7774 Hansen Crescent Apt. 915
Lake Taraton, CT 55020",VERIFIED,71
1528,Danny Aguilar,1978-05-28,"052 Mason Rue
Lake Danielle, SC 16836",PENDING,12
1529,Glen Hamilton,1956-03-30,"26827 Angela Valley Suite 521
Lauraborough, DC 28201",VERIFIED,21
1530,Jason Martin,1999-09-24,"21402 King Expressway Apt. 717
Sarahside, IL 51078",VERIFIED,36
1531,Scott Vasquez,1967-03-25,"8664 Johnson Crossing Apt. 471
South Lawrencemouth, LA 54226",VERIFIED,10
1532,Nicole Lopez,2008-03-23,"5569 Walker Bypass
Williamshire, IN 68560",VERIFIED,67
1533,Michael Garza,1988-12-23,"2884 Nathan Mountain
Harrellhaven, VT 73403",PENDING,31
1534,Scott Walker,1988-08-30,"38094 James Junctions
Pooleville, NY 13780",PENDING,1
1535,Brenda Savage DVM,2000-04-30,"4952 Michael Extensions Apt. 389
Thomasfurt, AK 35676",VERIFIED,58
1536,Sean Brown,1953-08-09,"087 Alexandra Ramp
East Brendaview, KS 28083",VERIFIED,93
1537,Joshua Ware,1974-02-05,"71396 Smith Pine Suite 473
East Julieside, VT 29738",VERIFIED,19
1538,Edward Ramos,1997-04-13,"82743 Mitchell Drives Apt. 636
West Arthur, CT 79061",PENDING,66
1539,Victoria Johnson,1982-09-09,"7229 Spears Parks
Wilsonbury, UT 32939",PENDING,71
1540,Kevin Burton,1980-11-06,"120 Steven Court Suite 925
Taylorville, SC 55938",PENDING,2
1541,Michael Ingram,2005-05-29,"USCGC Schultz
FPO AE 78889",PENDING,21
1542,Elizabeth Proctor,1987-05-04,"804 Collins Expressway
North Gloria, IN 49711",PENDING,1
1543,Victoria Galvan,1964-06-24,"924 Casey Mountains
Quinnshire, DC 42432",PENDING,26
1544,Sarah Palmer,2005-07-15,"845 Charles Fort
East Brianport, AL 34896",PENDING,94
1545,Christopher English,1998-01-28,"222 Rivera Fall
East April, PR 23349",PENDING,41
1546,Kristin Bowman,1990-06-01,"67036 Marco Forest
Lake Raymond, OK 72764",VERIFIED,61
1547,Stephanie Johnson,2001-04-24,"USCGC Schroeder
FPO AP 55423",PENDING,66
1548,Joseph Austin,2001-10-24,"23439 Hammond Garden
Beasleyfort, FM 02340",VERIFIED,90
1549,Ethan Coffey,1987-12-11,"712 Martin Ports
South Chelseaport, FM 03196",PENDING,2
1550,Marie Doyle DVM,1962-02-18,"72049 Sanchez Ports
West Anthonyview, WA 24841",VERIFIED,64
1551,Teresa Smith,1955-07-30,"39451 Todd Parks
New Carolfort, NV 13583",VERIFIED,8
1552,Antonio Williamson,1967-01-17,"Unit 7008 Box 3074
DPO AA 89542",PENDING,39
1553,Elijah Aguilar,1999-04-15,"25213 Norris Mountain
Gonzalezfort, CO 91412",VERIFIED,19
1554,John Trevino,1992-03-23,"146 Mcmillan Port Suite 250
Murphyshire, NV 19275",PENDING,92
1555,Timothy Olsen,1992-07-28,"USCGC Smith
FPO AA 44937",PENDING,38
1556,Dustin York,1955-12-08,"288 Clark Throughway
Leeshire, OK 80572",VERIFIED,8
1557,Michael Lee,1988-02-24,"87277 Hutchinson Plains
North David, WI 00787",PENDING,2
1558,Michael Mora,1981-01-02,"04460 Elizabeth Road
Johnsonmouth, WV 79535",VERIFIED,62
1559,Anthony Young,1973-01-28,"74245 Chang Turnpike Suite 321
Brandttown, LA 47746",VERIFIED,95
1560,Vincent Mann,1952-05-26,"628 Hill Mission
West Jacobberg, ME 86046",PENDING,13
1561,Pamela Burke,1984-12-31,"313 Davis Haven
South Brian, AS 17925",VERIFIED,58
1562,Hector Hogan,1973-12-08,"7708 Mary Port
New Justinshire, MS 02016",PENDING,92
1563,Gwendolyn Williamson,1977-09-02,"PSC 3184, Box 2630
APO AP 38429",PENDING,36
1564,Allison King,1979-07-12,"65270 Curtis Crescent
Davisburgh, HI 29496",VERIFIED,3
1565,Nancy Pope,1984-10-28,"Unit 3294 Box 8564
DPO AE 04843",PENDING,67
1566,Peter Johnson,1974-02-23,"31613 Shannon Inlet Suite 950
Thomasland, GA 11316",PENDING,90
1567,Ronald Wright,1959-05-27,"61982 Alexander Parkways
Smithmouth, PR 51916",VERIFIED,63
1568,April Martinez,1957-07-23,"76688 Cindy Path
Lake David, FL 40050",PENDING,100
1569,Jennifer Cox,2000-12-21,"3801 Sanchez Locks Suite 733
Port Glennburgh, CO 73677",PENDING,80
1570,Ryan Smith,1959-06-01,"270 Roger Ranch Apt. 382
New Amyside, WI 02516",VERIFIED,31
1571,Michael Green,1994-08-18,"7672 Leah Station
Lake Tammy, NH 41335",VERIFIED,30
1572,Barbara Sosa,1967-09-13,"5511 Flynn Prairie Apt. 804
Lake Benjaminmouth, PW 35482",VERIFIED,88
1573,Alexis Patel,1996-05-11,"USNS Patton
FPO AP 70993",PENDING,59
1574,Cindy Johnson,2007-02-09,"79795 Emily Inlet Suite 589
Gregoryfurt, DE 93105",PENDING,67
1575,Courtney Hunt,1975-07-16,"02295 Nancy Islands
North Randall, MH 25743",VERIFIED,52
1576,Sarah Landry,2004-03-15,"18580 Craig Cape Suite 101
South Ashley, MP 27056",VERIFIED,81
1577,Debbie Marquez,1982-10-18,"22381 Olson Turnpike
Debbiehaven, NY 18941",VERIFIED,36
1578,Terri Everett,1992-03-28,"182 Flores Valley
Riveramouth, NJ 95054",VERIFIED,27
1579,Scott Salazar,1953-03-20,"6182 Campbell Harbor
South Mario, NV 69779",PENDING,6
1580,Thomas Thomas,1964-02-09,"29871 Cody Station
West Kennethshire, SC 55231",VERIFIED,41
1581,Samuel Russo,1995-11-17,"74359 Smith Rest
North Johnmouth, MO 72655",PENDING,58
1582,Ashley Walker,1961-06-09,"5622 Erin Center Apt. 285
Washingtonstad, HI 23471",VERIFIED,49
1583,Tara Patton,1956-01-04,"91432 Kyle Course
Kimberlyland, RI 92743",PENDING,71
1584,Kevin Campbell,1966-10-10,"457 Francis Creek
Millsfort, MI 77495",VERIFIED,9
1585,Devin Davies,1967-02-23,"9781 Hanson Manor Suite 025
West Jacobborough, GU 12130",VERIFIED,73
1586,Paige Small,1976-10-16,"335 Stephanie Points
Mcdanielmouth, NV 07766",VERIFIED,56
1587,Ariana Sparks,1987-12-08,"4392 Renee Union Apt. 596
Lake Kelly, PW 01705",VERIFIED,89
1588,Adrian Watson,1993-11-29,"5542 French Junction
Payneside, ND 18478",VERIFIED,38
1589,Clayton Burton,1982-05-18,"833 Steven Alley
Stewartborough, PW 41767",VERIFIED,16
1590,Christopher Stevenson,1951-02-25,"82905 Miranda Mission
Lake Georgeview, DE 93030",PENDING,32
1591,Pamela Donaldson,1971-02-20,"30084 Lee Locks
New Samanthaberg, SC 01731",VERIFIED,43
1592,Danielle Cole,1981-02-14,"0851 Williams Camp Apt. 591
Ericatown, MA 27756",VERIFIED,88
1593,Darin Garcia,1974-11-22,"63007 Michael Harbor Apt. 685
New Jennifer, VT 42999",PENDING,50
1594,William Bishop,1953-05-21,"577 Tracy Ramp Apt. 646
Ortegaland, SC 96429",PENDING,80
1595,Jorge Wright,1977-05-01,"686 Black Isle Suite 062
South Theresamouth, UT 90065",PENDING,61
1596,Alexis Pearson,1981-04-09,"421 Rasmussen Manors Apt. 042
Colleenchester, IN 21891",PENDING,91
1597,Vanessa Smith,1955-11-25,"8506 Callahan Inlet
Port Carl, NJ 53458",PENDING,58
1598,Jacob Foster,1975-09-23,"5532 Ortega Rapids Suite 790
South Gregorychester, AR 33793",VERIFIED,84
1599,Julia Larson,1963-10-01,"050 Smith Valley Apt. 247
Williamstown, PW 26213",VERIFIED,63
1600,Rebecca Mcconnell,1954-03-31,"7528 Garcia Wells Suite 372
Joshuastad, CO 67993",VERIFIED,77
1601,Robert Morgan,1972-03-10,"6446 Herrera Greens
Lake Allison, KY 46608",PENDING,92
1602,Jill Rodriguez,1975-10-22,"5906 Tucker Squares Suite 885
Corychester, MO 13694",VERIFIED,4
1603,Virginia Mack,1990-01-14,"87295 Nathaniel Avenue Apt. 117
Reillyport, MP 61113",VERIFIED,11
1604,Logan Lynn,1954-07-07,"69591 Davis Summit
Williamsshire, ND 66062",PENDING,79
1605,Abigail Johnson,1980-04-10,"164 Farrell Shoals Suite 492
Kentside, OR 94836",PENDING,70
1606,Jacqueline Colon,1986-06-01,"965 Peter Alley Apt. 810
Lopezhaven, NY 22905",PENDING,93
1607,Helen Harris,1997-07-21,"PSC 7473, Box 7586
APO AP 02782",PENDING,21
1608,Catherine Johnson,1959-07-18,"89656 Morgan Unions Apt. 065
Joannland, PR 36198",PENDING,36
1609,Mark Johns,1989-03-28,"239 Campbell Gardens Suite 551
Millerfurt, NV 16515",VERIFIED,77
1610,Jim Davis MD,1956-10-04,"23857 Roger Motorway Suite 843
Port Katiebury, PA 11806",VERIFIED,46
1611,Sarah Davis,2006-01-30,"3202 Dunn Cape Suite 209
Port John, MO 01240",VERIFIED,57
1612,Jacob Hernandez,1971-04-24,"2117 David Views
South Jasonberg, WV 78680",VERIFIED,9
1613,Michele Fisher,1957-04-21,"531 Gomez Drive
Kennethshire, NM 16103",VERIFIED,20
1614,Sara Gomez,1970-09-15,"93550 Johnson Burgs
Muellerberg, FL 85358",VERIFIED,78
1615,Rita Ellis,2004-06-04,"PSC 3193, Box 5277
APO AE 53561",VERIFIED,78
1616,David Carlson,1967-05-18,"3973 Mcgee Knoll Suite 044
East Elizabeth, NY 27606",VERIFIED,10
1617,Kathleen Lopez,1970-08-15,"644 Villarreal Park
Barronside, AL 89504",PENDING,26
1618,Philip Thompson,1990-04-20,"456 Elizabeth Turnpike
Fergusonhaven, MI 70750",PENDING,6
1619,Jose Garcia,1957-12-18,"40502 Dyer Well
Thomasport, CA 14154",VERIFIED,7
1620,Theresa Adams,1970-01-01,"Unit 3006 Box 2175
DPO AA 96048",VERIFIED,55
1621,Lawrence Williams,1972-07-31,"15479 Pham Parks Suite 005
Jessicaberg, NV 93050",VERIFIED,67
1622,Brian Combs,1953-03-28,"0421 Stewart Lodge Apt. 582
New Robert, NH 93838",PENDING,10
1623,Matthew Serrano,1975-12-27,"92848 Mark Summit
South Lori, DC 41666",VERIFIED,28
1624,Tony Allison,1976-12-11,"05779 Wendy Stravenue Apt. 984
Colleenland, GA 34963",PENDING,61
1625,Joy Bennett,1956-08-30,"9641 Sarah Bypass
Lorifort, OK 58986",PENDING,34
1626,Catherine Zimmerman,1956-02-26,"14033 Crystal Shores Apt. 967
New Joseph, NH 56926",PENDING,83
1627,Shannon Joseph,2003-08-04,"5470 Hicks Summit
Damonfurt, MN 80210",PENDING,86
1628,Joel Garcia,1977-02-22,"2537 Leah Common
Freemanshire, GU 20285",VERIFIED,38
1629,Edwin Coleman,1976-04-02,"725 Heather Circle
North Tonyton, DC 11973",PENDING,44
1630,Chad Flynn,1954-05-24,"USCGC Patel
FPO AA 83932",PENDING,18
1631,Gary Mccann,2005-12-27,"PSC 1340, Box 1317
APO AP 30686",VERIFIED,35
1632,David Martin,2004-07-19,"3110 Herman Vista
Jamietown, AS 69268",PENDING,85
1633,Stephanie Ross,1998-03-07,"29943 Estrada Plains
Matthewfurt, TX 07568",PENDING,76
1634,Stephanie Hodge,1992-12-19,"825 Smith Squares Apt. 905
Arroyoshire, KS 73843",PENDING,47
1635,Charles Novak,1966-11-24,"27326 Lori Mountain
West Lauren, PA 66019",VERIFIED,52
1636,Christine Johnson,1969-12-17,"359 Luis Roads
West Kristinstad, PR 68517",VERIFIED,93
1637,Renee Wall,1996-05-02,"Unit 2382 Box 4376
DPO AE 07892",PENDING,50
1638,Dean Contreras,1961-10-14,"799 Christine Rapids
West Martha, PA 21705",PENDING,73
1639,Paula Edwards,1990-11-08,"48875 Kristin Island
North Brian, OH 52683",VERIFIED,36
1640,Alicia Vega,1991-03-13,"4002 Jeffery Cliffs Suite 317
New Donald, AZ 92494",VERIFIED,89
1641,Natalie Kelley,1974-11-28,"54557 Harvey Via Apt. 528
Wumouth, NV 61266",VERIFIED,47
1642,Joseph White,1991-09-13,"71270 Miller Lodge Apt. 557
Port Chelseaton, NY 60921",VERIFIED,22
1643,Brandon Owens,1964-12-05,"51676 Baker River Suite 139
New Travisburgh, MO 65156",PENDING,52
1644,Matthew Flores,1960-03-05,"43078 Warren Road Apt. 783
Lake Michelle, ME 23957",VERIFIED,86
1645,Christine Miranda,1979-10-26,"89902 Medina Flats
Smithborough, KS 14938",PENDING,20
1646,Christopher Stanley,1986-04-04,"4636 Patrick Knoll
East Christopher, NC 14191",VERIFIED,20
1647,James Greene,2002-02-15,"82864 Nicole Unions
Meganbury, WA 06352",VERIFIED,88
1648,Sheri Peters,1969-12-06,"83039 Robert Stream
Perezberg, SD 32038",PENDING,83
1649,Carl Scott,1977-05-16,"PSC 7380, Box 8069
APO AP 76768",VERIFIED,73
1650,Ashley Alvarez,1997-03-16,"64735 Karen Drive Apt. 611
North Sharon, WY 19162",VERIFIED,65
1651,Jorge Brown,1968-06-01,"23313 Clayton Mission Apt. 635
West Elizabeth, MS 62834",PENDING,41
1652,Jonathon Sanchez,2001-01-28,"062 Jenny Circle Suite 824
Jacobchester, MO 35450",PENDING,16
1653,Philip Brown,1987-09-27,"1574 Hall Skyway Suite 769
East Donna, NM 66518",VERIFIED,29
1654,Shawn Harris,2003-05-01,"16164 Johnson Parkways Apt. 043
Port Sonyaside, IL 75870",VERIFIED,26
1655,Dr. Briana Brown DDS,1974-05-12,"6423 Jennifer Point
New Alexanderstad, IL 73929",PENDING,58
1656,Dylan Kelly,1952-05-23,"107 Johnson Oval Suite 767
East Taylorberg, CT 99297",PENDING,45
1657,Nicholas Delacruz,1960-02-15,"6590 Melissa Cliff Apt. 915
Austinland, RI 18166",VERIFIED,74
1658,Stephen Donaldson,1978-11-29,"7399 Mccullough Curve Apt. 403
Douglasfurt, VT 98628",VERIFIED,22
1659,Johnny Adams,1958-05-11,"90822 Michael Parks Suite 081
Brownshire, MH 09224",VERIFIED,86
1660,Rebecca Horn,1969-05-12,"53027 Solis Drive
Ashleyburgh, GU 03406",PENDING,70
1661,Joseph Morales,1978-02-28,"4341 James Knoll Suite 520
Jillchester, AS 37074",VERIFIED,19
1662,Olivia Morgan,1997-09-22,"2632 Diaz Shoals Suite 451
Barbaraview, ID 16637",PENDING,47
1663,Katherine Foster MD,1997-10-14,"43422 Darryl Shoals
Flemingbury, PW 82985",PENDING,40
1664,Scott Mendoza,1976-07-31,"952 Katherine Club Suite 724
Zacharyborough, TN 11823",PENDING,8
1665,Kimberly Humphrey,1974-09-22,"1958 Wood Burg Suite 966
Allenbury, OK 10519",PENDING,33
1666,Jay Madden,1973-11-09,"75340 Brown Heights Suite 621
New Melissa, AK 51382",VERIFIED,8
1667,Dr. Howard Richards,1976-07-30,"136 Knight Locks
Casefort, MS 30648",VERIFIED,63
1668,Samuel Wise,1974-01-19,"15508 Eileen Falls
South Andreatown, WI 57264",PENDING,32
1669,Jose Price,1955-12-18,"2749 Steven Plains Suite 853
Stewartton, TN 45504",VERIFIED,29
1670,Carolyn King,1988-04-04,"50029 Melissa Cliff Suite 798
North James, OR 24973",VERIFIED,6
1671,Jeremy Bennett,1988-08-07,"11232 David Summit Suite 169
North Timothyview, MO 35512",VERIFIED,29
1672,Christopher Martinez,1976-07-23,"USNV Martinez
FPO AA 02054",PENDING,69
1673,Natasha Turner,2001-03-04,"634 Justin Way
Port Jared, AS 66104",VERIFIED,3
1674,Michael Garcia,1989-12-04,"8870 Theresa Hill Apt. 329
West Emilymouth, GA 57277",PENDING,70
1675,Alexis Rich,1988-12-18,"18065 Catherine Road Apt. 697
Jasonside, TX 89120",PENDING,13
1676,Matthew Evans,2005-11-03,"11556 Ramirez Isle Apt. 263
Tuckerstad, NY 75946",VERIFIED,61
1677,Jonathan Chan,1954-12-22,"1659 Baker Fork Apt. 781
Lake Timothychester, AZ 65112",PENDING,62
1678,Mr. John Schmidt,1980-04-02,"775 Sarah Cape
West Jose, LA 40417",PENDING,20
1679,Jose Thompson,1981-09-08,"8808 Caitlin Extensions
Martinport, MT 29969",PENDING,43
1680,Richard Carrillo,1971-11-14,"293 Ann Corners
Port Jeff, LA 37574",PENDING,77
1681,Mary Gutierrez,1954-08-03,"752 Wade Mountain
South Derrick, SD 44774",PENDING,34
1682,Jonathan Bruce,2003-10-06,"USNS Gardner
FPO AP 15332",PENDING,29
1683,Melissa Davis,1969-09-05,"247 Stone Inlet Suite 158
South Chadburgh, VA 86084",PENDING,48
1684,Travis Burns,1989-11-10,"806 Christine Flats
West Joyce, IL 24825",PENDING,88
1685,Maria Gonzalez,1964-04-04,"USS Ray
FPO AA 18579",PENDING,96
1686,Adam Mendoza,1992-05-08,"642 Jacqueline Ports
East Amanda, PW 73830",VERIFIED,69
1687,Kristie Smith,1978-11-01,"0879 Adam Spring Suite 829
Jacksonshire, MD 94870",PENDING,50
1688,Catherine Wolf,1954-03-18,"PSC 9715, Box 5745
APO AP 53302",VERIFIED,12
1689,Edward Waters,2002-11-28,"189 Andrew Lodge Apt. 757
Lake Vernonhaven, OK 38884",VERIFIED,41
1690,Theresa Henson,2004-08-30,"1518 Benjamin Pike Apt. 207
Nancyland, ME 19349",PENDING,48
1691,Christopher Nicholson,1982-12-06,"4467 Andre Extensions
New William, ID 78148",VERIFIED,30
1692,Zachary Jackson,1969-11-23,"97175 Joyce Flat
Ramirezview, PA 85645",PENDING,95
1693,Michael Romero,1977-02-11,"438 Todd Bypass Suite 022
Chenbury, MO 40466",PENDING,18
1694,Jacob Henderson,1965-08-02,"48851 Douglas Hills
Tracyville, MT 40448",VERIFIED,24
1695,Jennifer Gray,1988-10-23,"00959 Jennifer Unions
Gallowayland, PA 59111",PENDING,5
1696,Michelle Walker,1991-04-04,"6132 Scott Vista Apt. 871
East April, NV 90004",VERIFIED,28
1697,Tara Johnson,2008-03-14,"0823 David Gateway Suite 761
Timothyfurt, CA 07126",PENDING,39
1698,Andrew Roberts,1959-07-28,"03189 Haynes Tunnel
South Brittanyfort, AL 61899",PENDING,59
1699,Gregory Barrett,1954-11-25,"990 Mcneil Branch Apt. 955
Brianmouth, WI 05260",PENDING,28
1700,Tanya Wheeler,1975-06-04,"491 Hickman Mountain Suite 037
West Danielmouth, SC 72181",VERIFIED,90
1701,Jerry Case,1980-06-05,"0715 Tammy Streets
Lindsayport, CA 13732",PENDING,16
1702,Rachel Brown,1980-10-10,"48201 Guerra Mill Apt. 302
Carolberg, NM 25509",VERIFIED,72
1703,Andrea Sellers,1996-05-17,"318 Fox Shoals
North Kristinamouth, CO 29090",PENDING,26
1704,Victoria Hill,1962-03-15,"9423 Crane Ports Suite 426
Jodymouth, RI 81931",VERIFIED,33
1705,Julie Griffin,1952-02-08,"38368 Larson Creek Apt. 571
Murrayside, MA 65924",PENDING,18
1706,Stephanie Kim,1962-09-25,"Unit 4014 Box 5041
DPO AP 99561",PENDING,56
1707,Aaron Campos,1971-05-16,"8439 David Lakes Apt. 722
Port Isaac, MP 02178",PENDING,62
1708,Linda Day,1987-09-28,"84545 Cole Glens
Port Robertfurt, CT 98542",VERIFIED,8
1709,Tyler Cruz,1959-08-16,"93802 Timothy Landing
West Juanberg, MO 63169",VERIFIED,74
1710,Kathleen Velez,1969-04-09,"14032 Colleen Crossing
Lyonsborough, AZ 83383",VERIFIED,69
1711,Jason Henderson,1969-10-19,"5894 Cook Center Apt. 935
West Christophertown, AZ 11992",PENDING,88
1712,James Clark,2006-02-12,"8525 Holloway Mountains
East Jenniferborough, HI 89822",PENDING,89
1713,Jerry Mendez,2002-09-12,"132 Williams Highway Apt. 868
East Steven, PW 15385",VERIFIED,66
1714,Cynthia Hall,2002-08-15,"611 Megan Crossroad Suite 316
Carterport, PR 50150",VERIFIED,73
1715,Sydney Davis,2004-06-14,"8556 Tiffany Club
Andrewborough, AK 26224",PENDING,47
1716,Catherine Duncan,1960-08-16,"2172 Tammy Radial Apt. 353
South Stephanie, NM 85871",VERIFIED,98
1717,Blake Stewart,1971-08-03,"3558 Cheryl Crescent
Port Catherine, NH 31189",VERIFIED,29
1718,Richard Shelton,1972-04-12,"365 Burgess Village
Morrisfurt, IN 51878",VERIFIED,38
1719,Kelsey Conway,1951-09-05,"39910 Pierce Summit Suite 555
Port Lori, OK 27343",PENDING,83
1720,Suzanne Burton,1969-09-20,"381 Michael Manor
North Amandamouth, AR 67590",VERIFIED,61
1721,Mr. Gabriel Conley,2005-12-09,"USS Lambert
FPO AE 51978",PENDING,88
1722,Gary Boyle,1996-12-25,"24614 Wilson Crossroad Apt. 595
New Davidview, TX 03438",PENDING,37
1723,Richard Gibson,1999-07-28,"98488 Alan Parks Apt. 371
Knightbury, OR 69509",VERIFIED,1
1724,Kathy Butler,2008-04-10,"8079 Katie Alley
Amberfort, IA 08996",PENDING,3
1725,Gabriella Arnold,1999-02-15,"297 Andrea Track Suite 253
Rodneystad, IA 85047",PENDING,27
1726,Jessica Miller,1984-09-09,"Unit 3199 Box 7322
DPO AE 01149",PENDING,75
1727,Hunter Anderson,1963-01-26,"00946 Mary Roads Suite 259
Lake James, AL 89963",PENDING,3
1728,Mark Edwards,2005-11-09,"388 Tina Drives Apt. 864
North Michael, PW 76208",PENDING,23
1729,Barry Morrison,1987-12-04,"08386 Banks Path Apt. 473
West Philipchester, UT 35092",VERIFIED,31
1730,David White,1992-06-03,"01648 Griffith Radial
New Amanda, ME 90330",PENDING,50
1731,Stephanie Keller,1963-01-22,"903 Jones Ways Suite 315
North John, SC 58574",PENDING,47
1732,Tina Huynh,1966-06-26,"786 Snyder Mount
New Luis, MH 33346",PENDING,31
1733,Diana Wang,1969-10-26,"USCGC Osborne
FPO AP 36568",PENDING,92
1734,Michelle Miller,1973-02-24,"7814 Shaw Skyway
North Melissa, IN 11181",VERIFIED,51
1735,Ashley Estrada,2000-05-28,"38622 Mcgee Port
Danieltown, DE 43559",VERIFIED,4
1736,Christopher Martin,1961-05-05,"69401 Martin Prairie Suite 116
Sellersshire, FM 00663",VERIFIED,41
1737,Dennis Curtis,1953-06-19,"PSC 3389, Box 0666
APO AE 56859",PENDING,35
1738,Alyssa Shah,1967-02-06,"350 Hernandez Brooks Suite 501
Sanchezton, AL 86129",PENDING,44
1739,Kaitlyn Wilson,1955-06-13,"8013 Williams Walk
Coleview, PW 95005",PENDING,94
1740,George Hale,1957-12-29,"01517 Rebecca Meadow
West Thomaschester, FM 16332",PENDING,73
1741,James Gonzalez,1954-10-07,"33813 Valdez Harbors
Lake Hannah, NH 10094",VERIFIED,71
1742,Jaime Webb,1996-05-11,"3320 Brown Shoal
Caitlinstad, TX 70374",PENDING,42
1743,Martha Figueroa,1972-08-07,"9454 Maria Manors
Port Christophermouth, KS 34833",VERIFIED,89
1744,John Carter,1953-03-12,"99226 White Garden
West Virginia, MS 24785",PENDING,79
1745,Robert Andrews,1984-03-06,"6841 Andre Estate
Kellyburgh, PW 43437",VERIFIED,28
1746,Lindsey Ingram,1980-06-03,"1060 Lyons Avenue Apt. 276
Lake Rebecca, VI 88578",PENDING,89
1747,Sandy Gill,1951-09-18,"23131 Janet Square
Donnaville, MA 76076",PENDING,70
1748,Ashley Baker,1975-02-13,"766 Kristin Islands Suite 398
Port Lori, IL 67448",VERIFIED,36
1749,Mr. Paul Bell,1950-09-19,"3723 Todd Circle
North Danielchester, SC 15425",VERIFIED,33
1750,Jill Fitzgerald,1989-12-25,"1145 Bray Bridge Apt. 956
Andersonport, VA 64538",PENDING,86
1751,Michael Shelton,1963-08-27,"2328 Kennedy Landing Apt. 197
South Diane, OR 19764",PENDING,14
1752,Barry Castaneda,1978-06-15,"8902 Gardner Isle Apt. 396
Taylorfort, TN 22725",VERIFIED,4
1753,Jaime Stanley,1992-09-17,"056 Dylan Course
East Ericaton, AR 23851",VERIFIED,50
1754,Kelly Mclean,1987-09-10,"828 Amy Fords Suite 142
North Brianberg, RI 76100",PENDING,62
1755,Rebecca Romero,1968-10-11,"65588 Jones Plains Suite 175
Rebeccaborough, FL 86459",VERIFIED,24
1756,Donna Diaz,1970-06-02,"49708 Lisa Turnpike
New Jeffrey, ND 90844",PENDING,53
1757,Karen Chandler,1993-12-27,"0870 Elizabeth Port
Jenniferstad, ND 82759",PENDING,33
1758,Randy Guerrero,1972-02-26,"7994 Jackson Skyway
West Daleberg, MP 86255",PENDING,82
1759,Richard Mclaughlin,1964-01-05,"642 Keller Lock Apt. 920
Samanthaberg, MI 93529",VERIFIED,45
1760,Christian Marsh,1962-11-17,"98509 Carrie Rest Apt. 654
Millerborough, GU 68800",VERIFIED,61
1761,Zachary Morgan,1992-12-29,"633 Williams Groves Suite 369
Wilsonmouth, FM 98871",VERIFIED,63
1762,Martin Smith,1957-08-15,"839 Rodriguez Loop
South Cindy, PA 23761",PENDING,61
1763,Melinda Oconnor,1974-02-14,"826 Foster Lodge
East Tiffanyhaven, HI 67708",VERIFIED,16
1764,Patrick Rivera,1975-01-09,"4992 Brown Lakes
Brownburgh, OR 39926",PENDING,11
1765,Heather White,1981-09-30,"7908 Randall Turnpike
Stanleyville, PW 91161",PENDING,72
1766,Kathryn Cooke,1974-04-20,"8120 Juan Ville
South Allison, FL 28558",PENDING,49
1767,Anita Jackson,1952-08-07,"9458 Ritter Tunnel Suite 559
Morsemouth, SD 09350",VERIFIED,42
1768,Brett Brown,1982-07-11,"PSC 8256, Box 7560
APO AA 84529",VERIFIED,5
1769,Gary Lopez,2007-08-13,"3022 Eric Cove
Josephbury, MH 37998",PENDING,78
1770,Mikayla Hill,1970-07-28,"51191 Logan Brooks Apt. 235
South Terryfort, ME 15859",VERIFIED,48
1771,Vickie Moses,1952-03-20,"1136 Reed Club Apt. 089
South Amanda, OH 01446",VERIFIED,61
1772,James Dennis,1979-04-13,"PSC 5801, Box 3805
APO AE 36588",VERIFIED,66
1773,Timothy Ingram,1997-01-09,"055 David Course
Jamesmouth, SD 19509",VERIFIED,40
1774,Carol Lewis,1964-04-22,"PSC 8279, Box 3449
APO AA 11042",VERIFIED,89
1775,Geoffrey Kelley,1998-05-06,"USCGC Cooley
FPO AE 15653",VERIFIED,36
1776,Mary Moss,1965-09-13,"832 Michelle Drives Apt. 233
New Daniel, MA 55470",VERIFIED,20
1777,Michelle Williams,1967-01-13,"744 Christopher Hills
Lake Staceyfort, DE 37224",VERIFIED,20
1778,Michelle Walker,2001-03-28,"5075 Griffith Alley Apt. 479
Lake Carmen, NH 23805",VERIFIED,16
1779,Hailey Davis,1968-07-18,"756 Kelly Mountains
North Matthewchester, IN 63493",PENDING,22
1780,Sandra Powers,1985-10-26,"65406 Stephanie Dale Suite 806
Lake Christopher, HI 45909",PENDING,69
1781,Joseph Reyes,1960-05-27,"7754 Andrade Lock Apt. 559
Samuelburgh, KY 58518",VERIFIED,84
1782,Zachary Martin,1977-12-03,"753 Mark Union Apt. 774
West Michaelshire, KS 89913",PENDING,80
1783,Michael Cooper,1994-08-26,"1946 Bishop Run Apt. 252
Philipstad, PA 07215",VERIFIED,98
1784,Johnny Edwards,2003-08-14,"03530 Ronald Rest Suite 230
Henryburgh, MH 58825",PENDING,59
1785,Brittany Hernandez,1958-12-15,"03090 Joseph Brook
Sanchezland, NM 17198",PENDING,1
1786,Victoria Butler MD,1988-05-28,"741 Watson Path
Smithbury, PW 20423",PENDING,40
1787,Mark Jackson,1961-12-15,"887 Santos Square Apt. 708
Port Markhaven, VA 72023",VERIFIED,13
1788,Sharon Collins,1963-04-04,"6804 Timothy Cliffs
Brooksview, MA 98560",VERIFIED,47
1789,Michael Young,1965-10-23,"1393 Hughes Corners Suite 987
Port Josephburgh, VA 81176",PENDING,27
1790,Andrew Peck,1981-08-22,"8069 Thomas Ridges Apt. 947
North Karenside, CA 16616",VERIFIED,74
1791,James James,1970-09-13,"75891 Holloway Mall
Edgarberg, NM 38822",PENDING,69
1792,Lisa Bennett,1959-03-13,"9563 Bowman Courts Suite 462
Lake Victorville, AS 48454",PENDING,85
1793,Darren Walker,1992-09-26,"3593 David Fords Suite 378
North Jason, FL 71599",VERIFIED,99
1794,John Jones,1965-04-08,"18396 Rivers Route Apt. 920
Jenniferfurt, MH 98727",PENDING,69
1795,Stacy Kelly,1966-11-25,"5961 Chambers Bypass Apt. 557
Leonardmouth, MD 29743",PENDING,19
1796,William Miller,1992-01-05,"409 Suzanne Flats Suite 276
West Elizabethville, WA 91640",PENDING,83
1797,Mark Trujillo,1956-03-08,"USS Baxter
FPO AP 71547",VERIFIED,42
1798,Mary Baird,1996-01-19,"Unit 4515 Box 9011
DPO AA 11065",VERIFIED,11
1799,Richard Rodriguez,1974-08-03,"89220 Mark Manor
Pattersonland, AR 49921",VERIFIED,9
1800,Jeffrey Patton,1987-01-05,"3884 Miller Parkway Suite 981
Smithtown, DC 42669",PENDING,94
1801,Peter Watkins,1952-12-20,"333 Jesse Circles Suite 286
Port Daniel, GU 21584",VERIFIED,80
1802,Virginia Avila,1961-01-07,"PSC 3309, Box 4074
APO AP 13030",PENDING,47
1803,Veronica Martin,2008-05-01,"814 Jacqueline Viaduct Apt. 770
Lake Sharonfort, WA 96220",VERIFIED,52
1804,David Smith,1959-06-15,"44320 Arthur Oval Suite 739
North Lindashire, TX 83016",PENDING,13
1805,Dominique Massey,1954-10-19,"871 Miguel Hollow Suite 891
Markhaven, AR 69952",VERIFIED,78
1806,Richard Wyatt,1994-12-31,"0494 Singleton Course Apt. 159
Curtisland, AZ 37760",PENDING,47
1807,Dr. Jennifer Rose,1981-01-07,"196 Kimberly Cliff Suite 543
Johnborough, ID 34967",PENDING,97
1808,Kelly Lee,2001-03-21,"Unit 6694 Box 9161
DPO AP 52966",VERIFIED,95
1809,Nicole Johnson,2007-02-03,"77343 Tony Trace Apt. 016
Lake David, DC 07830",PENDING,91
1810,Brad Evans,1957-01-21,"2728 George Light
Cunninghamport, PW 99712",VERIFIED,98
1811,Sylvia Johnson,1991-05-19,"2831 Ross Row
Monicahaven, SD 04009",PENDING,60
1812,Angela Wright,1986-12-27,"442 Davis Greens
Williamsside, LA 02555",PENDING,21
1813,Jessica Hartman,2005-02-04,"3067 Michael Corners
North Daniel, MS 72956",PENDING,92
1814,Amanda Anderson,1984-09-03,"8171 Douglas Canyon
Port Monica, NH 93775",PENDING,36
1815,Samantha Rodriguez,1995-04-19,"8670 Angie Fort Apt. 953
Jennifertown, VT 20528",PENDING,74
1816,Brooke Paul,1966-10-06,"359 Scott Viaduct Apt. 763
Harperhaven, DE 55273",VERIFIED,35
1817,Debbie Garcia,2001-01-18,"7064 Hale Spurs
Richardsonton, NV 82817",VERIFIED,28
1818,Diane Todd,1989-10-25,"61653 Bradshaw Keys
Heidifort, DE 32468",VERIFIED,95
1819,Alan May,1962-11-01,"59727 Vicki Branch Apt. 105
Bennettchester, RI 57885",PENDING,64
1820,Nicolas Crawford,2008-05-17,"0744 Smith Islands
Murphyview, DE 60861",VERIFIED,22
1821,Natalie Mullins,1954-07-22,"835 Kevin Square
Tammytown, AR 74419",VERIFIED,42
1822,Julie Mercado,1971-10-13,"PSC 2419, Box 0598
APO AA 46975",VERIFIED,10
1823,Kerry Lee,1969-07-16,"98211 Nathan Mount
Lake Ericborough, HI 45745",VERIFIED,5
1824,Monica Maynard,1975-12-27,"590 Brooke Springs Apt. 889
East Stephen, AR 28852",PENDING,51
1825,Tiffany Harris,1959-08-20,"1970 Terrell Walks Apt. 066
Herringburgh, MS 86881",PENDING,40
1826,Ann Green,2007-04-29,"560 Johnson Islands
Ortegaview, MN 00633",PENDING,36
1827,Stephen Brown,1991-05-11,"3250 Barrera Forest Suite 644
East Gerald, AZ 30867",PENDING,10
1828,Brandon Kelly,1986-08-23,"73612 Simpson Knolls
Raymondton, MS 05584",PENDING,70
1829,Kristopher Taylor,1973-11-10,"PSC 4218, Box 3058
APO AE 84205",VERIFIED,42
1830,Lisa Howe,2000-03-24,"6157 Krystal Roads Suite 229
West Ashley, VT 01792",PENDING,23
1831,Anne Robinson,2006-05-27,"4317 Albert Roads
East Dana, IN 22388",VERIFIED,24
1832,Victoria Sullivan,1971-06-25,"194 David Path Apt. 695
Gonzalezborough, MN 55613",VERIFIED,47
1833,Felicia Wu,1983-05-29,"2387 Ayala Extension
Jessicastad, DE 65071",VERIFIED,68
1834,Charlotte Fritz,1963-11-29,"941 Kristen Burgs Apt. 998
Lindaport, WV 45157",PENDING,7
1835,Lisa Roberts,1974-08-10,"PSC 6091, Box 2648
APO AA 07998",PENDING,55
1836,Cody Myers,1996-03-10,"796 Elizabeth Cliff
Port Caitlinville, NH 67310",VERIFIED,1
1837,Micheal Giles,1991-01-11,"1548 Casey Spring Suite 743
Ryanland, VA 04765",VERIFIED,52
1838,Michael Cox,1960-09-20,"9154 Blair Forks Suite 157
Juliemouth, WY 32202",VERIFIED,61
1839,Jennifer Mcguire,1994-07-23,"83259 Reid Drives
Brewerchester, HI 25596",PENDING,15
1840,Sylvia Carney,1963-03-09,"7528 Robin Unions Apt. 988
Jamestown, ND 86288",PENDING,39
1841,Nathaniel Garcia,1954-01-27,"Unit 3364 Box 6613
DPO AE 36117",PENDING,63
1842,Jill Clark,1983-06-23,"9176 Baker Knolls Apt. 292
Pamelaport, VA 75204",PENDING,33
1843,Eric Williams,1994-06-30,"5325 Martinez Glens
Carterberg, PR 02345",VERIFIED,91
1844,Jason Hall,1959-01-02,"92290 Warren Drive
Simonville, WY 73034",VERIFIED,32
1845,Eric Davis,2006-06-03,"USNV Young
FPO AA 55253",VERIFIED,78
1846,William Phillips,1970-06-21,"7693 Linda Glens
North Karen, LA 05019",PENDING,40
1847,Kimberly Rodriguez,1956-07-29,"USCGC Ayala
FPO AP 33107",PENDING,70
1848,Diana Keith,1961-12-06,"5412 Micheal Lodge Apt. 919
Hallfort, ME 39822",PENDING,37
1849,Suzanne King,2003-06-01,"57664 Laura Mountains Apt. 540
South Jefferyshire, SD 89988",VERIFIED,38
1850,John Long,1970-03-10,"4826 Gonzalez Tunnel
East Jimmy, AL 25418",PENDING,90
1851,Jose Greer,1995-11-05,"Unit 6619 Box 8000
DPO AA 02400",VERIFIED,36
1852,Kerry Tucker,1968-01-16,"8005 Chad Pines
Port Jacobstad, UT 61968",VERIFIED,82
1853,Sandy Meyer,1980-08-28,"41453 Watkins Tunnel Suite 515
Wisefort, MS 41012",PENDING,32
1854,Mr. Wayne Hoffman,1976-10-25,"92782 Kelly Garden
Hillstad, LA 90184",VERIFIED,32
1855,Dale Brooks,1958-01-30,"3090 Boyd Underpass
Anthonyport, SD 57267",PENDING,52
1856,Luis West,2007-05-08,"5760 Tracey Ports
Woodhaven, WY 72855",PENDING,21
1857,Ronald Farley,1991-09-15,"17704 Marcus Garden
Bradymouth, WY 65513",PENDING,90
1858,Frederick Dixon,1990-01-18,"8683 Jason Rue
West Laurashire, MH 82726",PENDING,2
1859,Brian Davis,1986-03-21,"6551 Rebecca Views
North Ericside, CO 50353",VERIFIED,35
1860,Brian Cole,1975-12-30,"USNV Decker
FPO AA 97915",VERIFIED,21
1861,Morgan Melendez,1995-09-11,"671 Paul Neck Suite 982
Jamesberg, ID 79609",PENDING,75
1862,Crystal Madden,1996-03-17,"32540 Brian Junction Suite 284
North Kaylafort, DC 63439",PENDING,58
1863,Jennifer Hayes,1959-11-14,"USNV Snyder
FPO AA 17594",PENDING,8
1864,Erik Johnson,1961-04-08,"960 Matthew Ford
Barreraborough, AR 03090",VERIFIED,92
1865,Matthew Cooper,1992-11-17,"64943 Katelyn Bridge Apt. 139
Brianport, IL 21806",VERIFIED,50
1866,Jared Hughes,1999-09-13,"65953 Perry Well
Adamfurt, AR 72881",PENDING,82
1867,Rebecca Smith,1968-12-08,"969 Aaron Path Apt. 656
West Sherry, NJ 07812",PENDING,39
1868,Jessica Rhodes,1952-05-13,"67583 Felicia Locks Suite 954
Christensenview, WV 32047",VERIFIED,73
1869,Michael Holloway,1953-07-20,"075 Johnson Plains
Port Joseph, AS 24677",VERIFIED,81
1870,Andrew Alvarez,2003-08-29,"0142 Nicholas Manor
Lake Cindy, KS 12978",VERIFIED,3
1871,Bryan Hall,1983-09-05,"98715 Cain Station
Smithport, TN 97876",VERIFIED,8
1872,Catherine Cunningham,1997-07-28,"508 Deborah Divide Apt. 987
Lake Javierville, PR 77485",VERIFIED,79
1873,Patricia Thompson MD,2000-07-13,"PSC 2606, Box 3788
APO AP 49933",VERIFIED,41
1874,John Chen,2004-04-03,"USCGC Williams
FPO AE 41846",PENDING,79
1875,Jocelyn Jimenez,1967-09-06,"73552 Richard Cape Suite 395
Stephensberg, WA 38081",VERIFIED,44
1876,Richard Gates,1982-03-22,"52144 Nathan Mission Apt. 460
Smithport, DE 10850",VERIFIED,60
1877,Kathleen Thomas,1951-12-25,"4908 Amber Drive Suite 914
Stevemouth, MO 66310",VERIFIED,20
1878,Amanda Santos,1980-04-06,"685 Jordan Circles
Davidsonchester, DE 19217",VERIFIED,43
1879,Scott Todd,1969-06-10,"4487 Jones Valleys Suite 562
Lisaberg, MP 62745",PENDING,21
1880,Craig Baxter,1964-08-30,"3823 Gary Circles Suite 255
North Angelview, ME 80832",VERIFIED,23
1881,Edward Dawson,1980-02-06,"21700 Melanie Viaduct Suite 257
Bonnieshire, AZ 15796",PENDING,20
1882,Katrina Kirby,1953-05-22,"5257 David Club
Jensenstad, MI 60662",PENDING,11
1883,Emma Bailey,1962-12-12,"36625 Howard Lodge
Clarkbury, MI 97793",PENDING,100
1884,Tammy Taylor,1982-04-11,"60490 Donald Track Apt. 007
West Bradleyview, NM 80065",PENDING,100
1885,Brittany Jones,1993-12-06,"784 Mason Gateway
New Rogerport, UT 17770",PENDING,75
1886,Erika Dean,1959-06-24,"94975 Joseph Run Suite 753
Scottview, CT 20404",VERIFIED,42
1887,Robert Chaney,1982-05-04,"USS Medina
FPO AP 48323",VERIFIED,61
1888,Kevin Hughes,1971-08-16,"927 Jennifer Ways
Chambersbury, HI 78022",VERIFIED,68
1889,Morgan Hughes,1999-07-22,"96926 Ingram Plaza
Port Hayley, KY 12509",PENDING,17
1890,Thomas Conway,1985-10-26,"26868 Leslie Fords
West Ericmouth, DC 30048",VERIFIED,20
1891,Michael Bridges,1980-06-20,"USCGC Hayes
FPO AP 63860",PENDING,55
1892,Edward Thompson,1986-03-19,"66465 Allison Walks
Marieberg, KY 34003",VERIFIED,50
1893,Lisa Long,1975-07-22,"4344 Dawn Mountains
Lake Melissa, VT 57992",PENDING,67
1894,Andrew Ryan MD,1974-01-09,"USS Hogan
FPO AP 71648",PENDING,30
1895,Matthew Stewart,1996-04-25,"415 Lori Pines
South Victorton, UT 26007",PENDING,56
1896,Brenda Cooper,1987-03-17,"117 Davis Mall
East Michele, MH 65947",PENDING,30
1897,Kenneth Fuller,1988-02-18,"241 James Locks
Port Ryan, RI 47698",VERIFIED,23
1898,Ralph Golden,2001-08-26,"23601 Bryan Throughway
Johnsonfort, WV 52578",PENDING,32
1899,Stephanie Lutz,1977-06-18,"78767 Johnson Ford
East Timothy, OR 47874",VERIFIED,30
1900,David Washington,1988-11-18,"638 Kristen Knolls Apt. 978
Port Heather, CO 52964",VERIFIED,19
1901,Danielle Campbell,1966-09-15,"9043 Taylor Spur Apt. 383
South Stefanie, MP 37105",VERIFIED,93
1902,James Griffin,1979-08-25,"PSC 4664, Box 9872
APO AE 31780",VERIFIED,32
1903,Robert Rich,1969-02-08,"928 Parker Parks
Jonathantown, AK 67076",VERIFIED,89
1904,Mark Greer,1960-12-13,"3012 Richard Forest
West Maria, NM 37509",PENDING,94
1905,Jesse Butler,1989-01-02,"PSC 6844, Box 1032
APO AE 12469",PENDING,37
1906,Dr. Christine Hill DVM,1989-01-30,"632 Jones Ville Apt. 354
South Kelly, NM 56694",PENDING,47
1907,Anna Hernandez,2003-01-22,"48709 Ashley Plain
Teresaburgh, ND 91015",VERIFIED,43
1908,Travis Franklin,1975-10-11,"8823 Woods Canyon
Lake Eddieshire, IL 80077",PENDING,38
1909,Jeff Cole,1957-12-24,"98904 Marshall Falls Suite 540
East Richard, AS 35054",PENDING,69
1910,Nichole Cox,1961-05-13,"USNS Austin
FPO AP 97637",VERIFIED,19
1911,Brian Snyder,1974-05-04,"9069 Johnson Bypass
Allisonstad, KS 38029",PENDING,61
1912,Christopher Kelley,1971-04-02,"0248 James Flats Apt. 990
Kingfort, MT 18314",VERIFIED,9
1913,Martin Wood,1993-04-22,"6291 Hoffman Spur
Michelleside, MP 33582",VERIFIED,18
1914,Cynthia Brown,1984-11-06,"4232 Kristi Camp
Hayesstad, SC 29633",PENDING,62
1915,Michael Mitchell,1979-05-02,"6165 Rogers Fall Apt. 352
East David, OK 20865",PENDING,19
1916,Michael Hays,2007-06-07,"16597 Michele Islands Suite 347
Burnsfurt, PW 68830",VERIFIED,6
1917,Daniel Ferrell,2001-11-08,"PSC 6780, Box 4605
APO AE 93653",PENDING,100
1918,Shelly Thompson,1989-06-10,"900 Eric Isle Apt. 719
Gillfort, OR 17151",VERIFIED,68
1919,Sabrina Stanley,1959-06-23,"31903 Amy Village Suite 692
New Samantha, LA 04358",VERIFIED,59
1920,Tonya Jimenez,1963-02-19,"094 Penny Mountains
East Shawnville, SD 13296",VERIFIED,44
1921,David Morgan,1959-11-29,"35429 Stephanie Forge Suite 306
Kristinahaven, MT 72889",VERIFIED,38
1922,Robert Galvan,1963-04-24,"03012 Kevin Causeway Suite 479
Amandastad, GA 48462",VERIFIED,43
1923,Karen Bartlett,1970-03-10,"43678 Johnny Station Suite 842
Meadowshaven, WV 94288",VERIFIED,36
1924,Keith Perry,1954-01-04,"9089 Kevin Streets Suite 579
East Jenniferland, SD 57027",VERIFIED,38
1925,Robert Bates,2002-08-20,"9372 Ferguson Common
New Dennis, TX 18788",VERIFIED,91
1926,Sylvia Edwards,1988-05-21,"906 Jeffrey Hills
Ramosmouth, AS 39497",PENDING,16
1927,Whitney Huff,1970-05-24,"Unit 0089 Box 2683
DPO AA 11086",VERIFIED,14
1928,Christopher Payne,1997-05-31,"807 Rasmussen Passage
New Sherrymouth, NE 75141",PENDING,89
1929,Sarah Williams,1982-05-30,"6563 Long Shoals
Lake Robinport, CO 80982",VERIFIED,68
1930,Jessica Simon,1983-05-12,"48775 Ryan Key Suite 717
Newtonstad, IA 48184",VERIFIED,90
1931,Sarah Carroll,1953-07-12,"698 Marc Mission Apt. 529
Brennanport, MO 26670",VERIFIED,27
1932,Kenneth Romero,1966-03-14,"033 Mcdaniel Skyway Suite 801
Schmidtbury, HI 47102",VERIFIED,49
1933,Riley Randall,2004-01-06,"064 Deanna Corners Suite 666
Robinview, OK 88694",PENDING,46
1934,Christopher Schneider,1979-10-17,"152 Parks Plains Suite 170
Port Meganmouth, FM 14526",PENDING,69
1935,Mr. Antonio Jones,2004-03-06,"370 Christian Rapid
Sarahton, WV 84275",VERIFIED,53
1936,Kent Atkinson Jr.,2000-06-30,"359 Eileen Manors
Cobbside, CA 25656",VERIFIED,72
1937,Mary Clark,1986-07-12,"9071 Lucas Road
Crystalborough, WI 27430",PENDING,40
1938,Robert Ellis MD,1989-12-25,"11768 Sanders Light
Westbury, OK 05203",PENDING,49
1939,John Friedman,2003-04-06,"976 Rhodes Run Apt. 405
Murphyshire, UT 11871",PENDING,86
1940,Patrick Brown,1963-12-27,"34237 Harris Roads Apt. 446
West Kimberlyton, FL 64146",VERIFIED,75
1941,Dr. Ryan Medina,1978-08-09,"USNV Morgan
FPO AA 25988",VERIFIED,60
1942,Scott Davis,1995-05-05,"PSC 7474, Box 2639
APO AP 37462",VERIFIED,71
1943,Vincent Holmes,1994-01-11,"531 Anthony Courts
West Melindaborough, MT 85164",VERIFIED,4
1944,Jacob Ashley,2002-11-06,"38383 Stephen Ports Suite 137
Port Karabury, NE 22980",PENDING,29
1945,Latasha Perez,1963-01-20,"028 Hays Fort
Port Holly, DC 87908",VERIFIED,78
1946,James Stewart,1957-11-28,"4330 Petersen Drive Suite 723
Victoriaville, FL 42361",VERIFIED,40
1947,Sandy Fernandez,1969-04-10,"528 Brenda Brook Suite 256
North Shannon, SC 43399",VERIFIED,39
1948,Melinda Lawson,1998-05-25,"62568 Bennett Via
Mccarthymouth, SD 87398",VERIFIED,14
1949,Joseph Gonzales,2007-02-05,"82844 Angela River
Angelaland, MP 87537",PENDING,40
1950,Edward Church,1968-05-26,"954 Anita Lodge Suite 215
East Wanda, OH 98671",PENDING,4
1951,Carol Cook,1951-06-08,"0285 Lisa Shoal
East Ericaberg, TX 78224",VERIFIED,90
1952,Beth Ortiz,1972-07-18,"771 Suzanne Square
New Michael, FM 42385",PENDING,12
1953,Kelly Brown,1995-10-04,"USNV Castaneda
FPO AA 55044",PENDING,14
1954,Charles Brown,1993-04-05,"66414 Joseph Point
Robinsonbury, SC 99631",PENDING,78
1955,Amber Moore,1992-05-27,"31473 Michael Crescent
Elliottville, AR 85806",PENDING,26
1956,Juan Cardenas,1964-07-05,"16107 Calderon Centers
Rodriguezfort, CA 10443",PENDING,42
1957,Matthew Curtis,1962-08-16,"3800 Juarez Junction Apt. 670
Lake Brian, MD 56084",VERIFIED,9
1958,Nathan Bartlett,1980-04-02,"79279 Thomas Falls Apt. 937
Ricardohaven, OR 54689",PENDING,78
1959,Patricia Mendez,1964-04-02,"885 Weber Flats
West Emily, GA 70097",VERIFIED,88
1960,Scott Thompson,1999-07-29,"33475 Jeanne Grove
South Ryanton, IA 96808",VERIFIED,37
1961,Stephanie Davis,1959-01-28,"24674 Case Station
Colleentown, VA 91635",VERIFIED,12
1962,Christopher Powell,1994-05-06,"3373 Melissa Rue
North Paul, ID 26098",PENDING,23
1963,Jessica Ewing,1961-05-03,"0260 Stevens Hollow
Kurtport, PW 25979",PENDING,20
1964,Daniel Lester,1952-08-29,"1810 Thomas Cliffs
North Tiffany, WA 71347",VERIFIED,52
1965,Karen Garza,1959-01-20,"7289 Jennifer Lodge Suite 443
Johnsonside, ND 39961",VERIFIED,78
1966,Autumn Duffy,1987-02-11,"81919 Hancock Canyon Suite 219
Christopherside, VI 53498",PENDING,44
1967,Antonio Allen,2005-01-01,"75091 Benjamin Avenue
West Tracey, OH 21709",PENDING,67
1968,Michael Best,1950-07-08,"88726 Rios Center
Katieland, MH 61301",PENDING,8
1969,Kevin Adams,1978-01-24,"0386 Margaret Ford
Patrickside, CT 04030",PENDING,95
1970,Katrina White,1952-01-14,"86827 Susan Loaf Apt. 540
Ochoaberg, NJ 03812",VERIFIED,45
1971,Ariana Peck,1981-12-02,"940 Gray Stream
South Hollymouth, GU 82974",PENDING,100
1972,Douglas Jordan,1998-06-01,"533 Santana Ports Apt. 703
Donnaview, NY 25351",VERIFIED,83
1973,Shawn Dunn,1957-05-09,"11213 Perez Courts Apt. 784
Marialand, NV 08610",PENDING,13
1974,Jimmy Golden,1986-03-19,"79468 Eric Parkway Suite 174
Johnsonland, TN 41795",PENDING,60
1975,Elizabeth Aguilar,1970-10-25,"5633 Austin Cliffs
Michaelhaven, CA 53969",VERIFIED,21
1976,Carla Swanson,1993-02-05,"877 Ramos Trail
Tylerview, IL 44003",VERIFIED,29
1977,Donna Morales,1981-01-23,"2706 Jonathan Locks Apt. 897
South Ashlee, ID 16712",VERIFIED,52
1978,Donna Gross PhD,1974-05-10,"227 Lee Roads
West Justin, VT 53852",VERIFIED,69
1979,Keith Horne,1995-07-29,"7362 Megan Mountains Suite 010
Lake Felicia, TX 19442",VERIFIED,31
1980,Caitlin Mcguire,1989-12-17,"USNS Peterson
FPO AE 18684",PENDING,74
1981,Kimberly Gregory,1971-09-28,"162 Mack Ramp Apt. 797
New Feliciahaven, IA 14537",VERIFIED,55
1982,Amanda Howell,1979-08-06,"02306 Robert Hill
West Wendystad, IL 46027",PENDING,40
1983,Melissa Maddox,1962-06-11,"8182 Gary River
East Leonard, FL 91380",PENDING,6
1984,Catherine Salas,1970-03-01,"2342 Serrano Mill
East Anita, CA 65317",VERIFIED,46
1985,Dean Gill,1971-04-23,"976 Dylan Stream Suite 066
Lisamouth, AL 84159",VERIFIED,58
1986,Lauren Nguyen,1973-04-24,"53126 Gardner Branch
Danaton, NC 89867",PENDING,96
1987,Brian Turner,1972-05-27,"0140 Lauren Crescent
Lindaville, FL 60668",VERIFIED,50
1988,James Sanchez,1994-10-20,"01791 Bass Road
North Brandon, OH 25697",VERIFIED,20
1989,Jason Wade,1977-11-25,"87807 Browning Loop Suite 514
Jeffreyfurt, NM 16668",VERIFIED,44
1990,Janet Young,1985-06-21,"85250 Diana Street
Jonathanberg, AL 27384",VERIFIED,100
1991,Catherine Thornton,1997-05-10,"PSC 7320, Box 4493
APO AA 20194",VERIFIED,78
1992,Maureen Pace,1977-12-20,"032 Alison Wall
South Lindsey, WI 32958",VERIFIED,21
1993,Jerry Smith,2006-10-21,"1895 Wright Villages Apt. 675
Susanberg, AS 07220",VERIFIED,60
1994,Henry Hinton,2005-11-09,"PSC 0048, Box 6354
APO AP 29168",VERIFIED,64
1995,Joseph Landry,1977-06-27,"5782 Mullins Isle
North Ashley, AR 14667",VERIFIED,58
1996,Christopher Reese,1971-11-05,"31182 Sherman Vista Apt. 856
Josefurt, MN 88354",VERIFIED,37
1997,Tiffany Petersen,1950-07-01,"97957 James Plaza Apt. 650
South Dannyton, IL 82296",VERIFIED,37
1998,Robert Williams,2006-11-27,"9695 Timothy Rapids Apt. 818
West Alfred, PR 71166",VERIFIED,53
1999,Bryan Stone,1969-09-30,"564 Anna Spring Suite 460
East Steventon, WA 26449",PENDING,83
2000,James Whitaker,1966-08-02,"216 Williams Gardens Apt. 711
New James, KY 52559",VERIFIED,62
2001,Katelyn Donaldson,1957-11-07,"9898 Owens Rue Suite 251
Port Joan, TX 98775",VERIFIED,31
2002,Mia Young,1952-08-10,"541 Romero Flat
Margarettown, IA 73478",VERIFIED,19
2003,Andrea Casey,1983-11-30,"4852 Hall Loop
Lake Georgetown, VT 30951",PENDING,35
2004,Susan Green,1978-05-25,"870 Zachary Trail Suite 825
North Traceyfurt, FL 96124",PENDING,28
2005,Eric Miller,1996-09-07,"158 Barbara Land Apt. 248
Aguirremouth, HI 71339",PENDING,45
2006,Julia Hanson,1990-08-12,"6444 Matthew Rest Apt. 529
Lake Michaelstad, WA 50998",PENDING,25
2007,Julia York,1953-07-29,"7705 Rice Meadow
West Markchester, MS 96540",PENDING,4
2008,Erica Warner,2007-08-26,"585 Anthony Oval
Johnsonside, CA 60099",VERIFIED,16
2009,Brian Jackson,1992-03-25,"3523 Lowery Trace
Goldenside, OR 79625",PENDING,11
2010,Timothy Griffin,1970-12-14,"3440 Baker Key
North Madison, TX 21738",PENDING,85
2011,Sandy Long,1954-12-04,"49099 Tanya Flats Suite 958
South James, VT 17341",PENDING,23
2012,Carrie Meadows,1966-12-20,"3325 Vicki Common Suite 815
Adrianmouth, OR 15687",VERIFIED,95
2013,Felicia Howard,1984-12-03,"96760 Andrews Canyon Suite 856
Markchester, AS 89396",PENDING,68
2014,Cameron Barnes,1966-09-25,"023 Nash Stream Apt. 874
South Eric, SD 97877",PENDING,76
2015,Lori Collins,1973-06-02,"977 Hall Island
Washingtonshire, AK 84904",PENDING,33
2016,Dana Stevens,1967-01-19,"PSC 4546, Box 8963
APO AA 57410",PENDING,65
2017,Carla Moore,1986-06-11,"58048 Davis Way Suite 319
Lake Christopherland, SC 52231",VERIFIED,43
2018,Kayla Lyons,1964-12-03,"Unit 6396 Box 7159
DPO AP 65993",PENDING,29
2019,Stacy Lawrence,1978-01-10,"81524 Miller Points Apt. 761
South Sarahburgh, MN 74848",VERIFIED,23
2020,Alex Clark,1970-08-08,"71737 Kevin Spurs Suite 445
Lake Stephaniefurt, NH 25774",PENDING,90
2021,Sherri Reed,1972-03-19,"090 Reeves Pine
Danieltown, MA 14121",VERIFIED,71
2022,Sharon Lewis,1994-02-10,"51495 Nicole Mills Apt. 562
Turnerview, NV 62882",VERIFIED,73
2023,Heidi Hunt,2001-03-04,"09339 Foster Points Suite 717
Port Mariehaven, WI 99751",PENDING,73
2024,Patricia Robbins,1965-09-06,"USNV Buck
FPO AP 48587",VERIFIED,78
2025,Joel Nixon,2008-05-16,"7647 Russell Circles Apt. 025
East Julieland, NE 28748",PENDING,28
2026,Julie Mcmahon,1952-08-29,"76262 Jacobson Radial
New Sarachester, AK 67371",PENDING,28
2027,Parker Scott,1976-10-21,"88841 Maria Place
Perezport, SC 89383",PENDING,13
2028,Mary Atkins,1952-01-15,"390 Paul Dam
New Joann, MH 58058",VERIFIED,95
2029,Jeffrey Rogers,1987-11-14,"PSC 4121, Box 3045
APO AE 42952",VERIFIED,89
2030,Karen Vance,1995-11-08,"71273 Wong Hollow
Jacksonchester, IL 80638",VERIFIED,10
2031,Wesley Thompson,2001-02-15,"0401 Marquez Valley Suite 273
Hoganport, ID 21096",VERIFIED,94
2032,Cristian Reese,1996-06-22,"PSC 1124, Box 3033
APO AE 39239",VERIFIED,32
2033,Cathy Garcia,1975-06-02,"94930 Parker Tunnel Suite 008
Port Dustinshire, PR 67733",PENDING,15
2034,Christopher Henderson,1951-09-02,"53282 Yolanda Lodge
Bowmanland, GA 41702",PENDING,97
2035,Mr. Shane Rivera PhD,1996-09-21,"Unit 5259 Box 2283
DPO AE 01806",VERIFIED,2
2036,Betty Ramirez,1968-12-11,"43951 Robertson River
Amandafurt, NE 56515",VERIFIED,48
2037,Jeffrey Grant,1978-04-02,"433 Baldwin Ridges
Deanfurt, ID 61491",PENDING,78
2038,Jesus King,1955-12-16,"384 Downs Causeway Suite 802
South Monica, PR 17292",PENDING,42
2039,Aaron Jones,2000-12-27,"PSC 5000, Box 8375
APO AA 70208",VERIFIED,34
2040,Eric Powell,1982-03-03,"60125 Stevenson Cliff Apt. 523
Barnettland, MO 26709",VERIFIED,84
2041,Barbara Melton,2004-05-24,"Unit 9319 Box 6012
DPO AE 12534",VERIFIED,37
2042,Sonya King,1991-06-02,"5625 Allison Corner
Jacquelineberg, CT 71880",VERIFIED,45
2043,Diana Dixon,2002-03-26,"14173 Dalton Lodge
Port Matthewton, GA 79073",PENDING,80
2044,Bridget Perry,1989-12-10,"6345 Romero Loaf Suite 042
Gallagherfort, DE 33537",VERIFIED,2
2045,Diana Martin,1998-04-03,"4640 Kyle Courts
Reynoldschester, DC 16619",PENDING,87
2046,Jennifer Smith,1978-12-18,"3676 Kathy Forest
South Anthony, AK 64688",VERIFIED,48
2047,Amanda Thomas,1997-07-15,"02453 Williams Key Suite 990
West Jasonshire, WY 90614",PENDING,65
2048,Johnny Mcdonald,1966-06-16,"364 Bryant Field Suite 864
South Donaldfurt, DE 50575",PENDING,35
2049,Dr. Cory Brown,1955-05-09,"60483 Mclean Pass
North Joshua, VI 16381",VERIFIED,63
2050,Joshua Kelly,1967-12-20,"94964 Deborah Shoal
Nelsonshire, PA 63910",VERIFIED,45
2051,Christina Holder,1966-07-10,"480 Erin Mews Apt. 478
Peterville, SC 74613",PENDING,67
2052,Todd Jackson,2001-02-15,"277 Parrish Greens
North Dustinfurt, IN 72848",VERIFIED,91
2053,David Thompson,1967-01-27,"12922 Short Circles
Ramirezland, WI 39571",PENDING,65
2054,Paul Pearson,1970-09-07,"235 Jacqueline Canyon
Johnhaven, VT 78595",VERIFIED,5
2055,Jose Harris,1984-08-01,"9401 Davies Row
New Colin, NC 41131",VERIFIED,75
2056,Patrick Flores,1975-07-30,"31938 Brandon Throughway
Cartermouth, PR 69129",VERIFIED,23
2057,Sergio Duncan,1991-03-31,"420 Tracy Turnpike
Lake Samantha, AZ 28284",PENDING,72
2058,Lisa Brown,1968-04-18,"325 Obrien Forest
Riosview, IL 08285",PENDING,46
2059,Jared Aguirre,1969-11-07,"894 Simmons Corner
Rothville, MP 86141",VERIFIED,19
2060,Tommy Johnson,2000-11-26,"30233 Norman Wall
Schmidtburgh, OH 38747",PENDING,28
2061,Carl Dyer,2005-02-04,"40820 Melissa Lights
Port Kyle, GU 25252",PENDING,38
2062,Christopher Buchanan,1951-05-03,"66856 Anderson Stravenue Apt. 210
Stewartchester, OK 97143",PENDING,99
2063,Elizabeth West,2007-07-23,"49577 Rebecca Camp Suite 868
New Amyhaven, MA 71126",VERIFIED,66
2064,Stephen Bennett,1995-10-13,"49459 Mata Viaduct
South Kevin, MA 39030",VERIFIED,23
2065,Jordan Tate,1999-01-29,"PSC 3163, Box 9177
APO AP 37597",PENDING,89
2066,Hannah Waller,1972-09-09,"PSC 9169, Box 2720
APO AE 75352",PENDING,45
2067,Diana Glenn,1962-09-28,"1730 Little Path Apt. 346
Taylortown, HI 49519",PENDING,86
2068,Adrienne Adams,2002-05-26,"495 Matthew Neck Apt. 767
Francisfort, NV 01287",PENDING,18
2069,Michelle White,1967-03-03,"4752 Suarez Plaza Apt. 714
Stevenchester, NM 09993",PENDING,64
2070,Shawn Cervantes,1955-02-04,"USNS Lewis
FPO AA 56171",VERIFIED,61
2071,Tyler Roy,1993-05-13,"2837 Ryan Overpass
Robertsville, GA 44520",PENDING,10
2072,Christopher Romero,1954-02-04,"1277 Robert Plain
Annaport, SD 33626",PENDING,17
2073,Brenda Flynn,1968-12-23,"54737 Patel Avenue Suite 754
Philipmouth, NC 69682",VERIFIED,57
2074,Monica Barker,1966-08-21,"218 Garza Road
East Matthew, FM 23817",VERIFIED,64
2075,Keith Carroll,1956-01-16,"16566 Robert Garden Apt. 550
Alyssatown, IL 70411",PENDING,94
2076,Alyssa Freeman,1969-04-23,"33349 Richard Fall
East Marcfurt, MS 90446",PENDING,66
2077,Chelsea Patrick,1993-06-06,"413 Jacqueline Stream
Jenningsside, PW 09213",PENDING,71
2078,Laurie Hahn,2000-12-07,"507 Stuart Plaza Suite 457
South Linda, TX 98904",VERIFIED,84
2079,Jose Willis,1998-09-10,"20642 Tammy Union
East Joseph, NJ 32009",PENDING,44
2080,Karen Anderson,1990-04-07,"7527 Cynthia Rapid Suite 945
Mileschester, NM 52225",PENDING,74
2081,Jason Myers,1996-04-13,"4787 Morris Grove Suite 966
Morantown, PA 89981",PENDING,30
2082,Scott Lee,1967-01-08,"276 Miller Plains Suite 357
North Jonathanhaven, IA 08631",VERIFIED,19
2083,Ann Erickson,1956-01-05,"2640 Bass Square Suite 778
Olsonside, RI 27397",VERIFIED,24
2084,Tina Robinson,2000-08-27,"38114 Tyler Station Apt. 877
Heatherhaven, NH 46891",VERIFIED,80
2085,Adam Harris,1968-09-26,"9330 Hall Fields Apt. 739
South Victoria, GU 23055",PENDING,12
2086,Amy Burns,1996-01-08,"32494 Katherine Pass
Williamsville, ME 25457",PENDING,97
2087,Aimee Richardson,1999-09-03,"7816 Andrew Garden Apt. 926
Coltonville, OR 67720",VERIFIED,91
2088,Tamara Wells,1960-05-05,"1546 Long Forks
Jessicaside, MP 77371",PENDING,31
2089,Katelyn Lewis,1983-05-03,"02045 David Flat
Montgomeryborough, SD 81723",PENDING,61
2090,Lisa Jones,1964-10-24,"294 Diaz Courts Apt. 461
Carrolltown, ME 72672",PENDING,65
2091,Amber Newton,2000-02-10,"4309 John Plains
Port Alexamouth, NH 71778",PENDING,81
2092,Michael Simpson,1953-01-01,"USS Galvan
FPO AP 74787",VERIFIED,88
2093,Pamela Schwartz,1966-07-07,"USCGC Chandler
FPO AE 09111",VERIFIED,72
2094,James Aguilar,2007-05-14,"16363 Joshua Stravenue Apt. 703
Tracyburgh, IL 52500",VERIFIED,94
2095,Amanda Fisher,1954-02-16,"0587 Mary Parkway
Carrtown, WV 45759",VERIFIED,13
2096,Shawn Campbell,1992-10-28,"00269 Griffin Hills Apt. 842
New Josephhaven, KY 62458",VERIFIED,96
2097,Mr. Timothy Love,1977-04-27,"6431 Lori Plaza
West Samantha, CO 96860",VERIFIED,83
2098,Stephanie Thomas,1954-07-10,"678 Lyons Track
Johnsonton, CO 51163",PENDING,52
2099,Christopher Davis,1950-09-01,"443 Michael Avenue
Charlesmouth, VT 39772",PENDING,45
2100,Krystal Orr,1986-02-18,"7787 Skinner Lane
North Joetown, ME 40167",PENDING,38
2101,Carlos Burgess,1960-09-13,"5537 White Via
Port Craigfort, GU 75352",PENDING,53
2102,Terri Ray,1951-03-18,"6472 Lin Course
Amandafurt, NY 81204",PENDING,96
2103,Patricia Smith,1979-01-14,"25196 Stephanie Stravenue
West Bethany, PA 17849",PENDING,25
2104,Kristi Bird,1981-12-09,"803 Allen Circle
Shannonchester, CA 44965",PENDING,3
2105,Glenn Davis,1951-12-11,"78309 Peters Unions
North Kimberly, NC 50416",VERIFIED,57
2106,Jeremy Le,1978-10-07,"0669 Campos Springs Apt. 865
Walkerfurt, ND 61736",VERIFIED,20
2107,Manuel Cisneros,1969-02-11,"28257 Wood Drive
Luisstad, OR 07050",PENDING,88
2108,Jay Williams,1973-09-29,"438 Robert Parkways Suite 673
East Jocelynberg, FL 17833",VERIFIED,24
2109,Stephanie Mcknight,1987-07-07,"75025 Simmons Walk
Marshallside, VA 35965",VERIFIED,45
2110,Rachel Foster,1996-04-16,"9903 Jacob Walk
Tylerchester, MT 35592",PENDING,19
2111,Benjamin Harris,1966-08-30,"57738 Lewis Village Apt. 698
Port Brianna, SC 46599",PENDING,65
2112,Lori Wall,1962-01-14,"257 Jenkins Summit
Jamesville, OH 16747",PENDING,30
2113,Brooke Gilbert,2003-09-07,"Unit 3546 Box 1756
DPO AE 19776",VERIFIED,36
2114,Edward Nunez,2001-11-11,"79782 White Mews Suite 261
Gonzalestown, DC 68519",PENDING,81
2115,Natasha Mercer,2002-11-24,"63667 Martin Haven Apt. 072
North Sabrinaburgh, WY 00707",VERIFIED,12
2116,Cameron Rios,1998-10-02,"1249 Maria Corner
Wrightstad, AL 32333",VERIFIED,21
2117,Austin Wilkins,1997-07-02,"45509 Harvey Island Apt. 958
North Zacharychester, MD 66807",PENDING,14
2118,Tony Alexander,1973-06-27,"48690 Nelson Locks
Lake Patrick, AS 37595",PENDING,23
2119,Tina Ewing,1966-01-02,"723 Jessica Expressway Apt. 166
Smithfort, MA 53003",PENDING,40
2120,John Davis,2004-03-03,"13563 Jacobson Islands
Davistown, SD 68557",VERIFIED,43
2121,Brian Johnston,1966-07-11,"43425 Phillip Pines
Phillipsville, VA 63737",PENDING,42
2122,Juan Carrillo,1958-02-16,"063 Michael Terrace Suite 234
North Patriciaville, ME 56829",PENDING,39
2123,Joseph Jones,1962-10-25,"400 Daniel Run
Port Dannyshire, SC 69624",PENDING,68
2124,Carla Adams,1995-06-11,"1252 Thompson Loaf Suite 501
Stephanieborough, NH 79171",PENDING,62
2125,Jade Wilson,1952-12-29,"69683 Carlos Mountain Apt. 018
Lake Stephenborough, PR 32939",PENDING,24
2126,Briana Jackson,1973-04-15,"47867 Gregory Heights Apt. 165
Mooreville, PW 23323",VERIFIED,69
2127,Bobby Camacho,1964-06-07,"23689 Hudson Springs
Hallland, NY 76446",VERIFIED,69
2128,Wesley James,1961-06-13,"449 Parks Gateway
South Trevorfurt, CO 57944",PENDING,45
2129,Angela Taylor,1966-07-21,"542 Campbell Mission Suite 277
East Nicholas, GA 78983",PENDING,80
2130,Anthony Castaneda,1967-02-16,"384 Clark Avenue Suite 060
South Jasonstad, CT 67833",PENDING,59
2131,Sharon Flores,2005-10-12,"38949 Alyssa Mission Apt. 139
Justinstad, OH 48999",VERIFIED,87
2132,Lisa Lucas,1969-03-09,"Unit 1971 Box 5260
DPO AE 78823",VERIFIED,36
2133,Kathy Quinn,1955-07-28,"621 Daniel Forge Suite 458
Kevinville, MO 32478",PENDING,11
2134,Daniel Sellers,1996-06-02,"62286 Lopez Crest Suite 831
Whitneyshire, NC 15848",VERIFIED,46
2135,Shane Gomez,1964-01-26,"807 Young Vista
West Carla, AR 53249",PENDING,4
2136,Mr. Daniel Cunningham,1977-10-25,"23725 Matthew Way Apt. 486
Howardchester, SC 98991",VERIFIED,14
2137,Krista Wilson,1990-09-16,"2469 Rowe Loop Suite 876
Maddenview, OR 35352",PENDING,60
2138,Heather Martinez,1999-09-12,"499 Allen Island
Loribury, MA 75431",VERIFIED,62
2139,Ryan Wiley,1980-04-03,"7748 Nixon Passage Apt. 935
Brianaland, NM 72454",VERIFIED,54
2140,Jessica Peters,1960-09-22,"147 Mario Roads
East Michaelshire, OK 22874",VERIFIED,63
2141,Matthew Brown,1990-03-23,"69047 Rivera Trafficway
Howellhaven, CA 23228",PENDING,86
2142,William Bell,1997-02-12,"835 Kimberly Loaf
Connertown, SD 53021",PENDING,46
2143,Sonia Kent,1956-05-11,"69113 Gillespie Ville Apt. 755
Charlesland, WY 64843",PENDING,90
2144,Barbara Harrison,1979-08-30,"730 Castillo Isle
East Rickyport, SD 21566",PENDING,62
2145,Joshua Morales,1952-01-23,"2741 Katie Mount
Campbellchester, VI 93558",PENDING,71
2146,Amanda Day,1980-07-26,"670 Matthew Meadow
Blackburgh, AK 73999",PENDING,76
2147,Ian Howell,1979-05-03,"0308 Michael Plains Apt. 707
Hugheschester, GA 05868",PENDING,19
2148,Oscar Henderson,2000-09-03,"935 Martinez Canyon Apt. 398
Thomasview, FM 16472",VERIFIED,95
2149,Jaclyn Collins,1993-02-13,"041 Gould Stream
Murphytown, ID 08018",VERIFIED,81
2150,Kimberly Myers,1960-03-13,"08509 Teresa Groves Apt. 663
Wyattfurt, AS 13933",VERIFIED,27
2151,Mandy Harmon,1971-02-23,"USS Green
FPO AA 24611",VERIFIED,65
2152,Anthony Stewart,1959-08-13,"56729 Robert Points
Hollowayport, MA 17210",VERIFIED,38
2153,Anthony Wood,1989-01-20,"022 Mark Glens Suite 758
Jefferyville, VT 60315",PENDING,56
2154,Jeffrey Fritz,1969-11-22,"6062 Molina Mountains
Holmestown, TX 68163",PENDING,83
2155,Thomas Crawford,1969-12-22,"815 Turner Forge Apt. 304
Juanborough, KY 85334",VERIFIED,89
2156,Anthony Lutz,1950-10-19,"228 Stevens Bypass Apt. 170
New Corey, VT 35162",VERIFIED,32
2157,Anita Davis MD,1980-04-17,"5788 Valerie Dam Apt. 058
East Brittany, MP 20040",PENDING,15
2158,Jose Hatfield,2001-10-22,"7309 Johnson Spur
New Valerie, VA 86009",VERIFIED,22
2159,Jordan King,1954-01-28,"0607 Barker Path
North Troy, TX 34323",VERIFIED,80
2160,Norma Sharp,2006-08-19,"126 Kellie Plaza
Garnerchester, ME 30655",VERIFIED,21
2161,Herbert Padilla,2001-10-16,"10254 Castillo Motorway
North Alexaville, GA 88341",PENDING,41
2162,Jacqueline Harris,1972-06-09,"200 Morgan Knoll
South Meganhaven, AL 97908",PENDING,19
2163,Andrew Owen,1950-12-06,"3538 Buchanan Spring
South Ricky, WY 18380",PENDING,96
2164,Chad Wood,1964-05-21,"453 Armstrong Fork
East Allison, LA 08816",VERIFIED,49
2165,Sharon Martinez,2006-10-26,"9543 John Estate
Danielfort, HI 56373",VERIFIED,6
2166,Michael Gutierrez,1997-06-08,"34305 Edward Union
Jonesfurt, MO 62121",PENDING,80
2167,Ryan Salazar,1966-08-16,"528 George Underpass
East Alicia, IA 70833",PENDING,53
2168,Christopher Banks,1956-03-29,"PSC 1170, Box 9790
APO AP 69304",VERIFIED,12
2169,Hannah Kelley,1980-12-07,"59866 Jenna Cliff
East Jasonbury, MD 66025",VERIFIED,67
2170,Mrs. Nancy Downs,1997-06-28,"170 Javier Shoals Suite 833
West Michael, GA 49247",VERIFIED,19
2171,Janet Snyder,1991-02-08,"673 Little Circle
Shermanview, SD 72056",PENDING,93
2172,Carol Nguyen,1959-04-13,"9840 Price Forest
Whiteborough, NJ 42446",PENDING,62
2173,Jonathan Walsh,1959-11-25,"7573 Meghan Road Suite 370
West Aprilfort, DC 82529",VERIFIED,96
2174,Travis Peterson,1971-07-18,"1823 Miller Club
South Joshuaton, MN 64175",PENDING,80
2175,Dustin Marks,1999-06-28,"1421 Jessica Shore
Jessicafort, NC 57242",VERIFIED,80
2176,Debra Kirby,1950-08-31,"26303 Kenneth Dam
Fletcherbury, PA 45908",VERIFIED,94
2177,Emily Wong,1976-05-19,"7182 Hernandez Fields Suite 645
Kelleyshire, MI 19263",VERIFIED,31
2178,Katelyn Vazquez,1989-02-03,"905 Jeffrey Park Apt. 819
West Sarahtown, TN 79519",PENDING,14
2179,Andrew Gallagher,1985-07-27,"32292 Jordan Throughway Suite 704
Lake Jason, VT 94903",PENDING,5
2180,Jose Francis,1981-09-22,"79451 Sara Vista
West Aprilburgh, PR 37405",VERIFIED,55
2181,Mary Mason,1995-05-06,"2861 Thomas Island Apt. 995
Whitestad, DC 89052",PENDING,92
2182,Marisa Burke,1962-02-15,"88281 Scott Glens
North Misty, GA 36825",PENDING,92
2183,James Shields,1953-10-26,"03566 Linda Loaf Suite 291
Jenniferport, WY 55145",VERIFIED,66
2184,Victoria Weaver,1976-06-21,"722 Joel Key
Port Linda, DE 02925",PENDING,27
2185,Ian Brown,2008-01-25,"Unit 9552 Box 8185
DPO AA 44670",PENDING,85
2186,Mitchell Garza,1992-06-29,"160 Page Landing
Tammybury, PR 08214",PENDING,61
2187,Stacy Hopkins,1978-02-18,"02747 Gray Land
Reginaton, DC 73876",PENDING,17
2188,Tara Robbins,1990-01-18,"68205 Holland Radial Suite 072
West David, OK 97915",VERIFIED,31
2189,Dr. John King,1989-11-29,"9352 Aguirre Streets Apt. 601
Georgeview, GU 79226",PENDING,56
2190,John Taylor,1951-05-16,"USNS Perez
FPO AP 11253",VERIFIED,75
2191,Robert Williams,1951-11-03,"70063 Burton Gateway Suite 725
Natalieshire, CT 39146",VERIFIED,88
2192,Kelly Williams,1982-03-26,"3999 Williams Parkway Suite 162
Websterview, GU 43830",VERIFIED,22
2193,Alejandro Matthews,1973-09-17,"16854 Montgomery Extensions
Lake Sarahtown, AR 88697",VERIFIED,44
2194,Kimberly Davis,1995-03-07,"6813 Robert Common Suite 948
Wilsonburgh, NE 48973",VERIFIED,78
2195,Jeffrey Carter,1952-02-23,"1084 Woodard Stravenue
Kyleborough, OH 44123",VERIFIED,91
2196,Mrs. Rachel Johnson,1973-10-15,"26724 Clark Village
Lesterport, VA 34386",PENDING,25
2197,Melinda Carr,1958-03-21,"145 Ricardo Common
Hillfurt, KY 64258",VERIFIED,59
2198,Joe Clark,1998-08-13,"57550 Jones Club
Lake Brian, FL 21604",PENDING,13
2199,Joseph Contreras,1973-04-12,"472 Alicia Inlet
North Bryan, VI 70056",PENDING,51
2200,Louis Espinoza,1966-09-27,"Unit 0367 Box 2733
DPO AA 68497",VERIFIED,62
2201,Adam Rhodes,2000-11-05,"16380 Harris Road
Lauriefort, AL 35771",PENDING,31
2202,Donald Scott,2007-04-03,"7053 Stephen Motorway
Nicholaschester, AK 73918",VERIFIED,89
2203,Pedro Newman,1969-08-03,"Unit 2430 Box 1324
DPO AP 58252",VERIFIED,22
2204,Megan Mckinney,1969-03-25,"084 Angelica Center Apt. 263
Keithview, WV 99498",VERIFIED,14
2205,Bryan James,1987-07-27,"0867 Christopher Trafficway Apt. 198
Bethshire, UT 94540",VERIFIED,53
2206,Marcus Rodriguez,2006-05-23,"405 Davis Oval
Rossside, HI 22025",VERIFIED,100
2207,Karen Jones,1983-07-26,"3530 Bethany Parkway Suite 156
East Jocelyn, NE 36854",VERIFIED,79
2208,Peter Martinez,1996-04-23,"982 David Station
Lake James, WY 10760",VERIFIED,2
2209,Kelsey Carr,1985-04-16,"369 House Lock
North Dorothyview, NJ 51111",PENDING,2
2210,Donald Hernandez,2007-11-07,"22731 Marcus Centers Suite 394
Garciamouth, WA 40511",VERIFIED,47
2211,Christopher Coleman,2004-01-22,"4314 Evelyn Parkway
Paulatown, CT 23715",PENDING,10
2212,Rick Stone,2001-05-19,"59729 Cunningham Underpass Apt. 119
New Jamesfurt, ME 03291",VERIFIED,57
2213,Selena Lewis,1974-07-12,"14657 Susan Wells Apt. 243
West Heathermouth, NC 76113",PENDING,59
2214,Michael Wright,1987-11-01,"7101 Guzman Dale
Oliverview, MS 87651",PENDING,20
2215,Joseph Taylor,1979-09-20,"07943 Jones Lock
North Williamton, WA 54868",PENDING,3
2216,Robin Weber,1997-10-05,"78490 Ford Street Apt. 665
New Jacob, KS 05119",PENDING,21
2217,Steven Davis,1984-02-25,"510 Grant Bridge Apt. 480
North Chelsea, NH 88937",PENDING,73
2218,Michael Chavez,1956-04-23,"449 Wendy Prairie
East Linda, PW 24629",VERIFIED,4
2219,Douglas Kane,1982-08-20,"398 Wilson Union Suite 706
North Jefferystad, AR 34463",VERIFIED,89
2220,Kelly Trujillo,1952-01-05,"56297 White Circles
Robertburgh, SC 13160",VERIFIED,99
2221,Kevin Ward,1972-09-17,"76983 Sarah Roads Apt. 090
Bakerbury, SC 35635",PENDING,98
2222,Scott Bryant,2006-01-01,"314 Powell Loop Apt. 386
Lake Monicafort, ME 68519",PENDING,3
2223,Amber Higgins,2004-02-29,"591 Michael Point
Michaeltown, MD 03703",PENDING,53
2224,Jessica Henderson,1960-05-20,"12458 Stone Creek Apt. 128
Chavezfurt, KY 24690",VERIFIED,67
2225,Justin Lamb,1960-08-13,"2762 Crystal Landing
Reginaldstad, AZ 10362",PENDING,22
2226,Ashley Kelly,1975-09-28,"125 John Crossing
North Brianburgh, TX 83728",VERIFIED,74
2227,Michael Chan,1951-06-08,"7524 Beck Stream Apt. 678
Garciaport, PW 24730",VERIFIED,2
2228,Danny Lee,1989-10-28,"99622 Taylor Mews Suite 373
Riveraberg, TX 54940",VERIFIED,37
2229,Edward Warner,1980-09-15,"0117 Spence Trafficway Apt. 841
Josephton, VI 39246",PENDING,82
2230,Cassandra Smith,1962-01-16,"4283 Keith Square Apt. 997
Burtonview, WV 70497",VERIFIED,42
2231,Jamie Williams,1974-02-21,"184 Anderson Gardens
Hancockville, IL 67307",PENDING,73
2232,Ronald Moore,1990-02-15,"431 Bright Wells
Espinozaland, RI 84451",PENDING,13
2233,Melissa Weeks,1991-12-13,"6211 David Dam
Helenstad, CO 75171",PENDING,73
2234,Jeffrey Robinson,1960-11-01,"USS Sparks
FPO AA 93220",VERIFIED,19
2235,Sarah Mclaughlin,1972-11-30,"54836 Yates Locks
West Jessicabury, VA 86316",VERIFIED,64
2236,Steven Sullivan,1993-08-27,"7261 David Summit
Port Carol, MD 85041",VERIFIED,31
2237,Gregory Henry,2005-01-04,"058 Massey Flat
Rothside, WI 57510",PENDING,28
2238,Jeremiah Flowers,1992-02-19,"45524 Angela Bypass Suite 656
East Joelhaven, OK 12257",PENDING,61
2239,John Rush,1993-11-22,"9611 Braun Locks Apt. 022
Sweeneyfurt, FL 43977",PENDING,93
2240,Michael Hancock,1992-08-12,"863 Tyler Squares Suite 207
South Christopher, PR 31607",VERIFIED,99
2241,Andrea Allen,1980-03-03,"1802 Aaron Way
Troystad, KY 59537",PENDING,68
2242,Dr. Brenda Allen,1984-08-05,"60752 Richard Gardens
Port Leonard, SC 66453",PENDING,66
2243,Colton Brown MD,1997-02-16,"9915 Webb Spring
Tracychester, NE 75553",PENDING,89
2244,Michael King,2007-12-22,"304 Owen Courts Apt. 769
East Brandonborough, AL 71540",VERIFIED,13
2245,Jerry Barrera,1975-06-19,"PSC 4596, Box 2152
APO AE 65487",VERIFIED,100
2246,Calvin Simpson,2005-08-31,"PSC 9508, Box 4477
APO AE 23917",PENDING,2
2247,Richard Gonzales,1958-01-17,"31752 Tiffany Turnpike Apt. 859
Grantfurt, MA 61272",VERIFIED,20
2248,William Wright,1975-07-10,"187 Crystal Lane
New Amandaborough, VA 31307",PENDING,6
2249,Jon Mendez,1967-02-05,"PSC 6422, Box 8369
APO AE 63709",PENDING,70
2250,Kathy Cooley,1998-04-25,"160 Whitney Pass Apt. 993
Nguyenmouth, OR 30077",PENDING,81
2251,Linda Perkins,1984-08-10,"14849 Roy Neck
Kevinview, ND 29595",PENDING,10
2252,Susan Price,1982-11-29,"2609 Medina Overpass
East Cameron, MP 32002",PENDING,82
2253,Renee Hernandez,1956-04-01,"PSC 1134, Box 9025
APO AE 21627",VERIFIED,27
2254,Edward Johnson,1997-04-01,"190 Guzman Knolls
Suzanneview, WY 10695",VERIFIED,15
2255,Ronnie Davis,1974-07-01,"607 Johnson Inlet
Wrightfort, CA 24150",VERIFIED,43
2256,John Long,1954-12-04,"04158 Shelby Motorway Apt. 994
Leblancshire, GA 68076",VERIFIED,48
2257,David Walker,1984-09-20,"233 Michael Vista
Wallsstad, VA 71450",PENDING,19
2258,Jeffrey Yoder,2001-05-12,"7165 Wagner Throughway Apt. 116
Taylorview, OK 15164",PENDING,17
2259,Emma Oconnor,2000-03-28,"Unit 0166 Box 7269
DPO AP 37947",VERIFIED,47
2260,Brandy Jefferson,1974-08-30,"388 Hall Flat
North Madisonmouth, LA 41184",PENDING,96
2261,Brandon Clark,1965-04-25,"655 Rhonda Cliff Suite 001
East Anntown, AS 96863",VERIFIED,21
2262,Heather Mills,1975-01-05,"4113 Jefferson Mount
Christopherberg, PW 19577",VERIFIED,29
2263,Elizabeth Sweeney,1971-06-03,"74515 Adams Spring
New Tina, NE 90541",VERIFIED,2
2264,Allen Fleming,1981-09-17,"38113 Jenkins Key
Mistymouth, PW 05801",PENDING,56
2265,George Martinez,2000-10-10,"32586 Michael Spur
Phelpsview, KY 45142",VERIFIED,77
2266,David Woods,1995-09-21,"8531 Osborne Skyway Apt. 925
Williambury, VA 30790",PENDING,15
2267,Stephanie Diaz,1953-06-16,"738 Wilcox Inlet
North Nicolas, DC 84462",PENDING,79
2268,Robin Velasquez,1980-06-09,"22876 Bradley Estate Apt. 577
East Erin, PR 53629",PENDING,58
2269,Susan Johnson,2003-08-15,"327 Erik Parkway Suite 587
New Gregory, NJ 40054",VERIFIED,22
2270,Philip Lara,1966-12-18,"11747 Carter Roads
New Rebecca, AR 17260",VERIFIED,59
2271,Lisa West,1961-07-14,"49937 Brittany Station Suite 120
Charlesberg, MO 28415",VERIFIED,51
2272,Melissa Olson,1976-09-14,"49058 Christopher Knolls Suite 571
Mcgeechester, IL 42232",VERIFIED,65
2273,Donald Lopez,1998-04-02,"3970 Melendez Dale
Ruizmouth, AL 10863",VERIFIED,88
2274,Destiny House,1951-11-23,"8080 Bradley Land Suite 588
South Courtney, MP 94704",VERIFIED,61
2275,Jessica Johnson,1998-07-16,"622 Brown Route Suite 219
Lake Christopher, TN 33076",PENDING,14
2276,Mandy Murray,1974-03-10,"183 Curtis Heights Suite 553
Cynthiamouth, DC 90228",VERIFIED,4
2277,Ricky Gomez,1998-07-10,"67071 Bradshaw Road Suite 566
Port Scott, TX 85819",VERIFIED,10
2278,Scott Hopkins,1959-12-11,"106 Angela Extension Apt. 285
Williamsview, LA 63858",VERIFIED,60
2279,Melissa Carrillo,2007-10-16,"60085 John Walk Apt. 975
Martinside, KS 44991",VERIFIED,28
2280,Joshua Hughes,1975-09-25,"33408 Victoria Pine
New Thomaschester, TX 79628",VERIFIED,6
2281,Shaun Henderson,1968-10-18,"8802 Baker Stravenue Apt. 494
Port Matthew, AZ 90345",VERIFIED,68
2282,Roberto Joseph,1995-12-26,"69821 Kelly Isle
Wolfchester, LA 80467",PENDING,20
2283,Lori Smith,1999-07-06,"Unit 9742 Box 0809
DPO AA 28276",VERIFIED,14
2284,Ruben Schaefer,1992-05-20,"38386 Brandon Cove Suite 936
Walkerton, CA 02432",PENDING,89
2285,Charles Stevens,1963-02-11,"2212 Dana Forge
Clementschester, VI 96604",PENDING,50
2286,Anna Andersen,1972-02-05,"2704 Jacob Groves
New Dustin, MD 93922",PENDING,92
2287,Dominique Curtis,1974-08-28,"4451 Michael Fork
Hannahhaven, GA 41194",VERIFIED,12
2288,Vicki Hickman,1960-04-03,"580 Scott Estates
Mitchelltown, SD 95147",VERIFIED,14
2289,Jennifer Hall,1998-08-31,"467 Lucero Road
South Mark, OR 23632",PENDING,47
2290,Jason Lewis,1968-01-07,"327 James Knolls
Kellyview, NM 17966",PENDING,29
2291,Courtney Scott,1961-03-25,"51975 Watson Stravenue Suite 875
Griffinhaven, KY 72268",PENDING,42
2292,Franklin Hale,1969-11-04,"47657 John Pine Suite 217
Lake Kristina, AL 17597",PENDING,31
2293,Scott Frazier,2002-05-19,"04045 Cassie Locks
Crawfordborough, ND 12603",VERIFIED,76
2294,Christian Flores,1993-04-25,"5151 Christie Divide
Julieburgh, ND 24894",VERIFIED,66
2295,Robert Brock,1999-08-10,"PSC 9831, Box 2298
APO AE 10781",VERIFIED,21
2296,Brandon Wilkerson,1957-08-20,"991 Jennifer Hills
Port Ryanborough, WY 37642",VERIFIED,96
2297,Terri Harvey,1975-09-08,"30052 Flores Islands Apt. 733
Townsendside, IN 14295",VERIFIED,85
2298,Brooke Morales,2000-04-18,"271 Bowers Field Suite 276
Brianshire, VT 09138",VERIFIED,51
2299,Nichole Castillo,1967-12-06,"87938 Christopher Plain
New Jermaineside, CO 04368",VERIFIED,59
2300,Curtis Brown,1988-06-14,"537 Derrick Lake Suite 107
Lake Carol, TN 97375",VERIFIED,30
2301,Jesse Carroll,1983-09-17,"670 Obrien Coves Apt. 256
Conradtown, ME 30321",VERIFIED,35
2302,Claudia Diaz,1985-06-10,"93239 Beck Ways Apt. 946
Lanemouth, KY 34914",VERIFIED,1
2303,Bryan Jones,1983-09-12,"416 Preston Inlet Suite 884
South Mary, WV 38371",PENDING,41
2304,Michelle Santiago,1964-10-10,"430 Schmitt Lane Suite 709
New Charlesside, RI 96366",VERIFIED,56
2305,Jose Krueger,1983-04-05,"47761 Whitney Loaf
Wardton, NV 05596",PENDING,1
2306,Kristen Nguyen,1985-04-07,"0193 Figueroa Trail
Banksburgh, PR 47276",PENDING,88
2307,Courtney King,1981-12-25,"15757 Mueller Land Apt. 974
Thompsonhaven, CO 80699",VERIFIED,16
2308,Melissa Vargas,1986-05-24,"80056 Patricia Circles Suite 346
Jonathanchester, NJ 05632",PENDING,53
2309,Tara Jones,1977-01-23,"6684 Michelle Divide Suite 514
East Julia, RI 92905",PENDING,28
2310,Elizabeth Gilbert,1974-02-26,"PSC 1634, Box 7433
APO AP 91793",VERIFIED,56
2311,Kayla Smith,1971-12-25,"376 Conner Lakes
North Tony, FM 59778",VERIFIED,70
2312,Timothy Hughes,1989-09-14,"473 Taylor Station
Lake Amy, GA 85776",VERIFIED,3
2313,Angela Meyer,1956-01-28,"91740 Donald Expressway
Mariaburgh, SD 05581",PENDING,53
2314,Brenda Johnson,1987-11-02,"3104 Schneider Port
Robersonmouth, IN 23212",PENDING,2
2315,Heather Hartman,1958-03-16,"19949 Hill Roads Apt. 443
Dodsonside, MD 92887",VERIFIED,25
2316,David Bryant,1952-10-06,"181 Michael Centers Suite 731
Simpsonview, WY 88775",VERIFIED,25
2317,John Thompson,2006-06-21,"463 Tiffany Port Suite 865
North John, LA 10257",VERIFIED,33
2318,Victoria Sims,1992-07-04,"264 Heidi Crossroad
West Jeffreymouth, MP 74759",VERIFIED,18
2319,Ashley Dean,2006-09-01,"83918 Shaw Squares
New Kim, DC 64536",PENDING,23
2320,Robert Clark,1982-03-01,"10453 John Plaza Suite 094
East Joseph, MH 49292",VERIFIED,14
2321,Angela Miller,1988-10-18,"9997 Don Island
Blakeborough, KY 28075",VERIFIED,30
2322,Brianna Wood,1964-04-22,"033 Angela Ramp
Alexandraberg, NE 23074",PENDING,73
2323,Alicia Larson,1953-01-26,"16154 Angel Park Apt. 546
North Matthewfort, TN 73887",PENDING,16
2324,Taylor Martin,1994-08-16,"370 Huang Plaza
West Daniel, SD 34728",VERIFIED,15
2325,Melissa Griffin,1969-10-20,"795 Teresa Mount
Amystad, CT 44511",VERIFIED,86
2326,Emily Riley,1968-02-06,"6999 Jeremy Route Suite 351
New Amy, AZ 27580",VERIFIED,88
2327,Jennifer Taylor,1998-08-07,"779 Jessica Spur
Jesuston, NC 72741",VERIFIED,15
2328,Allison Allen,1998-03-02,"736 Christopher Squares
Vasquezfurt, WY 50890",PENDING,84
2329,Thomas Morse,1970-07-19,"927 Nancy Pass Suite 655
Anthonyfurt, OR 90628",VERIFIED,87
2330,Scott Pacheco,1995-12-28,"PSC 0436, Box 9489
APO AP 98439",VERIFIED,66
2331,Dylan Harris,1975-02-21,"77248 Rivera Trace
New William, MS 12939",VERIFIED,59
2332,Megan Vazquez,2002-11-13,"25322 Stacey Court Suite 338
Diazbury, MH 67312",VERIFIED,69
2333,Sarah Guzman,2007-01-29,"5330 William Place Apt. 118
South Patriciabury, IA 27531",PENDING,76
2334,Karen Bates,1964-03-13,"664 Bradley Ports
West Victorborough, MI 80792",VERIFIED,39
2335,Anthony Manning,1977-12-13,"6583 Moore Stravenue Suite 905
Dunlapside, MN 91459",VERIFIED,49
2336,Tyler Clark,2001-05-08,"171 Ross Shoals
Everettfort, FM 22126",PENDING,83
2337,Patricia Fleming,1983-08-20,"3304 Travis Avenue Suite 497
Staceyfurt, CT 62908",VERIFIED,42
2338,Michael Jones,1954-11-11,"13486 Daniel Rest
Melissaland, KY 86615",PENDING,98
2339,Jennifer Clark,1999-02-14,"4871 Michael Meadow
Matthewton, KY 06532",VERIFIED,89
2340,Alexis Castaneda,1976-04-29,"09448 Ann Square Suite 799
East Julie, SD 99690",PENDING,34
2341,Lacey Cummings,1985-10-17,"60234 Dalton View
Novakfurt, VI 29318",PENDING,23
2342,Susan Frazier,1962-08-28,"4697 Michelle Circle Suite 377
Harrisonshire, GU 99804",PENDING,24
2343,Roy Johnson,1985-05-08,"Unit 0874 Box 5514
DPO AA 82469",VERIFIED,29
2344,Kim Quinn,1999-09-14,"64055 Ryan Overpass Suite 013
Brianside, FM 78821",VERIFIED,53
2345,Dennis Hart,1984-11-21,"021 Jennifer Parkway Suite 934
Reginafort, MS 35373",PENDING,60
2346,Isaac Wright,1990-04-10,"427 Matthew Wall
Maryview, AS 54018",PENDING,34
2347,Yvonne Andrews,2005-06-29,"Unit 6660 Box 5462
DPO AA 09040",PENDING,73
2348,Molly Webb,1995-08-24,"32403 Brandt Point
Lake Christopherfort, AK 93019",PENDING,46
2349,Michael Taylor,1961-08-05,"26569 Jones View
East Ashley, NV 43674",VERIFIED,1
2350,Melissa Campos,1960-11-19,"855 Sarah Circle Apt. 530
West Alex, SD 73243",VERIFIED,55
2351,Kurt Bennett,2006-06-01,"9988 Carr Tunnel
Codyville, IN 79788",PENDING,47
2352,Andrew Murphy,1978-03-30,"036 Thomas Creek
Williamton, MD 12882",VERIFIED,86
2353,Kathy Yu,1963-03-10,"9269 Smith Brooks
Carlosview, ME 98853",PENDING,35
2354,Jacob Garcia,1959-04-12,"79299 Owen Squares
South Alisha, HI 19251",PENDING,73
2355,Christopher Smith,1973-04-29,"9774 Poole Forge
West Jamesshire, ND 24139",PENDING,42
2356,Daniel Williams,2005-03-20,"519 Nancy Haven
Port Andrew, HI 41629",VERIFIED,24
2357,Jennifer Fowler,1977-08-07,"18608 Mccoy Rapid Apt. 637
Meaganchester, TN 96993",VERIFIED,48
2358,John Hughes,1970-10-30,"898 Kristin Brook Apt. 869
Jeffreyville, VT 38305",PENDING,49
2359,Amy Griffin,1970-08-22,"628 Amanda Island Suite 268
New Daniel, WI 09633",VERIFIED,14
2360,James Lane,1957-10-03,"13314 Cunningham Light
West Susan, MO 61116",PENDING,98
2361,Holly Roberts DVM,1968-05-16,"91528 Robin Field
Stewartshire, MO 40629",PENDING,92
2362,Jermaine Jones,1995-04-04,"48296 Patrick Forge
Lake Kristinburgh, TX 69544",VERIFIED,71
2363,Michele Fox,1967-03-30,"5675 Kayla Lakes Suite 592
Kingport, DE 77905",VERIFIED,5
2364,Daniel Rodriguez,1964-10-14,"21336 Price Path Apt. 202
North Krystalburgh, AS 02464",PENDING,72
2365,Christine Moore,1986-01-08,"7758 Andrew Pines
West Adam, OH 94855",VERIFIED,6
2366,Robert Hogan,1968-01-01,"540 Stephen Brook Suite 502
Normanborough, DE 63428",VERIFIED,61
2367,David Stone,1992-12-11,"PSC 5088, Box 0812
APO AA 06974",VERIFIED,32
2368,Peter Fowler,1965-07-23,"20857 Garcia Roads Apt. 649
Port Jason, OK 70139",VERIFIED,10
2369,Nathan Brown,1992-12-03,"845 Ross Rapid Suite 484
Melissaport, IL 60885",VERIFIED,5
2370,Jared George,1986-10-26,"88993 Paul Causeway
Markfurt, RI 67842",PENDING,62
2371,Ashley Williams,1963-02-19,"4582 Ramirez Curve Suite 107
Port Davidshire, AZ 51704",VERIFIED,12
2372,Shelly Foster,1982-03-22,"258 Clark Lakes
Lake Shawnborough, NY 69113",PENDING,68
2373,Carlos Ramirez,2006-01-13,"64198 Hampton Cove Apt. 749
Josefurt, NE 04986",PENDING,26
2374,Derek Wagner,1950-06-03,"4343 Jessica Parkway Suite 904
West Amy, NV 58612",VERIFIED,80
2375,Joseph Perez,1960-08-30,"0442 Gary Green
New Sylviaville, OK 48438",VERIFIED,40
2376,Stacy Rodriguez,1971-08-01,"076 Tristan Parks Apt. 509
New Moniqueborough, NM 60181",VERIFIED,19
2377,Rachel Pineda,1955-09-04,"0005 John Forges Apt. 868
Port Christineland, MA 28106",PENDING,71
2378,Deborah Hernandez,2002-02-04,"088 Joanne Inlet Apt. 922
Port Courtneyport, NY 79908",PENDING,91
2379,George Garcia,1992-11-15,"21844 Bird Port
Port Maryhaven, MD 08566",PENDING,88
2380,Steven Paul,1990-02-18,"3496 Lauren Plaza Apt. 678
Victoriaberg, OH 46422",PENDING,88
2381,Brianna Reed,1961-02-15,"74879 Andrew Mountain
Grahamland, TX 74243",PENDING,76
2382,Donald Shaw,1965-09-21,"PSC 3462, Box 1903
APO AE 54586",VERIFIED,4
2383,Cheryl Munoz,2006-06-05,"7106 Jonathan Plains
East Ryan, MN 29058",VERIFIED,63
2384,Logan Christensen,1970-12-15,"45374 Taylor Street
South Andrew, AL 75394",PENDING,100
2385,Mrs. Vickie Brown,1961-03-29,"009 Ramirez Burg Apt. 045
Lake Robertchester, OH 45311",VERIFIED,34
2386,Mr. Jimmy West,1992-01-01,"Unit 8526 Box 6320
DPO AP 92445",PENDING,84
2387,Mr. Lucas Norris,1995-07-30,"8149 Garner Manor
Lake Taylor, OH 91188",VERIFIED,65
2388,Jamie Love DDS,1952-10-16,"0398 Lawrence Tunnel
Lake Derekstad, PR 06107",PENDING,24
2389,Steve Whitehead,1987-01-07,"PSC 4982, Box 4060
APO AA 49977",VERIFIED,62
2390,Monica Cain,1968-11-20,"6834 Michelle Tunnel Suite 652
Jeremyberg, NJ 85715",PENDING,61
2391,Jason Harmon,2001-10-26,"87870 Perez Coves
Frenchtown, DE 42510",PENDING,11
2392,Jonathan Cook,1959-04-04,"1969 Amy Hills
Christinafurt, VI 44379",PENDING,98
2393,Tina Walker,1969-05-07,"79921 Harry Place Apt. 869
Barbarabury, RI 71094",PENDING,58
2394,Ronald Campbell,1972-10-14,"69505 Carroll Rest
Port Ashley, WI 41476",VERIFIED,98
2395,Roger Lawrence,1968-02-17,"128 Webb Flats
New Sophia, NH 16487",PENDING,56
2396,Veronica Cummings,2000-11-10,"7338 Reed Fields
Mooreport, CT 36482",PENDING,33
2397,Laurie Garza,1983-02-25,"630 Mark Shores
Ortegaburgh, UT 63626",VERIFIED,46
2398,Joshua Padilla,2003-12-26,"941 Charles Plains Suite 739
Mikemouth, WA 72419",PENDING,65
2399,Kristopher Tanner,1958-10-15,"2873 Cook Row Apt. 238
East Katie, NY 59992",VERIFIED,27
2400,Stephen Nielsen,1952-11-14,"8031 Barbara Fords Apt. 591
South Amberberg, OR 48007",VERIFIED,68
2401,Krystal Andersen,1985-02-05,"93088 Clifford Hollow Suite 599
South Lindsayfurt, MD 52123",PENDING,6
2402,Sherry Ramsey,2003-06-23,"69747 Macias Street Apt. 887
New Justinfurt, MI 03278",VERIFIED,60
2403,Joann Wright,2008-01-20,"4121 Simmons Courts Apt. 388
West Joanborough, GU 49766",PENDING,93
2404,Jonathan Williams,2000-03-31,"617 Glenn Villages
East Marychester, VI 03671",VERIFIED,96
2405,Andrew Cook,2003-08-17,"56587 Perkins Circle
Spearshaven, PR 64876",PENDING,79
2406,Thomas Mcbride,1955-09-08,"6089 Steele Locks
Barbaraborough, MA 10279",PENDING,12
2407,Samantha Miller,1999-10-05,"4619 Joel Prairie Apt. 292
West Jamesside, OR 97236",VERIFIED,52
2408,Mary Ford,1974-01-22,"89476 Todd Camp
Delgadochester, MI 64578",PENDING,88
2409,Jason Tucker,1988-12-15,"105 Swanson Freeway Suite 024
Lake James, WY 22188",PENDING,69
2410,Kimberly Rivera,1986-05-19,"Unit 7099 Box 5333
DPO AE 64045",VERIFIED,3
2411,Melissa Daniel,1965-03-29,"5549 Sandra Isle
East Patriciaburgh, MH 98624",VERIFIED,65
2412,Taylor Richardson MD,1966-07-20,"416 Jeffery Junctions
Jacksonmouth, GA 72040",PENDING,47
2413,Benjamin Joseph,1976-02-11,"Unit 7929 Box 9110
DPO AE 15706",PENDING,6
2414,Jessica Burch,1986-02-02,"971 Williams Terrace Apt. 880
Weberstad, CA 72743",PENDING,57
2415,Nicholas Ross,2004-08-31,"24145 Catherine Shore
Pamelaberg, MO 60403",PENDING,94
2416,Gina Smith,1963-01-22,"825 Debra Mall Suite 335
Watsonchester, MN 57481",VERIFIED,57
2417,Richard Crawford,1976-05-11,"2630 Farrell Ferry Apt. 164
Jasonbury, OK 70442",PENDING,12
2418,Amanda Johnson,2005-12-07,"9219 Kaitlin Turnpike Suite 717
Crystaltown, NH 56241",VERIFIED,28
2419,Luis Rose,1964-07-04,"49704 Michael Spring
Edwardborough, AR 00759",PENDING,2
2420,Sharon Bush,1961-09-09,"76172 Floyd Neck Apt. 161
West Jessicaburgh, MN 85385",VERIFIED,71
2421,Emily Dodson,1959-02-21,"26781 Patricia Causeway Apt. 460
Jessicahaven, WA 81315",PENDING,51
2422,Stacey Clark,1989-09-10,"501 Troy Point Suite 268
Hicksfort, MS 59892",VERIFIED,44
2423,Thomas Gutierrez,1994-06-15,"3349 Tammy Stream Suite 773
Port William, KS 59279",VERIFIED,95
2424,Bailey Jarvis,1969-11-18,"008 Hunt Mission
Colinshire, MP 74838",PENDING,48
2425,Darren Jones,1956-09-05,"19196 Mary Estate Apt. 704
Jenniferborough, SD 19909",VERIFIED,19
2426,Lisa Foley,1964-07-07,"05566 Pratt Pine Apt. 839
Kaylastad, KY 47555",VERIFIED,15
2427,Christopher White,1956-04-19,"Unit 6793 Box 3675
DPO AA 28629",PENDING,47
2428,Sarah Henson,1991-03-07,"8492 Amanda Turnpike Suite 739
Kennethville, FL 54291",PENDING,46
2429,Patricia Rowland DVM,2005-01-25,"14356 Cervantes Springs
Port Wendy, AZ 73572",VERIFIED,10
2430,Nathaniel Miller,1995-05-01,"USCGC Lopez
FPO AP 05741",VERIFIED,70
2431,Shelly Rodriguez,2002-12-03,"8043 Robinson Tunnel Apt. 478
Martintown, CA 83551",VERIFIED,3
2432,Joshua Daniels,1973-03-11,"58579 Dixon Harbors Apt. 253
South Mariofort, MO 64592",PENDING,72
2433,Kathryn Smith,1952-12-30,"5200 Cohen Lights
New Darrellburgh, ME 21280",VERIFIED,60
2434,Tonya Moore,2007-09-26,"96348 Richard Underpass
Port Brian, VA 89283",PENDING,91
2435,Erik Johnson,1977-09-16,"0076 James Plaza
Williamschester, OH 92414",PENDING,74
2436,Shelby Ford,1977-08-30,"87314 Brittany Land
North Davidfurt, VT 98348",VERIFIED,100
2437,Eric Peterson,2008-01-23,"Unit 5772 Box 0716
DPO AE 54513",PENDING,74
2438,Michael Brown,1966-07-05,"8260 Marshall Crescent Apt. 604
Maldonadoport, MO 08913",PENDING,1
2439,Samantha Nolan,1956-05-08,"PSC 4917, Box 6482
APO AE 98529",VERIFIED,45
2440,Jane Mack,1965-02-11,"177 Ewing Curve
South Melissafurt, IA 87911",PENDING,95
2441,Rachel Martinez,2001-08-31,"2138 Smith Freeway
East Tracyview, AZ 94175",PENDING,32
2442,Charles Robinson,1991-12-09,"7600 Joshua Cliff
South Carlaside, DC 94677",PENDING,62
2443,Dustin Brown,1992-01-15,"7698 Sharon Track
Juliaville, IN 23655",VERIFIED,56
2444,Todd Shelton,1998-11-04,"PSC 7178, Box 3508
APO AE 32325",VERIFIED,100
2445,Joseph Howe,1988-05-23,"171 Virginia Pines Apt. 549
South Matthewbury, HI 46364",VERIFIED,53
2446,Arthur Anderson,2006-08-26,"41172 James Locks Suite 942
South Teresa, OH 92539",PENDING,80
2447,Amanda Williams,1968-10-03,"4257 Troy Passage Apt. 254
West Davidville, MN 63433",PENDING,91
2448,Alexis Kent,1958-04-21,"Unit 3751 Box 9520
DPO AA 96974",VERIFIED,56
2449,Tammy Lopez,1980-09-04,"794 Steven Road Suite 042
Lopezland, KS 48003",PENDING,74
2450,Kyle Harper,1971-05-21,"730 Paul Crescent
New Traceyland, NH 58608",VERIFIED,3
2451,Lisa Smith,1989-05-08,"60447 Osborne Dam
New Maryport, MP 82670",PENDING,7
2452,Rebecca Rush,1953-11-29,"PSC 2811, Box 9070
APO AA 55677",VERIFIED,79
2453,Charles Hopkins,1984-07-08,"899 Linda Corner Suite 220
Anthonytown, LA 83370",VERIFIED,1
2454,Natalie King,1977-09-18,"531 Barnes Trace Suite 554
Mcclaintown, TX 71339",PENDING,11
2455,Tara White,1967-09-24,"9823 David Lodge Suite 374
Amymouth, IN 18289",VERIFIED,71
2456,Amanda Chavez,1986-03-11,"17944 Brittany Trail Apt. 742
New Jessica, WA 15659",VERIFIED,60
2457,Denise Adams,2006-11-07,"02349 Erica Trail
North Aprilberg, WV 30613",VERIFIED,28
2458,Joe Thompson,2000-05-29,"895 Smith Junctions Suite 002
Martinezfurt, IL 39852",VERIFIED,52
2459,Denise Hart,1989-12-28,"2968 Thomas Lights Suite 843
Jimenezland, WA 48075",PENDING,77
2460,Timothy Leon,1954-03-31,"5383 White Flats Apt. 157
Colinfort, IA 79009",VERIFIED,22
2461,Scott Neal,1994-09-20,"2282 Romero Haven Apt. 090
New Kyle, NV 50443",PENDING,66
2462,Nicole Bishop,1981-02-10,"608 Middleton Ramp
Alexanderborough, MN 53249",PENDING,33
2463,Teresa Mercado,1955-05-01,"8078 Janice Radial Apt. 543
South Brandonhaven, LA 83829",VERIFIED,89
2464,Sarah Johnson,1994-08-21,"7326 Adams Light Suite 630
Markhaven, PA 16089",PENDING,86
2465,Joseph Harris,1952-11-15,"50086 Werner Squares Suite 558
Josemouth, MI 42599",PENDING,91
2466,Benjamin Brown,1983-06-24,"Unit 7721 Box 8698
DPO AP 56142",VERIFIED,73
2467,Christopher Villa,1976-07-27,"302 Keith Junctions Apt. 993
Port Christopherville, CA 91583",VERIFIED,45
2468,Stuart Hebert,1987-04-19,"0798 Carlos Centers Suite 300
Karenport, KS 23125",VERIFIED,32
2469,Lawrence Turner,2005-04-20,"3530 Melissa Port
Adamsfurt, RI 01289",VERIFIED,63
2470,Carla Thomas,1957-12-27,"09980 Ochoa Islands
West Regina, CA 71771",PENDING,22
2471,Kenneth Roberts,1975-02-10,"1835 Mason Ways
Port Michaelborough, LA 20183",PENDING,22
2472,Cody Brown,1962-01-29,"17070 Cook Tunnel Suite 912
Lake Alec, MN 80284",VERIFIED,56
2473,James Jones,1957-10-17,"43722 Stephanie Harbors
Port Melinda, RI 77313",VERIFIED,97
2474,Daryl Rogers,2006-10-13,"6094 Smith Plaza Apt. 527
Lopezfurt, OK 29687",PENDING,46
2475,Nathan Wiley,1960-05-06,"881 Carmen Rapids Apt. 474
Caseyfort, CT 33611",PENDING,53
2476,Deborah Rivera,1950-09-05,"737 Joshua Drive
Woodardland, ME 23528",VERIFIED,14
2477,Austin Glenn,1970-06-28,"4840 Andres Roads
Moorefurt, KY 75689",VERIFIED,25
2478,Michael Williamson,1985-07-14,"227 Schwartz Estate Apt. 424
Port Melissa, MI 49249",VERIFIED,43
2479,Kimberly Hayden,1984-03-28,"7335 Amanda Springs Suite 113
Leonardfort, DE 66527",PENDING,46
2480,Audrey Williams,1950-10-31,"2656 Kristen Camp
East Denisebury, GA 62393",VERIFIED,96
2481,Pamela Lane,2002-09-23,"558 Samantha Turnpike
Samanthaburgh, KY 46599",PENDING,31
2482,Robert Melendez,1967-07-09,"57712 Michael Mission
Port Timothyburgh, MS 35579",PENDING,8
2483,Danielle Ramirez,2005-12-31,"1453 Marquez River
Jamesside, VI 62314",PENDING,55
2484,Anna Johnson,1993-07-12,"97755 Juan Green
New Erinhaven, VA 63972",VERIFIED,16
2485,Benjamin Tucker,1996-06-04,"485 Mendez Hollow Suite 005
Veronicatown, MO 92755",VERIFIED,7
2486,Dr. Troy Mccarthy,1981-01-18,"069 Griffin Square
North Paul, ME 73392",VERIFIED,44
2487,Steven Jackson,1969-03-29,"333 Sanders Corners Suite 301
Martinezmouth, VA 94259",PENDING,32
2488,William Zavala,1952-11-29,"53611 Kara Island Suite 286
West Jeff, WA 86691",PENDING,7
2489,Stephen Reeves,1977-06-08,"33977 Nicholas Parks
South Michelle, KY 93980",VERIFIED,24
2490,Thomas Scott,1984-09-03,"389 Tommy Turnpike Suite 646
Parkerport, MD 72560",PENDING,91
2491,Christopher Moss,1998-07-02,"630 Perry Mall Apt. 843
West Rachelshire, RI 36733",PENDING,81
2492,Elizabeth Nelson,1985-04-17,"04368 Matthew Manor Suite 169
North Darrenton, FM 01879",PENDING,11
2493,Holly Turner,1965-06-18,"2617 Doyle Fork Apt. 876
Lake Williamton, NC 82898",VERIFIED,89
2494,Kevin Swanson,2004-06-27,"7381 Vaughan Trafficway
West Susan, GU 04221",PENDING,14
2495,Kristy Harrison,1964-10-16,"8948 Mark Highway Apt. 266
Brookeshire, MT 77861",PENDING,91
2496,Michael Ellison,1955-08-27,"796 Winters Mount Suite 100
Zavalafurt, TX 85628",PENDING,40
2497,Melissa Davis,1995-11-06,"4486 Clark Camp Suite 969
Robertschester, LA 61337",PENDING,11
2498,Scott Swanson,1988-07-18,"120 Daniel Meadow
Elizabethville, MD 22874",PENDING,68
2499,Scott White,1984-09-02,"2733 Anna Key Apt. 573
West Bruce, PA 30348",PENDING,23
2500,Mrs. Kathy Greer,2004-01-11,"7927 Hart Wall
Port Elizabeth, SD 78189",VERIFIED,54
2501,Shannon Nelson,1983-02-04,"8563 Evans Mountains Apt. 634
Cooperport, WV 86404",VERIFIED,5
2502,Tina Huber,1983-05-19,"69066 Linda Shores Apt. 546
Baileystad, LA 76492",VERIFIED,13
2503,Alison Reese,1963-04-03,"827 Martin Square
West Kimberly, MT 40724",VERIFIED,10
2504,Stephanie Cox,2006-05-14,"01919 Richard Shore Apt. 777
Thompsonborough, MP 59809",VERIFIED,75
2505,Jamie Barber,2006-09-04,"060 Lisa Burg
Arellanofort, NV 39720",PENDING,29
2506,Dave Cole,1982-04-11,"912 Parrish Streets
North Charles, ID 20196",PENDING,50
2507,Jennifer Walker,1966-01-01,"7014 Thompson Branch
South Jacquelineberg, MH 70369",VERIFIED,35
2508,Cory Torres,1983-01-19,"38229 Villarreal Field
Danielborough, MN 80394",VERIFIED,85
2509,Sara Martinez,1959-03-24,"PSC 9042, Box 9732
APO AE 67206",PENDING,93
2510,James Hurst,1995-04-16,"Unit 5319 Box 2103
DPO AP 04284",PENDING,90
2511,James Thompson,1970-05-07,"USNV Reid
FPO AE 10325",PENDING,99
2512,Toni Burch,1970-08-21,"3418 Kathleen Creek Apt. 487
Bennettton, MN 97859",PENDING,36
2513,Jade Rowe,1977-07-08,"56051 Johnson Hills Apt. 794
Carrmouth, VT 41140",PENDING,10
2514,Jeffrey Mccall,2005-02-22,"28084 Adams Drive Suite 539
Lake Christopherton, FM 84772",VERIFIED,91
2515,Lauren Odonnell,1988-12-20,"20757 Hunt Key Apt. 764
Lake Amberland, UT 73380",PENDING,72
2516,Alex Hoover,1984-05-10,"66328 James Ford
Taraville, KY 78953",VERIFIED,46
2517,Alicia Walton,2008-05-18,"6321 Adriana Streets
Port Maryview, IL 37428",PENDING,10
2518,William Mitchell,2002-09-22,"49434 Hannah Village Apt. 489
Port Nicholasborough, AS 78291",PENDING,74
2519,Craig Brown,1963-09-13,"77005 Jacob Route
New Lisa, WV 50508",VERIFIED,66
2520,Tammy Bauer,2007-02-23,"Unit 1753 Box 7772
DPO AE 29369",PENDING,4
2521,Alex Riddle,1984-03-11,"42827 Smith Camp
East Amanda, HI 50781",VERIFIED,67
2522,Anthony Greer,2005-04-03,"4902 Sheila Parks Apt. 635
Richardborough, CO 03672",VERIFIED,49
2523,Ivan Patel,1996-02-14,"297 Berry Keys
East Jason, MH 07243",VERIFIED,8
2524,Alexander Wiley,1966-12-29,"97702 Leah Oval Suite 866
Ambershire, RI 06432",PENDING,55
2525,Morgan Harmon,1961-06-14,"884 Miranda Views Apt. 649
Paulhaven, MS 08509",PENDING,32
2526,Michael Morgan,1960-07-16,"6616 Nixon Springs Apt. 857
Janicefurt, PR 55911",PENDING,95
2527,Robin Brown,1994-01-27,"8772 Johnny Curve Apt. 412
Elizabethchester, NH 17537",PENDING,54
2528,Shawn Dodson,1953-11-29,"3580 Martin Mountains
Howardfurt, DE 61125",PENDING,6
2529,Robin Simon,1958-12-07,"USNS Rios
FPO AE 17693",VERIFIED,20
2530,William Grant,1956-01-03,"3095 Veronica Springs Apt. 052
North Marcusberg, KS 43185",PENDING,66
2531,Allen Parker,1954-11-18,"6957 Samantha Station
Port Laura, SC 88330",VERIFIED,83
2532,Daniel Herrera,2002-01-12,"722 Bell Park Apt. 290
Michaelmouth, OR 36664",PENDING,92
2533,Nathaniel Gonzalez,1958-03-07,"3953 Rodriguez Skyway
New Jeremy, WY 20365",PENDING,2
2534,Megan Duncan,1975-08-25,"85063 Becky Forks Apt. 471
Lake Joyceside, ME 80912",VERIFIED,31
2535,Sheri Stevens,2005-09-22,"9911 Nicholas Street Apt. 533
Port Brianburgh, MO 12633",VERIFIED,18
2536,Tiffany Young,1960-09-11,"7063 Cobb Skyway
South Rebecca, TN 49374",VERIFIED,7
2537,Brittany Richards,1951-01-13,"9480 Lane Bridge Suite 093
New Barbaraville, NE 17700",VERIFIED,52
2538,Allen Armstrong,1978-03-25,"81578 Shannon Junctions Apt. 808
South Autumnchester, WY 33230",PENDING,16
2539,Stephen Love,1992-01-24,"2929 Miller Spur
Port Richardshire, MI 08044",PENDING,69
2540,Cindy Moore,1978-04-15,"112 Reese Cliff
South Dylan, NM 51186",VERIFIED,52
2541,Andrew Daugherty,1978-02-01,"995 Paul Mountain Suite 661
Gregorystad, MH 41355",PENDING,1
2542,Eric Jones,1962-12-28,"879 Megan Shoals Suite 404
West Mark, MA 48485",PENDING,40
2543,John Carpenter,2006-04-14,"042 Spencer Walks Apt. 854
Jasonborough, NC 29699",VERIFIED,96
2544,Charles Kelly,1973-10-04,"265 Cabrera Cape
South Sean, CO 38896",PENDING,94
2545,Debra Hernandez,1952-12-29,"318 Moore Circle Apt. 777
Johnfurt, TN 78895",PENDING,56
2546,Thomas Johnson,2005-04-30,"219 Angel Island Apt. 359
Annettemouth, AL 10803",PENDING,61
2547,Sally Riley,1982-03-13,"88306 Bonnie Via Apt. 578
Littlechester, VT 24125",PENDING,4
2548,Thomas Powell,1965-11-07,"588 Orozco Turnpike Apt. 808
Solisport, MP 73868",PENDING,68
2549,Ashley Foster,1991-08-08,"14974 Desiree Junctions Suite 302
North David, OR 43273",PENDING,76
2550,Kimberly Joseph,1965-04-21,"2085 Ayers Walks Apt. 192
Gibbsstad, PR 35633",PENDING,93
2551,Karla Mcmahon,1994-12-19,"0107 Garcia Views
Hudsonchester, MD 07039",VERIFIED,72
2552,Brent Williams,1962-06-15,"7554 James Crossroad
East Cynthiaside, AK 16942",VERIFIED,82
2553,Robert Baker,1954-07-29,"49673 Weaver Path Suite 743
Flynnstad, SD 88176",VERIFIED,26
2554,Larry Thompson,2001-02-13,"018 Scott Ranch Apt. 449
South William, KY 26037",VERIFIED,32
2555,Mark Franklin,1967-05-27,"Unit 8948 Box 7129
DPO AA 12062",VERIFIED,28
2556,Mathew Stephenson Jr.,2006-06-17,"74400 Hampton Parkway
Kramershire, OH 55333",VERIFIED,62
2557,Michael Skinner,1994-05-11,"Unit 3977 Box 6783
DPO AA 10655",VERIFIED,88
2558,Mr. Jerry Conner,2003-09-23,"USNS Kaiser
FPO AE 18006",PENDING,93
2559,Kevin Perry,1988-08-25,"854 Rodriguez Curve Apt. 235
Lake David, NV 22073",VERIFIED,88
2560,John Pacheco,1953-12-07,"90581 Matthew Curve Suite 842
North Amanda, PA 45091",PENDING,45
2561,Matthew Martin,2004-04-08,"27862 Richardson Corner
East Brianburgh, VA 54305",VERIFIED,38
2562,Mr. Joshua Villa,1993-10-24,"8507 Cannon Ports
Brownbury, ME 02564",VERIFIED,10
2563,Aaron Clay,1981-03-13,"673 Christopher Camp
Watkinstown, GU 59361",PENDING,30
2564,Antonio Woods,1978-11-15,"65514 Lindsey Pines Apt. 146
North Marcusmouth, NE 63944",VERIFIED,21
2565,Frederick Mckinney,1992-04-22,"1878 Bridget Ports
Port Christinaborough, DC 66557",PENDING,15
2566,Kevin Elliott,1973-02-08,"70555 Holland Court Apt. 178
Kathytown, PR 98150",PENDING,90
2567,Christopher Butler,1982-06-16,"Unit 3520 Box 9513
DPO AE 66699",PENDING,32
2568,Samuel Garrett,1957-08-28,"14591 Alexandria Mills
West Kimberly, GA 15692",PENDING,79
2569,Scott Calderon,1999-05-26,"015 Shelby Trafficway Apt. 175
East Joseph, RI 30499",PENDING,44
2570,Terry Boyle,1982-05-16,"454 Phillips Summit Apt. 098
Paigetown, NY 54136",PENDING,91
2571,Brian Daniels,1972-11-13,"377 Paul Villages Suite 567
Armstronghaven, NH 81974",VERIFIED,36
2572,Christina Norman,1954-09-22,"366 Joshua Station Apt. 731
Kingbury, TN 28344",PENDING,87
2573,Sean Henderson,1971-10-18,"3759 Mary Village
West Heathermouth, LA 87867",VERIFIED,74
2574,Rachel Clements,1968-12-09,"366 Brown Brooks Apt. 139
East Joshuaberg, GA 86755",PENDING,47
2575,Michael Henderson,1978-07-25,"23506 Ronald Station Apt. 671
Alexanderbury, GU 56584",VERIFIED,53
2576,Susan Farmer,1992-02-19,"7656 Lawrence Fork Suite 679
East Rebecca, CO 21313",VERIFIED,82
2577,Matthew Owens,2001-06-06,"USCGC Clark
FPO AA 28491",PENDING,76
2578,Julie Gonzalez,1969-03-19,"47697 Carrillo Streets
Jameschester, KS 95192",VERIFIED,88
2579,Tammy Baker,1999-08-16,"064 Stephanie Mountains Apt. 285
Garzafurt, NH 69761",PENDING,13
2580,Henry Smith,1959-09-09,"7307 Khan Spring Suite 693
West Sandra, NM 40363",VERIFIED,43
2581,Nicholas Thompson,1974-12-24,"Unit 0758 Box 6587
DPO AE 94719",PENDING,7
2582,Kathy Brown,2001-09-17,"299 Deborah Village
Janetfurt, OH 61632",PENDING,99
2583,Miguel Cook,1981-03-31,"0440 Jasmine Plains
Donnaport, ND 82054",PENDING,21
2584,Brent Salazar,1951-02-11,"7451 Joseph Cliff Suite 661
Barbarachester, DC 16850",VERIFIED,47
2585,Dawn Gaines,1954-09-08,"8961 Melissa Locks Suite 191
South Felicia, CO 83168",PENDING,23
2586,Brenda Grant,1990-08-02,"423 Mcknight Land Apt. 324
Lake Benjamin, AZ 60792",VERIFIED,44
2587,Aaron Davis,1961-10-30,"464 Kramer Pines Suite 598
Donnaburgh, MO 56863",PENDING,45
2588,Adam Kim,1970-10-08,"036 Lisa Pine Suite 202
East Darrellstad, MI 25690",PENDING,54
2589,April Brown,1999-06-09,"6537 Johnson Points Apt. 475
Port Brendanborough, AK 71194",VERIFIED,8
2590,Mrs. Cheryl Scott,1955-07-21,"USS Haas
FPO AE 89185",VERIFIED,63
2591,Amy Stewart,1972-05-12,"7455 Baker Mount Apt. 084
North Jacob, MT 85545",VERIFIED,6
2592,Andrea Ramos,1973-06-12,"878 Reeves Grove Apt. 655
Camposfort, HI 73407",VERIFIED,97
2593,Rebecca Fleming,1979-05-30,"734 Michael Route
South Tracyhaven, WV 26686",PENDING,89
2594,Brianna Watkins,1995-06-05,"756 Ellen Forest Apt. 046
Lake Samuel, AZ 10761",PENDING,38
2595,Lisa Carr,1991-12-05,"11933 Clark Ridges
Baileybury, NH 74119",VERIFIED,37
2596,Bridget Lambert,1962-09-12,"1357 Brandi Station
Simmonsview, ME 08161",VERIFIED,68
2597,Jesse Richards,1950-05-27,"633 Kerr Bypass
Moseston, MD 70661",PENDING,100
2598,William Garcia,1977-04-06,"5299 Alvarez Grove Apt. 019
Smithhaven, IL 62900",VERIFIED,41
2599,Kayla Ford,1966-04-25,"28768 Sandra Locks
Lopezshire, ME 06106",VERIFIED,88
2600,Joshua Lamb,1994-03-18,"1751 Devin Light
Port Laurenstad, SC 39892",VERIFIED,54
2601,Anthony Singleton,1968-08-23,"PSC 6168, Box 4428
APO AP 36167",PENDING,93
2602,Carl Holt,1998-01-19,"871 Curtis Circles Suite 457
Stokesburgh, OR 61805",VERIFIED,14
2603,Joseph Heath,1980-03-08,"92502 Collins Inlet Suite 568
Cameronmouth, MI 66847",PENDING,73
2604,Sherry Mullins,1989-11-02,"4532 Schroeder Roads
Sarafort, IL 62140",PENDING,11
2605,Robin Nelson,1952-03-29,"59284 Meredith Cliff
Timothyshire, MD 77491",PENDING,66
2606,Thomas Anderson,1991-04-18,"16499 Kimberly Mount Suite 332
Foxhaven, VA 53256",VERIFIED,75
2607,John Andersen,1999-02-13,"388 Oliver Way Suite 572
West Miranda, KS 48656",VERIFIED,33
2608,Jessica Caldwell,1972-11-15,"768 Daniel Fort Apt. 893
South Brian, MI 15636",PENDING,84
2609,Luis Mills,1985-06-24,"0843 Jared Hills Suite 150
Peterfort, VT 26559",PENDING,11
2610,Christine Howell,1981-11-05,"8261 Tracy Lights
Lake Amy, CA 43527",PENDING,98
2611,Amy Adams,1972-11-20,"254 Anthony Trafficway Apt. 055
Grantside, AZ 07896",PENDING,93
2612,Corey Jones,2003-01-02,"88299 Miller Course
Port Janettown, NY 22199",PENDING,38
2613,Jack Duke,1960-10-25,"3547 Diane Locks
Laurenside, FL 03853",VERIFIED,80
2614,Peter Anderson,1995-09-06,"50283 Pham Mill
Suzannefurt, AS 70823",VERIFIED,83
2615,Alexandra Welch,1954-02-05,"79174 Hopkins Junction Suite 440
Taylormouth, MD 97016",VERIFIED,52
2616,Brian Ramirez,1957-08-11,"029 Jackson Springs Apt. 635
Gregorymouth, MP 68184",VERIFIED,94
2617,Robin Garcia,1959-07-12,"2402 Kimberly Islands Apt. 383
West Michelleview, VA 33666",VERIFIED,60
2618,Austin Stokes,1952-01-19,"USNV Evans
FPO AA 66674",PENDING,82
2619,David Sullivan,1977-10-06,"26117 Kristine Port
Walterfort, NE 51256",PENDING,12
2620,Theresa Fields,1991-01-14,"11319 Collins Viaduct
Anneville, VA 95936",VERIFIED,90
2621,Melissa Franklin,1955-04-03,"USNV Butler
FPO AA 34988",VERIFIED,8
2622,Anita White,1972-04-15,"2501 Jennifer Trafficway
Mosesfort, GA 42425",VERIFIED,87
2623,Robert Sheppard Jr.,1966-11-17,"4375 Rios Trail Suite 303
Port Melanieburgh, OK 02487",VERIFIED,46
2624,Louis Walker,1959-11-15,"377 Ann Manors
Jenniferhaven, IL 63932",VERIFIED,35
2625,Zachary Harris,1961-07-27,"95479 Janet Port
Port Andrewstad, OR 66990",VERIFIED,85
2626,Mary Anderson,1978-11-24,"240 Vasquez Spurs Suite 793
North Janetside, KS 82288",PENDING,76
2627,Matthew Gonzalez,1991-12-10,"PSC 1970, Box 1391
APO AP 55564",PENDING,9
2628,Taylor Porter,1951-02-22,"93690 Davidson Fork Suite 521
Smithchester, PR 43645",VERIFIED,63
2629,Willie Gilbert,1994-11-03,"5957 Casey Parkways
West Andrew, NJ 14569",PENDING,5
2630,Tammy Scott,1992-08-27,"18693 Cannon Squares Apt. 795
Bethton, FM 09903",PENDING,16
2631,Robert Washington,1972-01-23,"PSC 3430, Box 5360
APO AP 63550",PENDING,65
2632,Sean Mcmahon,1996-12-13,"0237 Mejia Lodge Suite 964
Morganmouth, RI 91711",VERIFIED,99
2633,Jacob Holt Jr.,1958-04-17,"2691 Smith Underpass Apt. 711
Nicoletown, NV 72201",VERIFIED,19
2634,Colton Kelly,1959-01-30,"2178 Sarah Village
Georgeside, GA 58832",PENDING,16
2635,Patricia Tapia,1987-05-06,"7003 Massey Meadow
Devonshire, PR 92013",VERIFIED,87
2636,Sara Parker,1988-12-14,"53351 Lopez Mews Suite 353
Weberton, SC 50513",PENDING,79
2637,Melissa Reyes,1998-01-28,"74261 Smith Island
Donnaview, AZ 61020",PENDING,77
2638,Sylvia Johnson,1954-06-11,"PSC 1442, Box 2426
APO AP 23344",PENDING,72
2639,Margaret Singh,1999-05-11,"5386 Murphy Drive
South Joseport, NY 35374",PENDING,30
2640,Cindy Washington,1976-05-09,"01600 Weber Street Apt. 702
Mcmillanhaven, NY 10082",PENDING,53
2641,Melanie Rodriguez,1973-08-03,"594 Deborah Terrace Apt. 378
East Christinaville, AZ 39686",PENDING,16
2642,Danielle Adkins,1974-10-09,"07023 Holland Motorway
West Heather, GA 43563",VERIFIED,90
2643,Monica Lopez,1952-01-03,"7360 Johnson Roads
East Jessica, AZ 11315",VERIFIED,74
2644,Brandy Baker,2008-04-06,"USNS Simpson
FPO AP 97948",PENDING,27
2645,Christina Brown,1966-08-30,"89652 Jacobs Ferry
North Margaret, NE 96311",PENDING,79
2646,Stephanie Gardner,2005-08-15,"2947 Bennett Track
North Alyssa, NV 52367",VERIFIED,29
2647,Cynthia Hamilton,2008-05-01,"3331 Nolan Orchard
Tiffanytown, NY 97856",PENDING,27
2648,Carolyn Gray,1960-07-06,"79859 Jennifer Summit Suite 040
East Shane, FL 54400",PENDING,14
2649,Kathleen Sweeney,2004-06-28,"USS Clay
FPO AP 68870",PENDING,21
2650,Mark Myers,1976-09-18,"85648 Michael Skyway
South Amandaburgh, UT 79953",VERIFIED,7
2651,Fred Wells,1963-03-14,"022 Desiree Avenue
Brittanyfort, NE 51208",VERIFIED,98
2652,Troy Bush,1974-12-26,"8906 Jennifer Viaduct Apt. 379
Michaelberg, AZ 08970",PENDING,5
2653,Anna Young,1966-07-08,"9917 Courtney Mission
South Tiffany, OR 23258",VERIFIED,67
2654,Christopher Stewart,1993-02-09,"59368 Smith Ville Suite 104
Piercebury, MP 89244",PENDING,48
2655,James Powers,1988-10-12,"647 Underwood Harbors Suite 358
Webbland, MP 52990",VERIFIED,14
2656,Lindsay Dunn,1988-07-25,"18710 Moore Summit
New Jessica, MS 44738",PENDING,99
2657,Jessica Gentry DVM,1965-12-06,"659 Elizabeth Forge Suite 361
Theresashire, AL 86607",VERIFIED,51
2658,Kevin Gaines,1955-04-09,"38605 Kristin Fort
Karenton, NE 33473",VERIFIED,91
2659,Shawn Smith,1965-07-06,"0735 Alexander Trafficway Suite 099
New Brianchester, GA 30765",PENDING,51
2660,Jay Smith,1987-12-13,"4404 Tamara Neck
New Claudiaburgh, MS 90156",PENDING,81
2661,Mark Mays,1969-04-13,"PSC 0569, Box 9944
APO AA 67083",VERIFIED,26
2662,Krystal House,1971-06-11,"6333 Warren Crossroad
East Michaelside, NJ 07213",VERIFIED,86
2663,Sarah Cox,1981-07-20,"0692 Garcia Club
West Thomas, HI 29798",PENDING,1
2664,Julie Reynolds,1987-12-13,"2120 Trevor Shoals Apt. 538
Lake Ericastad, MD 96958",PENDING,63
2665,Traci Mitchell,1982-05-05,"279 Ruiz Avenue
Dustinview, MH 14004",VERIFIED,57
2666,Andrea Beard,1963-04-20,"56209 Ashley Forest Suite 692
Peterfurt, DC 52964",PENDING,60
2667,Brittany Arnold,1983-04-09,"2676 Anthony Fords
West Chelseaside, WI 72613",VERIFIED,61
2668,Charles Anderson,1990-07-06,"86294 Hawkins Stravenue
New Carol, ME 11546",PENDING,32
2669,Laura Oconnor,1960-02-10,"98161 Taylor Junction
Delgadohaven, PA 94631",VERIFIED,8
2670,Alejandro Edwards,1969-03-01,"319 Susan Summit
Lake Lisaport, OR 01656",PENDING,21
2671,Ryan Stephens,1968-02-19,"2563 Simpson Ridge Suite 622
Carterborough, AS 87115",PENDING,90
2672,Ray Mccoy,1969-02-26,"99099 Hunter Ford Suite 190
West Heather, FM 04729",PENDING,2
2673,Jennifer Griffin,1990-02-09,"08089 Parker Branch
South Elaine, AS 77554",VERIFIED,94
2674,Jamie Garcia,2001-08-02,"USNS Armstrong
FPO AP 96855",PENDING,95
2675,Janet Smith,1981-09-23,"883 Lee Manors
Christinabury, CA 98146",VERIFIED,13
2676,Sarah Allison,1980-10-06,"86721 Juan Ridge Apt. 547
Jamieberg, AS 46125",PENDING,74
2677,Laura Li,1967-06-01,"234 Myers Valley Suite 084
Port Jeffreytown, FM 76451",PENDING,18
2678,Angela Anderson,2001-01-31,"45010 Ferguson Glen Apt. 715
North Amandaville, MA 23006",PENDING,71
2679,Sandra Gibson,1999-07-21,"1830 Salazar Crossing
South Josephfurt, OH 61832",PENDING,36
2680,Diana Chan,1999-10-11,"0088 Smith Forks
North John, NE 27613",VERIFIED,57
2681,Ronnie Weiss,1990-07-17,"70800 Timothy Hill Suite 708
Lake Philiphaven, MN 61431",PENDING,16
2682,Kimberly Miller,1965-11-29,"6319 Johnson Meadows Apt. 533
North Karen, NY 20521",PENDING,39
2683,Victoria Smith,1953-03-04,"200 Richard Rapid
Tiffanychester, VT 94301",VERIFIED,57
2684,Nicholas Wright,1981-04-11,"1077 Gonzalez Mountain Suite 754
Lake Jessicamouth, DC 33842",PENDING,42
2685,Ronnie Carson,1970-10-28,"Unit 9336 Box 6740
DPO AE 95268",VERIFIED,91
2686,Brittany Walters,1995-05-21,"5766 Miller Ports Apt. 651
Mariechester, WY 01354",PENDING,91
2687,Darren Burton,1989-07-18,"6206 Salazar Parkways Apt. 521
Bridgetfurt, NJ 64153",VERIFIED,24
2688,Andrew Waller,2000-09-08,"596 Sarah Estates
West Richard, MI 05638",PENDING,93
2689,Robert Johnson,1960-12-13,"4292 Riley Skyway
Christopherstad, NJ 45368",VERIFIED,2
2690,Lisa Dougherty,2005-04-29,"916 Cox Manors Apt. 187
North Jesseland, KY 36615",VERIFIED,3
2691,Sean Green,1972-11-09,"4974 Griffin Lake
Peterburgh, NE 08109",VERIFIED,80
2692,Tiffany Schroeder,1955-11-24,"PSC 7087, Box 8483
APO AA 48480",PENDING,47
2693,Mrs. Monica Lloyd,2000-03-08,"87401 Fowler Station Apt. 670
Espinozahaven, UT 28473",PENDING,82
2694,Katherine Barber,2007-08-11,"2469 Amy Estates
Roymouth, CO 89887",VERIFIED,25
2695,Cheryl Hughes,1993-07-05,"USCGC Hernandez
FPO AP 87330",PENDING,17
2696,Zachary Willis,1969-07-27,"663 Christian Circles Apt. 994
Lake James, VI 41013",VERIFIED,85
2697,Derrick Santiago,1992-05-02,"8694 Rebecca Estate Suite 518
South Jenniferchester, PR 18519",PENDING,87
2698,Wayne Snyder,1956-04-22,"439 Joshua Springs
East John, AL 59648",VERIFIED,9
2699,Karen Newman,1975-05-12,"05594 William Knolls
Williamsmouth, PW 93361",VERIFIED,4
2700,Elizabeth Graves,1952-10-21,"0418 Howard Hills Suite 065
North Sarah, MH 57083",VERIFIED,71
2701,Marcus King,2005-05-20,"00185 Martinez Parkway Suite 186
Port Nicoleborough, NJ 64745",PENDING,7
2702,Sean Vasquez,1953-11-15,"02758 Ralph Skyway Suite 405
Lake Alec, ND 69812",PENDING,33
2703,Charles Harvey,2006-04-25,"610 Tina Plains
West Williamville, MH 62509",VERIFIED,93
2704,Donald Walters,1998-08-05,"USCGC Dodson
FPO AA 41949",PENDING,94
2705,Gail Miller,1993-09-01,"2809 Cochran Ports
South Travisburgh, HI 17788",VERIFIED,61
2706,Connor Fuentes,1988-04-05,"03448 Kevin Garden
Amyfort, SD 85458",PENDING,62
2707,Jeremy Fuller,1995-01-25,"629 Stacy Burgs
Jessicamouth, DE 59653",PENDING,62
2708,Deanna Rogers,1979-08-20,"2461 Jennifer Skyway Suite 202
Wileyburgh, OK 19907",PENDING,78
2709,Jasmine Reed,1972-08-15,"331 Charles Station
Mcdonaldton, MA 68793",VERIFIED,73
2710,Jon Davis,1982-02-15,"83918 Keith Place Suite 825
South Alexandermouth, OK 73077",PENDING,92
2711,Robert Young,1967-10-27,"Unit 5534 Box 9854
DPO AP 87541",VERIFIED,65
2712,David Mercado,1956-04-09,"55648 Williams Road
Lake Susan, NY 61334",PENDING,28
2713,Jessica Medina,1961-12-19,"2622 King Roads
Sandrastad, HI 02651",PENDING,3
2714,Laura Dean,1989-06-22,"6742 White Neck
Craigview, KY 97500",PENDING,26
2715,Robert Banks,1992-11-16,"64433 Stephanie Rue
East Meghan, FL 14516",PENDING,39
2716,Nicholas Johnston,1974-12-16,"51989 Pamela Shores Suite 361
Valerieton, AS 53493",VERIFIED,37
2717,Kristen Oliver,1951-12-02,"213 Kaylee Hills
Salinasberg, ME 09390",PENDING,5
2718,Nicole Burgess,1979-04-10,"624 Melvin Wall
Williamburgh, WI 31947",VERIFIED,71
2719,Tony Davis,1976-05-28,"864 Romero Tunnel Apt. 155
Aaronton, FL 06318",VERIFIED,94
2720,Justin West,2007-02-24,"9380 Richard Route
Lake Jacob, SC 11358",PENDING,39
2721,Tiffany Rosales,1974-03-29,"4545 Jeremy Fords
Patelberg, ID 01640",VERIFIED,17
2722,Matthew Chang,2005-12-12,"9441 Wilson Squares
North Thomas, GA 62680",VERIFIED,80
2723,Paul Rodriguez,1956-09-14,"5852 Kyle Prairie Suite 267
West Larrymouth, NV 36558",PENDING,43
2724,David West,1952-10-24,"8712 Rich Grove Suite 839
Potterburgh, OH 03918",PENDING,87
2725,Erika Richardson,1950-10-03,"16859 Shirley Causeway
New Brandon, OR 66690",PENDING,40
2726,Terry Reyes,1981-05-21,"129 Desiree Run
Simpsonhaven, AK 94436",PENDING,14
2727,Jackie Martin,1969-06-15,"97860 Gutierrez Throughway Apt. 051
Lake Susan, CT 48077",VERIFIED,21
2728,Jonathan Fisher,1997-02-21,"617 Nguyen Flat Suite 893
Lake Margaretborough, TX 69733",PENDING,69
2729,Cheryl Rivera,1965-07-13,"USNV Holmes
FPO AA 27990",VERIFIED,8
2730,Mr. George Morales,1995-08-12,"7804 Patricia Freeway Suite 899
Rojasfort, TX 23946",VERIFIED,86
2731,Frank Blanchard,1962-06-08,"Unit 5615 Box 8477
DPO AP 21960",PENDING,5
2732,Charles Hernandez,2002-04-07,"USNV Brown
FPO AE 39329",VERIFIED,7
2733,Crystal Hess,1995-09-05,"66692 Brandon Plains
Angelaside, CA 66139",VERIFIED,54
2734,Tina Weaver,1978-08-09,"303 Spencer Point
Ashleychester, NJ 22606",PENDING,19
2735,Robert Franco,1970-09-20,"98312 James Forges
Bethland, NE 10061",PENDING,79
2736,Douglas Rose,1955-04-01,"54284 William Drive
Cunninghamtown, PW 32625",VERIFIED,54
2737,Lauren Roberts,1976-03-10,"683 Small Alley
East Jasonport, CT 67720",PENDING,64
2738,Rachel Simpson,1978-08-10,"347 Odonnell Spring
Robinmouth, GU 62891",VERIFIED,39
2739,Sean Wallace,2003-06-30,"21937 Andrew Flats Apt. 736
Nicoleport, IN 91192",VERIFIED,89
2740,Michael Williams,1976-02-13,"043 Christopher Run
North Stephenview, OK 13007",PENDING,1
2741,Katherine Nolan,2005-08-12,"2407 Jacqueline Corner Suite 905
Stacyport, HI 48576",VERIFIED,63
2742,Michael Harding,1966-04-24,"0826 Stephens Park
East Lindsay, VA 50249",PENDING,56
2743,Samantha Clay,1988-02-20,"543 Moore Union
Jacksonborough, VA 18032",PENDING,13
2744,Jennifer Hall,2005-08-03,"4848 Steven Plains Suite 673
Jenniferton, GA 57380",VERIFIED,97
2745,Joseph Miller,2005-04-14,"43615 Courtney Tunnel Suite 153
Garciaville, TX 85353",PENDING,18
2746,Lisa White,1988-10-05,"178 Bell Cliff
New Jamesside, NM 39984",PENDING,99
2747,Brandy Hudson,2000-06-17,"1192 Roger Crescent Suite 456
Villanuevaville, LA 86469",PENDING,26
2748,Regina Robbins,1951-04-07,"72196 Decker Summit Apt. 996
South Nicholas, DE 94297",PENDING,99
2749,Beverly Wood,1969-04-04,"1001 Rebecca Street Suite 757
Christopherville, VT 97622",VERIFIED,89
2750,Richard Gardner,1964-03-20,"70929 Virginia Rapids Apt. 411
New Charles, MI 10115",VERIFIED,67
2751,Julie Brooks,1971-09-26,"099 Austin Field
Millerside, TX 71087",VERIFIED,70
2752,Neil Ponce,1958-06-12,"124 Clark Trace Suite 788
West Jessica, ME 79231",VERIFIED,21
2753,Barry Powers,1963-03-14,"572 Moore Neck Suite 098
Hartmanport, ND 75076",VERIFIED,86
2754,Kelly Romero,1983-12-22,"347 Andrew Neck Apt. 356
Barrymouth, MN 80019",VERIFIED,37
2755,Nicole Brown,1951-11-18,"PSC 1483, Box 5764
APO AE 13603",VERIFIED,48
2756,Eric Barnett,1978-03-21,"35751 Marquez Crest
Port Andreachester, MP 73251",PENDING,42
2757,Howard Thompson,1991-07-23,"3041 Tran Circles Apt. 451
South Christopher, IA 92328",VERIFIED,27
2758,Linda Young,1973-11-22,"7503 Elizabeth Meadows
Martinhaven, ID 19531",VERIFIED,87
2759,Steven Nicholson,2005-09-05,"5391 Chelsea Route
Keithland, KS 89795",VERIFIED,94
2760,Faith Ochoa,1966-07-01,"48796 Baxter Streets Apt. 461
Williamchester, ME 39125",PENDING,63
2761,Dr. Carrie Davis PhD,1997-02-28,"469 Philip Rapid
Denisetown, MH 04510",VERIFIED,61
2762,Sarah Carey,1980-09-28,"73198 Charles Falls Apt. 374
Lake Erinville, DE 07423",PENDING,84
2763,Molly Ellis,1983-01-26,"551 Sarah Dam Suite 988
Carlstad, ID 93516",VERIFIED,54
2764,Sharon Jenkins,2005-04-11,"83015 Mueller Lights Apt. 223
North Spencerfort, VI 54735",VERIFIED,50
2765,Scott Roberts,1954-07-30,"6584 Woodward Track
Lake Melissa, VT 17644",VERIFIED,70
2766,Tracy Lawrence,1964-11-17,"999 Edgar Crossing
South Gary, KS 86421",PENDING,59
2767,Isabel Palmer,1950-06-22,"8019 Kathleen Spurs Apt. 730
Danielstad, NY 39338",PENDING,18
2768,Felicia Clark,1957-01-15,"141 Jennifer Estate
Port Zacharychester, WV 54690",VERIFIED,42
2769,Kendra Conway DDS,1987-09-10,"USS Williams
FPO AP 69799",PENDING,59
2770,Stephen Lewis,1978-11-11,"PSC 1682, Box 1310
APO AP 23537",PENDING,4
2771,Katherine Benitez,1951-12-01,"5571 Crawford Springs
Kingfort, NE 58976",PENDING,33
2772,Vincent Wolf,1953-09-02,"1646 Anderson Cliff Suite 721
South Maryville, DE 02502",VERIFIED,9
2773,Kevin Santos,2004-06-29,"00329 Kiara Pike Suite 782
South Brooke, AK 74953",PENDING,12
2774,Anthony Oneal,1996-03-03,"122 Zachary Oval
West Ashley, NJ 23627",VERIFIED,32
2775,Scott Johnson,1990-05-01,"55803 Regina Drive
Joshuafort, IN 04386",PENDING,59
2776,David Arnold,1999-01-25,"303 Meagan Tunnel Apt. 585
Reyesfort, TX 22272",VERIFIED,19
2777,Elizabeth Smith,1989-05-23,"76544 Gonzalez Cliff Suite 097
South Jason, WI 86387",PENDING,63
2778,Micheal Carpenter,1978-09-07,"346 David Harbor Suite 457
West Davidmouth, IL 52216",VERIFIED,68
2779,Donna Carter,1964-04-10,"4112 Vance Row
East Joshua, OR 17034",PENDING,57
2780,Mark Ferrell,2007-10-24,"4670 Michelle Mission Suite 180
Martinberg, PR 10269",VERIFIED,100
2781,Thomas Roberts,2000-01-31,"37010 Calvin Highway
Randybury, CT 51264",VERIFIED,47
2782,Hector Carey,1998-04-07,"22493 Michelle Motorway Apt. 077
Manningborough, OH 28638",VERIFIED,77
2783,Hannah Sanchez,1983-10-25,"0252 Jacqueline Harbor Apt. 358
East Robin, AS 95933",VERIFIED,25
2784,Christopher Kaiser,1996-09-20,"301 Mccoy Green
East Madisonfurt, PR 73719",VERIFIED,24
2785,Katrina Cisneros,1983-07-02,"447 Margaret Spurs Apt. 574
Tonyaburgh, FL 42548",PENDING,42
2786,Shane Nelson,1953-12-29,"477 Cory Walk
West Melanie, OR 65095",PENDING,80
2787,John Rodriguez,1974-01-06,"8385 Rogers View Apt. 312
Summersview, MN 65439",PENDING,99
2788,Jessica Shannon,1962-03-01,"70850 Rachel Viaduct
Lauriemouth, FL 82819",VERIFIED,91
2789,Jessica Sanders,2003-09-19,"12072 Garcia Corners Suite 824
South Jodi, OR 46264",PENDING,82
2790,William Contreras,1973-04-11,"3980 Deanna Loop
Sandrahaven, OR 99793",VERIFIED,41
2791,Jeffrey Patton,1965-03-10,"PSC 8776, Box 3372
APO AA 54464",VERIFIED,40
2792,Patrick Smith,1975-11-05,"Unit 6815 Box 7140
DPO AE 84273",PENDING,24
2793,Hannah Long,1975-07-10,"437 Berry Centers
Port Patrick, MN 30298",PENDING,93
2794,Caitlyn Estrada,1978-04-13,"49894 Kyle Valley Apt. 755
South Phillipmouth, AK 82121",PENDING,97
2795,Wayne Watson,2004-02-06,"8453 Jorge Flats
Lindsayfurt, HI 43283",PENDING,42
2796,Jessica Lee,1962-10-13,"8590 Carly Shoal
New Eric, CT 19094",VERIFIED,6
2797,Robert Martin,1988-06-16,"939 Ronald Heights
Perezhaven, AZ 57087",VERIFIED,61
2798,Heather Kane,1970-08-04,"3932 Jones Shore Suite 197
Kellytown, WA 71402",PENDING,47
2799,Justin Thompson,1954-06-10,"4610 Russell Inlet Suite 419
Marioview, OH 13547",VERIFIED,93
2800,Timothy Alexander,1999-02-04,"2269 Reed Pass
South Teresa, TN 32204",PENDING,97
2801,Christina Little PhD,2004-11-03,"64160 Parker Square Suite 727
South Williamborough, FL 96398",PENDING,27
2802,Kristen Brown,2005-10-07,"4940 Marshall Ramp
Lake Alexandermouth, KY 04030",PENDING,31
2803,Shannon Cherry,1987-07-17,"086 Ricardo Gardens Suite 368
Tonytown, MH 07934",PENDING,60
2804,Eugene Johnson,1965-07-31,"64534 Garcia Stream
Curtischester, NE 48789",VERIFIED,96
2805,Brandon Leonard,1970-11-09,"74204 Edward Shoal
Richardmouth, IN 49496",VERIFIED,88
2806,Taylor Nelson,1952-03-20,"9916 Nicholas Port Apt. 334
Nicholasport, NH 20092",PENDING,29
2807,Brian Wilson,1989-06-05,"60420 Kimberly Track
East Bonnie, GU 38741",PENDING,43
2808,Jessica Garrett,1955-02-26,"55705 Reeves Ports
Brittanyview, NH 56520",VERIFIED,30
2809,Mrs. Angela Flores,1982-01-16,"873 Tucker Spring
Brianview, NV 09880",PENDING,56
2810,Elizabeth Tran,1994-10-17,"67558 Jackson Courts
New Kevinport, MH 23079",VERIFIED,66
2811,Adrian Cameron,1982-05-07,"4266 Daniel Hill
East Patty, MA 72035",PENDING,44
2812,Robert Brooks,1999-12-27,"31289 Clayton Plaza Suite 708
Jonesfurt, MI 84456",VERIFIED,44
2813,Elizabeth Hall,1987-08-02,"5486 Travis Mall
Jenniferside, WA 43602",VERIFIED,22
2814,Vincent Solomon,1996-09-23,"29036 David Spurs
Smithmouth, FL 46119",VERIFIED,11
2815,Lori Brown,1977-11-19,"11414 Gonzalez Glens
Lake Haley, UT 07922",VERIFIED,23
2816,George Odom,1969-11-13,"079 Norris Estates Apt. 610
Jonfort, AL 26823",PENDING,31
2817,Richard Moran,1996-07-16,"926 Middleton Ways
Frosthaven, NM 93999",VERIFIED,70
2818,Alexander Small,1961-01-14,"18006 Buck Port
Lopezfort, AZ 55394",PENDING,57
2819,James Davis,1960-07-08,"82324 Wagner Run Apt. 296
Ellisfort, PR 58348",PENDING,34
2820,Shane Evans,1976-01-30,"05638 Young Walks Apt. 313
South Jenniferchester, DE 85910",PENDING,39
2821,Hayden Watkins,1991-03-14,"8801 Mccarty Points
Ronaldtown, CA 34780",VERIFIED,7
2822,Robert Scott,2007-09-23,"9094 Austin Rapids Suite 968
Erikstad, OK 84912",VERIFIED,78
2823,Jessica Simpson,1998-09-19,"2365 Melissa Circles
Taylormouth, LA 46630",VERIFIED,37
2824,Roberto Bennett,1985-10-03,"1819 Brianna Villages
East Charlenemouth, PA 22989",VERIFIED,96
2825,Anna Davis,1958-09-19,"444 Jones Plain
North Zachary, SC 04358",PENDING,90
2826,Tanya Walters,1974-01-03,"997 Rodriguez Rapid
South Leslietown, SD 64753",PENDING,20
2827,Tracy Stewart,1978-08-22,"8669 Christopher Brook Apt. 924
Gardnershire, NJ 92536",PENDING,50
2828,Richard Andersen,1961-03-29,"1799 Michael Landing
Johnsonhaven, WV 41776",VERIFIED,43
2829,Wendy Holder,1971-12-15,"PSC 1442, Box 2186
APO AA 14851",VERIFIED,55
2830,James Huff MD,1967-05-11,"5343 Stanley Station Apt. 946
Hernandezland, MS 64007",PENDING,39
2831,Shannon Campbell,1980-10-03,"380 Johnson Ferry
North Molly, OK 25878",VERIFIED,78
2832,Jon Zamora,2007-11-14,"622 Samuel Mount Suite 692
Parkermouth, MP 14586",PENDING,5
2833,Emily Vaughn,1981-01-19,"74251 Daniel Ports Apt. 159
New Daniel, AR 95076",PENDING,68
2834,Carlos Harris,1976-04-30,"5263 Frye Fall Apt. 524
Willieland, NV 45367",PENDING,4
2835,Casey Gordon,1958-01-27,"PSC 0801, Box 6861
APO AE 83283",VERIFIED,70
2836,Jon Hickman,1994-04-14,"399 John Fort
Bradleyside, VI 88188",VERIFIED,77
2837,Mark Glenn,1954-12-29,"2369 Nicole Ridge
East Ronaldmouth, NV 89198",PENDING,28
2838,Hannah Kaufman,1974-07-31,"7889 Vanessa Forest Apt. 502
Michaelville, NV 55526",PENDING,71
2839,Frank Ross,1982-01-19,"47277 Weaver Loaf
New Marissa, OH 37883",VERIFIED,12
2840,Alyssa Hoffman,1987-11-13,"27904 Woods Harbor
Montgomeryfurt, PA 54385",PENDING,16
2841,Traci Mendoza,2005-03-25,"37704 Brown Burg Apt. 412
Port Matthew, MT 91260",PENDING,22
2842,Brandon Perez,1980-10-23,"1312 Oliver Lakes
Leslieburgh, ME 13348",PENDING,44
2843,Ryan Thomas,1994-03-03,"37760 Michelle Center
Garyburgh, NJ 12280",VERIFIED,83
2844,Kelly Trevino,2000-10-15,"44471 Lee Divide Apt. 790
South Joelburgh, NC 21745",VERIFIED,91
2845,Jason Richardson,1994-04-19,"48494 Brown Radial Apt. 914
Harveyland, WI 37669",VERIFIED,81
2846,Roger Simpson,1986-04-19,"211 Jonathan Mills
Angelaborough, NJ 71160",VERIFIED,87
2847,Tony Williamson,1972-10-07,"73357 Jonathan Point Suite 833
Amandatown, KY 64986",VERIFIED,6
2848,Zachary Walker,1989-09-02,"798 Robert Place Apt. 347
Johnsonfort, CO 35845",PENDING,17
2849,Kathleen Wells,1973-01-18,"USS Rios
FPO AA 43545",VERIFIED,51
2850,Sonia Stanley,1999-05-20,"2352 Margaret Trace Apt. 925
Lake Andre, WI 30038",VERIFIED,91
2851,Lauren Smith,1994-05-19,"5089 Lozano Views Suite 790
West Jill, TX 73762",VERIFIED,95
2852,Justin Tucker,1957-08-01,"44375 Michelle Islands Apt. 032
Laurieberg, AZ 18822",PENDING,54
2853,Shannon Hill,1976-11-21,"228 Paul Course
Zamoraside, UT 67063",PENDING,61
2854,Shane Martin,1964-04-06,"5477 Gibson Overpass Apt. 551
Hestermouth, NM 35101",PENDING,91
2855,Robert Ward,1962-07-14,"4422 Day Spur
Ronaldport, UT 15010",VERIFIED,23
2856,Jessica Vega,1956-08-28,"671 Jenny Junction
Donaldfort, CT 52032",PENDING,35
2857,David Lewis,1986-09-14,"18068 Jasmine Locks
Kennethhaven, NY 59464",VERIFIED,97
2858,Natalie Mann,1969-02-03,"516 Young Shore Suite 505
Castrofurt, AR 96200",PENDING,2
2859,Jesus Goodwin,1980-10-22,"9747 Thompson Well
West Baileybury, MN 06742",VERIFIED,34
2860,Mr. James Perez PhD,2004-03-26,"42864 Brown Junctions
West Kyle, NM 29700",PENDING,47
2861,Cheryl Erickson,1997-11-18,"7540 Christopher Port Suite 099
Jarvisville, NJ 83060",PENDING,94
2862,Kristina Anderson,2007-09-10,"6640 Tricia Cove Apt. 913
Whiteburgh, CT 81274",VERIFIED,71
2863,Jacob Wilson,1981-05-31,"738 Guzman Flats Apt. 297
New Mariobury, AZ 78503",VERIFIED,13
2864,Gregory Phillips,1990-10-25,"USS Dennis
FPO AA 95266",PENDING,42
2865,Angela Rodriguez,1982-07-08,"665 Natalie Light Suite 927
Jenniferbury, MD 08375",PENDING,3
2866,Jennifer Harris,1999-07-24,"10337 Kirk Islands Apt. 388
Hahnview, PA 02122",PENDING,95
2867,Anne Garcia,1962-04-30,"8565 Olson Common
Masonburgh, WA 71139",VERIFIED,89
2868,James Jensen,1977-04-28,"10464 Jennifer Drives Apt. 839
Kentberg, NC 63664",PENDING,8
2869,Lauren Lucero,1954-04-28,"193 Timothy Cliff Suite 477
Lake Ryan, AL 68783",VERIFIED,54
2870,Natasha Macias,1996-08-25,"90116 Ortiz Spurs Apt. 995
Nelsonville, SC 44632",PENDING,59
2871,Frank Taylor,1989-05-20,"215 Katherine Views
Port Christopher, ND 69600",PENDING,11
2872,Austin Rodriguez,1966-11-26,"475 Robert Highway Suite 940
Christinaside, VA 81455",PENDING,76
2873,Tina Ramirez,2002-11-19,"906 Taylor Land Apt. 575
Lake Tracyborough, MS 50322",PENDING,47
2874,Michael Alexander,1985-09-22,"942 Brandon Light
Weissshire, MS 94370",PENDING,97
2875,Dwayne Luna,1991-02-11,"0038 Douglas Glen
Bradfordburgh, PA 02431",PENDING,75
2876,Walter Hernandez,1979-09-26,"661 Gabriel Way
Amandaton, AK 60615",PENDING,19
2877,David Lee,1973-10-11,"93529 Jennifer Tunnel
South Amanda, HI 93689",PENDING,15
2878,Ashley Arroyo,2002-01-05,"92837 Ann Cliff Apt. 660
Port Richard, AZ 14263",PENDING,27
2879,Rodney Ross,1955-07-15,"38559 Ortiz Shoal Suite 647
Lake Davidburgh, WI 57003",VERIFIED,80
2880,Joanna Henry,1969-06-03,"47585 Ronald Village Apt. 911
East Ianchester, IN 78489",VERIFIED,25
2881,Johnathan Russell,2003-08-24,"68950 Lucas Loop
Lake Michaelstad, MI 89452",VERIFIED,24
2882,Brian Taylor,1963-01-20,"309 Patton Unions Apt. 715
West Daniel, IL 45555",VERIFIED,9
2883,Jason Moore,2007-11-25,"40346 Brian Avenue
Port Jeremiahport, NM 13100",PENDING,68
2884,Amy Wright,1967-10-09,"0529 Joshua Roads Apt. 603
Port Jermainestad, PR 64985",VERIFIED,69
2885,Peter Woods,1973-04-14,"268 Gary Islands Apt. 082
Ryanstad, VT 46164",PENDING,2
2886,Shannon Smith,1980-06-03,"PSC 3815, Box 8539
APO AP 80224",PENDING,66
2887,Matthew Anderson,1985-03-14,"903 Jason Court Suite 674
Port Beth, OK 34853",PENDING,67
2888,Richard Barron,1997-05-07,"487 Cynthia Trace Apt. 376
Jeffreybury, DE 20487",VERIFIED,68
2889,Carl Carroll,2006-12-18,"688 Ramirez Tunnel
Amandastad, DE 48034",PENDING,6
2890,Margaret Brown,1993-11-23,"4617 Parker Gardens Suite 320
West Randy, NH 55233",VERIFIED,24
2891,Kiara Pearson,1955-11-03,"Unit 1456 Box 7410
DPO AE 25000",VERIFIED,8
2892,Matthew Rodgers,1977-12-26,"0549 Brenda Manor
Williamview, NH 36662",VERIFIED,3
2893,Brad Maddox,1974-05-19,"16438 Reyes Creek
New Kathryn, IN 94695",VERIFIED,22
2894,Sara Guzman,1953-08-26,"7773 Stark Rapids
North Tony, LA 37414",VERIFIED,50
2895,Christopher Davis,1999-04-27,"8637 Williams Rest Apt. 115
North Amandafort, GU 89370",VERIFIED,51
2896,Katherine Phillips,1980-07-14,"664 Perry Mountain Apt. 039
Port Davidport, HI 18567",PENDING,35
2897,Tracey Ingram,1958-12-15,"444 Lori Road Apt. 801
Brownland, NJ 35945",PENDING,75
2898,Matthew Nelson,2004-01-05,"93122 Wilson Summit
Timothystad, NJ 62367",VERIFIED,39
2899,Mrs. Bailey Page,1995-12-28,"29195 Richards Loaf
Duncanfurt, SC 27909",PENDING,65
2900,Ian Smith,2005-11-28,"564 Hernandez Fork
Port Regina, NM 13868",VERIFIED,18
2901,Joan Fields,1975-06-10,"867 David Spurs Apt. 814
Mariashire, NH 32651",PENDING,15
2902,Steven Gonzalez,1993-10-31,"16876 Bailey Course Suite 206
Coleport, MA 23776",VERIFIED,33
2903,Sandy Mitchell,1968-06-17,"USCGC Collins
FPO AP 85041",VERIFIED,81
2904,Andre Cole,1962-10-18,"5800 Brooks Divide Apt. 377
Alexanderbury, WY 26548",VERIFIED,64
2905,James Howard,2007-10-10,"23306 Michelle Village
Rachelmouth, OR 89513",VERIFIED,15
2906,Brett Carson,1965-09-09,"332 Hannah Summit
Laurenburgh, CA 45813",PENDING,25
2907,Phillip Farmer,1984-01-16,"295 Weaver Gardens Apt. 753
East Amy, IN 15773",VERIFIED,27
2908,Teresa Morales,2001-05-14,"7444 Chelsea Wall
Brookston, AL 55964",VERIFIED,24
2909,Pamela Lozano,1953-05-15,"1773 Bird Plaza Suite 606
East Molly, CT 96208",PENDING,37
2910,Priscilla Boyd,1960-03-26,"2949 Michael Extensions
West Sueberg, ID 41861",VERIFIED,37
2911,Johnny James PhD,1990-04-11,"866 Tyler Rue
New Shawnstad, CT 58969",PENDING,72
2912,Jeffrey Daniels,2002-07-30,"0520 Taylor Vista
West Aaron, FL 33062",PENDING,95
2913,Cody Johnson,1959-12-24,"6440 Curtis Lodge
South Katherine, KY 17870",VERIFIED,99
2914,Tiffany Trujillo,1974-01-15,"42611 Kenneth Centers
Port Michelle, WY 89905",PENDING,26
2915,Patricia Henson,1991-02-10,"757 Smith Squares Suite 971
East Logantown, HI 76995",PENDING,39
2916,Daniel Hopkins,1969-07-29,"62148 Jonathan Orchard
Thomasfurt, WI 78909",VERIFIED,38
2917,Robert Summers,1976-01-17,"185 Young Harbors
West Alexborough, RI 23198",VERIFIED,80
2918,Jennifer Gomez,1993-12-17,"9958 Marsh Track Suite 683
Cindyhaven, VA 29893",PENDING,77
2919,Billy Williams,1956-07-20,"1840 Smith Rapid
Frenchton, PA 86050",PENDING,90
2920,Bonnie Madden,1973-10-12,"USS Robinson
FPO AE 64097",PENDING,86
2921,Donna Freeman,1979-03-22,"4581 John Crescent Apt. 227
New Rodney, DC 25446",PENDING,14
2922,Michael Perry,1978-01-07,"48104 Jessica Motorway Apt. 384
Phillipston, OK 22195",VERIFIED,39
2923,Jennifer Jacobson,1951-11-01,"0533 Nelson Spur Suite 685
North William, FL 99805",VERIFIED,34
2924,Stephanie Perry,1964-02-08,"602 Douglas Brook
Davidfort, AL 68611",PENDING,37
2925,James Rangel,1995-02-13,"0366 Jennifer Roads Apt. 820
South Kyle, CA 96045",VERIFIED,50
2926,Alicia Murray,1992-04-07,"USNS Henry
FPO AE 40718",VERIFIED,58
2927,Jenna Smith,1963-07-17,"67094 Mary Isle Suite 558
Wesleybury, MN 37274",PENDING,85
2928,Daniel Lloyd,1965-12-10,"6740 Richard Lane
West Maria, MN 85984",PENDING,50
2929,Kim Bryan,1955-05-07,"341 Frost Path Apt. 992
Thomaschester, AK 26835",PENDING,59
2930,Bonnie Bell,1985-05-17,"0955 Hernandez Ranch Apt. 562
Jasonview, AK 09047",VERIFIED,69
2931,Dr. Richard Santiago,1962-03-22,"Unit 5065 Box 6768
DPO AE 84386",VERIFIED,44
2932,Brianna Allen,1961-12-05,"95754 Owen Knoll Apt. 652
Riverabury, NM 20483",PENDING,75
2933,Julian Brewer,1987-08-18,"USNS Myers
FPO AA 05773",PENDING,29
2934,Amber Evans,1997-12-12,"7945 Weaver Brooks Suite 268
New Kristen, ME 35076",PENDING,22
2935,Michelle Jackson,1981-11-06,"PSC 1084, Box 1992
APO AE 06646",VERIFIED,95
2936,Emily Gilmore,1985-09-07,"9536 Rogers Roads Suite 629
North Martinborough, RI 17455",PENDING,69
2937,Emily Cummings,1981-09-16,"5804 Walker Well
Lake Kim, NM 96314",VERIFIED,22
2938,Derek Reyes,2007-10-14,"PSC 1901, Box 1257
APO AP 80327",VERIFIED,69
2939,Steven Howell,1952-10-06,"1790 Vincent Mount Suite 768
Tyronemouth, NV 77556",VERIFIED,75
2940,Gary Blankenship,1995-05-21,"39538 White Ports Apt. 992
Bankstown, FM 67862",PENDING,39
2941,Renee Jones,1985-01-12,"9645 Rachel Spurs Suite 610
Tylerbury, RI 25506",VERIFIED,23
2942,Debra Scott,1991-01-26,"502 David Port
Lake Robert, VT 97275",PENDING,35
2943,Ruben Kelley,1981-02-21,"248 Lane Streets Apt. 175
North Matthewbury, VT 55483",PENDING,38
2944,Michael Short,1993-01-30,"40206 James Lakes
North Candice, TN 94468",PENDING,82
2945,Bradley Garza,1967-02-05,"7166 Hill Hills Apt. 846
New Cathy, ID 81043",VERIFIED,76
2946,Brenda Contreras,1952-12-30,"7044 Justin Gateway
Morganfort, WV 92162",VERIFIED,10
2947,Jill Barnett,2003-02-25,"036 Perez Crossroad
Jacquelineville, WY 55260",VERIFIED,60
2948,David Rice,1962-02-23,"18262 Jennifer Throughway
East Elizabethbury, NH 38298",PENDING,50
2949,Dr. Daniel Beard,1976-06-18,"5144 Karen Isle
Normastad, MO 99864",VERIFIED,59
2950,David Johnson,1989-04-02,"397 Jacobs Groves Suite 621
Port Brittanyshire, PW 49199",VERIFIED,38
2951,Patricia Gross,1966-06-25,"3787 Cruz Island Suite 272
South Brandon, NE 94366",VERIFIED,66
2952,Albert Cox,1961-07-30,"075 Hector Lakes
Charleshaven, AL 31795",VERIFIED,58
2953,Jonathan Webb,1970-10-10,"77442 Justin Tunnel
Kennethmouth, OK 50408",VERIFIED,93
2954,Lisa Lewis,1984-12-16,"72234 Eric Ports
Barnesberg, AL 33357",PENDING,6
2955,Bryan Williamson,1989-06-14,"8695 Clark View
Rodriguezhaven, AS 82960",PENDING,68
2956,Austin Fowler,1960-04-20,"82088 Jennifer Pass Apt. 443
Lake Alyssa, NJ 26602",PENDING,89
2957,Shelly Nelson,1980-09-09,"415 Irwin Mews Apt. 244
New Markview, AS 63540",PENDING,34
2958,Nichole Fuller,1996-11-03,"4194 John Square
Lake Joshua, AR 30448",PENDING,36
2959,Leslie Scott,1965-10-02,"7684 Alejandro Islands Suite 601
Floydfurt, AZ 79986",VERIFIED,9
2960,Raymond Hull,1961-01-18,"1756 James Glen Apt. 963
New Samantha, MH 27187",PENDING,25
2961,Brenda Watson,1977-01-13,"161 Katie Islands Suite 701
Lutzshire, AR 02612",PENDING,39
2962,Michael Martin,1962-07-04,"035 Tamara Branch
Robertside, WA 37208",PENDING,10
2963,Brandon Matthews,1984-11-23,"1632 Stephen Radial
Nelsonhaven, TX 62326",VERIFIED,93
2964,David Hunt,2008-02-22,"03223 Douglas Green Apt. 624
West Shane, MO 86156",VERIFIED,46
2965,Rick Stanley,1973-05-05,"39011 Jones Row
West Dawnside, TN 29189",VERIFIED,47
2966,Kelly Jones,1958-07-30,"4553 William Avenue
East Thomas, PW 27905",PENDING,78
2967,Kathryn Olson,2007-03-21,"Unit 1902 Box 1617
DPO AE 28817",PENDING,82
2968,Madison Ramirez,2006-05-17,"USS Moss
FPO AP 32758",VERIFIED,57
2969,Lawrence Acevedo,2001-02-28,"PSC 1801, Box 3520
APO AP 94918",PENDING,76
2970,Mrs. Courtney Farmer DVM,1998-05-01,"76744 Adams Ridge
Jacobville, ME 62720",PENDING,35
2971,Melissa Edwards,1982-02-20,"31987 Amanda Garden Apt. 489
South Cameron, GU 39096",PENDING,84
2972,Richard Thomas,1975-01-03,"5170 Neal Extension Suite 622
Vanessabury, SC 24247",VERIFIED,80
2973,Jeffery Weber,1975-12-17,"13366 Rebekah Pine Suite 022
Port Kelly, UT 37789",PENDING,53
2974,Randy Knight PhD,1970-01-27,"3002 Jimmy Road
West Sabrinaberg, UT 98079",VERIFIED,92
2975,Mark Davis,1969-12-02,"774 Rachel Parks Suite 905
Lake Mary, RI 90519",PENDING,39
2976,Jerry Hart,2005-06-07,"Unit 0917 Box 8259
DPO AP 50274",VERIFIED,78
2977,Robert Martinez,1995-07-04,"79390 Edwards Turnpike Apt. 138
Patriciaview, NJ 19621",VERIFIED,72
2978,Morgan Barry,1987-12-15,"1430 Timothy Inlet
Katieview, MO 49264",VERIFIED,86
2979,Dr. Anita Khan,1963-12-05,"302 Greene Roads
Marquezfurt, GA 54394",VERIFIED,85
2980,Maria Jackson,1961-05-25,"830 Gonzalez Rue
North Nicole, TN 04070",VERIFIED,29
2981,Kathryn Smith,1975-06-04,"2521 Gina Summit
Donnatown, GU 08738",PENDING,31
2982,Wayne Carson,1974-07-19,"359 Ashley Turnpike Suite 171
Hannahfurt, WY 47227",VERIFIED,34
2983,Lindsay Turner DVM,1964-03-24,"04754 Parker Mountain Suite 375
Port Erin, LA 08991",PENDING,85
2984,Tammy Reed,2006-08-27,"5357 Megan Lane Apt. 084
Veronicaburgh, PA 92053",VERIFIED,68
2985,Amy Mcmahon,1990-01-10,"3106 Mary Dale Suite 869
Brittanyberg, SC 45535",PENDING,47
2986,Kristopher Boyle,1953-05-15,"5873 Johnson Burgs Apt. 182
Dianatown, KY 94434",PENDING,70
2987,Elizabeth Burns,1992-07-23,"77783 Elizabeth Orchard
East Gina, MO 98403",VERIFIED,3
2988,Nancy Hooper,1983-03-12,"49047 Harris Alley
South Gregory, NV 53762",PENDING,83
2989,Tiffany Cain,1958-02-28,"49963 Rojas Park Apt. 184
Walkerview, NM 14150",VERIFIED,17
2990,Lindsey Peterson,2008-01-08,"USCGC Cannon
FPO AA 99670",VERIFIED,60
2991,Nicole Wilson,1980-12-31,"18090 Soto Underpass
West Scottland, WV 42729",PENDING,78
2992,Tammie Sullivan,2000-07-18,"4522 Wood View Apt. 415
South Juanchester, WY 99829",PENDING,93
2993,Kelly Reynolds,2005-10-08,"01871 Lance Corner Suite 015
Walkershire, SC 25059",VERIFIED,61
2994,Eric Bates,1967-12-02,"90301 Veronica Fields Apt. 712
Lake Natalie, KS 72627",PENDING,10
2995,Omar Bailey,1986-05-25,"498 Rice Vista
Reynoldsview, LA 39829",PENDING,43
2996,Chloe Garcia,1950-08-04,"2724 Richard Port
Port Shannonstad, NM 35835",PENDING,66
2997,Christine Jackson,2003-10-07,"588 Fisher Station Suite 245
South Duane, AL 41315",VERIFIED,58
2998,George Rhodes,1999-01-20,"507 Victoria Tunnel
Lake Nataliefort, WI 82319",PENDING,2
2999,Brandon Garcia,1990-11-12,"USNV Chandler
FPO AA 36850",PENDING,93
3000,Teresa Doyle,1997-12-31,"7893 Christopher Cliffs Suite 942
Tracyshire, IA 18715",PENDING,24
3001,William Miller,1987-08-15,"Unit 0257 Box 8199
DPO AA 64102",VERIFIED,56
3002,Jonathan Powell,1977-02-20,"813 Martin Meadow Suite 426
West Denise, AK 71426",PENDING,84
3003,Ann Lee,2001-03-24,"0246 John Glen
Brianport, VT 59910",VERIFIED,48
3004,Erica Nguyen,1954-09-16,"USNS Johnson
FPO AA 65024",VERIFIED,53
3005,Jordan Tate,1964-12-23,"24768 Ramos Meadow Apt. 322
West Cassandrashire, VT 01759",PENDING,60
3006,James Miller,2001-04-25,"PSC 9183, Box 5698
APO AP 66001",VERIFIED,88
3007,Chad Huynh,1975-10-06,"90129 Ford Plain Apt. 348
Tammyport, KY 07336",PENDING,62
3008,Kenneth James,1978-10-09,"Unit 7690 Box 8878
DPO AE 56455",VERIFIED,60
3009,Michelle Taylor,1999-11-04,"880 Robert Light
Bakerfurt, SD 06699",PENDING,12
3010,Jose Hunt,1982-03-08,"4278 Allen Centers Apt. 988
Lake Lee, AL 79778",PENDING,19
3011,Thomas Sanders,1988-04-01,"9931 Cunningham Tunnel Suite 533
Lake Rebeccaside, NH 15399",VERIFIED,45
3012,Joanna Hernandez MD,1965-12-15,"Unit 2924 Box 0811
DPO AP 45894",VERIFIED,59
3013,Samantha Harrington DDS,1992-12-30,"54051 Sloan Views Apt. 519
Millerview, MT 79815",PENDING,62
3014,Bruce Parks,1961-04-15,"659 Desiree Isle
Floydburgh, CA 81442",PENDING,7
3015,David Shannon,1997-05-22,"0569 Palmer Villages
West Emily, MN 82970",PENDING,95
3016,Jocelyn Moreno,1956-11-26,"592 Kim Rue Suite 764
Alisonton, TX 82583",VERIFIED,53
3017,Sarah Sharp,1958-06-30,"Unit 6820 Box 5206
DPO AP 92319",VERIFIED,43
3018,Raymond Reynolds,1959-10-03,"90659 David Manor
Carpentermouth, NM 56674",PENDING,98
3019,Rachel Blake,2004-11-23,"381 Wright Dam Apt. 679
Joeburgh, GA 75904",VERIFIED,71
3020,Melanie Ellis,1964-07-23,"89161 Pham Road Apt. 302
Lake Katiemouth, OR 60601",VERIFIED,86
3021,Jessica Kramer,1985-04-05,"292 Stephenson Lights
West Nathan, AR 94760",PENDING,43
3022,Mark George,2007-04-18,"639 Watson Tunnel
East David, GU 87394",PENDING,31
3023,Michelle Fields,1990-06-07,"1644 John Turnpike
New Matthew, ND 64242",PENDING,63
3024,David Knox,1999-10-08,"381 Donna Neck
North Julie, WV 31388",PENDING,9
3025,Mary Murphy,1966-01-26,"248 Alexander Manor
New Kendraview, HI 60685",VERIFIED,96
3026,Dennis Medina,1981-01-04,"51526 Kelsey Plains
Port Chaseburgh, NE 77359",PENDING,5
3027,Jeffrey Myers,2005-11-09,"620 Wright Shores
Shannonfurt, VI 37968",VERIFIED,69
3028,Tony Stanley,2005-04-05,"58455 Tran Harbors
New Hannah, MH 80370",VERIFIED,70
3029,Michael Conway,1978-09-07,"762 Catherine Cliffs
Luceroton, IL 50595",VERIFIED,95
3030,Jennifer Navarro,2008-01-31,"3882 Smith Hill Suite 967
South Michaelside, VI 51500",PENDING,62
3031,Sarah Warren,1953-10-07,"7864 Dawn Fall
Jennifermouth, VT 82075",VERIFIED,98
3032,Jacob Vang,1964-12-18,"PSC 3529, Box 3457
APO AE 49107",VERIFIED,84
3033,Jake Cooper,1950-10-12,"Unit 2693 Box 5555
DPO AA 72361",PENDING,96
3034,Joseph Guerrero,1997-08-23,"590 White Inlet
Marcusborough, AS 08942",VERIFIED,24
3035,Robert Brennan,1996-04-27,"42674 Moon Roads
Donaldborough, PW 50039",VERIFIED,59
3036,Miguel Sanchez,1989-10-11,"8794 Robert Rapid
Laurenbury, UT 05951",PENDING,87
3037,Jordan Ellis DDS,1957-05-11,"5879 Carter Green Suite 991
West Jasonburgh, VT 31485",PENDING,78
3038,Julie Sellers,1973-05-21,"USS Schmitt
FPO AE 60214",PENDING,66
3039,Teresa Nguyen,1974-04-08,"55496 Stephanie Drive
Bellmouth, NV 45765",VERIFIED,5
3040,David Butler,1981-04-10,"61285 Wesley Trafficway Suite 788
Melindamouth, KY 17247",VERIFIED,3
3041,Andrea Mcdonald,1958-08-25,"03188 Michael Brooks Apt. 749
Port Nicole, WV 79776",PENDING,77
3042,Shelley Boyer,1963-01-18,"819 Erik Spur
Wyattborough, AS 38310",VERIFIED,95
3043,Benjamin Koch,1991-05-15,"771 Alan Prairie Suite 145
Powellbury, MH 15067",PENDING,73
3044,Roger Cooper,1978-07-08,"76225 Cindy Street Suite 050
Spencerview, MS 99891",VERIFIED,94
3045,Robert Howard,1969-04-14,"Unit 7686 Box 5122
DPO AE 79483",PENDING,81
3046,Pamela Day,2006-10-29,"7317 Roberson Keys Suite 521
Dodsonhaven, SD 63250",PENDING,39
3047,Lisa Anthony,1981-10-27,"812 Park Vista
Austinmouth, DC 75272",VERIFIED,64
3048,Donald Armstrong,1998-08-12,"USCGC Leonard
FPO AP 65768",PENDING,31
3049,Justin Hunter,2003-07-25,"260 Thomas Estates Suite 724
Port Brandiside, NC 05565",VERIFIED,46
3050,Brian Anderson,1951-06-24,"4990 Cooper Shoals
Brandontown, MN 42155",PENDING,82
3051,Jamie Wilson,1997-08-09,"1566 Brian Brook Suite 425
Delgadobury, NH 60908",VERIFIED,20
3052,Deborah Rodriguez,2007-08-14,"031 Fitzpatrick Forks Apt. 669
Stephanieshire, KS 36097",VERIFIED,90
3053,Lori Anderson,1970-12-18,"5817 Mays Stravenue
Annshire, KS 81223",VERIFIED,19
3054,Karen Wang,1959-12-09,"5648 Jody Way
New Sheryl, MI 13879",VERIFIED,29
3055,Erin Dodson,1971-03-18,"83585 Cheryl Ports Suite 103
Donaldton, IN 18730",PENDING,15
3056,Tony Heath,1995-09-02,"586 Webb Place
Richardberg, PW 38457",PENDING,28
3057,Harry Haynes,1975-11-27,"0316 Stuart Radial Apt. 457
North Deborah, NJ 28173",PENDING,60
3058,Aaron Jackson,1978-06-09,"05922 Kiara Corner Suite 959
Victoriabury, OK 44360",VERIFIED,64
3059,Stephanie Smith,1977-08-16,"9665 Anna Dale Apt. 595
Mackshire, ID 51007",PENDING,37
3060,Terri Martinez,1957-04-19,"93939 Anne Springs
Sarahhaven, MO 26958",PENDING,96
3061,David Crane,1977-07-30,"491 John Estates
Allenborough, NV 18875",VERIFIED,83
3062,Sarah Edwards,1976-03-17,"54614 Merritt Lakes
North Chadville, MD 29091",PENDING,99
3063,Ashley King,1954-02-15,"USNV Wall
FPO AP 44640",VERIFIED,88
3064,Stacy Lopez,1952-02-16,"03692 Cruz Tunnel Suite 827
Lake Brandonland, DC 77467",VERIFIED,57
3065,Michael Lee,1996-05-28,"25876 Mclean Village Suite 146
Carpenterport, OK 36388",VERIFIED,37
3066,Timothy Saunders,1961-02-09,"8960 David Walks
Martinezview, AR 55940",VERIFIED,93
3067,Reginald Beasley,1989-07-07,"8190 Susan Hill
New Maxwell, WV 78906",VERIFIED,90
3068,Richard Vang,1959-07-04,"9784 Logan Shoal
Port Tamaratown, GU 33460",PENDING,41
3069,Janice Wilson,1987-03-06,"8172 Debbie Extension
North Daniellefort, KS 65081",PENDING,91
3070,Kaitlyn Pollard,1994-05-24,"USNS Carter
FPO AE 52321",VERIFIED,45
3071,Lauren Molina,1967-08-28,"710 Barber Square
Ericmouth, TX 93422",VERIFIED,68
3072,Wendy Wilson,1994-05-26,"72609 Taylor Stream Apt. 261
Shawnport, MA 61676",PENDING,37
3073,Stephen Walker,1957-02-19,"767 Mary Run
Alyssaside, NV 04259",VERIFIED,6
3074,Sarah Allen,1968-04-15,"8277 Paul Shores
New William, AK 86896",VERIFIED,28
3075,James Middleton,1986-08-09,"0770 Gina Streets Suite 704
Elizabethshire, MH 61445",PENDING,48
3076,Amy Gray,1963-08-24,"532 Frost Walks
Lake Henrytown, UT 76973",PENDING,43
3077,James Vasquez,1983-01-29,"78623 Anderson Curve Suite 474
Patrickview, NM 51547",VERIFIED,11
3078,Wendy Gonzales,1995-01-20,"6280 Jonathon Vista Suite 034
North Waynefort, DE 50315",PENDING,61
3079,Karen Cline,1975-03-02,"6026 Denise Bypass Apt. 834
Montesview, MT 29136",VERIFIED,61
3080,Tina Nelson,1974-02-11,"477 Wesley Ways
Bethanyland, PA 80417",VERIFIED,93
3081,Karina Dennis,1963-05-31,"09551 Chad Lock
West Jonathan, HI 35994",VERIFIED,55
3082,Rachel Gilbert,1969-10-23,"431 David Brook
Richardshire, CA 28713",VERIFIED,14
3083,Amanda Meyer,2000-08-07,"Unit 4564 Box 2506
DPO AA 54808",PENDING,43
3084,Shannon Morris,1976-11-04,"Unit 1169 Box 7652
DPO AP 89516",VERIFIED,73
3085,Blake Bailey,1968-09-27,"907 Jennifer Inlet Apt. 380
Jonesview, WI 18630",PENDING,12
3086,Marc Cruz,1978-12-09,"22600 Johnson Shores Suite 124
Ramirezshire, OK 20532",VERIFIED,69
3087,Jessica Sutton MD,1965-12-30,"275 Natasha Ports
Josephbury, KY 74379",VERIFIED,14
3088,Lisa Rubio,2006-09-18,"82282 Cory Drives
Steelehaven, MH 63517",PENDING,75
3089,Cody Williams,2003-01-04,"847 Susan Crescent
East Brian, ID 09502",VERIFIED,97
3090,Mrs. Rebekah Jones DDS,2006-08-19,"466 Michael Flats
Leehaven, CA 62993",VERIFIED,93
3091,Edward Watkins,1993-01-08,"60320 Sharon Plains Suite 018
Thomasmouth, OR 25008",PENDING,95
3092,Yolanda Hernandez,2006-10-10,"Unit 2124 Box 4048
DPO AA 76342",PENDING,62
3093,Kelli Frey,1967-01-17,"6116 Bradley Key Apt. 865
Ashleyland, RI 90583",PENDING,52
3094,Tyler Vance,2003-06-06,"451 Joan Tunnel Apt. 660
Mathewsfort, AL 88533",PENDING,50
3095,Andrea Haynes,1986-02-25,"7450 Stanley Road
West Kathleenfort, MS 97948",VERIFIED,44
3096,Brian Bowers,1998-07-25,"616 Martinez Trafficway
New Leslie, AS 11230",VERIFIED,29
3097,David Beck,1974-10-10,"4533 Roberson Row Suite 540
Amandamouth, PA 67034",VERIFIED,87
3098,Michelle Gray,1994-04-12,"4603 Nelson Viaduct
West Kellyberg, CO 64207",PENDING,82
3099,Eric Jordan,1979-09-24,"2819 Mcintosh Port Apt. 490
Port Bobby, AZ 02863",PENDING,68
3100,Monique Wells,1985-09-27,"PSC 4941, Box 4258
APO AA 10936",PENDING,84
3101,Julia Johnson,1964-01-30,"4122 Laura Crescent
Thomasberg, CA 57802",VERIFIED,33
3102,Ashley Lee,1994-09-03,"60332 Farley Brooks Apt. 122
Gouldburgh, KS 00530",VERIFIED,21
3103,Kaitlin Guerra,1952-12-22,"0171 Michael Drive
Brownside, AS 72739",PENDING,34
3104,Michelle Meza,1959-04-29,"0267 Dunn Shoals Suite 772
West Jason, UT 98355",PENDING,25
3105,Denise Jones,1985-04-29,"27621 Brown Brooks Apt. 035
Huntermouth, CA 72345",PENDING,92
3106,Jonathan Bowman,1959-12-26,"56721 Li Inlet Apt. 300
Lake Mary, TX 63968",PENDING,93
3107,Joseph Patterson,1987-03-10,"4092 Patrick Ridges Apt. 567
Justinmouth, NC 60021",VERIFIED,83
3108,Jason Pitts,1993-04-22,"2419 Lee Court Suite 650
North Davidville, ME 21052",VERIFIED,21
3109,Vanessa Cook,1958-02-19,"32507 Robert Fort Apt. 300
East Mariaton, AZ 32761",PENDING,57
3110,Steven Henderson,1968-07-14,"956 Carter Plain
Jeffreytown, MO 59579",VERIFIED,14
3111,Nathan Choi,1951-07-25,"3516 Richard Gardens Suite 719
North Kelseymouth, NC 55200",PENDING,35
3112,Maria Santos DVM,1961-02-09,"USNS Blake
FPO AE 35802",PENDING,96
3113,Shannon Le,1977-07-30,"252 Rivera Fork
Morganbury, MT 37738",PENDING,46
3114,Collin Marsh,1970-03-24,"04624 Carlson Center Apt. 427
Lake Antoniotown, NH 69542",VERIFIED,3
3115,Ashley Clark,2001-05-23,"1946 Stefanie Square
Smithmouth, GU 33473",VERIFIED,93
3116,William Stewart,1971-03-27,"66837 Kathleen Point Suite 298
South James, OH 75785",PENDING,99
3117,Travis Cervantes,1986-06-05,"88029 Steven Well
South Jasmine, FM 78368",VERIFIED,49
3118,Kelly Watkins,1995-11-29,"61743 Matthew Lodge
West Dustintown, WV 62783",PENDING,29
3119,Samuel Wilson,1979-12-21,"04498 Sandoval Dam
Lake Stephenhaven, TX 52755",PENDING,27
3120,Matthew Parsons,1995-03-04,"207 Vang River Suite 517
Robertstad, SD 09320",VERIFIED,10
3121,Robert Carson,1969-01-25,"77150 Martinez Rapid Suite 243
North Jessicaview, LA 17306",VERIFIED,38
3122,Luis Gardner,1964-11-12,"65027 Bryce Villages Suite 083
Barbaraton, ND 54978",VERIFIED,43
3123,Tammy Brown,2002-11-27,"7302 Carpenter Mews Apt. 158
East Joseph, ND 01729",PENDING,62
3124,Joshua Diaz,1976-05-09,"52515 Sean Trafficway
Johnstontown, ND 18445",VERIFIED,85
3125,Dillon Rogers,1955-09-01,"5489 Benjamin Vista
Port Whitney, WI 74337",PENDING,18
3126,Melissa Barnes,1951-12-03,"500 Klein Oval
Clarkside, DC 33815",PENDING,74
3127,Thomas Holt,1956-02-11,"35433 Ortega Mills
Port Aaronview, IA 68669",PENDING,52
3128,Robin Johnson,1976-08-01,"305 Dillon Vista
Lake Patriciaburgh, DE 79939",VERIFIED,46
3129,Robert Gonzalez,2002-06-08,"682 Gallagher Lodge
Greenmouth, RI 43531",VERIFIED,78
3130,Helen Robles,1978-08-14,"540 Randy Freeway
Williamshire, MP 17955",PENDING,2
3131,Scott Dickerson,1959-06-05,"Unit 4422 Box 0839
DPO AP 94861",VERIFIED,1
3132,Travis Smith,1965-06-27,"461 Kendra Inlet
New Karenton, MP 33036",PENDING,21
3133,Thomas Lawrence,1996-01-05,"064 Yu Lakes
North Charles, ME 74336",VERIFIED,91
3134,Shirley Jones,1962-06-20,"34156 Rodriguez Harbor Suite 380
Lake Ronniebury, WI 34817",PENDING,47
3135,Daniel Mann,1970-07-09,"1979 Williams Valley
Davisland, AK 06913",PENDING,15
3136,Maurice Kennedy,1965-07-14,"59493 Wilkinson Rapids Suite 920
Jerryfort, MP 68336",VERIFIED,77
3137,Brian Fowler,1993-05-15,"07025 Obrien Highway Suite 165
East Matthew, NV 49864",VERIFIED,48
3138,Allen Weaver,1979-12-13,"43214 James Island Suite 149
New Geoffreyfurt, OH 64712",PENDING,10
3139,John Rogers,1954-04-20,"5291 Cindy Pines
Gonzalezview, AZ 69416",VERIFIED,3
3140,Misty Love,1994-02-15,"891 Browning Springs Suite 827
Rangelstad, TX 73816",VERIFIED,59
3141,Dana Payne,1966-01-07,"193 Rebecca Fort
West Loriberg, OK 38003",VERIFIED,81
3142,Linda Valencia,1995-11-30,"1058 Alejandra Cape Apt. 155
South Robert, CT 79054",PENDING,54
3143,Michele Pierce,1964-08-26,"4732 Dean Cliffs Suite 211
Laurafurt, PA 40549",PENDING,68
3144,Jose Crawford,2003-09-06,"25653 Nicholson Mountain
South Allisonstad, RI 76060",VERIFIED,16
3145,Janice Roberts,1996-10-19,"6161 Galloway Pike
South Jonathan, GA 14203",VERIFIED,73
3146,Bethany Lee,1976-06-26,"162 Lisa Plain
Xavierborough, OR 79006",PENDING,4
3147,Charlene Carlson,2005-09-16,"36934 Spears Squares
North Sydneyport, KY 98914",VERIFIED,48
3148,Angela Williams,1988-11-03,"70756 Brown Loop
East Jennifermouth, RI 61124",PENDING,60
3149,Daniel Keith,1970-07-03,"315 Nicole Crest Apt. 576
Victoriafurt, NC 45024",PENDING,24
3150,Stephen Drake,1961-04-14,"45931 Emma Lane Apt. 449
New Molly, MI 73491",PENDING,1
3151,Kenneth Glover,1972-05-12,"4563 Todd Park Apt. 171
Port Michael, NJ 95490",VERIFIED,74
3152,Vickie Martinez,1996-12-19,"8246 Rodriguez Ports
Fischerburgh, TN 80936",VERIFIED,70
3153,Jason Miller,1951-08-30,"918 Brian Knoll
Robertshire, IA 67624",PENDING,22
3154,Mr. Mark Marshall,1985-01-02,"660 Spencer Village Apt. 389
Pamelahaven, MI 16818",PENDING,67
3155,Bernard Nunez,1998-09-24,"1377 Tucker Summit
Jeffersonberg, LA 98205",VERIFIED,35
3156,Ashley Phillips,1970-07-02,"486 Melinda Street
Bishopberg, FM 04244",VERIFIED,98
3157,Alexandra Medina,2004-06-02,"61995 Lutz Rapid
South Jaredland, NM 18372",VERIFIED,10
3158,James Greene,1962-12-10,"10654 Daniel Green Suite 818
New William, PA 10451",VERIFIED,34
3159,Julia Martinez,1995-09-04,"96094 Le Trafficway Suite 936
West Kaylastad, WY 15536",VERIFIED,11
3160,Megan Watkins,1965-08-30,"297 Daniel Meadow
South Kara, GU 29523",VERIFIED,41
3161,Amy Hawkins,2007-08-14,"5604 Richardson Manors
East Davidhaven, NC 05734",PENDING,62
3162,David Curtis,1957-12-25,"34317 Banks Well
Matthewchester, WY 95876",PENDING,92
3163,Elizabeth Young,1990-09-09,"839 William Villages Apt. 451
Millerberg, OR 27439",PENDING,89
3164,Gregory Gentry,1974-01-29,"20257 Miller Villages Suite 185
Lake Leslieview, TX 84450",VERIFIED,20
3165,Brittany Phillips,1987-02-08,"6664 Grant Lane Suite 755
Christopherfort, VA 92153",PENDING,41
3166,Shawn Ramirez,1996-03-14,"718 Kirsten Cliff
Ramirezport, DE 84992",PENDING,67
3167,Stephanie Day,1989-05-01,"11471 Steven Ridges Apt. 896
Port Carolinemouth, RI 16997",VERIFIED,23
3168,Joshua Tucker,1989-05-26,"93066 Callahan Pike
West Timothytown, ME 50443",PENDING,4
3169,Linda Bryant,2001-11-25,"PSC 6620, Box 6862
APO AP 83288",PENDING,19
3170,James Cline,1960-11-25,"5849 Wheeler Point
North Emma, KY 99720",PENDING,73
3171,Evan Wade,1961-07-03,"35705 Cantu Mill Suite 997
Christopherberg, MT 94956",PENDING,66
3172,Alice Perez,2001-02-21,"62051 Turner Motorway
Aprilside, AZ 16012",PENDING,21
3173,Mark Villanueva,1984-03-11,"50014 Flynn Fort
South Paul, AR 73368",VERIFIED,46
3174,James Baker,1983-07-26,"9501 Foley Run
Tracymouth, OH 77585",VERIFIED,95
3175,Anne Harrison,1952-08-12,"273 Keith Burgs
Barbaraside, KS 20880",PENDING,57
3176,Melissa Daniel,1962-06-12,"87889 Jacob Burgs Suite 279
East Luis, NJ 13227",PENDING,52
3177,Mary Wells,2007-07-23,"9884 Katelyn Course
New Calvinton, KY 47671",VERIFIED,97
3178,Angela Koch,1996-10-29,"3168 Aaron Walks Suite 111
Lake Joseph, VT 91410",VERIFIED,31
3179,Stephen Robertson,2003-12-12,"12067 Graves Haven
Vaughnbury, GA 22496",VERIFIED,48
3180,Diana Ferguson,2006-07-21,"PSC 5065, Box 8665
APO AP 27937",VERIFIED,36
3181,Isaac Hays,2002-12-15,"5227 Dean Mountain Suite 049
Stephaniechester, DC 60898",VERIFIED,43
3182,Tamara Johnson,1959-01-24,"43654 Rose Parks Apt. 018
East Valerieview, FL 59930",PENDING,76
3183,Thomas Todd,1964-05-05,"23220 Jennifer Gardens Apt. 420
Joshuamouth, TX 12814",PENDING,53
3184,Amy Mckinney,2002-06-11,"05740 Scott Extensions Apt. 635
Adamhaven, MP 67467",PENDING,54
3185,Audrey Sullivan,2006-04-19,"14113 Christopher Highway Suite 637
South John, AL 81754",PENDING,67
3186,Jessica Arnold,1977-06-25,"0138 Roman Brook
New Holly, SD 55498",PENDING,22
3187,Christopher Rodriguez,1996-08-17,"917 Amanda Shoal
New Kerryhaven, KY 26787",PENDING,18
3188,Mary Barber,1991-05-16,"82193 Adams Prairie Apt. 921
Nicoletown, IA 12969",VERIFIED,98
3189,Sarah Macias,1986-01-26,"682 Edwards Trafficway Apt. 084
Joshuaburgh, MO 31714",VERIFIED,20
3190,Stephanie Schroeder,1966-10-14,"25824 Houston Court
North Lawrence, AZ 40930",VERIFIED,28
3191,Steven Walker,2002-01-10,"PSC 9401, Box 5196
APO AP 44800",PENDING,70
3192,Amber Crawford,1966-04-22,"04909 Brian Course Suite 053
West Joseport, TN 94848",PENDING,38
3193,Jennifer Clay,1989-09-20,"8045 Adams Falls Apt. 173
Heatherhaven, TN 12893",PENDING,34
3194,Kevin Kirby,2008-04-14,"23669 Jennifer Ports
Michaelborough, PA 02709",VERIFIED,34
3195,Charles Avery,2000-05-12,"9431 Smith Crossing
Michaelmouth, ME 54043",VERIFIED,74
3196,Michelle Lewis,1992-01-12,"2177 William Knoll Suite 268
New Mary, MS 41291",VERIFIED,3
3197,Matthew Hill,1953-07-10,"66407 Kaiser Road Suite 514
West Vickiburgh, IL 30308",VERIFIED,79
3198,Lisa Burns,1980-01-29,"8746 Olson Forest Suite 748
New James, SC 87125",PENDING,95
3199,Timothy Reed,1989-12-25,"1752 Daniel Expressway Apt. 945
Adamsshire, NE 00749",VERIFIED,80
3200,Gregory Booth,1987-03-23,"504 Lyons Union Suite 315
West Sabrinastad, MA 98173",PENDING,14
3201,Leslie Sherman,1963-04-20,"215 Collins Brook Apt. 769
East Tammytown, NM 33917",PENDING,73
3202,Brandon Casey,1997-12-29,"4050 Jackson Brooks Suite 682
East Coreyport, WA 49304",VERIFIED,59
3203,Jennifer Wood,1983-10-05,"0812 Shannon Bridge
Cynthiaton, NJ 98862",VERIFIED,25
3204,Michael Watson,1988-07-31,"8692 Jocelyn Divide
Port Kelseyport, CO 55174",PENDING,33
3205,Brittany Johnson,1967-08-31,"06636 Brittany Mills Suite 944
Foxfurt, TX 32820",VERIFIED,3
3206,Cheryl Gilbert,2006-05-05,"871 Dominic Run Suite 180
Abbottstad, CO 63731",VERIFIED,95
3207,Christopher Whitehead,1990-09-29,"1228 Williams Curve Suite 954
Port Jessicaside, KY 71719",PENDING,20
3208,Teresa Horton,1977-12-23,"761 Green Orchard Suite 519
Reginaberg, SD 57324",PENDING,11
3209,Jimmy Edwards,1985-01-26,"22456 Melissa Shoals Apt. 034
Smithmouth, OR 83608",VERIFIED,37
3210,Frank Walker,1985-09-13,"Unit 1176 Box 1610
DPO AE 99134",VERIFIED,53
3211,Stephanie Thomas,1999-01-28,"182 Bryant Street Suite 476
Washingtonbury, AK 51340",PENDING,74
3212,Tony Haynes,1961-10-07,"25841 Yolanda Manors Suite 109
Phillipsfurt, HI 76007",PENDING,23
3213,Kimberly Santiago,1977-05-25,"65649 Sarah Squares
Port Jonathanmouth, MS 82442",PENDING,10
3214,William Morales,2002-05-21,"670 Wade Flat
New Ricky, NH 16098",VERIFIED,62
3215,Steven Fisher,1969-10-24,"8193 Carson Dam
Juanshire, DC 20315",PENDING,36
3216,Miranda Bautista,1961-03-21,"00357 Steven Flat Suite 463
West Carrie, PR 61735",PENDING,12
3217,Katie Suarez,1998-11-03,"27782 Terri Brooks
Port Tyler, VI 19375",VERIFIED,16
3218,Manuel Boyd DDS,1957-04-16,"242 Dominguez Glens
New Jenniferfurt, MT 62206",VERIFIED,78
3219,Kathy Hawkins,1950-08-07,"3550 Emily Road
New Judith, MS 92110",PENDING,37
3220,Courtney Patterson,1954-03-10,"842 Erickson Grove Suite 957
Rachaelberg, AK 95954",PENDING,6
3221,Angela Tyler,1985-05-12,"779 Preston Common Suite 237
Williamshire, OR 83490",PENDING,71
3222,Christy Kelley,2003-06-20,"36422 Barnes Harbor Suite 576
West Timothy, OR 88503",PENDING,22
3223,Richard Maddox,1976-06-27,"2492 Jerry Curve Suite 032
South Larry, LA 56250",VERIFIED,47
3224,Ryan Carrillo,1993-11-16,"95169 Sellers Village Apt. 410
Scottberg, KY 22019",VERIFIED,94
3225,Christina Robinson,1990-05-25,"974 Willis Freeway Apt. 811
New Gregoryfurt, CT 08201",VERIFIED,6
3226,Jacqueline Stewart,1956-01-07,"2832 Russell Village
Raybury, HI 29542",PENDING,72
3227,Eric Gill,1979-07-15,"3233 Barnes Union Suite 827
Wrightland, MT 47680",PENDING,47
3228,Deborah Carter,2004-11-11,"USNV Moore
FPO AA 37027",VERIFIED,7
3229,Cheryl Chambers,1972-02-19,"777 Veronica Row
Lake Chadfort, SD 37875",PENDING,82
3230,Adam Wu,1986-09-06,"28599 Patrick Knolls
Lake Caseyhaven, MA 08495",PENDING,94
3231,Christopher Owen,2005-04-04,"PSC 3455, Box 6886
APO AE 96918",PENDING,62
3232,Daniel Gardner,1962-04-16,"5339 Farmer Mountains Suite 712
North Dianeton, ME 15418",PENDING,88
3233,Jeffrey Rodriguez,1952-10-10,"03419 Cooke Squares Apt. 249
Lake Andrewberg, OK 34328",VERIFIED,79
3234,Megan Glover,1968-07-30,"6108 Rachel Plains Suite 064
Lake Williamhaven, RI 77127",VERIFIED,57
3235,Gary Patterson,1995-02-25,"769 Duncan Rapid
West Austin, MH 05239",PENDING,5
3236,Krista Sims,1976-11-22,"54394 Chan Overpass Suite 191
East Mary, KS 32530",VERIFIED,57
3237,Lucas Pollard,1957-10-31,"Unit 9514 Box 2005
DPO AA 44193",VERIFIED,32
3238,Howard Lopez,1952-08-09,"4211 Grant Passage
Port Laura, IA 36640",PENDING,63
3239,George Ibarra,1970-05-10,"45728 Jenkins Green
South Melaniebury, SC 06352",VERIFIED,76
3240,Alejandro Carter,2000-11-15,"136 Katherine Way Apt. 458
Port Anthony, VI 94046",VERIFIED,100
3241,Michael Jensen,1990-03-20,"61811 Mullins Highway Suite 868
Cookton, ME 71689",VERIFIED,99
3242,Sharon Perez,1982-01-07,"826 Jason Skyway Apt. 982
South Susan, ME 59821",VERIFIED,75
3243,Rodney Booth,2004-04-11,"64720 John Squares
North Carolinebury, NY 72201",VERIFIED,46
3244,Randy Cohen,1993-04-04,"23057 Petersen Unions Suite 110
Ashleyshire, NV 97299",VERIFIED,19
3245,Laura Gonzalez,1954-04-15,"851 Cassidy Springs Suite 691
Crystalmouth, WI 30466",PENDING,40
3246,Renee Stone,1999-12-23,"2604 Wendy Port
North Kimberlychester, MI 62569",PENDING,24
3247,Joseph Kelly,1978-04-10,"24285 Sherry Station
Barbarahaven, SC 98849",PENDING,72
3248,Sarah Zimmerman,1957-05-10,"415 John Via
Scottland, PA 26256",PENDING,35
3249,Ryan Wilson,1968-09-24,"301 Stacey Streets
Mendezside, NC 83047",PENDING,1
3250,Steven Ross,1995-03-14,"7697 Jessica Islands
West Staciehaven, NY 26134",PENDING,90
3251,Ronald Young,1971-11-15,"Unit 7882 Box 7093
DPO AA 10825",PENDING,22
3252,Aaron Vance,1996-03-20,"1496 Cynthia Brooks Apt. 698
West Mathewland, MD 35129",PENDING,94
3253,Ryan Bender,1968-06-27,"814 Audrey Highway Apt. 357
Morganberg, IN 58087",PENDING,55
3254,Angela Foley,1959-07-25,"556 Kimberly Lock
East Matthew, FL 19412",VERIFIED,82
3255,Rodney Smith,1977-11-22,"3328 Jon Shoal Apt. 163
Port Erika, MO 83156",PENDING,11
3256,Brittany Hutchinson,1983-08-18,"0357 West Haven
East Jeffreystad, WY 49774",PENDING,66
3257,Rhonda Campbell,1991-08-12,"997 Horne Manors
Merrittmouth, GU 00612",PENDING,7
3258,Sherri Rose,1999-10-29,"4846 Samantha Haven
Acostaville, ID 40754",VERIFIED,6
3259,Nicole Anderson,2001-06-13,"4388 Jenny Alley Apt. 832
South Kelly, CA 01931",VERIFIED,73
3260,Denise Powell,1976-10-13,"8492 Darren Track
Petersonville, WI 63937",PENDING,25
3261,Tina Smith,1956-03-19,"2197 Rodriguez Divide Apt. 849
Port Cathyville, WI 91278",PENDING,40
3262,Kimberly Terry,2000-06-21,"951 Christopher Brooks Suite 153
Ryanside, KY 13677",VERIFIED,65
3263,Marilyn Graham,1952-03-28,"252 Brown Spurs Suite 641
East Jacqueline, PA 35852",PENDING,63
3264,Francisco Monroe,1958-10-25,"02959 Barnes Inlet Apt. 815
Mitchellchester, NC 34279",PENDING,19
3265,Tara Bright,1958-08-29,"6378 Christian Ridges Suite 846
Maysside, TX 86539",VERIFIED,92
3266,William Gordon,1961-05-21,"USNV Contreras
FPO AE 06123",PENDING,19
3267,Julie Fletcher,1994-07-19,"5950 Joanna Forks Suite 507
Benjaminfurt, OK 35412",PENDING,95
3268,Briana Harris,2008-01-29,"9863 Young Passage
Robertfurt, NE 67137",VERIFIED,96
3269,Cindy Kim,2000-01-08,"127 Lauren Walk Apt. 935
Sandraberg, HI 54154",PENDING,64
3270,Nicole Joseph,1973-08-07,"1015 Debbie Skyway Apt. 158
Lake Marissachester, AR 21180",VERIFIED,59
3271,Hunter Phillips,1976-11-30,"3317 Wright Brooks
Riddlechester, MO 99047",VERIFIED,96
3272,Helen Shaw,1965-05-08,"5842 Brenda Underpass
Wilkersonchester, AS 68453",PENDING,15
3273,Alyssa Miller,2005-03-29,"521 Hampton Green Apt. 413
Sandersville, NH 00869",VERIFIED,19
3274,Karen Jones,2003-06-28,"63541 Kimberly Path Apt. 133
Gallaghermouth, NV 84614",PENDING,93
3275,Jody Johnson,2004-11-15,"1270 Carol Expressway Apt. 395
Lake Christopherside, DC 66703",VERIFIED,24
3276,Miss Courtney Ford,1993-08-15,"9114 Anthony Junctions
West Melissamouth, AZ 43405",PENDING,29
3277,Paul Washington,1979-10-30,"5189 Brandi Valleys Apt. 779
South Debra, NM 63652",VERIFIED,26
3278,Charles Gill,1978-11-21,"3414 Rebecca Fall
East James, DC 01731",PENDING,14
3279,Tiffany Flores,1973-04-29,"47774 Jeanette Prairie
East Sheilashire, FM 05450",PENDING,91
3280,Lisa Mullins,1965-08-17,"311 Pugh Ranch
Mathewsview, TX 83498",VERIFIED,74
3281,Cody Lawson,1977-09-23,"Unit 6323 Box 1159
DPO AA 18396",PENDING,24
3282,James Henry,2006-02-12,"42865 Gross Bypass
East Michele, DC 94466",PENDING,93
3283,Ruth Barnes,1965-11-05,"8808 Hernandez Fords
Kimberlyborough, CO 68601",VERIFIED,4
3284,Jeffrey Lopez,1953-03-31,"783 Ashley Mission
Millsshire, MD 24208",VERIFIED,95
3285,Victoria Houston,1996-05-26,"664 Brad Ways Apt. 851
Lake Michaelshire, ID 12528",VERIFIED,15
3286,Dylan Garza,1978-07-29,"941 Owens Pass Apt. 985
Matthewville, CA 05943",PENDING,69
3287,Monique Morgan,1986-06-05,"2009 Mcdaniel Canyon
Dillonborough, NC 60830",VERIFIED,23
3288,Michael Smith,1952-01-29,"5319 Alexander Freeway
East Johnnyberg, WY 30731",PENDING,35
3289,Mark Moore,1974-08-06,"43512 Barbara Estate
Maldonadomouth, ID 93279",PENDING,32
3290,James Wilkins,1957-10-10,"345 Joshua Valleys Apt. 315
New Angela, VA 07120",VERIFIED,77
3291,Ronald Davis,1953-07-15,"Unit 1267 Box 2248
DPO AE 57590",PENDING,48
3292,Donald Gordon,1997-11-13,"75812 Brown Summit Suite 831
Paulaside, IN 32052",VERIFIED,72
3293,Debbie Dennis,1967-01-16,"912 Roberts Circle
South Veronica, MP 85890",VERIFIED,51
3294,William Glenn,1957-03-21,"9870 Doyle Flat Suite 650
Pierceland, MP 94213",PENDING,2
3295,Patricia Scott,1981-05-08,"Unit 0265 Box 9955
DPO AA 09371",VERIFIED,52
3296,Renee Hernandez,1957-12-28,"77051 Tommy Trail
Shelbymouth, RI 74522",PENDING,55
3297,Steven Gregory,1986-05-01,"8651 Davis Path Suite 416
Johnborough, NH 02251",VERIFIED,18
3298,Bryan Cardenas,2002-01-04,"212 Petersen Mountains
Lake Rebecca, VI 04427",VERIFIED,70
3299,Austin Gonzales,1973-06-10,"5103 Patricia Tunnel Apt. 759
Goodwinfort, OH 43473",PENDING,84
3300,Lauren Wilson,1985-04-08,"725 Anthony Dam
South Ashley, DC 79558",VERIFIED,1
3301,Mr. Keith Crawford Jr.,1959-12-30,"025 Ryan Station Suite 967
Port Elizabeth, NM 29106",PENDING,84
3302,Jeremy Clark,1955-04-19,"657 Ann Shore Apt. 916
Port Tammyside, DE 61784",PENDING,62
3303,Andrew Randolph,1971-04-17,"26419 Rachel Harbor
Joelstad, MA 55507",VERIFIED,59
3304,Shane Haynes,1983-09-20,"37502 Williams Mount Suite 443
Weissmouth, NV 10086",PENDING,77
3305,Thomas Gray,1961-05-19,"25128 Bush Drive
East Molly, AK 69289",PENDING,54
3306,Brian Ingram DDS,1956-11-24,"0207 Allen Fall
Jenniferfurt, MP 71967",PENDING,93
3307,Michelle Edwards,1983-05-06,"172 Lowe Crest
North Adamport, TN 84867",VERIFIED,35
3308,Michelle Young,2007-03-25,"6376 Brewer Trail
Santosborough, PR 17036",PENDING,42
3309,Joseph King PhD,1972-06-26,"65616 Williams Glen Suite 625
Newmantown, CT 24906",PENDING,53
3310,Tina Anderson,1969-05-08,"1148 Bryan View
Tammyview, FM 89777",PENDING,32
3311,Steven Turner,1958-12-07,"9171 Gallegos Forges Suite 586
Port Michelle, MN 62346",PENDING,39
3312,Robert Bryan,1977-08-01,"748 Diane Greens
West Jessicamouth, MT 67510",PENDING,29
3313,William Hodges,1965-02-24,"738 Kathy Vista Suite 759
Christopherbury, NM 83212",PENDING,15
3314,Elizabeth Hays,1984-05-12,"2041 Roy View
Pacefort, SC 92461",VERIFIED,1
3315,Timothy Martin,1957-11-29,"5305 Evans Falls Suite 741
Port Williamburgh, WA 06641",PENDING,42
3316,Joseph Hopkins,1951-09-27,"4679 Myers Coves
Lake Crystal, NE 82826",VERIFIED,80
3317,Sara Perez,1976-10-30,"2252 Christopher Island
New Cynthiabury, ND 70508",PENDING,77
3318,Nicholas Watson,2001-07-26,"81679 Price Roads Apt. 847
Sandovalton, AS 41321",PENDING,79
3319,Diane Randolph,2002-06-16,"907 Thomas Brook
Brandonville, PW 71047",VERIFIED,99
3320,Elizabeth Lewis,2004-10-17,"8734 Ross Heights
Danielhaven, WA 52360",PENDING,32
3321,Leslie Castro,1998-03-03,"3783 Melton Camp
Lake Andrewburgh, VT 96360",PENDING,7
3322,Dr. April Gillespie,1981-10-01,"9442 Kelly Garden Suite 262
Lake Johnfort, ME 94491",PENDING,86
3323,Lisa Rivera,1954-05-16,"0379 Michael Meadows
Hollyberg, MI 63402",PENDING,54
3324,Hunter Solis,1954-07-19,"9613 Jason Garden
Mackchester, SD 72609",PENDING,84
3325,Cassandra Wilkinson,1993-06-07,"USS Lee
FPO AA 39158",PENDING,61
3326,Sandra Williams,1955-01-27,"42618 James Burgs
Jodyhaven, MN 93343",PENDING,3
3327,Aaron Perry,1988-10-18,"370 Stanley Mission Apt. 015
Schmidtfurt, MP 02776",PENDING,55
3328,Paul Anderson,1976-07-04,"3331 Barry Mountain Suite 301
Jasminechester, CA 06193",VERIFIED,57
3329,Brian George,1953-12-16,"USNS Sullivan
FPO AA 43179",VERIFIED,82
3330,Joanna Berg,1987-02-27,"3839 Martinez Stravenue Suite 853
West Richard, WV 96578",PENDING,25
3331,Deborah Cook,2001-09-03,"655 Amanda Harbors
Hayesstad, UT 56712",PENDING,76
3332,Amanda Wilson,1988-12-21,"50521 Kimberly Burgs
New Johnfurt, KY 91863",VERIFIED,78
3333,Alicia Shepard,1980-09-29,"957 Andrew Drives Apt. 736
Smithberg, MH 95133",PENDING,61
3334,Mr. Randy Baker,1951-04-23,"9265 Hall Union
Jonesborough, PR 42966",VERIFIED,95
3335,Maria Smith,1984-09-27,"096 Jessica Fields Suite 108
Port Lindachester, VI 23355",PENDING,7
3336,Adam Cross,1975-03-17,"66398 Jill Path
East Catherinehaven, GU 76230",PENDING,14
3337,Alexis Harris,1952-09-08,"6443 Elizabeth Expressway
Hallshire, NV 58674",PENDING,7
3338,Stephen Serrano,2000-12-24,"393 Wade Gateway
Port Christina, AL 07173",VERIFIED,66
3339,Emily Mitchell,1972-09-08,"0282 Decker Glens
Bishopberg, PA 68694",VERIFIED,62
3340,Patricia Graham,1952-04-20,"111 James Estate Apt. 758
Lake Jacobburgh, CA 93555",PENDING,31
3341,Sherry Clarke,1954-02-26,"91391 Mitchell Lake Apt. 957
Mullenfurt, KY 60807",PENDING,29
3342,Justin Smith,1963-04-02,"7378 Moore Trace
North Rachelberg, NH 14748",PENDING,78
3343,Bruce Campbell,1956-01-31,"USNS Weaver
FPO AA 86880",VERIFIED,80
3344,Taylor Thompson,1959-02-07,"41937 Douglas Forest
New Angela, WY 83764",VERIFIED,49
3345,Aaron Alvarez,1974-12-18,"06937 Zachary Spur Apt. 889
Michelleville, DC 98613",VERIFIED,72
3346,Kristina Kelley,1995-02-21,"15065 Sanchez Ferry
Adkinsmouth, IN 46469",VERIFIED,38
3347,Jason Moore,2000-07-20,"USS Taylor
FPO AE 29303",PENDING,75
3348,Deborah Burns,1977-11-15,"731 Eric Vista Apt. 681
Jacksonside, ID 46702",VERIFIED,35
3349,Holly Schmidt,1955-06-21,"87233 Santiago Meadow
Taylorfurt, KY 48559",VERIFIED,17
3350,Amber Spencer,1985-04-20,"94962 Nguyen Tunnel Apt. 752
East Andrewmouth, ND 52743",PENDING,97
3351,Nicole Martin,1992-08-19,"36977 Golden Cliff Apt. 998
Reneeburgh, ND 20954",VERIFIED,67
3352,Lisa Douglas PhD,1950-08-27,"8434 Michelle Center
Benjaminhaven, AZ 61169",PENDING,85
3353,Brandy Wilson,1978-05-19,"270 Patricia Locks Suite 478
Penningtonhaven, AL 50101",VERIFIED,45
3354,Emily Peterson,1982-07-08,"87315 Martin Field Suite 381
South Michealland, IL 39365",PENDING,59
3355,James Malone,1992-02-08,"4980 Tanya Rapids
South James, MP 07736",VERIFIED,70
3356,John West,1988-10-10,"7910 Padilla Park Suite 674
Chanshire, ND 02763",VERIFIED,38
3357,Patrick Macdonald,1992-05-26,"690 Vaughn Alley
Gallaghershire, AR 89880",PENDING,76
3358,Rachel Combs,1958-12-17,"USNS Nichols
FPO AA 80180",VERIFIED,43
3359,Susan Compton,1959-03-21,"1769 Young Fort
Robinshire, UT 22045",VERIFIED,87
3360,Howard Morris Jr.,1970-10-30,"749 Washington Prairie Apt. 048
Maryville, NV 76475",PENDING,58
3361,Scott Thompson,1977-12-15,"332 Gregory Plaza Suite 427
Hernandezbury, IA 29942",PENDING,67
3362,Michael Lopez,1955-01-10,"377 Thompson Trafficway Suite 822
Port Jamestown, RI 90599",PENDING,66
3363,Kevin Mathews,1989-02-07,"5803 Day Mill
East Joshuaside, MS 17535",VERIFIED,64
3364,Kristi Brooks,1991-08-06,"25206 Glover Cape
Lake Mariafurt, NE 29487",PENDING,95
3365,Courtney Johnson,1958-06-07,"USS Hernandez
FPO AE 40949",VERIFIED,90
3366,Courtney Richards,1979-06-29,"651 Brent Hill
Vaughanshire, GA 62920",PENDING,69
3367,April Montgomery,1960-03-10,"71576 Schneider Pass Suite 269
Tarastad, PA 77738",PENDING,96
3368,Victoria Bolton,1979-06-23,"149 Roberts Prairie
South Jason, AS 16966",VERIFIED,97
3369,Heather Dalton,1995-07-26,"038 Lynch Hollow Apt. 038
Laurashire, OH 26339",PENDING,18
3370,Tracy Todd,2003-12-17,"PSC 3419, Box 9566
APO AP 97236",VERIFIED,31
3371,David West,1955-09-20,"4619 Chase Plaza
Riosside, AL 30328",PENDING,60
3372,Robin Bradley,1950-10-06,"0686 Steven Garden Suite 214
Jameshaven, AK 45658",PENDING,44
3373,Loretta Briggs,1958-10-25,"8917 Miguel Vista
Lisashire, KY 06451",VERIFIED,3
3374,Gary Lee,1965-08-16,"12607 Patterson Roads Apt. 375
North Jeffreyborough, OR 44872",VERIFIED,23
3375,William Wang,1985-11-09,"3980 Chambers Divide Apt. 168
Vargasville, DE 79785",PENDING,58
3376,Mitchell Lee,1994-02-06,"1438 Victor Stravenue
Andreport, MP 48747",PENDING,48
3377,Karen Buckley,1993-09-15,"179 Liu Radial
Jenniferchester, AL 13577",VERIFIED,95
3378,Brandon Macdonald,1961-03-27,"84305 Mark Radial Apt. 468
Jamesmouth, MH 46002",VERIFIED,60
3379,Erica Sandoval,1976-12-12,"2913 Colton Streets
Port Haleyfurt, MN 83003",PENDING,92
3380,Hayden Gonzalez,1964-03-18,"34159 Williams Rapid Apt. 720
Lake Heatherstad, NC 72990",PENDING,82
3381,Stephanie Hurley,1986-06-16,"502 Lewis Brook Suite 285
Port Jasmineshire, CO 30601",PENDING,16
3382,Gabrielle Henderson,1998-07-24,"3997 Benjamin Stream Suite 191
South Samanthaburgh, WV 92019",PENDING,2
3383,Roger Douglas,2000-01-20,"912 Douglas Plaza
Leeview, CT 11249",VERIFIED,94
3384,Alexa Rodriguez,2004-03-29,"4710 Kristen Inlet Apt. 247
New Susanborough, MN 89714",VERIFIED,25
3385,William Salinas,2003-07-20,"427 Eric Parkways
South Jennifer, VI 62085",VERIFIED,73
3386,Sherry Williams,1952-12-10,"14994 Moore Walk
Jenniferfurt, WY 88238",VERIFIED,34
3387,Michael Walker,1983-03-19,"899 Thompson Branch
Romerofurt, KS 24354",VERIFIED,9
3388,Daniel George,1993-06-20,"6154 Simmons Extensions
Lake Christopherside, ND 22873",PENDING,70
3389,Daniel Mcclure,1970-04-14,"9478 Kyle Track Apt. 340
Richardmouth, OH 29976",VERIFIED,32
3390,Tristan Morgan,2006-05-25,"970 Jeffrey Mount Apt. 282
Fieldston, MS 49874",VERIFIED,57
3391,Katie Spence,2002-02-16,"290 Tanya Junction
Davidsonland, AZ 51408",VERIFIED,3
3392,Steven Wallace,2000-11-08,"25276 Kelli Run Suite 890
Reidburgh, WI 49586",VERIFIED,60
3393,Taylor Trevino,1992-01-28,"632 Moore Harbors Apt. 586
North Kevinborough, PA 91131",VERIFIED,57
3394,Patrick Miller,1961-03-09,"52313 Montgomery Vista
Christopherstad, CT 14124",PENDING,74
3395,Andrew Tate,1954-10-13,"48518 Lawson Run Suite 710
Duaneville, AS 14466",PENDING,46
3396,Steven Michael,1975-03-27,"Unit 7051 Box 6169
DPO AA 71667",VERIFIED,82
3397,Julie Wolfe,1956-07-11,"0505 Timothy Extension
East Robert, VT 94425",PENDING,67
3398,David Mcdonald,1991-03-15,"4357 Alicia Route Apt. 858
Jackbury, WA 44046",PENDING,33
3399,Martin Graham,1974-12-07,"93370 Ryan Shore Suite 366
South Scottville, HI 54845",VERIFIED,28
3400,Alexandra Brown,1961-12-27,"41432 Joshua Neck Suite 237
Rossview, NE 02013",VERIFIED,11
3401,Carrie Williams,1988-11-27,"73792 Walker Dale Apt. 037
Victorport, FL 50373",PENDING,6
3402,William Matthews,1992-12-17,"430 White Walk Apt. 367
Baileyport, VT 27303",PENDING,82
3403,John Green,1965-08-29,"11515 Snyder Mountain
Angelaberg, IN 97451",VERIFIED,63
3404,Joseph Hartman,2007-07-06,"59569 Michelle Forge
Danielbury, WA 21456",VERIFIED,20
3405,John Hernandez,1957-04-02,"176 Madison Squares
Teresamouth, NJ 80585",PENDING,36
3406,Amber Ortega,1981-08-15,"716 Travis Islands Apt. 308
Port Victoria, KS 38711",VERIFIED,87
3407,Jared Mitchell,1985-11-05,"1970 Michael Forest
East Michaelton, OH 93396",VERIFIED,92
3408,Robert Downs,1960-12-20,"7941 Sheila Road Suite 203
Michaelhaven, RI 25748",PENDING,73
3409,Blake Castaneda,1976-09-26,"688 Allen Plains
Guyborough, CO 03642",VERIFIED,92
3410,Manuel Blake,1992-09-29,"509 Gregory Island
Gregoryhaven, NJ 46495",PENDING,84
3411,Michael Mitchell,1954-03-19,"31523 Jennifer Summit
Scottbury, VI 20782",PENDING,73
3412,Samantha Jones,1960-08-18,"05754 David Cliffs
Traciburgh, AZ 27666",PENDING,67
3413,Stacey Ortiz,1972-11-07,"93756 Wilson Lodge
Emilyfort, WA 21635",VERIFIED,99
3414,Lori Hutchinson,1979-06-07,"6507 Sanchez Ridge Suite 711
West Jonathantown, CT 72109",PENDING,64
3415,Dr. Elizabeth French,2001-12-19,"0854 Warren Prairie Apt. 114
Port Kevin, WV 11213",VERIFIED,95
3416,Amanda Stokes,1957-10-06,"75744 Lopez Highway
Kevinshire, AK 78004",PENDING,79
3417,Brittany Parker,1964-05-25,"484 Martinez Ferry
East Rebeccamouth, CO 34119",PENDING,16
3418,Beth Oneill,1961-02-14,"534 Wilson Fall Suite 925
North Amberhaven, GU 54272",PENDING,12
3419,Benjamin Duke,1983-01-18,"Unit 8139 Box 4174
DPO AE 66333",PENDING,79
3420,Blake Aguilar,1990-10-16,"Unit 9287 Box 6828
DPO AP 35977",VERIFIED,6
3421,Mary Sanchez,2003-07-26,"7919 Ruiz Divide Suite 383
Kingport, WA 38997",VERIFIED,31
3422,Samuel Williams,1995-01-23,"7250 John Parks
Lake Karen, LA 17140",PENDING,22
3423,Paul Knight,2007-11-21,"430 Hooper Circles Suite 006
Jamesborough, ND 48343",VERIFIED,21
3424,Cody Simmons,1992-06-13,"5713 Rogers Ways
West Kellyside, NH 36105",PENDING,80
3425,Amanda Banks,2004-09-11,"43409 Tara Hill Suite 790
Lake Derrick, KY 88462",PENDING,38
3426,Tanya Rodriguez,1956-04-10,"Unit 0926 Box 5364
DPO AE 92359",PENDING,95
3427,Amy Garcia,1973-06-08,"26508 West Green Apt. 422
Davidberg, LA 15935",VERIFIED,71
3428,Todd Ponce,1994-10-11,"514 Price Islands Suite 144
South Lindaville, AZ 06107",PENDING,15
3429,Lawrence Young,1995-10-23,"14590 Tran Mill
Carrieberg, IA 92463",PENDING,91
3430,Brandon Wong,1996-08-18,"77800 Christina Ranch
Stevensmouth, CT 40133",PENDING,65
3431,Marie Black,1953-07-05,"293 Lee Plains Suite 305
Fowlertown, NY 68999",VERIFIED,73
3432,Michael Cannon,1996-11-16,"34885 White Underpass
Lake Paul, MO 71966",VERIFIED,35
3433,Robert Glenn,1955-10-04,"Unit 8525 Box 4026
DPO AA 18044",VERIFIED,79
3434,Natalie Jackson,1983-10-22,"83091 Katie Underpass
Bobbyhaven, GU 67269",PENDING,37
3435,James Davis,1969-04-09,"42662 Rebecca Island Apt. 776
East Raymond, ID 99761",VERIFIED,100
3436,Diane Lewis,1986-08-19,"Unit 1091 Box 9913
DPO AE 21799",VERIFIED,75
3437,Cynthia Davis,1979-04-27,"3256 Brian Drive
Port David, WY 03042",PENDING,16
3438,Kevin Flores,1958-10-12,"609 Kevin Light Suite 740
Scottport, WI 35649",PENDING,66
3439,Kelly Mccormick,1986-04-13,"10152 Griffin Pass
Wolfmouth, MP 38488",PENDING,33
3440,Larry Blanchard,1971-12-19,"99221 Gonzalez Centers Suite 276
East Adam, PW 37790",PENDING,66
3441,Michelle Wheeler,1955-09-15,"5821 Warner Vista Suite 360
East Phillipside, DE 55857",PENDING,11
3442,Katherine Berry,1977-01-24,"537 Taylor Corner Suite 959
Port Amanda, GA 15421",PENDING,14
3443,Kristi Miller,2007-09-02,"74180 Barrett Garden
Port Natasha, VA 75812",PENDING,9
3444,Chad Duncan,1986-06-29,"93298 Leon Coves Apt. 623
Bakerfort, SD 40203",VERIFIED,61
3445,Jason Alexander,1998-09-20,"85954 Obrien Center
Kennethberg, WA 61158",PENDING,94
3446,Dr. Tammy Meyer,1975-01-28,"666 Erik Mountains
Amandaside, IL 49946",PENDING,70
3447,Pamela Reyes,1999-09-19,"84200 Jeremy Ranch Suite 370
Westmouth, VA 90245",VERIFIED,91
3448,Laura Arroyo,1958-08-11,"725 Christine Brooks Apt. 050
Danielview, NV 33569",VERIFIED,15
3449,Adam Kelly,1974-09-15,"65307 Garcia Vista
West Benjamin, NV 97605",PENDING,98
3450,Latoya Taylor,1985-06-06,"636 Alice Crescent Apt. 781
East Laurentown, NY 92152",PENDING,38
3451,Amber Castillo,1963-09-04,"USCGC Bowman
FPO AA 91652",VERIFIED,100
3452,Dawn Nelson,1984-08-29,"29801 Melissa Islands Apt. 434
Simmonshaven, MO 25917",VERIFIED,15
3453,Darrell Santos,1994-02-22,"PSC 9234, Box 0904
APO AE 91866",VERIFIED,64
3454,Sherry Eaton,1974-01-25,"PSC 5471, Box 1983
APO AE 17353",VERIFIED,68
3455,David Hunter,1982-09-01,"2537 Sarah Ports
Madisonhaven, NJ 50663",VERIFIED,11
3456,Debra Sampson,2003-12-19,"9769 Daniel Mount
North Josephside, SD 32824",PENDING,35
3457,Stephanie Smith,1976-07-09,"85574 Molly Fork
Johnsonview, MP 61272",VERIFIED,33
3458,Jennifer Washington,1968-04-30,"627 Amber Orchard Suite 376
Garciaville, MN 43866",VERIFIED,21
3459,Timothy Castro,1989-01-23,"49596 Alexandria Plaza Apt. 612
Lake Maria, CT 38234",VERIFIED,43
3460,Joanna Henry,1958-11-12,"6198 Terri Gateway
Port Travis, RI 87753",PENDING,63
3461,Nathan Barajas,1954-07-12,"231 Andrew Circle
North Wesleyport, NV 57284",PENDING,23
3462,Courtney Watkins,1979-08-14,"727 George Hills Suite 997
Lindatown, MT 23771",VERIFIED,96
3463,Michele Salas,1986-04-01,"USNS Gomez
FPO AE 47307",PENDING,62
3464,William Riley,1954-10-21,"515 Ward Ways
East Angela, NC 23218",VERIFIED,84
3465,Kathryn Delgado,1977-11-25,"79213 Smith Motorway
Port Robertfurt, NJ 94962",PENDING,39
3466,Seth Christensen,2002-05-18,"505 Cynthia Unions Suite 191
Ernestton, NM 29239",PENDING,71
3467,Raymond Lopez,1962-04-26,"165 Baker Dale Suite 180
Jonesborough, TN 23347",PENDING,42
3468,Destiny Middleton,1974-10-24,"76292 Ryan Inlet Apt. 880
Washingtonstad, WA 75606",VERIFIED,97
3469,John Schaefer,1979-02-04,"05035 Cory Meadow Suite 742
Lake Robertville, VI 13887",VERIFIED,76
3470,Carrie Gardner,2005-01-23,"00819 King Keys
Lake Charlesshire, SC 86272",PENDING,41
3471,Melissa Jarvis,1981-01-14,"11108 Bryan Coves
Jennafort, MD 73227",PENDING,63
3472,Troy Bennett,1963-03-10,"0863 Ware Stravenue
Port Ambertown, GU 39837",VERIFIED,83
3473,Wendy Jones,1971-08-19,"9115 Aaron Forges Apt. 753
New Kurthaven, MI 22256",PENDING,16
3474,Erika Miller,1964-10-30,"4135 Zachary Terrace
Mooremouth, UT 47633",VERIFIED,88
3475,Keith Wilkerson,2004-05-09,"2788 Richard Rapid Suite 258
East William, MI 45733",VERIFIED,7
3476,Amy Miller,1994-06-16,"Unit 0620 Box 7407
DPO AA 14566",PENDING,47
3477,Hailey Boyd,1988-06-22,"5290 Jimmy Avenue Suite 753
Lake Johnathanport, OH 79439",VERIFIED,67
3478,Nathaniel Adams,2001-12-09,"USCGC Ross
FPO AP 94982",VERIFIED,13
3479,Shawn Walker,1970-04-09,"959 Mcdaniel Valley
Lake Christinatown, PR 29374",PENDING,94
3480,Cindy Landry,1962-04-16,"4512 Newman Court
Mirandafort, TX 54858",VERIFIED,89
3481,Jessica Manning,1972-07-14,"993 John Ranch Suite 010
Lake Jeremy, NE 15791",VERIFIED,70
3482,Jennifer Sanders,1957-09-29,"93012 Buckley Pine
East Brandonside, CT 18056",VERIFIED,41
3483,Mary Cox,2004-09-26,"43958 Moran Stravenue
Rhondaside, TN 36980",PENDING,94
3484,Daniel West,1964-09-08,"239 Emily Overpass Suite 874
West Cynthiahaven, SC 36865",PENDING,77
3485,Julia Cohen,1968-09-20,"3569 Joshua Alley
Bartonstad, GA 31658",PENDING,85
3486,Kristina Navarro,1979-12-04,"2433 Shannon Square
West Karenstad, VA 59423",VERIFIED,15
3487,John Moreno,1989-11-21,"82863 Schwartz Ranch
West Katherine, NJ 14228",PENDING,77
3488,Ebony Porter,1996-09-27,"950 Pena Flats Apt. 685
Brownfort, FM 72020",VERIFIED,28
3489,Adrian Brooks,1993-08-08,"6238 Felicia Mountains
Estesville, MS 74596",VERIFIED,72
3490,Amanda Stewart,2006-11-01,"1714 Dean Isle
West Christina, ID 61009",PENDING,13
3491,Andrea Williams,2004-06-18,"3685 Andrea Glens Suite 079
Nicoletown, MP 12137",PENDING,39
3492,Keith Alvarado,1978-09-16,"5319 Rachel Mission
Batesport, TX 35729",PENDING,69
3493,Hannah Young,2005-09-08,"228 Sheila Tunnel Apt. 223
Carlsontown, HI 35792",PENDING,77
3494,Elizabeth Ingram,1994-02-13,"36141 Miller Manors
West Karamouth, MS 65060",VERIFIED,54
3495,Shannon Baker,1976-04-09,"585 Jackson Gardens Suite 709
Mejiaville, NC 29641",PENDING,93
3496,Amanda Estrada,1964-04-19,"Unit 3998 Box 3547
DPO AP 80215",PENDING,23
3497,Melanie Robinson,1993-06-06,"270 Carter Cliff Apt. 646
North Melanie, CO 52170",VERIFIED,69
3498,Jennifer Garcia,1972-09-04,"55202 Kelly Mountains
Brownfurt, PW 07959",PENDING,28
3499,Julie Nguyen,1981-04-05,"7452 John Hollow
Stephanieville, SC 10642",PENDING,82
3500,Laura Hernandez,1950-09-15,"851 Burgess Mountain
Elizabethbury, MP 40134",VERIFIED,5
3501,Thomas Lawrence,2007-12-12,"USNV Mahoney
FPO AP 95190",PENDING,52
3502,Phillip Garcia,1994-01-20,"31016 Brown Springs Apt. 744
Port Johnstad, MD 22447",PENDING,45
3503,Joseph Butler,1984-05-12,"USNS Flowers
FPO AA 93644",VERIFIED,61
3504,Molly Pearson,1991-06-14,"6776 Robertson Ferry Apt. 779
Lake Mark, RI 70347",PENDING,57
3505,James Pena,1981-06-28,"5484 Andre Lodge
Williamston, NY 36347",PENDING,72
3506,Brandon Morgan,1954-09-20,"3925 Coleman Gateway Suite 150
Lake Jay, VA 42361",VERIFIED,97
3507,Anna Gomez,1970-08-31,"7360 Anthony Mountains
East Caitlin, IL 40547",PENDING,16
3508,William Thompson,1990-06-06,"69394 Scott Village
Devinside, DC 66211",VERIFIED,60
3509,Adam Wilson,1983-05-27,"21306 Alexander Greens Suite 749
Pagefort, MP 43360",PENDING,31
3510,Mr. John Lopez,1992-06-08,"45311 James Union
West Brandonville, VA 67012",VERIFIED,1
3511,William Jimenez,1987-12-27,"3140 Tran Isle Suite 795
North Scott, FM 49323",VERIFIED,80
3512,Anthony King,1967-07-17,"7839 Christensen Rue
North Lisa, PA 27928",PENDING,14
3513,Charles Martin,1960-03-20,"PSC 5955, Box 1711
APO AP 07772",VERIFIED,13
3514,Cristina Marshall,1950-07-24,"13718 David Row
New Williamtown, AL 41211",VERIFIED,76
3515,Russell Mosley,2001-07-27,"99936 Hoffman Harbor
Romeroborough, ID 15589",PENDING,41
3516,Kelsey Jennings,1952-01-27,"90856 Michelle Green Suite 923
Christinaberg, OR 54706",VERIFIED,53
3517,Debra Johnson,1981-04-28,"035 Carr Mews Suite 696
Wrighttown, SD 77505",PENDING,75
3518,Ryan Ferguson,1990-01-30,"067 Alvarez Ford
South Erik, MH 27382",VERIFIED,4
3519,Holly Obrien,1954-07-31,"03534 Lorraine Avenue Apt. 511
South Lindaville, RI 58110",PENDING,11
3520,Cristina Ortiz,1998-11-06,"PSC 8066, Box 7289
APO AE 99275",PENDING,72
3521,Mark Davis,1966-11-22,"338 Donna Haven
East Lauriechester, LA 96349",PENDING,44
3522,Danny Wright,1961-06-19,"001 Richard Rue
Lauriefurt, HI 71508",VERIFIED,14
3523,Rose Fletcher,1975-05-08,"737 Todd Trace
Montgomeryberg, LA 33006",PENDING,10
3524,Joel Kim,2000-07-20,"6269 Simpson Cape Apt. 908
New Lisa, MO 85210",VERIFIED,79
3525,Barbara Jones MD,1991-05-29,"6798 Johnson Tunnel
Grayfort, VA 53921",VERIFIED,77
3526,Tracey Kelly,2004-08-25,"47129 Smith Manors
Port Laurafurt, MH 31551",VERIFIED,57
3527,Bruce Bennett,1990-10-15,"37391 Hayes Meadow Suite 039
North Bryan, DE 89924",VERIFIED,70
3528,Dylan Ellis,1950-10-29,"063 Elizabeth Spurs Suite 253
North Douglasburgh, NY 30735",VERIFIED,32
3529,Megan Quinn,1973-03-24,"96961 Kyle Burg
Deannaport, MI 44312",PENDING,35
3530,Michael Fields,1966-11-17,"403 Geoffrey Branch Suite 155
East Meagan, IN 78270",VERIFIED,73
3531,Steven Rivera,2002-04-17,"1636 Mahoney Expressway
Kellerfort, ID 81617",VERIFIED,88
3532,Kyle Sanders,1957-12-04,"21879 Wallace Mountain
Brendaville, IA 13313",PENDING,8
3533,Robert Reyes,1977-03-15,"535 Taylor Brooks
Whitneytown, NV 52806",VERIFIED,99
3534,Stephen Wells,1989-05-02,"344 James Ramp Apt. 966
Williamshaven, WA 61584",PENDING,87
3535,Barbara Shepherd,1985-05-11,"2231 Green Gateway
Jamesbury, TX 30625",VERIFIED,61
3536,Toni Wallace,1984-06-03,"84396 Ellis Wall
Longton, VT 67069",PENDING,85
3537,Jerry Rios,2002-10-16,"25494 Patel Pike
Jamesfort, TN 25977",PENDING,7
3538,Michele Graham,1974-05-30,"6601 Linda Ferry
New Amandaland, NE 10783",VERIFIED,58
3539,Tammy Clark,1976-07-08,"01657 Amanda Tunnel Apt. 424
East Antonioville, MP 39334",PENDING,25
3540,Kimberly Franklin,1990-01-16,"84394 Harris Underpass
Lake Alejandra, VI 10642",VERIFIED,77
3541,Ian Hicks,1973-08-04,"847 Hudson Drive
Port Sandra, AR 01006",VERIFIED,37
3542,Becky Williamson,1991-06-18,"38208 Collins Rest
Lake Justin, CA 58675",VERIFIED,54
3543,Christopher Miller Jr.,1974-06-24,"110 Shawn Extensions Suite 805
Jeremyport, NM 53799",VERIFIED,19
3544,Mitchell Garcia,1967-04-30,"USNV Clark
FPO AE 39580",VERIFIED,41
3545,Jared Howe,1968-03-14,"85496 Rodriguez Rest Apt. 244
Kennethfurt, IA 41078",PENDING,40
3546,Jasmine Roth,1969-12-10,"3540 Mary Port Suite 548
Coreyfurt, NV 55196",VERIFIED,55
3547,Joseph Decker,1987-11-18,"20913 Stanley Shores
New Steven, CT 36712",VERIFIED,92
3548,Andrew Merritt,1987-06-24,"5220 Christensen Stravenue Suite 957
Taylorview, CA 88355",VERIFIED,30
3549,Amy Hall,1955-07-14,"7096 Deborah Unions Suite 500
Josephside, SD 16422",PENDING,24
3550,Catherine Chambers,2007-02-22,"492 Marcus Plain Suite 565
Lake Katrinachester, LA 47072",PENDING,17
3551,Glen Jones,1980-06-08,"8537 Simpson Mill
Janicechester, NM 26175",VERIFIED,52
3552,Stephen Campbell,2004-03-01,"14438 Kevin Ways
East Jennyview, KS 91455",VERIFIED,13
3553,Kelsey Campbell,1953-07-24,"0261 Travis Camp Apt. 860
Susanmouth, PW 57113",PENDING,54
3554,Amanda Horn,1965-05-07,"PSC 4420, Box 7379
APO AE 49389",VERIFIED,65
3555,Jessica Cooke,1959-08-19,"USNS Frost
FPO AP 32758",VERIFIED,60
3556,Kristina Coleman,2007-09-16,"13906 Traci Mountains
South Heather, CT 65264",PENDING,69
3557,Olivia Martinez,1985-07-08,"828 Barker Cliffs Suite 032
Matthewfort, ID 62043",PENDING,25
3558,David Monroe,1984-11-08,"7630 James Views
Moniqueport, MA 41318",PENDING,57
3559,Lindsey Henry,1998-12-09,"663 Orozco Ford Apt. 101
West Carolbury, NV 96923",PENDING,66
3560,Christopher Porter,1950-07-17,"Unit 4297 Box 9970
DPO AP 67808",VERIFIED,25
3561,Kevin Morris,1969-06-08,"35678 Robert Alley
Garcialand, IA 01289",PENDING,28
3562,Robert Mosley,1960-03-20,"9568 Katie Corners Suite 666
Port Aaronside, CO 67857",PENDING,36
3563,Ronnie Anderson,1968-11-05,"3829 James Meadow Suite 035
West Carolynport, LA 69384",PENDING,58
3564,Brandon Solomon,1999-12-13,"99965 Austin Keys
Dominiqueport, OK 78796",PENDING,7
3565,Ann Martinez,2003-10-06,"PSC 7557, Box 1649
APO AP 21291",VERIFIED,33
3566,Jacqueline Ramirez,1960-09-21,"901 Stacy Flat Suite 594
South Samanthaborough, NM 46419",PENDING,7
3567,Rebecca Wilson,1995-01-12,"USNS Melton
FPO AE 40486",VERIFIED,43
3568,Michelle Bishop,1966-09-02,"08762 Kristen Fall Apt. 293
Collinsfurt, ID 81513",VERIFIED,45
3569,Ruben Monroe,1979-07-13,"086 Elizabeth Course Apt. 118
West Josephchester, NM 87665",VERIFIED,8
3570,Kaitlyn Johnson,1954-02-27,"3358 Paul Crescent
Kimfurt, AR 52030",VERIFIED,40
3571,Meredith Campbell,1997-08-16,"5454 Kyle Alley
North Jeffrey, GU 23546",PENDING,94
3572,Dustin Johnson,1960-08-09,"26378 Veronica Extensions Suite 427
New Travisberg, GA 76909",VERIFIED,35
3573,Isaac Fleming,1965-09-14,"26867 Petersen Wall Apt. 824
Katherineport, WY 79117",PENDING,56
3574,Sandra Ochoa,1997-11-26,"938 Mcpherson Center
South Andrewhaven, MH 06248",VERIFIED,16
3575,Miranda Smith,1954-09-28,"9839 Luis Lodge Suite 951
North Antoniochester, OR 06562",PENDING,99
3576,Brittany Bond,2007-07-20,"675 Theresa Lights Suite 903
East Nicholasmouth, FL 32714",VERIFIED,66
3577,Candace Hughes,1999-07-08,"4906 Travis Drives
West Heather, PA 59821",VERIFIED,57
3578,Andrew Torres DDS,2002-03-02,"4741 Angela Walks
Port Derek, GU 68045",PENDING,46
3579,Shane Wells,1959-08-05,"209 Sean Loop Apt. 677
Justinmouth, VT 57327",VERIFIED,95
3580,Robert Baker,2001-10-13,"9907 David Oval Apt. 102
Lake Scott, UT 71845",PENDING,58
3581,Stephen Logan,1980-05-28,"37707 Megan Extension
Robertport, AL 73377",VERIFIED,67
3582,Debbie Perry,1952-09-22,"429 Guzman Lane
Jeffmouth, OH 23367",PENDING,99
3583,Chelsea Phillips,1957-03-19,"551 Jacqueline Underpass
Anthonyland, AL 57370",VERIFIED,76
3584,Mr. Robert Blair,1991-06-12,"26377 Reese Lodge Apt. 373
South Riley, CO 10842",VERIFIED,80
3585,Ashley Smith,1960-02-19,"36527 Jessica Passage
North Maurice, GU 41637",VERIFIED,12
3586,Vincent Schneider,1988-02-19,"4780 Cunningham Turnpike
North Erica, UT 98548",VERIFIED,90
3587,Bryan Coleman,2000-06-02,"252 Theresa Key
Deanfurt, VA 78944",PENDING,9
3588,Robert Bailey II,2000-03-09,"USNV Curry
FPO AP 80474",VERIFIED,29
3589,Wesley Abbott,1966-04-19,"45343 Linda Green Apt. 698
Richardland, DE 45203",PENDING,95
3590,Kevin Nichols,1969-01-24,"946 Watkins Streets Apt. 483
Taylorstad, WV 72101",PENDING,30
3591,Sean Sandoval,2008-02-29,"29522 Elizabeth Springs
Donnaland, MT 90333",VERIFIED,16
3592,Anthony Casey,2007-04-24,"5447 Thornton Fields
Andreaside, AR 35935",PENDING,99
3593,Ryan Graves,1981-10-20,"85111 Lewis Camp Apt. 531
Sandersbury, WI 69027",VERIFIED,48
3594,Laura Williams,1967-06-24,"635 Edwards Union
Thomasview, TX 16774",VERIFIED,22
3595,Scott Garcia,1977-04-12,"968 Clark Walks
Port Julie, WI 40817",PENDING,21
3596,Nicholas Miller,2002-01-27,"51864 Patton Ranch Suite 742
West Jeremy, AR 53371",PENDING,62
3597,Bonnie Pacheco,1996-11-28,"9394 William Mountains Suite 149
Lake Rachelview, ND 94170",PENDING,25
3598,Austin Tran,1995-07-04,"95280 Morris Vista Suite 772
North Kristy, MP 01997",PENDING,2
3599,Timothy Thomas,1976-05-06,"9642 Danielle Ville
Scottview, KS 65743",VERIFIED,61
3600,Dr. Michelle Spencer,1967-10-11,"9276 Mcintosh Roads
East Matthew, KY 57363",VERIFIED,82
3601,Timothy Manning,1952-06-26,"78799 Heather Village
New Nicolasville, MA 32625",VERIFIED,68
3602,Katherine Gonzales,1957-11-19,"9377 Greene Throughway Apt. 100
Leechester, MD 55113",PENDING,16
3603,Susan Boyd,1990-01-24,"USS Ibarra
FPO AE 92087",PENDING,40
3604,Megan Cunningham,1976-08-12,"5517 Nathan Shoals Apt. 958
New Kelly, MS 15298",VERIFIED,74
3605,Patricia Walker,1989-12-13,"25958 Buchanan Springs
New David, NH 23530",PENDING,22
3606,John Green,1992-05-03,"0172 Janet Passage
Saundersbury, ND 00547",PENDING,59
3607,Kristen Ferguson,1953-10-29,"4018 Roberts Cape Apt. 931
Brendabury, SD 15885",VERIFIED,18
3608,Miranda Anderson,2003-01-09,"1858 Fox Wells Suite 910
South Lauren, WA 21744",VERIFIED,55
3609,Gina Davis,1969-07-23,"230 Thomas Viaduct Apt. 233
North Charlesshire, OK 16630",VERIFIED,42
3610,Dr. Lacey Jacobs,1990-12-24,"13878 Ashley Port Suite 402
Port Debrahaven, WA 51113",PENDING,18
3611,Adrian Medina,1970-04-22,"96286 Andrea Rapid Suite 195
South Micheal, VI 00877",PENDING,64
3612,Mr. John Ray,1952-10-14,"366 Daniel Pike
Williamschester, ID 98213",VERIFIED,55
3613,Sarah White,1951-10-25,"PSC 1752, Box 6606
APO AA 73915",PENDING,49
3614,Marie Kelley,1991-07-18,"230 Mosley Cliff
Port Ronald, MI 11024",PENDING,98
3615,Vickie Elliott,2001-11-12,"1559 Thomas Junction Suite 705
New Caleb, SC 06264",PENDING,97
3616,Levi Hale,1992-05-29,"029 Lori Forest
Daviesmouth, IL 42832",VERIFIED,48
3617,Daniel Hardy,1985-03-27,"Unit 4217 Box 7541
DPO AA 32819",VERIFIED,97
3618,David White,1953-07-12,"47678 Michael Springs Suite 484
Shawmouth, MA 36712",PENDING,12
3619,Amber Yang,1950-06-25,"3702 Judith Rest Apt. 897
Lisaside, OK 65774",VERIFIED,96
3620,Andrea Banks,1975-12-24,"75882 Alexander Pine Apt. 971
Jessicachester, WA 46885",PENDING,93
3621,Joan Koch,1990-06-13,"587 Jennifer Underpass Suite 904
New Shannon, MA 84452",VERIFIED,85
3622,Heather Martinez,1971-07-16,"892 French View Apt. 957
Williamburgh, AK 01745",PENDING,77
3623,Jennifer Taylor,1978-03-25,"197 Michael Vista Apt. 612
Castrofurt, CO 92626",PENDING,96
3624,Brian Padilla,1959-07-28,"006 Kathryn Orchard
Stoneside, HI 50301",VERIFIED,37
3625,Bridget Williams,1986-10-09,"83301 Phillips Court Suite 133
Leslieburgh, MT 56300",PENDING,81
3626,Nathaniel Harvey,1982-05-21,"512 Mary Lodge Apt. 502
Lake Colleen, IN 85350",PENDING,8
3627,Victor Ho,1983-01-23,"PSC 6695, Box 0121
APO AA 61856",VERIFIED,61
3628,Miss Sarah Becker,1956-10-01,"9861 Wiggins Parkways Suite 147
Lake Rubenshire, MS 88757",PENDING,8
3629,Alex Cabrera,2005-01-17,"9098 Tyler Forges Apt. 336
West Walter, MS 51205",PENDING,78
3630,Ronald Lee,2008-02-04,"79533 May Mount
Sarahtown, CA 71834",VERIFIED,28
3631,Mark Mcconnell,2006-09-11,"712 Ruiz Port
Angelafurt, AR 92121",VERIFIED,80
3632,Matthew Sanders,1955-09-19,"226 Alex Pike Suite 552
Port Gina, WV 82737",VERIFIED,91
3633,Vernon Douglas,1981-05-28,"45729 Robert Trace Apt. 612
New Cory, SD 26918",VERIFIED,17
3634,David Cohen,1983-11-20,"893 Nicholas Village
New Samuel, WV 30452",PENDING,69
3635,Samantha Martinez,1977-12-29,"320 James Cape Apt. 231
Freemanfort, FL 41209",VERIFIED,73
3636,Jason Fowler,1963-01-29,"7791 Jacob Harbors
North Matthew, SD 11179",PENDING,37
3637,Jeffrey Humphrey,1966-06-18,"1302 Danielle Hill Apt. 489
South Stephanieside, MS 29408",PENDING,8
3638,Todd Hicks,1977-01-30,"355 Rachel Streets
Port Richard, MS 06638",VERIFIED,13
3639,Robert Brown,1968-01-29,"2772 Christopher Terrace Suite 810
Jenniferberg, FM 97098",PENDING,10
3640,Nicholas Anderson,1968-01-23,"895 Janet Springs
West Michaelfurt, HI 44016",VERIFIED,3
3641,Emily Gilmore,1982-08-21,"USCGC Marshall
FPO AE 86316",PENDING,28
3642,Anthony Walker,1966-07-21,"64179 Jeanette Viaduct Suite 845
East Johnside, MI 54764",PENDING,36
3643,Jordan Smith,1963-10-22,"196 Gordon Wells Suite 723
Lake James, MI 86056",PENDING,54
3644,Jeffrey Sanchez,1970-08-23,"12714 Williams Radial
Port Samanthachester, CA 37678",PENDING,29
3645,Cynthia Robertson,1976-05-17,"48255 Wilson Expressway Apt. 130
Port Kevin, UT 37987",PENDING,18
3646,George Harrison,1967-12-24,"625 Andrea Valleys Suite 198
Thomasland, VA 38925",PENDING,10
3647,Heather Castillo,1992-08-03,"459 Dawn Creek Suite 314
Brentside, SD 57921",VERIFIED,71
3648,Samantha Anderson,1993-11-09,"4201 Michelle Mall
East Katherine, PR 60417",VERIFIED,52
3649,Mary Madden,1983-05-06,"PSC 8325, Box 7849
APO AA 30651",PENDING,38
3650,Michael Sullivan,1975-01-13,"31007 Michelle Causeway Suite 906
Devonberg, CO 03100",VERIFIED,44
3651,Christopher Hill,1974-01-02,"803 Griffin Shoals
Marcusstad, OR 78838",PENDING,42
3652,Christopher Maddox DDS,1988-08-18,"7656 Gary Forge Apt. 008
Port William, MA 72435",PENDING,45
3653,Darryl Brown,1989-12-08,"48622 Gray Place
Jenniferland, PA 05038",PENDING,87
3654,Mercedes Middleton,1969-12-23,"8245 Carson Pass
Huntshire, OR 84662",PENDING,12
3655,Brian Martinez,1976-07-23,"88261 Bush Trace
Smithstad, VA 35328",VERIFIED,9
3656,Kelly Herman,1981-12-14,"285 William Street Suite 145
Johnmouth, SD 64678",VERIFIED,4
3657,Danielle Leblanc,2003-05-24,"USS Duarte
FPO AA 35142",PENDING,100
3658,Kristen Smith,2000-09-13,"77586 Lewis Glen
Parkbury, WA 57792",PENDING,63
3659,Richard Hess,1976-12-26,"87175 Deborah Mountain
West Joshua, WY 92598",VERIFIED,25
3660,Jennifer Howard,1974-12-29,"71089 Hernandez Falls
Port David, AS 95757",VERIFIED,73
3661,Christy Ortiz,1968-08-16,"09897 Frost Field Apt. 802
Haleymouth, OK 88362",PENDING,88
3662,Catherine Perry,1970-08-29,"8025 Michael Canyon
West Karenborough, AS 68516",PENDING,94
3663,Bryan Rojas,1987-08-07,"9649 Theresa Mission Suite 851
Jenniferport, MI 56102",VERIFIED,70
3664,Antonio Reynolds,1972-02-17,"6658 Chapman Valley
Lake Markburgh, NC 51948",VERIFIED,16
3665,Jennifer Benjamin,1968-07-19,"67566 Melanie Stravenue Suite 918
South Briannaton, AZ 45460",VERIFIED,39
3666,Christina Adams,2008-01-28,"92574 Lane Rue
Onealstad, WA 76864",VERIFIED,87
3667,Dr. Alan Hayes Jr.,1963-11-29,"697 Schwartz Mountain
Nunezfort, MO 04725",VERIFIED,54
3668,Douglas Rice,1966-12-06,"42440 Margaret Plains
Port Mark, OK 67299",PENDING,34
3669,Joseph Wilson,1990-03-08,"011 Lewis Groves Suite 426
Kimberlytown, MS 18575",VERIFIED,10
3670,Benjamin Blankenship,1987-11-14,"190 Christopher Mill Apt. 857
Port Theresa, VT 02886",PENDING,62
3671,Andrew Williams,2003-05-10,"970 Maria Manors
Tammytown, AK 31382",VERIFIED,96
3672,Nathaniel Diaz,1995-02-02,"73756 Elizabeth Groves
North Timothytown, KY 80611",PENDING,49
3673,Ryan Bowman,1992-05-29,"3083 Glover Turnpike
Morseside, WY 87441",PENDING,55
3674,James Anderson,2001-12-28,"31730 Alvarez Cliff Suite 031
West Bradleyburgh, PW 71023",VERIFIED,78
3675,Curtis Bruce,1972-04-25,"USNV Green
FPO AE 91654",VERIFIED,15
3676,Amber Barber,1963-05-27,"4749 Anthony Ways Suite 292
Seantown, MT 36511",VERIFIED,82
3677,Stanley Lawrence,1961-09-19,"PSC 9863, Box 6539
APO AA 98089",PENDING,48
3678,Joseph Vaughn,1986-12-15,"7626 Kline Fork
Valentineburgh, MN 58124",PENDING,84
3679,Larry Cobb,1994-03-10,"6043 Kimberly Road Suite 125
East Sandrashire, MA 49403",PENDING,63
3680,Nicholas Bennett,1994-02-28,"0200 Sherry Road
Jordanburgh, MS 55284",PENDING,21
3681,Kevin Hernandez,1996-11-27,"300 Diana Harbor Suite 298
New Jason, PR 41268",PENDING,36
3682,Brad Torres,1985-12-09,"18999 Frye Street Apt. 124
Wattsland, IA 99495",VERIFIED,53
3683,Tony Meyer,1961-08-23,"957 Reyes Centers Suite 839
Robinsonhaven, MA 68977",VERIFIED,68
3684,Matthew Williams,2004-06-02,"69592 Jacob Ridge
Port Larryland, TN 72270",PENDING,100
3685,Christopher Adkins,1987-08-28,"978 Robert Manors Apt. 893
Aaronstad, NH 61712",VERIFIED,82
3686,James Graves,1989-04-09,"330 Jerry Parks
East James, GU 10638",PENDING,50
3687,Dana Riggs,1959-09-27,"7430 Lori Trafficway
East Catherine, VI 42971",VERIFIED,59
3688,Tina Miller,1959-12-21,"4441 Jackson Glen Apt. 472
West Brendahaven, OR 12583",PENDING,86
3689,Randy Davis,1997-07-23,"90092 Keller Corner Apt. 556
East Melanie, HI 40235",VERIFIED,17
3690,Matthew Olson,1967-03-08,"0811 Miller Radial Suite 052
Lake Johnhaven, WI 57833",PENDING,19
3691,Angela Barker,2007-06-13,"PSC 7066, Box 4186
APO AA 94886",PENDING,22
3692,Jill Duncan,1952-04-29,"93381 Kathleen Highway Suite 127
West Douglas, KS 70867",PENDING,81
3693,Kimberly Smith,1953-03-29,"2162 Danielle Club Apt. 568
Katiehaven, TN 00975",PENDING,83
3694,Peter Bradshaw MD,1980-11-19,"683 Howard Grove
North Jacquelinebury, HI 75752",PENDING,37
3695,Danielle Tucker,1985-03-14,"1303 Brown Knoll
Jeffreyland, LA 28092",PENDING,46
3696,John Greene,1978-10-26,"760 Evans Plains
Lake Austin, CO 67600",PENDING,11
3697,Aaron Robinson,1954-07-01,"02139 Brown Hill
Lake Markmouth, KS 84751",VERIFIED,83
3698,Sherry Warren,1998-01-05,"2996 Joshua Park
North Samuel, OR 08386",VERIFIED,31
3699,John Mitchell,1952-09-01,"21836 Juan Forges Apt. 634
Lauraborough, IL 67191",VERIFIED,95
3700,Justin Robinson,1950-07-28,"42061 Ramos Course
Paceville, MO 05907",PENDING,14
3701,Eric Obrien,1982-01-03,"99658 Brown Underpass
South Larryfort, AR 25461",PENDING,54
3702,Erin Herrera,1994-06-28,"61259 Brown Squares
East Matthewshire, CT 51939",PENDING,39
3703,Robert Kline,1952-07-27,"131 Jose Plaza Suite 334
Port Todd, NC 79518",VERIFIED,26
3704,Robert Rodriguez IV,1954-01-29,"PSC 6745, Box 0632
APO AA 33848",PENDING,21
3705,Amanda Cochran,1991-01-05,"8247 Erik Drive
Heatherchester, MD 08012",PENDING,52
3706,Amanda Taylor,1997-01-04,"27243 Michael Gateway Suite 046
Hudsonburgh, SD 51226",VERIFIED,92
3707,Joseph Boyd,1995-10-23,"089 Mary Meadows Apt. 169
Lake Jamiemouth, NE 46263",VERIFIED,79
3708,Steven Tate,1981-08-25,"61343 Carson Valley Suite 222
West Tracy, NH 53287",VERIFIED,17
3709,Laura Good,1995-04-05,"9109 Ryan Squares Suite 799
Christophershire, NC 48927",PENDING,54
3710,Eric Torres,1999-10-10,"521 Jones Plaza
Drewfort, AK 42126",VERIFIED,14
3711,David Thomas,1962-05-10,"2187 Veronica Hills
New Ryan, AK 98391",PENDING,38
3712,Kimberly Cabrera,1992-06-16,"3314 Simpson Stravenue
Lake Ryan, UT 35469",PENDING,15
3713,Mr. Joshua Reed,2007-12-17,"40342 Ashley Haven Apt. 634
Kathyland, CT 29575",VERIFIED,24
3714,Bryan Brooks,1952-03-22,"68627 Peter Canyon
North Virginia, CT 31825",PENDING,73
3715,Jill Davis,1981-06-04,"3532 Martin Row
Turnershire, WY 46655",PENDING,16
3716,Kristine Cain,1973-03-24,"473 David Isle
Washingtonview, VI 04166",PENDING,48
3717,Jose Reese,1977-06-11,"639 Hawkins Wells Suite 791
Garrisonport, IN 46729",VERIFIED,80
3718,Jessica Grant,1998-01-15,"967 Bowman Manors
South Alexshire, GA 13982",VERIFIED,55
3719,Shannon Wallace,1968-09-04,"14042 Hill Prairie Apt. 721
Garyville, CT 14689",PENDING,64
3720,Amy Larsen,2000-02-11,"199 Hannah Corner Suite 403
Port April, MP 41614",VERIFIED,93
3721,Gary Larsen,1961-01-20,"USNS Olsen
FPO AP 20350",PENDING,81
3722,Katherine Mason,1967-12-07,"35749 Joan Parkway Apt. 576
Matthewborough, TN 49857",PENDING,64
3723,Sarah Keller,1997-07-04,"24103 Taylor Green Suite 074
Andrewside, WI 78425",PENDING,23
3724,Linda Ortiz,1989-06-14,"8049 Ellis Path Suite 380
New Stephenborough, PW 78654",VERIFIED,36
3725,Alexis Williams,1958-11-08,"0573 Ward Fields
East Jenniferville, CT 61562",VERIFIED,77
3726,Jessica Henderson,1969-07-20,"012 Barbara Mews
New Donna, DC 34154",VERIFIED,87
3727,Jeanette Williams,1960-10-15,"Unit 7584 Box 0513
DPO AP 62308",PENDING,57
3728,Kayla Castillo,1963-03-05,"PSC 8253, Box 9166
APO AA 28236",VERIFIED,72
3729,Michelle Green,1985-06-30,"942 Ramirez Curve Suite 707
Beasleybury, CO 30627",PENDING,89
3730,Sarah Parker,1969-11-20,"9208 Green Ranch
North Stephanie, NE 05438",VERIFIED,44
3731,Jessica Brown,2003-12-14,"2299 Watkins Rest
Derekbury, MS 31725",PENDING,68
3732,Julie Johnson,2002-09-29,"3360 Tony Common Apt. 502
North Pamela, GA 10996",PENDING,66
3733,Derek Morales,1968-05-15,"164 John Meadows Suite 368
West Jessicahaven, ND 30207",PENDING,96
3734,Isaac Dunlap,1952-10-03,"5001 Andrew Ports Suite 447
Andreaville, LA 24818",PENDING,60
3735,Jonathan Nunez,1978-01-08,"649 Matthews Club
Lake Christinechester, ID 70765",PENDING,17
3736,Patrick Wilcox,1970-10-25,"703 Parker Lane
New Brian, AK 95616",VERIFIED,30
3737,Heather Stephens,1998-11-30,"9384 Morrison Ports
West Kyleport, VT 92200",VERIFIED,83
3738,Miguel Cooper,1976-07-01,"121 Galloway Park
West Matthewport, CO 78932",VERIFIED,4
3739,Tracy Moore,2005-07-04,"3409 Ware Ridge
Anitahaven, TX 91230",VERIFIED,32
3740,Jeremy Hatfield,1989-06-06,"16656 Sharp Summit Suite 197
Davidville, MA 58247",VERIFIED,8
3741,Julie Mcdonald,1978-03-11,"826 Rodriguez Greens
Guzmanmouth, DE 50281",VERIFIED,17
3742,Andrew Cunningham,1957-01-24,"516 Tyler Camp
Port Williamland, CT 75269",PENDING,73
3743,Mark Grant,1984-08-10,"04548 Rebecca Radial
North Matthew, ND 37991",VERIFIED,85
3744,Jacob Norris,1995-03-15,"648 Buchanan Knoll
South Christina, AZ 84070",VERIFIED,3
3745,Jennifer Schultz,1996-02-19,"2944 Alexander Tunnel Suite 992
East Kristen, DC 80881",PENDING,4
3746,Tony Moore,1979-11-30,"931 Carrillo Club Apt. 171
Sonyaview, PA 16935",PENDING,27
3747,Antonio Carroll,1973-01-18,"6196 Ray Springs
Petershire, SD 56431",VERIFIED,4
3748,Tamara Shields,1999-04-26,"1362 Hudson Haven
South Kennethstad, UT 31572",VERIFIED,65
3749,Amber Williams,1981-11-07,"8964 Kyle Overpass
West Tylershire, MA 59006",PENDING,24
3750,Thomas Jackson,1991-10-12,"5414 Katie Mill
South Annemouth, AZ 78049",VERIFIED,91
3751,Nicole Warren,1959-07-29,"3874 Higgins Bridge Apt. 662
Port Lisa, WV 62859",PENDING,66
3752,Douglas Ramirez,1964-02-15,"9043 Frank Island
New Frederickport, PR 48647",PENDING,37
3753,Linda Fitzpatrick,1971-04-01,"PSC 8958, Box 9941
APO AA 29770",VERIFIED,48
3754,Daniel Johnson,1957-03-21,"78218 Hernandez Centers
New Jennifer, NY 49200",PENDING,63
3755,Ms. Maria Jenkins,1995-07-11,"90161 Christopher Manors
North Jordanmouth, GA 69958",VERIFIED,55
3756,Erin Brock,2006-05-10,"8656 Colon Divide Apt. 235
Adamport, TN 95706",PENDING,15
3757,Julie Jones,1992-08-12,"1660 Noah Junctions
Smithtown, CO 23786",VERIFIED,67
3758,Amanda Morris,1963-10-17,"5928 Berry Terrace
Kimton, ME 17018",PENDING,51
3759,Dominic Stanley,1996-07-30,"287 Jessica Rest
West Thomasshire, NJ 79377",PENDING,46
3760,Katrina Powell,1991-02-28,"961 Clark Views
Nicoleside, WA 59305",PENDING,99
3761,Susan Ruiz,1985-12-12,"3529 Shannon Crossing Suite 177
Jameschester, KS 91176",PENDING,38
3762,Mark Christensen,1965-06-06,"4277 Jackson Streets
Smithside, IN 44540",VERIFIED,55
3763,Andrew Anderson,1961-01-08,"Unit 5006 Box 4689
DPO AP 82401",PENDING,70
3764,Derrick Harper,1980-10-16,"26972 Curtis Trail
Michaelport, AS 27938",VERIFIED,12
3765,Linda Nolan,1956-08-06,"367 Kevin Street
West Stephanie, OR 84673",PENDING,95
3766,Sandra Meadows,1955-07-08,"5731 Renee Flats Apt. 979
Port Jennifer, WV 05138",VERIFIED,33
3767,James Lawrence,1986-08-09,"061 Debbie Passage
Lake Emilyport, WV 15475",VERIFIED,87
3768,Brandon Wood,1991-07-10,"6446 Mckay Row Suite 725
West Angelaton, CT 70706",VERIFIED,47
3769,Debra Martinez,1978-06-11,"8481 Jacqueline Passage
Annastad, AK 41928",PENDING,22
3770,Rachel Rhodes,1976-07-27,"02175 Kevin Rapid
Maldonadohaven, VI 10500",PENDING,62
3771,Phillip Smith,2007-09-07,"5703 Baldwin Mountain Apt. 796
Careyport, AL 05281",PENDING,97
3772,Donna Edwards,1995-03-06,"79418 Wilson Station Suite 192
Mcgeeside, CT 35011",PENDING,67
3773,Benjamin Johnson,1959-08-25,"0407 Eddie Via Apt. 996
North Kevinland, LA 44909",PENDING,49
3774,Rodney Ashley,1974-05-19,"758 Meadows Square Apt. 836
Christineview, OR 85783",VERIFIED,43
3775,Michael Anderson,2006-06-02,"22522 Christopher Burg Apt. 563
Scottshire, MP 36892",VERIFIED,81
3776,Shannon Reed,1999-02-17,"0783 Elaine Turnpike
Williamshaven, GA 25133",VERIFIED,50
3777,Allen West,1988-07-29,"51638 Connie Keys
Meltonborough, WY 88753",VERIFIED,50
3778,Michael Johnson,1984-03-19,"32743 Kimberly Pines
Dianafort, NY 18840",VERIFIED,66
3779,Cathy Newton,2003-10-02,"028 Simmons Park
Rossshire, NJ 65127",PENDING,38
3780,Victoria Barrera,1954-04-15,"191 Collins Drives Apt. 929
New Lindsayview, IN 39954",VERIFIED,39
3781,Glen Stout,1975-09-07,"944 Acosta Island
Lake Carrie, NJ 94775",PENDING,100
3782,Andrew Fox,1967-01-02,"5811 Dean Mission
Port Kirkstad, VA 33999",PENDING,19
3783,Terry Newton,1970-04-19,"81382 Brown Freeway Suite 795
Vanessaview, VT 18817",PENDING,55
3784,Angela Wall,1955-12-15,"350 Derek Brooks
Victoriaton, RI 36665",PENDING,28
3785,Jesse Reyes,2002-04-09,"957 Christopher Row
North Amberfort, MP 08244",VERIFIED,79
3786,Samantha Stevens,2007-07-18,"58977 Huber Neck Suite 809
Ayersfurt, OR 77243",VERIFIED,99
3787,Katherine Soto,1981-12-31,"53513 Chen Rapid
Melissaburgh, TN 65393",PENDING,91
3788,Jenny Jones,1960-07-14,"65057 Watson Plains Suite 231
East Brenda, IN 65624",PENDING,79
3789,Alexandria Rodriguez,2002-10-26,"PSC 6880, Box 1293
APO AP 56660",VERIFIED,97
3790,Brittany Clark,1991-11-01,"6710 Shields Meadows Apt. 220
Marcusfort, MA 24692",PENDING,95
3791,Carly Cook,1954-08-25,"13181 Moore Center Suite 239
South Andrew, CO 36294",PENDING,81
3792,Frank Walsh,1964-03-15,"3672 Jennifer Isle Apt. 912
West Paulshire, NJ 77662",PENDING,26
3793,Laura Avila,1981-04-27,"01492 Key Way
North Angela, AZ 35916",PENDING,87
3794,Michael Bartlett,1965-11-01,"26199 Kennedy Springs Suite 683
Wolfemouth, IN 35883",VERIFIED,70
3795,Renee Morton,1996-01-15,"7320 Wilson Well
Port Markton, MP 96465",PENDING,8
3796,Kerry Jones,1972-04-28,"338 Crawford Green Apt. 233
Lake Morgan, GA 23220",VERIFIED,47
3797,Andre Johnson,1951-11-03,"3624 Alicia Turnpike Suite 595
Kennethville, NC 08705",PENDING,36
3798,Gregory Coleman,1994-10-23,"98508 Jones Rue Suite 328
Douglasside, DC 33412",VERIFIED,1
3799,Rebecca Wood,1958-04-08,"2508 Riley Place Apt. 670
Lake Valerie, ID 67607",PENDING,17
3800,Patricia Mercer,1960-11-27,"87348 Aguilar Parks Suite 126
Robertfort, MD 12800",PENDING,75
3801,Pamela Landry,1956-12-30,"554 Jarvis Lake Apt. 408
Prattport, ME 38884",PENDING,90
3802,Albert Ford IV,1961-03-29,"82259 Lee Shoal Apt. 680
Tamarahaven, RI 33697",VERIFIED,97
3803,Allison Miller,1996-11-27,"7520 Emily Inlet Suite 750
West Patrick, IN 89679",VERIFIED,74
3804,Leonard Perry,1955-11-18,"PSC 5087, Box 5910
APO AE 61241",PENDING,85
3805,Mary Palmer,1957-07-09,"41273 Robert Mountains Suite 884
North Alexchester, HI 07142",VERIFIED,59
3806,Nathan Thompson,2005-03-31,"Unit 1490 Box 9720
DPO AA 54535",PENDING,27
3807,Gary Baker,1964-04-09,"460 Anthony Valley
Lake Angiebury, LA 80118",VERIFIED,4
3808,Todd Perry,1964-05-28,"08149 Brewer Plaza Apt. 786
Brucestad, AR 72023",PENDING,40
3809,Jeffrey Pierce,1978-12-25,"929 Spencer Drive Suite 717
New Melissaborough, AS 30101",PENDING,74
3810,Tabitha Harris,1996-09-09,"1165 Jason Hills
Port Anthonyfurt, NM 13152",PENDING,33
3811,Andrew Lee,1966-12-31,"39124 Martinez Flat Apt. 234
Calderonmouth, PW 19646",PENDING,68
3812,Jacob Smith,1989-06-01,"163 Hernandez Well
Spencerchester, NM 07982",VERIFIED,17
3813,Virginia Conner,1990-09-10,"598 Amber Village
Briggsborough, FM 21703",PENDING,61
3814,Natalie Hunt,1958-07-13,"27856 Diaz Ridges Apt. 358
Johnland, UT 42960",VERIFIED,17
3815,Francis Espinoza,1956-12-01,"06882 Keith Mount Apt. 202
Penningtonburgh, CT 96330",VERIFIED,99
3816,Kimberly Bell,2003-12-13,"054 Collins Summit Apt. 633
Port Phillipview, ND 48289",VERIFIED,36
3817,Mark Stewart,1968-10-21,"36932 Lisa Wall
Glennberg, NC 59315",VERIFIED,34
3818,Robert Price,1968-08-30,"12246 Carpenter Freeway Apt. 883
Port Mitchellmouth, KS 92717",PENDING,97
3819,Sarah Gutierrez,1952-07-11,"6431 Conrad Glen
Barnesshire, PA 37196",VERIFIED,94
3820,Christopher May,1972-07-06,"6167 James Court
North Kenneth, VA 99565",VERIFIED,14
3821,James Lopez,1952-03-25,"732 James Mount Apt. 934
Josephville, NC 61605",VERIFIED,60
3822,Veronica Murphy,1969-04-16,"5949 Bryce Drive Apt. 697
Farmerhaven, AL 02812",VERIFIED,60
3823,Tina Jackson,1951-03-12,"0654 James Way Suite 256
North Joyce, MT 57683",VERIFIED,94
3824,Kevin Moreno,2004-01-29,"11361 Gordon Tunnel
Tuckerfurt, LA 20795",PENDING,47
3825,Patrick Hughes,1968-01-06,"3633 Holly Port Apt. 222
West Colleenchester, NV 35124",PENDING,49
3826,Curtis Lozano,1966-09-28,"PSC 4584, Box 6793
APO AE 84412",PENDING,66
3827,Adriana Coleman,1962-05-14,"7125 Foley Haven Suite 268
Crawfordville, CT 56508",VERIFIED,34
3828,Sarah Moss,1995-11-01,"696 Melissa Ridge Apt. 480
Swansonshire, CT 42495",VERIFIED,10
3829,David Jackson,1955-03-08,"23320 Valerie Bypass Apt. 147
Carterside, KS 65409",PENDING,18
3830,Dakota Escobar,1962-09-23,"03865 Cook Fords
Port Katherineton, NV 96430",PENDING,93
3831,Marcus Keller,1987-05-07,"417 Smith Island
Moorehaven, GU 08586",VERIFIED,90
3832,Jason Barker,1993-03-22,"490 Moreno Underpass
Christophertown, ND 69655",PENDING,54
3833,Dr. Tonya Burns,1977-11-16,"43636 Wiley Forest Suite 585
Port Amy, TX 33377",PENDING,71
3834,Randy Weaver,1978-07-06,"58555 Cruz Shore
Port Danielleberg, SC 78357",PENDING,34
3835,Matthew Martin,1974-07-12,"789 Freeman Trace Suite 334
New Herbert, CO 33123",PENDING,77
3836,Elizabeth Young,1970-08-18,"037 Zoe Rapid Suite 985
West Joseph, NE 27645",VERIFIED,28
3837,Brittany Davis,1990-09-05,"3824 Mason Flats
Harrisonfurt, MA 16893",VERIFIED,29
3838,Justin Miller,1962-07-08,"6241 Jennifer Row
Melaniechester, KY 20219",PENDING,21
3839,Brandi Morris,1982-03-31,"74140 Nguyen Vista
West Andremouth, WA 91785",VERIFIED,52
3840,Jonathan Cohen,1994-08-04,"73211 Alicia Rapid
West Gary, ME 94797",VERIFIED,71
3841,Melvin Brady,1996-03-06,"53458 Kristopher Islands
New Tammy, VT 25986",PENDING,48
3842,Sergio Love,1951-12-25,"4424 Bradshaw Brooks Suite 928
West Stephaniestad, AR 69291",PENDING,83
3843,Rachel Johnson,1989-06-01,"64194 Carrie Run Suite 455
Gregoryberg, KY 84296",VERIFIED,3
3844,Laura Johnson DDS,1978-05-03,"710 Cody Plains Suite 120
West Daniel, TX 48766",VERIFIED,13
3845,Bonnie Davis,1997-03-23,"5969 Bryan Roads
Hallfort, GA 50295",VERIFIED,84
3846,Richard Brown,1991-09-12,"6071 Grant Wells Suite 245
Whitemouth, VI 21626",VERIFIED,77
3847,Bryce Klein,1958-06-16,"17194 Howard Causeway Apt. 314
Lake Caitlin, VT 72469",PENDING,85
3848,Linda Roberts,1988-08-16,"245 Howe Union Suite 539
West Richardmouth, AS 31584",VERIFIED,78
3849,Gregory Craig,1998-09-16,"78708 Jimenez Gardens Suite 044
Boyleport, IN 09499",VERIFIED,64
3850,Daniel Randolph,1951-10-08,"Unit 9520 Box 6755
DPO AP 99475",PENDING,93
3851,Christopher Moore,1992-05-24,"57673 Bryan Locks Suite 552
South Patrick, NY 11069",PENDING,15
3852,Joanne Huffman,1961-08-08,"50888 Jones Mill Apt. 778
Tylerfort, WA 16701",PENDING,48
3853,Cindy Phelps,1998-10-21,"01334 Sanders Junction
Joshuafurt, IA 13953",PENDING,32
3854,Brandon Fletcher,1980-07-15,"443 David Radial
South Ryanview, SC 22753",PENDING,22
3855,Jason Franco,2007-06-09,"844 Buckley Walks Suite 505
Acostafurt, HI 44926",VERIFIED,15
3856,Justin Monroe,1986-07-15,"87079 Amanda Fords
Kimberlyfurt, VT 55008",PENDING,29
3857,Abigail Pierce,1980-09-11,"612 Simon Mountain Apt. 226
Lake Katherineton, LA 56390",VERIFIED,85
3858,Bob Hutchinson,1970-05-16,"USS Glenn
FPO AE 39283",PENDING,42
3859,Karl Curtis,1965-04-08,"3568 Michael Loaf Apt. 504
Lisashire, NY 29952",VERIFIED,39
3860,Barbara Johnson,1979-11-16,"PSC 8750, Box 4964
APO AA 65008",PENDING,46
3861,Ryan Fields,1985-09-09,"93309 White Track Suite 657
Port Laura, MN 03814",PENDING,16
3862,Ashley Bush,1996-06-08,"844 Meghan Knoll
Ryanport, NM 98903",VERIFIED,64
3863,Erika Schultz,2004-03-07,"USNS Rodgers
FPO AP 42758",PENDING,49
3864,Stacy Campbell,2005-05-17,"830 Prince Curve
Walkermouth, WY 91425",PENDING,98
3865,Teresa Bailey,1998-11-29,"09879 Matthew Mill Apt. 844
West Thomasfort, LA 91681",PENDING,70
3866,Steven Cardenas,1980-02-05,"833 Carl Bridge
Smithfort, OK 15567",PENDING,43
3867,Katie Wolfe,1995-04-10,"03323 Fleming Shoals Suite 947
Port Anne, FM 50458",PENDING,42
3868,Frank Levine,1956-04-09,"510 Kelly Port Apt. 054
Christinehaven, FM 16184",VERIFIED,66
3869,Jennifer Burton,1964-09-08,"USS Reynolds
FPO AE 01220",PENDING,65
3870,Jonathan Shaw,1960-12-20,"237 Sawyer Plaza
Kristiberg, NM 82098",PENDING,9
3871,Carl Bowman,1968-09-18,"1713 Jones Fort
Lake Casey, NE 17546",VERIFIED,58
3872,Preston Turner,1988-12-27,"2852 Kristin Mountains
South Coreybury, PR 26158",VERIFIED,47
3873,Mary Kane,1968-11-30,"420 Johnson Station
Doylemouth, KY 39101",PENDING,51
3874,Martin Meza,2002-10-20,"PSC 0172, Box 5525
APO AA 36916",VERIFIED,100
3875,Annette Miller,1973-05-10,"PSC 0372, Box 4978
APO AA 82854",PENDING,4
3876,Katherine Rice,1991-07-26,"99306 Ingram Mountains
Benjaminville, MP 17781",VERIFIED,95
3877,Phillip Grant,1953-01-29,"4754 Lisa Prairie Apt. 506
Andrewsbury, ME 10516",VERIFIED,37
3878,Donna Gregory,1982-07-27,"0607 Carolyn Inlet
Nelsonside, KY 38345",VERIFIED,81
3879,James Garza,1958-02-09,"1390 Howard Keys Apt. 465
South Crystal, TN 01298",PENDING,96
3880,Timothy Archer,2001-09-09,"380 Marcus Pine Apt. 687
Lake Crystal, MO 85452",PENDING,91
3881,Scott Montes,1966-07-03,"PSC 0888, Box 6997
APO AP 98818",VERIFIED,85
3882,Marc Martin,1990-04-01,"7837 Cook Landing
North Kevinport, OR 16290",VERIFIED,92
3883,Larry Jones,1958-07-11,"557 Conway Ports Suite 894
West Darin, MI 23373",VERIFIED,76
3884,Jonathan Stephens,1987-12-04,"12456 Watkins Parks
East Glendaview, OR 96926",VERIFIED,73
3885,James White,1972-08-30,"Unit 1090 Box 3124
DPO AE 35547",PENDING,75
3886,Jennifer Hicks,1985-09-04,"8829 Hancock Mill
Reidbury, KS 12362",VERIFIED,42
3887,Ian Lopez,1984-08-31,"9049 Watts Street
Wheelertown, OR 71010",VERIFIED,49
3888,Adam Robbins,1992-04-27,"234 Francis Stravenue Apt. 058
East Scottside, ME 29032",PENDING,26
3889,Julie Marshall,1969-08-20,"78257 Carpenter Fields Suite 181
North Jesseshire, OR 41333",VERIFIED,62
3890,Omar Mitchell,1990-01-20,"0627 William Harbors Apt. 366
West Carolineville, FM 96311",VERIFIED,47
3891,Daniel Watson,1996-12-02,"85416 Patrick Plaza
Emmaland, KS 01439",VERIFIED,9
3892,Joshua Webster,1969-08-07,"5651 Amy Avenue Suite 524
Gilbertside, WY 54379",VERIFIED,46
3893,Matthew Cortez,1957-05-05,"1764 Kristi Branch Apt. 933
Bergville, CA 11617",VERIFIED,77
3894,Allen Adams,1987-04-08,"1882 Perez Row
Port Jeremiah, MP 62075",VERIFIED,63
3895,Frank Myers,1995-05-31,"3268 Wilcox Fords Suite 242
Danielland, MO 41070",VERIFIED,21
3896,Jason Robbins,1978-04-25,"85322 Michael Fort
Stephensonmouth, MS 05119",VERIFIED,90
3897,Joseph Underwood,1980-12-03,"31072 Laura Mews Suite 194
West Michaelberg, RI 28348",PENDING,76
3898,Michael Morales,1950-05-28,"434 Johnson Curve
West Debbietown, NV 20782",VERIFIED,55
3899,Zachary Price,1996-04-08,"081 Johnson Shoal
Amyborough, IA 45726",PENDING,68
3900,Tina Stein,1999-02-07,"9228 Jennifer Summit Apt. 796
West Johnshire, PA 68371",VERIFIED,76
3901,Amanda Williams,1966-07-06,"91605 Vargas Haven
Frazierside, GU 44617",PENDING,57
3902,Chad Walker,1972-10-31,"9001 Stevens Points Suite 867
Ravenland, MS 91161",VERIFIED,67
3903,Kelly Caldwell,1979-06-07,"038 Cynthia Mount Apt. 556
North Donaldbury, CA 62652",VERIFIED,76
3904,Linda Bryant,1979-12-08,"6205 Elizabeth Valleys
Courtneymouth, IA 26631",PENDING,84
3905,Trevor Moore,1965-02-08,"6983 Martinez Shore
Port Johnny, DE 32489",VERIFIED,91
3906,Kyle Maldonado,1958-03-25,"2821 Angela Ridges Suite 999
Jordanborough, GU 86710",PENDING,32
3907,John Mason,1984-09-30,"988 Cindy Divide
Lake Kendra, WA 52070",PENDING,14
3908,Dennis Lewis,1958-04-09,"899 David Crest Apt. 152
Kendraview, MT 98286",PENDING,9
3909,Luke Harris,1958-08-31,"500 Clements Prairie
West Danielside, AR 35803",VERIFIED,35
3910,Valerie Stephens,1997-01-23,"1146 Stone Mission
Johnstonborough, RI 68200",PENDING,89
3911,Joseph Brown,1976-02-13,"USNS Oliver
FPO AP 15099",PENDING,33
3912,Christopher Hernandez,1980-08-23,"USS Ali
FPO AE 62481",VERIFIED,88
3913,Anne Juarez,1952-06-03,"703 Sharon Plain
Lake Daniel, NJ 41027",VERIFIED,5
3914,Robin Lee,1989-03-16,"87844 Jeffrey Trail
Rodriguezview, PA 65143",VERIFIED,29
3915,Laura Harris,2002-01-23,"1509 Scott Vista
North Kylieland, WY 93271",VERIFIED,27
3916,Barbara Medina,2007-07-11,"72212 Travis Flats Apt. 280
Lopezberg, NY 60618",VERIFIED,23
3917,Daniel Guerrero,1951-09-24,"0405 Kristie Place
Port Amyshire, ND 18078",PENDING,54
3918,Tamara Johnson,1952-09-09,"PSC 9362, Box 4875
APO AE 63044",VERIFIED,2
3919,Kenneth Flores,1998-09-30,"4717 Collier Trail
East Marialand, RI 25909",PENDING,93
3920,Sara Moore,1977-12-31,"939 Alan Bridge
Burtonton, MI 57450",PENDING,5
3921,William Ross,1983-12-16,"877 Kirby Forges
Alexanderland, ND 14517",PENDING,22
3922,Margaret Henderson,2006-09-30,"663 Pitts Pass Suite 026
Valenciaport, VT 30082",VERIFIED,58
3923,Jessica Gamble,1957-07-27,"243 Ramos Trafficway Apt. 122
Williamsstad, WI 58979",VERIFIED,28
3924,Dr. Angela Barnett,2005-03-20,"08535 Wilkinson Neck
Gallaghermouth, AK 74359",VERIFIED,46
3925,Kevin Brady,1969-03-11,"752 Mercer Estate
Blackmouth, TX 99601",VERIFIED,78
3926,Andrea Frazier,2001-06-16,"900 Jessica Fall
Lake Brianside, PA 07006",PENDING,22
3927,Ana Conley,1965-08-11,"734 Eaton Drive
Johnsonburgh, UT 47808",PENDING,1
3928,Ronald Fleming,1974-02-24,"69731 Murphy Loaf
South Natalie, KY 87186",VERIFIED,89
3929,Xavier Cooper,1995-12-07,"418 Justin Parkways
Kellyhaven, MN 96874",VERIFIED,93
3930,Steven Ochoa,2008-02-09,"71366 Edwin Ridge
Port Jackborough, MS 40334",VERIFIED,77
3931,David Brown,1973-02-10,"812 Sara Land
Herreraport, VI 05461",VERIFIED,9
3932,Gina Morris,2001-12-31,"8387 Scott Union
Wardmouth, AL 01168",VERIFIED,19
3933,Arthur Jackson,1981-10-29,"PSC 7969, Box 4181
APO AE 92739",PENDING,43
3934,Derek Garcia,1961-05-27,"7224 Adrian Union Suite 190
Collinstown, MH 88993",PENDING,72
3935,Mr. Danny Jackson,1963-01-02,"64080 Logan Via Suite 482
Elizabethton, NH 45398",VERIFIED,90
3936,Michaela Goodwin,1982-01-19,"7961 Solis Fields Suite 846
Michelleton, CT 21132",PENDING,100
3937,Christopher Fowler,1960-12-12,"436 Williams Mills Suite 830
Gwendolynbury, VT 27927",PENDING,23
3938,Manuel Edwards,1985-08-09,"9536 Dickson Courts
Erikafort, OR 01579",VERIFIED,58
3939,Antonio Warren,1971-02-13,"09459 Clark Creek Apt. 415
Lake Davidbury, FM 75366",VERIFIED,84
3940,Wayne Nguyen,2003-10-31,"33324 Janet Ways
New Andreaborough, GU 62123",PENDING,61
3941,Amber Kidd,2002-03-11,"130 Good Parkways Suite 950
Carrollview, MH 31298",PENDING,64
3942,Adam Alexander,1986-04-29,"096 Knox Plains
East Frankmouth, HI 31146",VERIFIED,75
3943,Elizabeth Bell,1958-09-05,"30761 Keller Mountains Apt. 283
North Edwardville, IA 94569",PENDING,20
3944,Michael Franklin,1967-12-19,"7466 Rivera Port Apt. 033
Baldwinchester, MA 96655",PENDING,86
3945,Mary Rodriguez,1989-12-22,"470 Brown Cove
Sawyerbury, OK 71124",PENDING,48
3946,Virginia Copeland,1953-10-21,"592 Allen Road Suite 352
Debraberg, TN 37792",VERIFIED,39
3947,Michelle Gray,1958-06-06,"537 Michael Vista
West Theresaborough, RI 66271",VERIFIED,100
3948,Eric Rosales,1985-12-01,"575 Smith Canyon
Chadton, NH 65507",PENDING,39
3949,Kimberly Hernandez,1978-02-03,"70600 Rhonda Haven Suite 223
Lake Sandra, MO 03744",PENDING,84
3950,Steven Walton,1980-01-01,"344 Randy Fords Suite 683
East Williamhaven, FM 30276",VERIFIED,66
3951,Kaitlin Foster,1952-12-05,"3400 Schwartz Harbors Suite 973
North Brandonfort, CT 07802",PENDING,16
3952,Cheyenne Rodriguez,1985-03-17,"9238 Thomas Field
Daniellefurt, CT 22400",VERIFIED,76
3953,Elizabeth Mcfarland,1953-06-27,"1764 Jacqueline View
East Tanyachester, TX 26029",VERIFIED,47
3954,Stacey Shaffer,1968-09-16,"86578 Michael Stream
East Derek, VI 74163",VERIFIED,12
3955,Kristi Johnston,2005-04-05,"6984 Perez Freeway Apt. 143
Timothyside, ME 97596",PENDING,4
3956,Amanda Robinson,1973-08-21,"686 Washington Harbor Suite 376
South Cameron, NE 90016",VERIFIED,6
3957,Dawn Ellis,1982-05-20,"7350 Ho Tunnel
Matthewview, NE 64501",VERIFIED,12
3958,Michael Baldwin,1962-11-15,"776 Jarvis Springs Suite 168
Lake Johnborough, OH 33624",VERIFIED,6
3959,Amy Gardner,1992-03-21,"1776 Trevor Garden
West Brandonberg, MT 19592",VERIFIED,81
3960,Carrie Collins,1976-04-02,"363 Bryce Loop
Rhodesburgh, VA 95627",PENDING,16
3961,Tiffany Singh,1971-03-16,"PSC 7319, Box 8345
APO AE 68180",PENDING,5
3962,Jodi Yang,1977-01-03,"PSC 8462, Box 8631
APO AA 19622",VERIFIED,74
3963,Tommy King,1993-07-22,"053 Amy Falls Apt. 376
Williamtown, WV 05320",PENDING,26
3964,James Pearson DVM,1967-11-18,"748 Kimberly Trafficway Apt. 790
Port Katherineborough, NC 30238",PENDING,81
3965,Kathy Garcia,1988-03-26,"6384 Jorge Turnpike
Anthonymouth, UT 23623",VERIFIED,78
3966,Jeremy Curry,1987-06-20,"221 Miller Burgs Suite 559
Jacksonmouth, ID 18105",VERIFIED,66
3967,Miss Rebecca Simmons,1967-08-20,"55260 Nancy Court Apt. 248
Christopherland, NJ 12060",VERIFIED,24
3968,Linda Gonzalez,1953-02-03,"887 Melissa Knoll Apt. 391
Katherinefurt, NH 99920",PENDING,18
3969,Tyler Munoz,1990-05-07,"5181 Clark Fort
Port Patriciaside, ND 38091",VERIFIED,62
3970,Emily Rowe,1989-09-10,"USCGC Long
FPO AA 31132",VERIFIED,78
3971,Cindy Rasmussen,1952-12-15,"6728 John Fall
East Kevin, AS 63422",VERIFIED,91
3972,Daniel Gonzales MD,1950-09-06,"43174 Townsend Trail
Acostaborough, MA 48825",VERIFIED,5
3973,Johnathan Boyd,1956-09-09,"250 Ford Harbors Apt. 551
New Ann, HI 25840",PENDING,11
3974,Charles Bullock,1994-07-24,"7140 Frank Villages Apt. 379
South Lori, WV 46296",VERIFIED,25
3975,Julie Howell,1971-06-01,"6277 Taylor Meadows Apt. 244
West David, TX 76993",VERIFIED,27
3976,Patricia Lee,1966-07-05,"PSC 0320, Box 3572
APO AE 94846",PENDING,83
3977,John Horton,1973-02-10,"4393 Anna Tunnel Suite 830
Fitzgeraldville, SD 25712",PENDING,33
3978,Krista Soto,1986-09-12,"PSC 5986, Box 6801
APO AA 49292",PENDING,33
3979,Emily Grant,1982-09-07,"649 Webb Terrace Apt. 683
Huertahaven, WI 37612",PENDING,76
3980,Allison Jones,1982-05-28,"6915 Derek Rest Suite 444
South Mary, NM 90006",VERIFIED,77
3981,Charles Hawkins,1965-09-21,"1217 Roy Valleys
Thomasmouth, IN 13495",PENDING,54
3982,Anthony Garcia,1984-06-11,"22370 Herrera Greens Suite 937
Lake Davidview, AZ 48430",VERIFIED,25
3983,Cheryl Davis,1953-08-11,"0869 Johnson Lakes
Thompsonfurt, AR 60549",VERIFIED,60
3984,Veronica Anderson,2006-05-13,"419 Sarah Forks Apt. 157
New Lisatown, NY 06453",PENDING,7
3985,Edwin Stanley,2000-04-13,"8623 Gardner Key Apt. 547
North Renee, KS 14029",VERIFIED,9
3986,Alex Brown,1979-05-18,"889 Tammy Junctions Apt. 029
Lopezport, AS 25382",PENDING,28
3987,Jeremiah Burke,1990-09-05,"2192 Denise Motorway Apt. 581
South Patricia, UT 74287",VERIFIED,75
3988,Jessica Mcdowell,2005-04-25,"24355 Jason Crescent Apt. 010
New Shannon, NV 39663",VERIFIED,32
3989,Tracey Hardy,1973-04-09,"3194 Wilson Junction
Sanchezfort, SC 89192",PENDING,18
3990,James Kelly,1985-08-08,"USNV Fox
FPO AA 02457",PENDING,38
3991,Frank Conley,1982-01-21,"0610 Anthony Inlet
Roblesfort, LA 39673",PENDING,9
3992,Kelsey Garcia,1988-08-30,"Unit 8382 Box 4755
DPO AE 97416",PENDING,6
3993,Alexis Kline,1993-10-05,"6187 Wade Throughway Suite 962
West Johnnyton, CA 34117",PENDING,80
3994,Austin Key,1996-08-10,"556 Holmes Lock Apt. 585
Bridgetview, MT 45597",VERIFIED,49
3995,David Myers,1988-02-07,"18518 Christian Haven Apt. 509
Smithfurt, NC 75246",VERIFIED,80
3996,Joanna Chandler,1994-06-16,"7837 George Ferry Apt. 252
Port Malikview, SC 58264",VERIFIED,83
3997,Thomas Moore,2001-01-11,"333 Ball Glens
East Ricky, AR 52724",PENDING,54
3998,Joshua Wu,1975-01-04,"USCGC Calhoun
FPO AE 10584",VERIFIED,11
3999,Joseph Campbell,1973-10-22,"0125 Audrey Port
Christianmouth, NC 92875",VERIFIED,18
4000,Christine Smith,1976-01-07,"64991 Abigail Prairie Apt. 990
North Jeffrey, RI 68307",VERIFIED,87
4001,Christine Gomez,1989-08-27,"93596 Mary Vista Apt. 737
North Robert, HI 74120",VERIFIED,32
4002,Edward Miller,1952-07-09,"Unit 1354 Box 3227
DPO AA 74884",VERIFIED,28
4003,Randy Gibson,1966-01-19,"9548 Young Lakes Suite 086
Baileyview, OK 31973",PENDING,38
4004,Ashley Sanchez,1988-07-22,"2358 Kenneth Roads Suite 500
Jessicamouth, SC 05881",VERIFIED,66
4005,Cory Hernandez,2005-02-12,"241 Bradley Oval
Micheleland, ME 43119",PENDING,39
4006,John Thompson,1990-02-05,"007 Schwartz Inlet
West Zacharyport, MI 34770",PENDING,36
4007,Alexander Hughes,1950-08-18,"22609 Warren Mountains
Daniellemouth, NV 12244",PENDING,90
4008,David Brock,1957-06-23,"07281 Boyd Walk Apt. 886
Jonathanbury, FL 69237",PENDING,17
4009,Dorothy Williams,1972-06-13,"38846 Emily Cliffs
North Stephanieton, ME 13179",VERIFIED,37
4010,Beverly Jacobs,1956-06-18,"20613 Daniel Crescent
South Victoriamouth, PR 11394",PENDING,1
4011,Noah Rodriguez,1983-04-30,"773 Hull Parkways Suite 117
New Jerry, PA 56260",VERIFIED,7
4012,Tonya Burgess,1960-12-10,"248 Rose Centers Apt. 619
Martinborough, ME 51260",VERIFIED,44
4013,Darryl Hancock,1981-02-20,"69226 Cheryl Forest Suite 329
Harrisland, VA 59660",VERIFIED,56
4014,Courtney Serrano,1999-08-08,"3790 Michael Field Suite 065
New Zachary, VA 27667",PENDING,30
4015,Ian Kelley,1963-07-14,"4803 Chang Landing
South Alexis, GU 21575",VERIFIED,32
4016,Travis Todd,2005-06-07,"55121 Martin Parkway Suite 256
Curtisberg, NE 51201",PENDING,40
4017,Jason Ray,1964-10-05,"9603 Brian Parkways Suite 735
East Tanyachester, PR 41641",VERIFIED,36
4018,Samuel Martinez,1992-07-07,"60054 Rhonda Tunnel Apt. 873
Hoffmanhaven, OR 34142",PENDING,39
4019,Maria Moore,1985-11-12,"978 George Roads
Brownhaven, MT 46093",VERIFIED,14
4020,Jordan Diaz,1972-10-22,"94637 Simpson Cliffs Suite 648
South Michelleborough, GU 35882",VERIFIED,57
4021,Sarah Jones,1969-09-07,"5293 Hannah Turnpike Suite 272
Lake Bradley, NC 04299",PENDING,67
4022,Amy Arnold,1969-08-28,"6902 Tonya Estates
Moodybury, DC 11628",VERIFIED,75
4023,Omar Molina,2001-06-19,"1932 Ernest Lights Suite 578
East Larry, AR 67606",PENDING,90
4024,Heather Bryant,1953-02-24,"884 Howell Spring
Ellisborough, IA 72008",PENDING,25
4025,Matthew Brown,1990-03-13,"43871 Robert Course Apt. 402
West Christineshire, KS 97196",VERIFIED,68
4026,Lisa Edwards,1978-07-18,"61861 Chavez Motorway Apt. 835
Emilyfort, TN 03959",PENDING,41
4027,Mr. James Jennings,1973-11-13,"79654 Shelly Pass Suite 285
New Natasha, PW 20123",PENDING,77
4028,Ryan Lopez,2001-07-16,"65363 Shirley Stream Suite 036
Rodriguezbury, NV 39111",VERIFIED,12
4029,David Huffman,1968-02-04,"548 Wayne Shoal
New Edward, MI 39933",VERIFIED,65
4030,Michael Shaw,1979-10-13,"8248 Malone Lock Suite 017
East Robert, TN 96680",VERIFIED,11
4031,Tina Yates DDS,1964-11-22,"9396 Baker Course
West Jacob, LA 78395",VERIFIED,47
4032,Shawn Williams,1962-07-26,"179 Robert Brooks
East John, IA 40211",PENDING,50
4033,Sarah Clayton,1992-11-25,"5303 Vasquez Manor Suite 063
Port Ryanbury, NH 77981",PENDING,74
4034,Brandon Jacobs,1979-03-13,"621 Brooke Haven Suite 657
New Dale, PW 29474",PENDING,73
4035,Jonathan Trujillo,1958-01-16,"073 Philip Field
Mathewshire, CT 55161",VERIFIED,24
4036,Michael Aguilar,1951-09-23,"321 Deanna Junction
Courtneyview, VT 13049",VERIFIED,51
4037,Rachel Figueroa,1999-01-03,"31667 Misty Valleys Apt. 694
Trevinomouth, PW 15128",VERIFIED,85
4038,Stephen Martinez,1993-12-14,"USS Mccormick
FPO AP 65128",PENDING,34
4039,Hailey Palmer,1985-11-29,"8842 Jackson Extensions Apt. 922
Brittanyshire, SC 83347",PENDING,52
4040,Kenneth Jones,1966-06-23,"873 Ellis Plains Apt. 194
Annefurt, PW 10721",PENDING,17
4041,Jeffrey Baker,2005-10-19,"67651 Scott Plains
Garciafort, NE 52872",VERIFIED,91
4042,Susan Reeves,2008-02-10,"Unit 1164 Box 6161
DPO AA 65324",VERIFIED,63
4043,Stephanie Jackson,1955-03-01,"2960 Miller Pine Suite 598
West Tylerstad, ND 18846",VERIFIED,70
4044,Mr. Hector Fuentes,1994-06-29,"1095 Harris Way
South Theodore, NH 42059",VERIFIED,69
4045,Steven Washington,1991-09-12,"7555 Preston Light Apt. 996
West Bobbytown, NJ 57443",PENDING,20
4046,Rachel Williams,1992-07-22,"USCGC Ramirez
FPO AE 48707",PENDING,66
4047,Charles Henderson,1997-10-28,"9905 Campbell Points Suite 244
West Brittany, ND 76104",VERIFIED,81
4048,Aaron Vasquez,1972-06-28,"655 Rasmussen Club
Christopherberg, SC 87563",VERIFIED,62
4049,Michelle Rose,1982-08-19,"6920 Gaines Pines
New Russellmouth, OH 26330",VERIFIED,58
4050,William Whitney,1996-06-27,"070 Colleen Trail
Flowersborough, AR 36004",VERIFIED,86
4051,Jerome Hayden,1985-04-20,"326 Joshua Court
Port Jimmymouth, SC 66804",VERIFIED,18
4052,Julia White,1953-07-21,"9707 Adrian Fort
East Pattychester, VA 77296",PENDING,35
4053,Carol Mathis,1987-12-13,"648 Henson Forest
Bobbyton, VT 12260",PENDING,70
4054,Samantha Mack,1966-11-24,"7504 Watson Street
Port Jason, RI 15385",PENDING,65
4055,Amber Browning,1960-10-08,"8752 Michael Knolls Apt. 046
Port Robert, WY 15052",VERIFIED,5
4056,Jenny Smith,1976-08-17,"74991 Newton Neck
South Natalie, CO 02978",VERIFIED,91
4057,Brian Taylor,1986-11-01,"96905 Todd Lock
North Austinmouth, FL 32856",VERIFIED,39
4058,Steven Nguyen,1990-06-30,"690 Johnston Station Apt. 937
South Alex, DC 58524",VERIFIED,11
4059,Chelsey Goodman,1991-11-23,"6494 Olson Court Suite 302
North Taraland, WI 45615",PENDING,8
4060,Kara Mcintyre,1952-09-02,"72506 Neal Street Suite 124
Rushborough, NH 51652",VERIFIED,28
4061,Michael Davis,1955-03-11,"803 Angel Cove Suite 951
Millsbury, DE 74891",VERIFIED,65
4062,Michael Burns,2001-02-04,"PSC 4813, Box 9115
APO AA 99209",PENDING,60
4063,Alexandra House,1969-05-19,"55483 Craig Track
Garciahaven, PA 27287",VERIFIED,45
4064,Hannah Palmer,1974-01-17,"369 Sara Park Suite 013
Melindastad, DC 52803",PENDING,26
4065,Brian Clark,2007-04-05,"6349 Frazier Alley
Port Lindaland, WV 63311",VERIFIED,13
4066,Deborah Morales,2005-08-24,"6699 Andrea Lights
Port Carlyborough, AR 90670",VERIFIED,53
4067,Frank Villarreal,1970-11-21,"5044 Danielle Dam Apt. 558
Lake Kaylaville, MN 81336",VERIFIED,72
4068,Jennifer Smith,1993-03-24,"5779 Bonnie Wells
Nelsonmouth, MP 01772",PENDING,1
4069,Vanessa Hooper,1984-12-26,"8430 Miller Trafficway
East Melissa, MD 66321",VERIFIED,38
4070,Justin Hurley,1953-10-29,"21792 Brown Ford
Port Timothychester, RI 87760",PENDING,4
4071,Joshua Ross,1986-12-30,"0465 Melissa Cliff Apt. 883
Theresaberg, MT 69034",PENDING,85
4072,Heather Shelton,1956-10-27,"09393 Carter Knolls
New Lindaborough, NH 87161",VERIFIED,69
4073,Christopher Gonzalez,1991-09-18,"615 Jose Manors Apt. 654
Nancyland, CA 64772",VERIFIED,44
4074,Donna Love,1960-10-02,"318 Jones Ridges
North Nicholas, CT 02949",VERIFIED,70
4075,Erika Watson,1968-02-27,"31217 Anna Overpass Apt. 726
Woodfurt, NV 65503",VERIFIED,92
4076,Sandra Phillips,2007-07-11,"5656 Berg Squares Suite 778
Jeffersonshire, AL 18782",PENDING,84
4077,Brian Hawkins,1978-01-16,"69005 Andrew Spring
Haneyville, IA 74444",PENDING,88
4078,Natalie Kennedy,2007-01-11,"149 Paige Island
North Brooke, CA 58501",VERIFIED,60
4079,Dean Wilson,1960-10-03,"329 Cory Gardens Suite 763
Hamiltonhaven, CO 33318",VERIFIED,10
4080,Mary Gamble,1950-12-13,"516 Sharon Brooks
Rubenbury, MA 47661",VERIFIED,97
4081,Daniel Young,1992-11-07,"1357 David Point
Davishaven, AK 14064",PENDING,71
4082,Samantha Perez,1991-02-19,"713 Briana Forges Apt. 641
South Jasonborough, TX 04967",VERIFIED,57
4083,Tammy Levy,2001-05-30,"5677 Deleon Locks Suite 507
Lloydview, CT 80937",PENDING,47
4084,William Howell,1990-10-12,"44565 Tamara Court
Rosefort, NC 04754",PENDING,33
4085,Pam Morton,1974-09-18,"726 Collier Ways Apt. 729
Dianaland, NV 20882",PENDING,32
4086,Jacob Morton,2002-10-08,"58163 Amy Crescent
West Laurie, OK 46289",PENDING,16
4087,Michael Hampton,1982-05-11,"965 Shelton Radial Suite 051
West Erik, KS 48454",PENDING,98
4088,Kayla Nixon DVM,1997-07-08,"442 Ayala Trail
Bryanberg, WI 63244",PENDING,67
4089,Susan Lawrence,2000-01-07,"USNS Key
FPO AE 94022",PENDING,24
4090,Jeffery Gonzalez,1967-06-17,"832 Dixon Route
Lake Catherine, AL 10005",PENDING,57
4091,Jodi Klein,1989-02-22,"161 Chase Cove
Colonview, MD 17691",VERIFIED,68
4092,Stanley Hernandez,1961-01-08,"86873 Ethan Lodge
Port Teresaburgh, DC 35246",VERIFIED,10
4093,Kimberly Martinez,1998-08-20,"3263 Howard Throughway
Karenburgh, DC 16868",VERIFIED,94
4094,Nancy Pope,1993-10-15,"938 Randolph Lakes Apt. 881
Codyhaven, MI 99302",VERIFIED,22
4095,Kimberly Moore,1976-10-27,"95339 Heidi Forks Suite 582
South Elizabethmouth, VI 34546",VERIFIED,30
4096,Colleen White,1996-02-05,"93947 Smith Junction
Garciamouth, PR 13726",PENDING,96
4097,David Page,1959-01-31,"23525 White Ports Apt. 275
Hullton, PW 33328",VERIFIED,22
4098,Michael Mitchell,1981-12-29,"5086 Christopher Greens Suite 882
Port Melissaview, OK 35350",VERIFIED,30
4099,John Wagner,1981-09-20,"58203 Murray Turnpike Apt. 418
South Patrickview, OH 38156",VERIFIED,55
4100,Joel Moore,1973-07-23,"99965 Travis Mountain Apt. 572
Elizabethmouth, LA 47023",VERIFIED,62
4101,Courtney Khan,1969-09-16,"046 Thomas Via Apt. 703
North Cassidy, NC 15938",VERIFIED,90
4102,Mark Carr,2007-05-03,"1313 Vaughn Greens
Greerside, DC 48144",PENDING,23
4103,John Weber,1995-10-10,"Unit 6580 Box 0385
DPO AP 32051",PENDING,82
4104,Elaine Gordon,1961-10-22,"914 Knight Ramp
South Ashley, FL 32072",PENDING,100
4105,Jessica Mcdaniel,1982-11-12,"USS Brown
FPO AE 44771",PENDING,85
4106,Kerry Sanchez,1961-12-20,"09382 Winters Passage Apt. 439
New Aarontown, MI 86603",VERIFIED,71
4107,Terry Mosley,1980-01-09,"553 Stacey Square Apt. 656
Toddberg, AR 50375",VERIFIED,98
4108,Tina Anderson,1968-03-20,"1358 John Crescent Suite 230
Rothview, NE 42551",VERIFIED,57
4109,Miguel King DVM,1957-08-15,"70883 Welch Mountains
Guzmanfort, VT 24767",VERIFIED,19
4110,Tina Kaufman,1962-10-01,"24216 James Shores Suite 417
South Shelby, ID 95806",PENDING,18
4111,Michelle Harrison,2000-08-04,"8969 Oliver Lodge Suite 125
Lake Meganfort, VT 73972",PENDING,84
4112,Austin Smith,1964-03-25,"629 Jimmy Dam
Stephanieton, AL 61774",VERIFIED,74
4113,Jason Martinez,1964-08-13,"2800 Jimenez Expressway Apt. 504
New Stephaniemouth, UT 49275",VERIFIED,92
4114,Kevin Cortez,1976-02-13,"119 Campbell Roads Apt. 327
Chapmanton, OH 27011",VERIFIED,64
4115,Kyle Myers,1995-03-04,"376 Sara Glen
Jenkinstown, HI 37493",VERIFIED,12
4116,Thomas Davis,2005-01-28,"99502 Kyle Inlet
Lihaven, NY 06551",PENDING,36
4117,Ashley Brooks,1973-04-01,"27243 James Keys
Troyville, DE 10377",PENDING,36
4118,Raymond Smith,1979-10-07,"517 Luke Island Apt. 580
West Jessica, KY 63368",VERIFIED,23
4119,Richard Sanchez,1994-09-20,"38060 Kayla Greens Apt. 251
Katelynville, NM 84778",VERIFIED,47
4120,Dana Jones,1991-08-17,"36043 Michael Spurs Apt. 645
Gillview, OH 57284",PENDING,68
4121,Brian Vazquez,1972-02-24,"7975 Sarah Shore Apt. 076
East Joshua, IN 68083",PENDING,30
4122,Cathy Montes,1974-10-30,"683 Mueller Station Apt. 065
East Linda, ID 69418",VERIFIED,100
4123,Lindsey Wagner,1962-10-28,"53242 Kenneth Gateway
North Stephenville, ID 38675",PENDING,59
4124,Hannah Dixon,1972-05-30,"4580 Ochoa Shores Suite 624
Port Carolynfurt, GA 58290",PENDING,97
4125,Megan Potter,1961-10-28,"224 Potter Viaduct
Veronicaborough, OK 73635",VERIFIED,82
4126,Cathy Wagner,2006-12-28,"67391 Anthony Lock
Port Daniellemouth, MA 59575",VERIFIED,38
4127,Joseph Jackson,1969-08-13,"574 Austin Via Apt. 784
Lake John, IN 08436",PENDING,72
4128,Jasmine Ingram,1999-01-15,"8973 Gibson Avenue
Zacharyberg, GU 80351",VERIFIED,48
4129,Travis Wood,1997-09-12,"72937 Amy Crescent Suite 719
New Margaret, PA 52763",VERIFIED,67
4130,Clifford Martinez,1965-09-24,"89690 Heidi Park Apt. 727
Hurstside, IL 56275",VERIFIED,44
4131,Samantha Shelton,1964-09-29,"263 Sherman Junctions
New Courtney, MA 24044",PENDING,83
4132,Melissa Hebert,2004-06-12,"79593 Cheryl Divide Suite 071
Tammyhaven, MO 04102",VERIFIED,42
4133,Brian Clayton Jr.,1970-07-24,"7914 Stephanie Rapids Suite 277
Lake Kristyport, AL 17865",VERIFIED,16
4134,Christopher Garcia,1952-12-14,"7772 Knox Bypass Apt. 593
Williamsfurt, WY 29907",VERIFIED,62
4135,Regina Obrien,1977-11-16,"80580 Johnson Glen
South Philipfurt, KY 71756",VERIFIED,13
4136,Meagan Ryan,1974-10-04,"6060 William Field Apt. 957
West Martin, NY 54990",VERIFIED,63
4137,Paige Hayes,1985-08-24,"219 Jorge Lakes
North Alan, OH 77186",PENDING,78
4138,Kristen Lopez,1967-09-19,"459 Crystal Pines Suite 730
Mejiamouth, MO 14213",VERIFIED,86
4139,Stacy Goodman,1951-05-12,"63209 Kevin Isle
Timothyhaven, NY 08974",PENDING,47
4140,Brandon Daniels,1951-03-22,"83952 Tate Branch Apt. 281
Port Jacob, VI 40494",VERIFIED,1
4141,Pamela Chung,1979-06-23,"1826 Matthews Inlet
Barbarahaven, MS 48189",PENDING,23
4142,John Stone,1993-11-26,"82685 Gardner Spurs
Anthonyport, DE 18879",PENDING,1
4143,Megan Bond,2002-07-11,"55400 Macias Flat Suite 972
North Laura, MO 60549",VERIFIED,70
4144,Darrell Morris DVM,1993-03-15,"226 Greg Turnpike Suite 196
Beckmouth, TN 58313",PENDING,70
4145,Amber Christian,1999-08-06,"45944 Johnson Squares Apt. 737
Michelleville, IL 90113",VERIFIED,21
4146,Tiffany Barnes,1984-08-07,"Unit 7318 Box 8283
DPO AA 37835",PENDING,13
4147,Jason Harris,1997-12-03,"PSC 2698, Box 8620
APO AP 22613",PENDING,15
4148,William Johnson,1990-04-10,"4005 Becky Drives
Laurenmouth, IA 24559",VERIFIED,13
4149,Bryan Yang,1971-05-07,"00977 Jessica Roads Suite 998
Shaneside, DC 83191",PENDING,98
4150,Lisa Oneill,1992-10-10,"578 Monica Common Apt. 376
Aprilfort, OH 12594",VERIFIED,89
4151,Darryl Morgan,1977-04-04,"5569 Bautista Mills
North Logan, VT 24531",VERIFIED,73
4152,Cheryl Hudson,1988-09-05,"41102 Gonzalez Village Apt. 391
East Andrewchester, HI 72739",PENDING,14
4153,Jeffrey Smith,1972-09-11,"7279 Julie Dale
Willisstad, VT 96221",VERIFIED,72
4154,Lisa Nelson,1952-03-02,"42379 Karen Islands Suite 713
Williamton, ME 38839",PENDING,86
4155,Jason Knight,1977-01-23,"USS Shepherd
FPO AA 00719",PENDING,31
4156,Brianna Brown,2002-03-01,"4938 Mitchell Causeway
Jeffreyton, WA 66030",VERIFIED,80
4157,Dawn Brennan,1985-07-27,"021 David Mission
Samanthaborough, MP 42264",VERIFIED,28
4158,Katherine Rivas,1986-04-20,"72382 Cody Glens Apt. 468
South Justinshire, HI 61104",VERIFIED,100
4159,James Jones,1984-11-05,"114 Robert Meadow
New Gerald, OH 29695",PENDING,94
4160,Melissa Jackson,1959-09-09,"PSC 0997, Box 2551
APO AP 50466",VERIFIED,48
4161,Mr. Paul Smith,1961-07-22,"718 Rodriguez Turnpike
New Joshuashire, VA 97238",PENDING,13
4162,Tony Marsh,1967-08-30,"5114 Griffin Key
Daltonberg, ME 43641",VERIFIED,80
4163,Samuel Flores,1971-09-25,"3139 Reynolds Curve Apt. 371
Adamston, MH 72046",PENDING,92
4164,Vincent Daugherty,1985-08-07,"7751 April Row Suite 375
West Samuel, AS 28447",VERIFIED,22
4165,Dr. Barbara Bass,1991-01-12,"86258 Payne Extensions
Tammyborough, RI 56293",VERIFIED,25
4166,Jennifer Johnson,1991-09-19,"67000 Perry Lock Suite 524
Benjaminport, ME 49360",PENDING,20
4167,Peter Hester,1958-11-11,"2145 Kristen Mission Suite 133
Stevenmouth, NJ 52445",PENDING,71
4168,Rachel Collins,1993-02-28,"7666 Angela Extension Apt. 733
Port Michael, NE 94977",VERIFIED,37
4169,Megan Carter,1994-07-27,"938 Myers Brooks Suite 575
Lake Lindaborough, VA 12330",PENDING,15
4170,Anthony Rivera,1970-05-05,"7245 Tucker Port Suite 758
Christineburgh, KY 35466",VERIFIED,80
4171,Michelle Le,1991-04-15,"020 Dana Locks Apt. 334
West Lisaland, PR 00825",PENDING,95
4172,Brandon Gomez,1976-01-27,"0627 Rogers Station Apt. 727
Rachaelport, AZ 55486",PENDING,21
4173,Brittany Schmitt,1952-01-14,"082 Joseph Spurs
West Kathyview, WV 74374",PENDING,61
4174,Miguel Knight,1970-02-16,"91460 Tamara Villages
Patrickside, TN 22687",PENDING,86
4175,Jeffrey Mcdonald,1993-10-21,"644 Cook Alley
West Christopher, NH 67107",PENDING,24
4176,James Steele,1978-12-11,"04647 Gomez Islands
Stricklandtown, NJ 40949",VERIFIED,55
4177,Timothy Brown,1950-10-04,"2164 Miller Crest Apt. 451
Lake Patricia, OR 12220",PENDING,79
4178,Timothy Houston,2006-09-06,"80807 Jonathan Drive
East Michelle, CT 58175",VERIFIED,15
4179,Anthony May,1962-08-08,"82388 Roman Tunnel Suite 464
West Carrie, DE 99861",VERIFIED,86
4180,Nicole Scott,1978-01-29,"03564 Maldonado Centers Apt. 739
Lake Kurt, SD 27519",PENDING,34
4181,Raymond Bennett,2004-01-16,"5371 Ward Pass
East Javier, MA 37954",VERIFIED,75
4182,Richard Alvarez,2007-07-10,"196 Joshua Circles
Levihaven, OR 48587",VERIFIED,41
4183,Jason Crawford,1995-01-30,"69665 Hogan Trail Suite 425
Burnetthaven, WA 38676",VERIFIED,9
4184,Vincent Thornton,1956-01-08,"72405 Turner Meadows
Carlashire, AS 07062",PENDING,5
4185,Kayla Jennings,1962-10-11,"USCGC Williams
FPO AE 44100",VERIFIED,36
4186,James Rocha,1960-12-06,"43559 Knight Mall
Heidiberg, NV 26410",VERIFIED,91
4187,Joseph Floyd,1967-05-05,"1861 Nicholas Flats Apt. 194
Markmouth, WI 85369",VERIFIED,5
4188,Aaron Knight,1999-01-06,"8068 Carter Square
New Jameschester, ME 96298",PENDING,26
4189,Michael Livingston,1958-06-18,"5037 Paul Underpass
North Bettyview, TN 22401",PENDING,58
4190,Lori Jones,2001-01-17,"78205 Jennifer Curve Suite 656
Adamsport, OR 85781",VERIFIED,51
4191,Shelby Martinez,1993-06-02,"35067 Brooke Estates Suite 332
Conleytown, AK 12909",PENDING,37
4192,Heather Evans,1970-10-16,"853 Jody Squares
Caldwellfort, NY 71411",VERIFIED,20
4193,Jorge Webb,1973-08-02,"2368 Gonzalez Square Suite 830
North Tracymouth, VI 96429",VERIFIED,63
4194,Brandon Hill,1979-01-16,"692 Amber Skyway
West Sherry, UT 79520",VERIFIED,23
4195,Angela Williams,1969-09-14,"2175 Chambers Curve Apt. 970
Lake Jamesville, WI 15938",VERIFIED,59
4196,Wayne White,1980-02-24,"175 Jocelyn Mountains
West Dennisside, WA 25876",PENDING,99
4197,James Alexander,1984-07-05,"Unit 6266 Box 6203
DPO AE 60096",PENDING,2
4198,Kelly Price,1988-11-13,"7188 Emily Station Apt. 488
Margarethaven, DE 91209",PENDING,73
4199,Matthew Robinson,1969-01-03,"5314 Douglas Creek Apt. 000
Mccoyhaven, PW 17035",VERIFIED,98
4200,Joseph Reid,1966-11-23,"117 Bailey Fort Suite 845
Nathanchester, PR 89354",VERIFIED,94
4201,Caroline Miller,1986-10-27,"27865 Melissa Mission Apt. 381
Lake Christopher, TN 96326",PENDING,96
4202,Mr. Gabriel Underwood,1978-12-18,"72673 Ashlee Lakes Suite 801
East Ianside, KS 12553",VERIFIED,32
4203,Blake Collins,1998-10-21,"USS Smith
FPO AA 65420",PENDING,83
4204,Zachary Smith,1980-07-13,"337 Brown Stream
Taylorchester, ID 92744",PENDING,60
4205,Sabrina Perez,1975-02-27,"070 William Shoals Suite 019
Lake Christina, MT 20049",PENDING,93
4206,Megan Ho,1994-04-25,"3347 Hamilton Square
Heatherhaven, AS 72222",VERIFIED,59
4207,Mallory Faulkner,1967-05-14,"33102 Rocha River Suite 557
Gracehaven, PA 37224",PENDING,68
4208,Robert Jackson,1998-09-12,"260 Aaron Passage
Williamsbury, AR 57451",VERIFIED,72
4209,Marc Cherry,1977-02-04,"1933 Tina Street
Jessicashire, PR 43269",PENDING,33
4210,Erika Walker,1992-11-02,"USS Moore
FPO AA 02203",PENDING,96
4211,Austin Jones,1998-03-17,"90781 Barbara Coves Apt. 652
Scottfort, AK 35492",PENDING,54
4212,Stacy Jackson,2006-02-17,"4385 Elliott Prairie
Masonburgh, ND 16619",VERIFIED,3
4213,Rachel Harris,1970-12-15,"15854 Austin Ports
South Arthurview, AZ 43450",PENDING,98
4214,Heather Adams,1978-10-01,"294 Loretta Prairie
Samanthachester, PA 49204",PENDING,61
4215,Timothy Graham,1990-12-17,"943 Amy Mall
North Donald, TX 14201",PENDING,98
4216,Jennifer Rodriguez,2004-06-28,"010 Hill Camp
North Kimberly, TN 94835",PENDING,64
4217,Donna Santana,1953-03-06,"7111 Webb Garden
Lake Jason, DE 84803",PENDING,27
4218,Brian Berg,1974-03-11,"USNV Richards
FPO AE 04738",VERIFIED,25
4219,Nathan Morales,1960-03-04,"9286 Timothy Cliff
Port Laura, PW 25836",PENDING,41
4220,Steven Bryant,1966-12-11,"445 Payne Prairie
Port Cheryl, MA 70272",VERIFIED,44
4221,Dr. John Macias MD,1986-07-04,"79798 Troy Fords Suite 512
Boothville, OR 72542",PENDING,69
4222,Stacie Brewer,1990-03-11,"PSC 3200, Box 1926
APO AP 81303",VERIFIED,94
4223,Tony Hernandez,1958-07-07,"412 Cassidy Island Apt. 795
South Tyler, AZ 37684",VERIFIED,74
4224,Andrew Fisher,1982-04-21,"052 John Oval Suite 486
Annafort, ID 05976",VERIFIED,92
4225,Brandon Smith,1991-02-03,"1069 Angelica Dale Suite 848
Port Christopher, AZ 70750",PENDING,70
4226,Daniel Nunez,1952-07-30,"52157 Atkinson Canyon Suite 005
North Laurashire, CA 54844",VERIFIED,7
4227,Ryan Green III,1981-06-20,"54798 Lisa Viaduct Suite 680
Williamsville, KY 63784",VERIFIED,34
4228,Sean Nelson,1992-04-08,"10978 Floyd Prairie Apt. 239
Turnerton, ID 84609",PENDING,59
4229,Tara Lee,1981-01-27,"3497 Timothy Viaduct Apt. 224
Coxtown, ID 70057",PENDING,71
4230,David Ford,1958-06-23,"707 Miller Run
West Michael, AZ 40882",VERIFIED,24
4231,Jeffrey Jordan,2007-01-08,"192 Martin Gateway Suite 377
North Dianeville, IN 49792",VERIFIED,17
4232,William Young,1979-04-06,"37802 Patricia Vista Suite 309
Jeffreyport, MO 29593",VERIFIED,31
4233,Mark Copeland,1959-11-24,"3396 Elizabeth Port Suite 675
North Jeffreyburgh, OH 65764",VERIFIED,11
4234,Raymond Perry,2005-06-24,"87012 Sarah Estate Suite 703
West Elizabeth, PR 48664",VERIFIED,99
4235,Cindy Cox,1952-07-09,"60913 Salinas Squares
East Ronald, TN 33634",PENDING,91
4236,Julie Harris,1961-07-28,"089 Peggy Ville Apt. 248
Stevenberg, MP 39012",VERIFIED,42
4237,Alyssa Webb,1957-08-19,"58771 Ryan Green
Reynoldstown, IN 05010",VERIFIED,30
4238,Travis Hall,1963-12-16,"2753 Hayes Haven
Lake Chase, SD 63928",VERIFIED,34
4239,Matthew Steele,1995-06-29,"23358 Cuevas Lights
Glennville, NE 37260",VERIFIED,17
4240,Mr. Billy Carney,1984-10-13,"065 Melissa Courts Suite 577
Silvastad, NY 11581",PENDING,19
4241,Katherine Burke,1974-09-24,"7927 Jessica Orchard
West Yvonne, WA 23571",PENDING,45
4242,Aaron Underwood,2006-07-31,"71886 Jones Parkway Suite 997
East Mary, UT 35826",PENDING,33
4243,Dr. Jake Duncan,1999-05-05,"582 Walsh Locks
Tracichester, RI 18445",PENDING,65
4244,Debra Anderson,2002-03-30,"06805 Phelps Lake Suite 891
South Alanmouth, SC 04311",PENDING,70
4245,Sarah Nelson,2004-04-19,"5859 Roberta Parkways Apt. 605
Tinaborough, PW 16347",PENDING,19
4246,Javier Mcconnell,2000-05-05,"87599 Paul Roads Apt. 870
South Tiffany, IL 94719",VERIFIED,31
4247,Miss Jessica Herrera,1979-03-23,"7714 Richard Ridge Suite 214
New Dianeton, MA 73831",PENDING,18
4248,Alyssa Olson,1967-04-07,"3296 Bauer Points
South Elizabeth, KS 20437",VERIFIED,79
4249,Jennifer Alexander,1962-02-03,"PSC 2686, Box 6721
APO AA 68991",VERIFIED,18
4250,Mary Russell,1967-05-29,"70891 Gina Well
New Ebonyside, AZ 92517",VERIFIED,82
4251,Kim Gordon,1968-01-31,"1468 Benjamin Causeway
Tonybury, VI 15934",VERIFIED,1
4252,Shaun Diaz,1977-09-15,"969 Richardson Way Apt. 662
East Stephenchester, ND 57702",VERIFIED,97
4253,Donald Brown,1965-09-04,"1936 Jenkins Mountain Suite 241
Port Dylanfort, PA 45077",PENDING,16
4254,Mark Bennett,1972-05-25,"053 Payne Island
Autumnmouth, MH 35783",VERIFIED,81
4255,Don Sanchez,1977-03-16,"8098 Schmitt Well
North Christopher, KY 56799",PENDING,100
4256,Michael Hawkins,1980-11-03,"869 Fuller Road Apt. 846
Dennisport, TN 46934",PENDING,34
4257,Darren Cooper,1969-12-05,"69723 Watson Knoll
Anthonyport, ME 65625",PENDING,3
4258,Jesse Freeman,1983-04-30,"577 Meredith Valleys Apt. 028
Angelicaside, MD 64283",VERIFIED,19
4259,Kelly Zimmerman,1971-05-01,"79742 Russo Valley Suite 874
Lake Vickie, KS 68085",PENDING,31
4260,Jacob Cook,1987-07-05,"98597 Montgomery Turnpike Apt. 382
West Anthonyburgh, WY 75679",PENDING,21
4261,Susan Montgomery,1959-02-19,"25218 Hernandez Row Apt. 191
South Jacob, DC 55464",PENDING,60
4262,Jonathan Mills Jr.,2002-08-05,"727 Bautista Ridge
Adamfort, MN 02414",PENDING,93
4263,Jodi Cook,1988-04-14,"910 Kyle Turnpike
Gutierrezville, AS 23910",VERIFIED,38
4264,Deborah Jones,1953-12-12,"5540 Brewer Village
Gonzalezchester, ME 66227",PENDING,51
4265,Gary Moreno,1974-01-01,"Unit 7070 Box 6596
DPO AP 17970",VERIFIED,97
4266,Jennifer Nguyen,1995-12-24,"1385 Byrd Divide Suite 680
Brownton, GA 75660",PENDING,30
4267,Ian Mata,1964-10-15,"6641 Yvette Course Apt. 656
Nathanberg, CA 22078",VERIFIED,44
4268,Robert Johnson,1967-11-24,"20030 Jessica Loaf
Jessicaview, UT 06439",VERIFIED,8
4269,Sally Baxter,1963-03-25,"29631 Brandon Curve
East Louismouth, CA 58152",PENDING,49
4270,Alison Small,2002-12-24,"832 Wilson Mountains
West Benjaminport, FL 20121",PENDING,46
4271,Kyle Hale,1962-12-23,"53519 Cathy Walks
Ashleyborough, FM 19748",VERIFIED,76
4272,Melissa Williams,1951-01-09,"37152 Gary Point
South Alejandraview, NE 79293",PENDING,92
4273,Rebecca Stout,1977-09-16,"9720 Vaughn Way Suite 966
South Robinfort, NE 87801",PENDING,54
4274,Michael Pierce,1986-09-24,"92661 Cortez Greens
Herreraville, SC 88269",VERIFIED,4
4275,Manuel Day,1981-10-04,"PSC 6057, Box 0017
APO AA 67305",PENDING,79
4276,Kimberly Winters,1974-03-18,"79049 Carr Avenue Suite 138
Marystad, ND 08534",VERIFIED,50
4277,Marcus Kim,1981-09-09,"991 Daniel Knoll Suite 151
Youngberg, HI 90774",VERIFIED,40
4278,Scott Chambers,2006-09-11,"56368 Curtis Route
South Jeffrey, SD 22975",PENDING,62
4279,Jesse Frazier,1979-12-07,"633 Flores Springs
East Antonio, CO 55249",VERIFIED,98
4280,Danielle Snow,1960-10-08,"36443 Baldwin Valleys
East Morganmouth, NJ 63922",VERIFIED,67
4281,Sandra Frost,1992-03-01,"413 Lee Union Suite 336
West Jennifer, IA 66805",PENDING,83
4282,Kristina Chen,2002-06-09,"594 Julie Parks
Jefferyburgh, WA 58751",VERIFIED,97
4283,Patricia Hayes,1998-09-22,"30269 Dan Unions
Lake Donna, MD 31226",PENDING,45
4284,Richard Martinez,1995-10-09,"356 Curtis Club Suite 215
Karenborough, CO 38298",VERIFIED,30
4285,Michael King,1984-01-10,"22856 April Island
West Juliefort, AR 70694",PENDING,43
4286,Jennifer Holloway,2004-11-06,"42403 Russo Mountain
Samuelton, GA 48666",VERIFIED,78
4287,Alexandria Harrison,1951-04-30,"86608 Jose Unions Apt. 227
Port Ian, IA 02302",VERIFIED,68
4288,Sandra Dawson,2006-05-21,"90747 Ricky Circle Apt. 207
Lake Darrylton, NM 71109",VERIFIED,13
4289,Misty Johnson,2007-12-09,"95454 James Avenue
Jacksonport, ND 82940",PENDING,79
4290,Tiffany Wade,1968-01-09,"9885 Elizabeth Mountains
Port Barbara, MT 51901",VERIFIED,17
4291,Zachary Garrett,1996-04-10,"PSC 7881, Box 7317
APO AA 99797",PENDING,54
4292,Joseph Turner,1988-04-15,"Unit 8399 Box 1364
DPO AP 66529",VERIFIED,37
4293,Emma Black,1971-12-29,"4568 Vargas Tunnel
East Andrea, GA 17849",VERIFIED,23
4294,Pedro Clark,1954-06-02,"840 Anderson Street Suite 067
Jefferyberg, GA 16557",PENDING,3
4295,Marissa Mendoza,1987-12-31,"USS Bell
FPO AA 54663",PENDING,54
4296,Charles Williams,1966-12-15,"934 Spence Isle Apt. 203
Annfurt, IN 00535",PENDING,69
4297,Kevin Logan,1960-09-30,"850 Amanda Islands
Andreahaven, CA 83495",PENDING,61
4298,Ana Weaver,1968-11-10,"0427 Thomas Forge
Robertburgh, IA 70407",VERIFIED,4
4299,Charles Hoover,2007-05-18,"317 Paul Views
West Mauricestad, ID 62749",VERIFIED,74
4300,Teresa Hill,1993-03-06,"280 Martin Summit Suite 642
Stevensonshire, NE 61332",VERIFIED,94
4301,Kathleen Erickson,1974-11-29,"82626 Amber Greens Suite 274
Holtland, FL 32917",PENDING,39
4302,Crystal Banks,1975-01-13,"0855 Melissa Forges
Lake Cherylmouth, MH 96842",VERIFIED,64
4303,Marissa Phillips,1976-12-06,"813 Ryan Skyway Apt. 580
New Robertside, NE 30894",VERIFIED,63
4304,Kristen Greene,1977-10-03,"44513 Jennifer Landing Suite 191
Archerchester, TN 80173",VERIFIED,37
4305,James Lewis,1977-09-26,"68846 Joe Stream
New Cristian, IN 71170",PENDING,98
4306,Aaron Hernandez,1993-10-21,"4443 Michael Heights
West Sherylfort, PA 52892",VERIFIED,20
4307,Linda Pittman,1994-12-26,"807 Tina Cape
West Henry, NJ 29919",VERIFIED,52
4308,Bailey Pearson,1994-11-24,"07411 Arias Mills Apt. 777
New Paulfort, NH 01351",VERIFIED,32
4309,Diane Roman,1996-12-06,"870 Griffith Forges
Tuckerberg, HI 30672",VERIFIED,50
4310,Cody Evans,1986-11-09,"30988 Mays Lake
West Sarah, IN 20026",VERIFIED,47
4311,Karen Green,2001-03-22,"52215 Carl Walk Suite 806
Moorefurt, DC 20231",VERIFIED,53
4312,Guy Graves,1981-09-28,"126 Gardner Landing
North Gregory, NJ 91561",PENDING,95
4313,Paul Smith,1975-02-23,"661 Brown Grove
West Thomas, PA 52503",PENDING,93
4314,Brian Lewis,2006-11-29,"82517 Cindy Lane
Dayburgh, CA 12656",VERIFIED,95
4315,Angela Jensen,1977-07-14,"278 Jeffrey Drive Apt. 651
New Jeremiah, NE 52564",PENDING,28
4316,Samantha Hurley,1980-02-07,"898 Lane Roads Apt. 128
Webbchester, KS 30316",PENDING,80
4317,Joseph Gonzalez,1968-12-08,"USNV Wilson
FPO AE 18322",VERIFIED,40
4318,Michael Fisher,1953-05-21,"60847 Clark Underpass
Charlotteland, MD 75311",VERIFIED,59
4319,Peter Hanson,1951-12-10,"6421 Gabrielle Pines Apt. 582
Robersonburgh, AR 64026",PENDING,39
4320,Kim Moore,1954-07-13,"1728 Susan Alley
Martinland, WI 11753",VERIFIED,52
4321,Ricky Fowler,2005-09-14,"527 Taylor Throughway
Johnview, ME 42814",VERIFIED,34
4322,Anita Williams,2008-01-30,"76893 Newton Walk
Sheltonstad, WI 71378",PENDING,17
4323,Jacob Floyd,1994-05-17,"829 Harris Isle
Mackborough, AR 22238",PENDING,97
4324,Christina Nunez,1993-02-04,"230 Eric Valleys Suite 210
East Valerieview, SD 97259",VERIFIED,6
4325,Elizabeth Barrett,1977-12-23,"Unit 8821 Box 2228
DPO AA 57248",PENDING,48
4326,Heather Walsh,1959-02-11,"6281 Erika Mill Suite 580
South Nathan, PW 38668",VERIFIED,71
4327,Lisa Barrera,2008-02-09,"8897 Morgan Centers Suite 308
New Michelle, WY 59348",VERIFIED,30
4328,Joseph White,1990-04-12,"2653 Becky Forge Apt. 186
New Travis, CT 06202",PENDING,96
4329,Marvin Barrera,1958-09-19,"Unit 2040 Box 6000
DPO AP 96355",PENDING,68
4330,Amber Rodriguez,2001-10-27,"PSC 6503, Box 7525
APO AP 27347",PENDING,68
4331,Mary Fry,1953-06-12,"1937 Michael Common Apt. 761
West Stacy, MA 34924",VERIFIED,10
4332,Jason King,1952-06-06,"5221 Deborah Keys Suite 554
Port Martinborough, GU 38582",PENDING,23
4333,Carl Rivera,1978-03-17,"4623 Foley Vista Suite 582
Brittneyshire, IA 01097",VERIFIED,13
4334,Marcus Walls,2005-08-29,"58830 Hamilton Port Suite 957
South Tim, MD 75375",VERIFIED,13
4335,Sonya Porter,1979-01-07,"2871 Taylor Rapid
Georgeborough, TN 98830",VERIFIED,87
4336,Heather Myers,1987-01-09,"6752 House Stravenue
South Theresaville, NY 98103",PENDING,31
4337,Christina Jensen,1991-02-08,"PSC 5070, Box 7646
APO AE 25446",VERIFIED,25
4338,Monica Brock,1967-02-13,"70191 Emily Viaduct Suite 259
Port Joshuaburgh, NJ 61050",PENDING,39
4339,Melissa Davis,1957-03-12,"95705 Hutchinson Mills Suite 604
Jessicaville, GU 09232",VERIFIED,87
4340,Dr. Brooke Jackson MD,1986-12-04,"077 Eric Island Suite 714
Kyleberg, TX 45851",PENDING,8
4341,Laura Donovan,1992-12-20,"59204 Brian Ridge Apt. 087
Johnsonhaven, AL 44763",VERIFIED,13
4342,Wendy Martin,1965-08-31,"62139 David Ville
Port Melissa, MH 78515",PENDING,13
4343,Monica Martinez,1979-11-26,"9170 Carrie Valleys
Smithshire, NE 99543",PENDING,97
4344,Nicole Roberts,1984-04-08,"2542 David Mountain
Walterchester, MH 19590",VERIFIED,97
4345,Christopher Burke,1952-01-12,"338 Hartman Crest Apt. 882
Danielston, SD 91405",PENDING,93
4346,Charles Ramos,1988-06-03,"0961 Rose Lights
East Natalie, AZ 64673",PENDING,52
4347,Deborah Edwards,2007-09-17,"5748 John Route Apt. 642
Lake Martintown, MH 07814",PENDING,55
4348,Denise Case,1989-12-04,"499 Marvin Pine Apt. 933
Tommymouth, NJ 48076",PENDING,46
4349,Lisa Bishop,1971-04-09,"07971 Karen Drive Suite 761
Taylorland, VI 14017",PENDING,71
4350,Julia Hayes,1957-07-01,"070 Smith Falls
Brandonmouth, IA 99335",PENDING,75
4351,Melissa Baldwin,2006-07-29,"47652 Robert Hill
Ricardoside, GA 44175",VERIFIED,27
4352,David Valdez,1994-08-31,"485 Brown Mills Apt. 566
West Michaelfort, HI 90378",VERIFIED,6
4353,Mark Underwood,1987-06-02,"989 Sanchez Parks
Kylehaven, CO 47039",VERIFIED,23
4354,Claire Huynh,1958-08-30,"436 Harris Lock
West Debraberg, TN 50533",VERIFIED,27
4355,Heather Daniel,1970-12-16,"22570 Kirk Plains
Jennaton, ND 94581",PENDING,61
4356,Alexandra Obrien,1979-01-02,"067 Edward Ridges Suite 420
Brittanyberg, NV 17892",VERIFIED,52
4357,Gregory Ferguson,2008-05-22,"963 Price Estate
Martinmouth, NJ 50420",VERIFIED,61
4358,Heather Mack,1979-09-08,"80448 Karen Village
Lake Barry, UT 30599",PENDING,69
4359,Sandra Miller MD,1958-11-18,"8271 James Well Apt. 030
Markport, AS 33005",PENDING,42
4360,Mercedes Harrell,1957-03-16,"7668 Day Inlet Suite 619
Williamsside, NE 23890",VERIFIED,22
4361,Michael Francis,1976-07-31,"USS Lewis
FPO AP 98613",PENDING,22
4362,Hannah Chung PhD,1986-05-01,"20945 Wendy Station
Port Jennifertown, UT 54780",PENDING,57
4363,Dale Jones,1983-10-06,"22307 Brandon Plains Apt. 379
Stevenland, AZ 10913",VERIFIED,33
4364,Daniel Cox,1965-07-27,"13877 Christopher Circles Suite 744
East Debrafort, OK 19938",PENDING,59
4365,Karen Hernandez,1991-10-15,"473 Andrea Turnpike Suite 585
South Jennifer, SC 84793",VERIFIED,32
4366,Sydney Goodman,1993-03-19,"2015 Jennifer Crescent Suite 641
South Steven, KS 59601",VERIFIED,64
4367,Heidi Wyatt,2006-11-23,"USNV Kerr
FPO AP 20087",PENDING,62
4368,Manuel Wilson,1953-06-13,"1715 Kimberly Forge
Bakerburgh, NH 94310",PENDING,82
4369,John Scott,1964-04-19,"44921 Boone Shore
Port Madisonview, CT 30403",PENDING,40
4370,Kelly Powers,1979-03-18,"29611 Melissa Prairie Apt. 904
Ryanhaven, VA 06001",VERIFIED,83
4371,Tracy Allen,1990-06-02,"663 Frank Island Apt. 990
Lake Alexander, DE 71178",VERIFIED,57
4372,Michele Anderson,1964-12-26,"5298 Estrada Meadow
Justinberg, WI 96744",VERIFIED,30
4373,Richard Williams,1958-02-18,"37996 Holmes Walks Apt. 836
Lake Deniseland, NM 33006",PENDING,49
4374,Benjamin Taylor,1990-09-26,"254 Johnson Ports
Davistown, NJ 67658",VERIFIED,85
4375,Dr. Nicole Jackson MD,2008-01-04,"598 Anita Tunnel
Port David, TX 81598",PENDING,36
4376,Steven Schneider,1961-08-31,"52931 May Plains Suite 130
East Victoriaview, MH 33737",PENDING,11
4377,Troy Cardenas,1957-05-20,"07519 Jeffrey River Suite 141
Petersonview, LA 20822",VERIFIED,63
4378,Carolyn Green,1960-10-18,"4996 Brittany Rapids
West Jonathanmouth, NM 34513",PENDING,47
4379,Dr. Mary Turner,1969-09-16,"131 Miles Alley Apt. 514
South Jessica, VI 84384",PENDING,34
4380,Cristian Harris,1985-06-18,"USNS Newton
FPO AA 35791",VERIFIED,4
4381,Jackie Hodge,1995-07-21,"55340 Campbell Port
Haleport, WY 15402",PENDING,23
4382,Eric Ryan,1959-06-09,"638 Brandon Plains
Linbury, MA 11091",VERIFIED,58
4383,Norman Skinner,1954-12-07,"1518 Mckee Rapid
Lawrencefort, DC 55530",PENDING,38
4384,Michael Thomas,1968-07-16,"71326 Jeremy Unions
West Randy, AZ 33251",VERIFIED,69
4385,Don Jackson,2005-01-24,"657 Jose Corner Apt. 997
Mirandaview, IN 21019",VERIFIED,38
4386,Heather Clark,1969-01-23,"144 Ashley Springs Suite 926
Conniefurt, AR 83899",VERIFIED,30
4387,Michael Marshall,1978-12-15,"91989 Cordova Plain Suite 219
South Michelebury, MP 45365",PENDING,16
4388,William Griffith,2007-12-25,"006 Martin Walk
West Anne, MD 98461",PENDING,23
4389,Stephanie Savage,1960-06-13,"387 Deborah Highway Suite 265
South Catherine, LA 22381",PENDING,100
4390,Brittney Scott,1996-09-09,"3847 Mckee Shore
Christinemouth, MH 25459",VERIFIED,68
4391,Amber Ward,1958-11-16,"9178 Erika Squares Suite 571
Richardsonland, MA 59960",VERIFIED,39
4392,Colton Ruiz,1958-06-02,"2134 Shaw Pass Suite 246
Hogantown, KS 47832",VERIFIED,95
4393,Aaron Oneal,1989-03-19,"61119 Gates Walks Suite 199
Lake Scott, WI 47725",PENDING,87
4394,Angela Christensen,1972-01-18,"3643 Ryan Cove Apt. 645
West Rebecca, WI 06642",PENDING,61
4395,Chad Archer,1974-05-28,"4125 Christopher River Apt. 719
Hoopershire, NE 71704",VERIFIED,56
4396,Kirsten Owens,1962-02-15,"417 Rose Drive
Oliverburgh, IN 76683",VERIFIED,67
4397,Fred Vazquez,1977-03-14,"4410 Elizabeth Drive
East Anthony, MN 49631",VERIFIED,58
4398,Rebecca Stark,1981-04-13,"23233 Hale Rapids
North Kimberlyberg, VA 79142",VERIFIED,93
4399,Alyssa Thomas,2001-10-10,"87908 Garcia Square
Hayesberg, FM 01729",PENDING,85
4400,Whitney Hernandez,1960-12-15,"156 Smith Gateway Suite 255
South Jennifer, MI 51573",VERIFIED,70
4401,Rachel Jackson,1952-11-26,"54611 Wiley Turnpike
Port Mariaville, AS 09966",PENDING,95
4402,Kirsten Campbell,1972-03-07,"60997 Kayla Field
Ericaville, UT 32906",VERIFIED,66
4403,Rachel Martin,2000-09-18,"605 Angel Views
Taylorburgh, MI 50857",PENDING,11
4404,Allison Graves MD,1974-04-12,"257 Mallory Hollow Suite 318
Port Claudia, AZ 47855",PENDING,51
4405,Nicole Adams,1993-09-11,"USNS Pruitt
FPO AA 48575",PENDING,35
4406,Christine House,1954-01-01,"822 Roberts Track
Gabriellashire, IA 21317",VERIFIED,40
4407,Elizabeth Floyd,1983-03-30,"27403 Tina Plains Suite 016
Chanfurt, MN 66239",VERIFIED,68
4408,Robert James,1972-04-02,"28083 Hoover Path Suite 340
Matthewchester, NH 33750",VERIFIED,79
4409,Deanna Martin,1976-02-14,"70672 Marissa Field Apt. 470
Ashleytown, LA 31073",PENDING,32
4410,Melissa Washington,2001-03-01,"PSC 2680, Box 3618
APO AA 88275",PENDING,20
4411,Melinda Gardner,1983-08-25,"4146 Sylvia Light
Corytown, WV 31139",VERIFIED,67
4412,Kevin Hall,1986-12-08,"6366 Snyder Square Suite 052
South Kenneth, NY 78922",VERIFIED,94
4413,Dwayne Little,2004-08-01,"096 Wright Route Suite 385
East Davidview, VA 56797",PENDING,8
4414,Eric Lyons,1979-12-17,"3821 Luis Street
Connorburgh, CT 31673",VERIFIED,94
4415,Jose Cook,1963-03-19,"327 Roman Valleys
Hornmouth, AR 59699",PENDING,73
4416,Eric Bell,2003-03-22,"0966 Smith Route
Deborahmouth, AZ 88486",VERIFIED,54
4417,Kayla Dawson,1988-03-14,"6228 Clark Curve Suite 471
Newmanstad, LA 96145",PENDING,4
4418,Donna Chase,1996-02-22,"80634 Welch Forges
Olsentown, AZ 16569",VERIFIED,6
4419,Gabriela Patton,1955-09-15,"55185 Yoder Fork
North Karenbury, MN 54004",PENDING,73
4420,Haley Baker,2000-07-29,"USCGC Barton
FPO AA 74395",PENDING,95
4421,Terrence Brown,1960-10-20,"084 Karen Center
Lake Crystal, PA 05520",VERIFIED,16
4422,Pamela Foster,1991-04-20,"804 Christopher Route Suite 174
Castilloburgh, TN 86167",VERIFIED,44
4423,Devin Gordon,1960-07-23,"826 Pham Vista Apt. 743
Angelaport, VI 44990",PENDING,4
4424,Jacqueline Stephenson,1973-06-29,"758 Maldonado Ville
North Jacob, MS 02929",VERIFIED,50
4425,Philip Ruiz,1985-04-18,"861 Jacqueline Key Apt. 657
West Williammouth, KS 31815",PENDING,60
4426,Sarah Mckenzie,1982-12-22,"Unit 2171 Box 5326
DPO AP 36391",PENDING,74
4427,David Horn,1977-09-16,"59557 Maria Estate
New Shelly, NJ 66008",VERIFIED,73
4428,Adrienne Guerrero,1955-07-04,"55776 John Points
Douglasville, VA 38715",PENDING,40
4429,Emily Stewart,1958-03-01,"USS Flowers
FPO AA 54678",VERIFIED,36
4430,Richard Garcia,1961-09-09,"953 Tonya Hollow
New Josestad, UT 79140",VERIFIED,84
4431,Donald Lane,1973-10-25,"USCGC Johnson
FPO AA 55463",PENDING,62
4432,Rebecca Moore,1955-01-04,"1994 Keller Trafficway Apt. 638
Lake Nathanchester, CO 19097",VERIFIED,88
4433,Christina Bennett,1954-12-26,"7600 Scott Crossing
Garrettfurt, WI 19197",PENDING,98
4434,Sherry Fisher,1962-08-02,"18725 Campbell Wells
Andreamouth, MD 84166",VERIFIED,39
4435,Chelsea Fisher,1998-02-12,"314 Cindy Port
West Olivia, CT 31728",VERIFIED,38
4436,Rebecca Wright,1996-05-29,"81616 Cindy Points Apt. 214
East Raymondshire, WI 11076",VERIFIED,22
4437,Holly Sweeney,1962-06-27,"6261 Gonzales Mountains
North Teresa, SD 10924",VERIFIED,26
4438,Lori Miller,1992-01-26,"1154 Forbes Green Suite 047
Barbaraberg, WA 38236",PENDING,9
4439,Zachary Harmon,2000-12-27,"18635 Ashley Gateway Suite 958
East Cynthia, WY 39329",PENDING,77
4440,Harry Watson,1965-02-04,"584 Flores Crest
Franklinmouth, NH 84801",VERIFIED,31
4441,Jennifer Baxter,1957-01-23,"137 Smith Light Apt. 284
Stephenfort, WI 08141",VERIFIED,6
4442,Lisa Davis,1998-01-12,"398 Hamilton Curve Suite 576
Thomasmouth, OR 18267",VERIFIED,47
4443,Leslie Mills,1966-05-30,"27050 James Center Suite 346
New Christopher, UT 41226",VERIFIED,59
4444,Thomas Hendricks,1988-01-22,"0627 Wade Oval
East Caitlinport, SD 75077",VERIFIED,52
4445,Rick Anderson,1987-12-03,"9124 Hernandez Park Apt. 905
Lake Elizabeth, CO 59952",PENDING,95
4446,Robert Wright,1997-02-27,"PSC 0825, Box 6239
APO AP 74343",PENDING,98
4447,Terri Thomas,1973-07-21,"Unit 8721 Box 3381
DPO AA 71914",VERIFIED,60
4448,Maureen Alvarado,1966-10-23,"Unit 7746 Box 9943
DPO AE 19229",PENDING,1
4449,Michael Keller,1961-01-14,"550 Smith Ridge
Hughesfort, IL 07591",PENDING,39
4450,Mr. William Rivera,1980-07-19,"330 Herman Light Apt. 889
South Kristinestad, CO 91948",VERIFIED,33
4451,Kimberly Salas,2002-04-07,"23909 Molly Branch
Michaelberg, TN 27964",PENDING,11
4452,Laura Farmer,2002-01-23,"222 Hamilton Cove Apt. 601
Dianeville, IA 96702",VERIFIED,91
4453,Rodney Lopez,1963-05-28,"43143 Jonathan Fall
Danielleburgh, OH 06624",PENDING,84
4454,Bethany Rhodes,1957-10-24,"420 Collins Tunnel Apt. 223
South Kimberly, NV 96604",PENDING,65
4455,William Palmer,1991-11-21,"486 Kristin Canyon
East Migueltown, PR 82113",PENDING,82
4456,Tasha White,1979-10-08,"4326 Bryan Road
Bryanberg, IA 78441",PENDING,36
4457,Steve Morgan,2005-01-04,"0045 Warren Grove Apt. 665
Maxwellstad, AR 99816",VERIFIED,54
4458,Stacy Sims,1999-05-09,"PSC 4464, Box 7697
APO AE 71804",PENDING,8
4459,Anne Brown,1977-08-15,"2409 Jordan Parks
West Meganbury, GU 54437",PENDING,5
4460,Janet Boyd,1983-12-15,"438 Wade Cliff
Sarahton, RI 20686",VERIFIED,36
4461,Robert Murray,1954-01-05,"154 Little Plain Suite 344
Royfort, FL 24002",PENDING,22
4462,Jaime Riley,1985-04-06,"3208 Ford Mountains
West John, WY 66776",PENDING,62
4463,Robert Bates,1983-04-12,"70348 Donna Valley Suite 282
Lynchhaven, MD 55043",VERIFIED,4
4464,Sarah Brown,1974-02-22,"4238 King Grove Suite 013
Monicaborough, CT 77985",VERIFIED,63
4465,Brittany Barber,2005-08-21,"215 Cynthia Ridges
Nunezville, KY 05802",VERIFIED,64
4466,Scott Dean,1961-04-09,"PSC 8752, Box 9095
APO AA 86906",VERIFIED,70
4467,Julie Williams,1951-01-04,"USS Nelson
FPO AA 21410",VERIFIED,96
4468,Terry Brown,1973-10-20,"2850 Duran Coves
East Josephview, IL 59618",PENDING,56
4469,Carolyn Ward,1969-08-06,"97544 Bobby Plains
Townsendberg, VT 07127",PENDING,92
4470,Deborah Hendrix,1978-12-24,"63883 Sean Inlet
Port Toniberg, OH 88953",VERIFIED,40
4471,Olivia Jones,2001-05-18,"099 Sara Inlet
New Alejandro, NV 32608",VERIFIED,40
4472,Jill Franco,2005-06-26,"1259 Khan Stravenue
Annettetown, SD 51589",PENDING,8
4473,Sarah Smith,1965-04-19,"PSC 6288, Box 7419
APO AE 71179",VERIFIED,78
4474,James Walker,2007-01-31,"947 Miller Manors
North David, GU 41989",PENDING,71
4475,Tyler Patterson,2002-02-16,"005 Eileen Extension
Rachaelhaven, SC 76824",VERIFIED,76
4476,Brenda Perry,2005-06-06,"312 Eric Grove Apt. 957
East Stevenside, VI 43416",VERIFIED,94
4477,Jamie Stevens,1987-12-08,"PSC 1246, Box 3752
APO AE 22437",VERIFIED,10
4478,Zachary Salas,2001-03-20,"129 Wong Coves
Anitamouth, CT 98972",VERIFIED,44
4479,Kimberly Carrillo,1950-09-13,"821 Garcia Street Apt. 422
West Josephmouth, DC 82412",VERIFIED,49
4480,Stacy Alvarez,1984-08-12,"97720 Morrison Pike
North Monica, VT 01759",VERIFIED,73
4481,Erica Petty,1984-04-30,"34620 Jerry Garden Apt. 352
East Angela, IA 48853",VERIFIED,51
4482,Cynthia Morris,1978-06-25,"5102 Sanders Mall
North Marcus, SC 22679",VERIFIED,4
4483,Victor Price,1973-03-01,"62799 Wayne Prairie
South Edwardstad, NC 53002",VERIFIED,13
4484,Mark Baker,1975-10-20,"5617 Duke Gateway Suite 515
Port Tammy, ID 85294",VERIFIED,47
4485,Yolanda Smith,1987-05-19,"9693 David Flat Suite 649
Port Matthewview, GU 73121",VERIFIED,55
4486,Mary White,1950-08-05,"Unit 1770 Box 1839
DPO AP 51096",PENDING,27
4487,Kristi Kramer,1985-04-05,"6533 Paul Ports Apt. 153
Dustinborough, NJ 58205",PENDING,43
4488,Brian Mcmillan,2001-07-28,"6068 Deborah Drive Suite 810
Smithfurt, MO 96957",VERIFIED,51
4489,Blake Nelson,1971-10-07,"93843 Austin Village
Andreaport, OK 37003",PENDING,15
4490,Andrew Gomez,1964-04-02,"61694 Riddle Circles Suite 274
Perezstad, OH 83252",PENDING,31
4491,Jeanne Lamb,1992-04-03,"682 Steven Branch Apt. 149
Anthonyshire, OH 20178",PENDING,83
4492,Joy Hunter,1968-03-23,"276 Sanders Well
Port Pamelaton, AR 93287",VERIFIED,48
4493,Shawn Martin,1987-11-12,"60831 Harvey Parkway
North Luisshire, MA 40211",VERIFIED,22
4494,Larry Brewer,1971-12-17,"77116 Moore Mill Suite 136
Port Morganport, GU 25251",PENDING,22
4495,Nicholas Tyler PhD,1956-10-13,"491 David Path
Caseytown, WA 12848",VERIFIED,87
4496,Megan Michael,1979-12-12,"PSC 7244, Box 2307
APO AA 38607",PENDING,78
4497,Kathryn Jackson DVM,1990-01-01,"878 Christopher Prairie Apt. 616
Davidsonstad, MT 25669",PENDING,38
4498,Jasmine Good,1965-09-12,"0025 Doris Drive
North Brittanymouth, AR 71922",VERIFIED,28
4499,Vanessa Martinez,1954-06-09,"77663 Benjamin River Apt. 505
South Margaretmouth, WY 22015",VERIFIED,53
4500,Tara Sheppard,1985-02-16,"62498 Proctor Manors
Delgadoview, AR 90320",VERIFIED,97
4501,Jennifer Villegas,2002-05-26,"03136 Pearson Mall Suite 235
Port Denise, ME 85182",PENDING,34
4502,Marissa Smith,1956-09-09,"72597 Miller Branch Suite 293
Anthonystad, OH 63011",VERIFIED,22
4503,Kerry Moran,1973-09-04,"00099 Glenn Dale Apt. 625
Port Jason, WA 75711",PENDING,8
4504,Michele Barnes,1984-02-20,"78077 Stephanie Canyon
Jennifermouth, IA 57049",PENDING,55
4505,Ann Glover,2007-06-12,"0141 Crystal Point Suite 532
Brownmouth, KY 70072",PENDING,8
4506,Harold Bryant,1973-06-19,"109 Lisa Roads
South Kyle, PW 74762",PENDING,28
4507,Katherine Thompson,1975-10-16,"5771 Holloway Harbors
Murphyshire, SC 44667",PENDING,3
4508,Caleb Thomas,1992-08-13,"USS Brock
FPO AP 56480",VERIFIED,80
4509,Pamela Ware,1956-11-08,"04972 Knapp Drive Apt. 530
Jeffreystad, WY 46020",PENDING,65
4510,Sergio Martin,1998-11-13,"86181 Mary Extension
East Douglas, NJ 18492",VERIFIED,3
4511,Lauren Andrews,1984-02-14,"1151 Jennifer Garden
South Christophermouth, SC 85178",VERIFIED,24
4512,Tanner Douglas,1965-10-06,"60876 Krista Route
North Danielleland, MH 15650",VERIFIED,83
4513,Jordan Hebert,1956-04-19,"305 Paula Ford Apt. 783
Smithfort, VT 35997",VERIFIED,49
4514,Samantha Williamson,2007-08-02,"436 Buck Lodge
Brandonmouth, WY 50165",PENDING,48
4515,David Hale,1958-06-26,"49985 Murray Overpass Apt. 640
Wrightmouth, KS 21961",PENDING,68
4516,Joseph Sutton,1984-07-06,"533 Christopher Row
Williamsshire, WA 43056",VERIFIED,100
4517,Christina Jones,2005-07-27,"6868 Rivera Field Suite 731
Berrymouth, CA 33761",VERIFIED,69
4518,Austin Garcia,1983-12-12,"USS Clark
FPO AA 07563",PENDING,45
4519,Emily Anderson,1983-05-25,"104 Rodriguez Walks Apt. 574
Port Angela, VI 03190",VERIFIED,57
4520,Angela James,1979-10-01,"13549 Steven Mountains
Watkinsmouth, SC 95958",VERIFIED,89
4521,Daniel Lucas,1984-10-01,"873 Steven Trace
South Janet, UT 84580",VERIFIED,81
4522,Tonya Contreras,1987-09-27,"4793 Katie Fords
Alexanderbury, MH 98244",PENDING,12
4523,Tracy Ramirez,1964-12-19,"Unit 5823 Box 1354
DPO AA 43910",PENDING,90
4524,Richard Clark,1951-05-12,"33270 Kyle Loaf
Lake Christinebury, KY 84206",PENDING,63
4525,Michael Curry,2007-12-23,"9839 Moore Terrace Apt. 126
Lake Thomas, IA 82414",VERIFIED,72
4526,David Odonnell,1956-08-23,"Unit 8838 Box 1492
DPO AP 04687",PENDING,83
4527,Aaron Thompson,1979-03-16,"USNV Flynn
FPO AP 25647",PENDING,79
4528,Edward Berry,1976-01-28,"053 Nguyen Corner Apt. 224
Billyton, UT 24731",VERIFIED,39
4529,Eric Sawyer,1972-02-07,"76252 Joshua Haven
New Kimberlyfort, ID 36075",VERIFIED,52
4530,Jesse Mcmahon,1999-06-21,"96579 Michael Ranch Suite 318
Johntown, MI 71579",PENDING,96
4531,Sherri Sparks,1997-08-14,"7592 Carrie Locks
Nelsonmouth, IL 90208",VERIFIED,38
4532,Ariana Mitchell,1966-12-28,"00555 John Parks
East Kimberlyside, MH 49630",PENDING,41
4533,Deanna Clarke,1989-02-09,"Unit 4038 Box 1681
DPO AA 22526",PENDING,45
4534,Leah Bryant,1985-12-21,"064 Hall Brooks
Philipfurt, NC 42380",VERIFIED,51
4535,Jason Gordon,1990-06-07,"546 Garcia Pike
East Nicoleview, NV 87493",VERIFIED,10
4536,Christopher Mendoza,2004-11-22,"0003 Key Glen
Christopherville, CO 65034",PENDING,11
4537,Christopher May,1979-01-12,"0137 Kenneth Crossroad Suite 229
South John, GA 27851",VERIFIED,16
4538,William Tucker,1969-08-28,"Unit 3234 Box 4331
DPO AP 04727",PENDING,35
4539,Amber Everett,1965-04-10,"84021 James Forges Apt. 877
Lake Williambury, AK 60775",PENDING,57
4540,Melinda Hayden,1982-06-03,"689 Andre Gateway
Port Andrew, TX 02313",VERIFIED,21
4541,Jeremy Lopez,1973-01-18,"0921 Sanders Spurs Suite 903
West Debbie, NM 93091",PENDING,40
4542,Colleen Torres,1999-01-06,"8887 Walker Ferry Suite 759
New Julieburgh, MO 78432",PENDING,47
4543,Emily Ross,1987-06-11,"7948 Wilson Roads Apt. 996
South Stephaniehaven, MP 46760",VERIFIED,86
4544,Michele Ray,1955-02-07,"63984 Marc Landing
West Raymondfort, VA 88677",PENDING,87
4545,Carol Hayden,1954-08-12,"579 Abigail Rest Apt. 511
Davidmouth, AR 62232",PENDING,99
4546,Christopher Perkins,1973-10-03,"81577 Guzman Mount
Port Louis, VA 41671",VERIFIED,40
4547,Clifford Lawrence,1950-12-29,"4047 Smith Garden Suite 682
Harrisonstad, NH 87625",VERIFIED,11
4548,Morgan Hill,1993-03-22,"89862 Sanchez Underpass
Newtonborough, FM 01686",VERIFIED,84
4549,Teresa Potts,1994-11-30,"73781 Gomez Hills
Adamburgh, WY 23655",PENDING,19
4550,Carla Booth,1964-09-30,"6577 Chavez Corner Apt. 609
North Adrianstad, OH 09329",VERIFIED,36
4551,David Waller,1978-07-18,"276 Gonzalez Lake
New Feliciaburgh, AL 28945",PENDING,13
4552,Ivan Reynolds,2006-11-02,"95613 Stevenson Mission Suite 159
Rodriguezborough, MP 95490",VERIFIED,22
4553,Kathleen Nichols,2005-01-17,"PSC 3444, Box 6254
APO AA 55447",PENDING,93
4554,Michael Sampson,1988-11-15,"448 Garrison Haven
South Josephchester, NM 91524",PENDING,100
4555,April Clayton,1969-06-16,"8766 Sanchez Inlet
Kellyside, OR 04345",VERIFIED,28
4556,Michael Pacheco,2006-08-06,"4953 Burton Lodge
Loweshire, WI 78566",PENDING,40
4557,Todd Moore,1952-10-04,"438 Stewart Greens Apt. 324
Stephaniemouth, MA 51901",PENDING,15
4558,Erik Richmond,1980-03-19,"12919 Smith Mall Apt. 026
Kaitlynburgh, AZ 06318",PENDING,15
4559,Lauren Brown,1973-10-31,"81494 Martin Glens
Lake Nicholaschester, MD 01206",VERIFIED,100
4560,Shannon Turner,1959-09-29,"USNS Frank
FPO AA 88340",VERIFIED,96
4561,Jacqueline Jackson,1953-08-07,"PSC 5947, Box 0334
APO AE 75280",PENDING,41
4562,Grant Cummings,1950-09-29,"649 Larsen Falls
Dominguezhaven, AS 25840",PENDING,25
4563,Albert Murray,1962-04-09,"19242 Peters Route
Tranbury, NV 73560",PENDING,42
4564,Dana Fields,1966-01-09,"4181 Delgado Skyway Suite 193
South Robinberg, DE 22370",PENDING,77
4565,Craig Young,2007-11-21,"35973 Curtis Circle Suite 655
Smallfurt, CT 94981",VERIFIED,35
4566,Arthur Morales,1979-09-22,"50032 Williams Terrace
Erintown, DE 51084",VERIFIED,47
4567,Roberto Mccoy,1974-07-13,"86679 Sanders Parkways
New Donaldfort, MD 82923",VERIFIED,37
4568,James Armstrong,1988-01-05,"PSC 9136, Box 1211
APO AP 56421",VERIFIED,95
4569,Christopher Coleman,2007-09-17,"14252 Allen Divide
Port Mariahfurt, ME 14049",VERIFIED,22
4570,Daniel Byrd,1971-05-08,"39021 Rodriguez Hills
Port Tracy, AL 33872",PENDING,27
4571,Peter Miranda,1963-05-09,"903 Graves Port Suite 224
West Sonya, OH 91256",VERIFIED,2
4572,Traci Daniels,1976-12-04,"3331 Duncan Forks Suite 751
Brownview, MO 97107",PENDING,27
4573,Michelle Malone,1958-06-27,"7124 Jonathan Glens
Valerieberg, MI 09660",PENDING,61
4574,Teresa Clark,1960-09-29,"1793 Amber Courts Suite 620
Port Rebeccaview, MD 66381",VERIFIED,96
4575,Kristina Barnett,1994-09-21,"67151 Brett Square Apt. 579
Lake Troy, VT 95699",PENDING,89
4576,Nicholas Stephens,1996-07-05,"9765 Kerr Tunnel
North Marychester, SC 26440",PENDING,52
4577,Tammy Hammond,1972-03-08,"690 Lyons Extensions
Port Brian, VI 18918",PENDING,20
4578,Adrian Jones,1983-05-19,"975 Darrell Isle
South Christine, NV 91489",PENDING,76
4579,Kimberly Paul,1991-12-05,"Unit 2227 Box 0043
DPO AA 83966",PENDING,56
4580,Kimberly Bird,1958-03-03,"46818 Scott Bridge Apt. 293
Stephanieshire, NV 92707",VERIFIED,72
4581,Rebecca Villegas,1999-08-31,"60200 Joel Course Apt. 314
South Andrea, MD 16818",VERIFIED,79
4582,Gregory Mcbride,1994-03-08,"038 John Alley Suite 555
New Marcus, VI 26575",VERIFIED,61
4583,Craig Lewis,1957-04-17,"526 Thomas Mall Suite 475
South Michael, ID 00699",VERIFIED,41
4584,Rodney Foster,1961-03-12,"82608 Lee Village Suite 414
North Tonymouth, DE 66632",VERIFIED,29
4585,Gregory Sanford,1987-01-19,"25764 Brandi Pike
West Thomasmouth, GA 68362",PENDING,16
4586,Brittany Brown,1985-01-18,"86668 Kimberly Route
Bellside, NH 71323",PENDING,77
4587,Jordan Baldwin,2005-01-19,"82397 Leslie Meadow
Port Barbara, WV 40050",VERIFIED,34
4588,Christopher Rosales,1986-09-22,"7911 Payne Corner Suite 183
Jacobsmouth, CA 68522",VERIFIED,98
4589,Christopher Cannon,1987-01-10,"59429 Debbie Locks Apt. 430
Brandonburgh, ND 18835",VERIFIED,35
4590,Kathryn Mills,1982-05-05,"6838 Lewis Camp Apt. 291
Lewisbury, MH 37959",VERIFIED,55
4591,Ariana Vega,1999-04-01,"0899 Heidi Freeway
New Kevinmouth, MN 66642",VERIFIED,8
4592,Amanda Christensen,1951-05-23,"1281 Griffin Bridge
Jennifermouth, NE 42618",VERIFIED,68
4593,Laura Larsen,1990-06-23,"163 Norton Ridge
Ronaldmouth, PW 81363",VERIFIED,37
4594,Mariah Hernandez,1982-05-23,"60814 Elizabeth Field Suite 086
Cabrerastad, MI 89599",PENDING,18
4595,Joshua Meyers,1963-03-14,"130 Martin Wall Apt. 375
Hullmouth, GU 21215",VERIFIED,51
4596,William Hayes,1992-10-17,"60604 Neal Keys
Port Joseph, MS 30095",PENDING,25
4597,Donna Lambert,1998-10-22,"57194 Anderson Shore
Coreybury, IL 79636",PENDING,68
4598,Whitney Holden,2006-08-05,"683 Mason Fords
Murphyland, OH 05316",PENDING,59
4599,Kimberly Jackson DDS,1950-12-12,"6890 Christian Isle
South Larrytown, MD 32965",PENDING,85
4600,Brenda Garza,1992-01-24,"02498 Wang Keys
New Marisaburgh, NY 43302",VERIFIED,9
4601,Kelly Martin,1969-05-25,"633 Alvarez Trail Apt. 811
New Bryan, RI 37877",VERIFIED,84
4602,Phillip Cervantes,1966-08-01,"PSC 1552, Box 6608
APO AA 22881",PENDING,64
4603,Steven Gonzales,1991-09-28,"5746 Kiara Forks
New Alyssa, MH 99373",PENDING,68
4604,Kyle Smith,1990-07-21,"074 Samantha Drive Apt. 202
Keithstad, FM 44038",PENDING,38
4605,Jessica Johnston,1984-11-13,"595 Tammy Walks Apt. 388
Coreyborough, VA 71965",PENDING,5
4606,Autumn Thomas,1960-05-14,"449 Clark Gardens
West Staceymouth, KY 72286",PENDING,67
4607,Ryan Anthony,2003-04-30,"PSC 4920, Box 8693
APO AP 04226",PENDING,3
4608,Norman Ellis,1996-05-03,"Unit 5447 Box 3875
DPO AP 23594",VERIFIED,57
4609,Jacqueline Pena,2004-05-03,"PSC 7162, Box 5751
APO AP 42484",VERIFIED,74
4610,Jonathon Delgado,1987-12-23,"310 Brittany Parks
Lake Margaret, MP 16692",PENDING,93
4611,Whitney Johnson,2000-10-10,"315 Gomez Greens
Mccallberg, NJ 94592",VERIFIED,55
4612,Willie Irwin,1996-01-07,"USNV Kelley
FPO AE 23971",PENDING,3
4613,Brian Flores,1962-04-09,"7520 Berry Isle
Glendaburgh, GA 51505",PENDING,86
4614,Walter Morris,2008-01-11,"7489 Butler Shore
New Patrick, ND 44078",VERIFIED,62
4615,Andrea Chase,1971-07-09,"29893 Reyes Circles Apt. 460
Port Shelbyport, WA 65370",VERIFIED,59
4616,Susan Smith,1951-01-20,"30608 Rivera Lake
New Erinchester, VT 22176",VERIFIED,86
4617,Jennifer Vega,1977-11-14,"356 Stacey Ramp
Cruzville, IA 07776",VERIFIED,91
4618,Anthony Tucker,1960-01-19,"796 Joseph Gardens Suite 887
Garzamouth, OH 29701",PENDING,99
4619,Kristi Pollard,1991-03-16,"4111 Janice Radial Suite 520
Mooreville, TN 41683",VERIFIED,53
4620,Jessica Powell,1962-04-29,"4332 Edwards Rest
East Aimee, CO 37143",PENDING,13
4621,Tiffany Torres,1991-12-27,"206 Eugene Ports Suite 067
Penningtonville, GU 05700",PENDING,3
4622,Colleen Rodriguez MD,1965-01-29,"023 Richardson Ridge Apt. 450
Parksmouth, MD 45603",PENDING,47
4623,Allison Martinez,1994-09-27,"9741 Stephens Park
North Christopher, RI 55327",VERIFIED,94
4624,Brian Roberts,1983-05-15,"3441 Jessica Spring Suite 464
Lake Kyleburgh, IL 70949",VERIFIED,50
4625,Lori Hull,1968-01-04,"07652 Andrea Stream
Ortegaville, WV 45394",PENDING,34
4626,Ann Harris,1981-01-25,"0278 Katrina Meadow Apt. 842
Elizabethside, OR 62065",PENDING,46
4627,Danielle Chan,1968-05-20,"4393 Cristina Mills Suite 550
Craigburgh, FL 70065",VERIFIED,39
4628,Rebecca Thomas,1964-02-09,"3914 Clark Bridge
Port Terri, NY 60972",PENDING,21
4629,David Ross,1978-05-04,"PSC 2778, Box 7781
APO AE 23864",VERIFIED,25
4630,Richard Rodriguez,1990-04-02,"5366 Garcia Knolls Apt. 115
South Daniel, NV 82695",PENDING,49
4631,Brenda Mcgee,1993-08-08,"921 Hill Common
East Kimberly, CA 37838",VERIFIED,5
4632,Jamie Erickson,1968-12-27,"91006 Bradley Circle
North Cynthiamouth, WY 60246",VERIFIED,40
4633,Kim Dominguez,1964-07-29,"4995 Matthew Shores
East Rachelland, VT 52932",VERIFIED,10
4634,Cynthia Harrison,2000-11-24,"9602 Arnold Wall
West Markton, CO 14657",VERIFIED,26
4635,April Haynes,1982-09-05,"39741 Francisco Cliffs
New Josephbury, MP 40326",VERIFIED,7
4636,Roger Hinton,2003-04-22,"1524 Copeland Courts
South Wandaport, NM 87875",VERIFIED,74
4637,Rachel Smith,1982-03-01,"378 Christopher Shoal Suite 967
North Jeremyland, MS 11417",PENDING,6
4638,Lori Copeland,1991-05-19,"3740 Harding Mission
Jamesburgh, MP 89779",VERIFIED,70
4639,Vincent Nichols,1972-07-22,"2166 Michael Trace Suite 949
Lake Danielchester, SD 47645",PENDING,21
4640,Blake Gonzalez,2000-07-12,"1697 Peter Lodge
Lake Brianmouth, VI 73032",PENDING,94
4641,George Rhodes,1979-04-22,"2674 Heather Mountain Apt. 093
Jamesfort, AZ 99077",VERIFIED,23
4642,Melissa Gibson,1963-04-10,"05031 Leonard Stream Suite 140
Christinatown, MT 66482",PENDING,67
4643,Kimberly Price,1952-08-28,"9264 Sue Dam Apt. 708
Stephaniefurt, SD 03514",PENDING,12
4644,Cameron Phillips,1973-07-29,"15261 Costa Lock
Williamhaven, IL 69285",VERIFIED,86
4645,Elaine Carpenter,1994-02-21,"811 Brittany Heights Suite 475
Lake Thomas, RI 22689",VERIFIED,89
4646,Charles Butler,1953-09-22,"479 Irwin Street Suite 376
Wendyton, KY 59892",VERIFIED,84
4647,Kristen Henry,2007-11-21,"23229 Mueller Common
Ericfurt, MD 72737",VERIFIED,63
4648,John Gonzalez,1952-05-03,"3286 Jenny Parkways Apt. 855
Port Brittneybury, RI 04256",VERIFIED,97
4649,Tyler Hill,1976-05-22,"723 Megan Lane
South Josephbury, UT 96329",VERIFIED,55
4650,Elizabeth Cameron,1977-04-24,"89064 Kurt Stravenue Suite 071
South Stephanie, OK 31326",PENDING,4
4651,Rhonda Winters,1995-07-17,"PSC 5296, Box 5818
APO AP 90906",VERIFIED,33
4652,Nichole Campbell,1971-03-09,"157 Jon Groves
South Crystal, CA 87715",VERIFIED,20
4653,William Taylor,1990-10-05,"177 Peterson Radial Apt. 639
Port Marktown, IA 66385",VERIFIED,72
4654,Shannon Adams,1991-12-25,"8584 Robert Ramp Apt. 123
East Ricardo, NH 45256",VERIFIED,49
4655,Madison Taylor,1989-07-18,"Unit 5585 Box 8628
DPO AE 87414",VERIFIED,57
4656,Tammy Henderson,1996-06-19,"583 Campbell Junction
North Sheri, GA 84598",PENDING,97
4657,Dennis Jackson,1950-11-23,"5296 Sarah Meadows
North Andrewhaven, KS 79007",VERIFIED,98
4658,Melinda Mann,1982-05-31,"21435 Thompson Fort Apt. 842
Vincentmouth, IA 66059",PENDING,43
4659,Christopher Mann,1997-07-08,"6861 Olson Mountain
Lake Joshua, MN 64961",PENDING,30
4660,Daniel King,1984-07-02,"97132 Hodges Junction Apt. 554
North Dennisfurt, MD 64844",VERIFIED,16
4661,Michelle King,1961-01-26,"97196 Baker Expressway Suite 971
Kathrynfort, KS 61191",VERIFIED,68
4662,David Evans,1989-09-28,"5254 Joseph Road Apt. 136
Port Alyssashire, IA 00875",PENDING,46
4663,Patrick Diaz,1955-05-31,"6557 Tucker Lake Apt. 318
East Nicole, LA 55912",PENDING,85
4664,Carol Wolf,2000-04-21,"79503 Schmidt Canyon Suite 021
Baldwinport, CT 00708",VERIFIED,97
4665,Zachary Pacheco,1958-11-26,"540 Carter Island Apt. 207
Port Andrew, FM 91942",PENDING,66
4666,Deborah Moreno,1968-10-25,"56684 Matthew Knoll
Port Donnaside, GU 65320",PENDING,80
4667,Tracy Cox,2000-05-28,"07174 Harvey Well Suite 742
Lake Denise, NE 45861",PENDING,38
4668,Melissa Matthews,2005-06-20,"4946 Rodriguez Spring Apt. 870
East Jeffrey, SD 26691",VERIFIED,49
4669,Jamie Hale,1958-01-13,"25864 Amy Springs Apt. 337
Lake Sarah, MP 21408",VERIFIED,75
4670,Nicole Silva,2005-03-15,"525 Erin View Suite 801
South Ericamouth, SD 41794",PENDING,78
4671,Dr. Gregory Lane,2003-06-16,"299 Kayla Heights Suite 168
Alvarezville, MP 04193",PENDING,89
4672,Mr. Leon Webb,1990-10-01,"1967 Beth Lake Suite 900
Jeremyshire, DC 17600",VERIFIED,63
4673,Ryan Schmidt,1999-01-26,"95992 Steven Pines
Blackland, WA 96726",VERIFIED,56
4674,Michael Jones,1996-12-15,"995 Flores Mountain
Dudleyshire, IN 29754",PENDING,10
4675,Kelly Smith,2000-06-25,"USNS Allen
FPO AA 12011",VERIFIED,36
4676,Guy Martin,2007-04-20,"93214 William Park Apt. 088
Lake Johnchester, NV 17247",PENDING,33
4677,Danielle Garrett,1989-11-04,"5316 Brittany Center
East Thomas, RI 01533",PENDING,80
4678,Maria Winters,1998-02-15,"58143 Craig Unions Apt. 338
Port Lisa, GU 79358",PENDING,8
4679,Bruce Stewart,1983-03-16,"Unit 8142 Box 0019
DPO AP 69528",VERIFIED,49
4680,Barbara Black,1951-10-29,"5710 Williams Turnpike Apt. 982
Masonbury, SC 14796",PENDING,1
4681,Matthew Taylor,2006-04-13,"5105 Graham Prairie
Sanchezberg, VT 74545",PENDING,42
4682,Lindsey Grant MD,1959-12-11,"915 Jonathan Ville Suite 432
Luisburgh, MA 43034",PENDING,40
4683,Randy Alexander,1957-05-21,"187 Reynolds Meadow
Lake Bethmouth, MH 22633",VERIFIED,52
4684,Jerry Howard,1981-09-07,"60271 Jacob Motorway
Lake Anna, UT 15257",PENDING,91
4685,Kathy Mcdonald,1995-11-24,"38520 Wright Shores
West Lindsay, LA 08091",VERIFIED,91
4686,Linda Farmer,2003-03-24,"421 Valentine Street Apt. 106
Lake Charlesville, UT 15081",VERIFIED,10
4687,Robert Cummings,2006-11-06,"55822 Sarah Vista Apt. 298
East David, KY 18221",PENDING,47
4688,Susan White,1980-04-16,"91967 Kelly Crossing
New Jonathanport, VT 18438",PENDING,16
4689,Jacob Saunders,1951-02-05,"211 Heather Square Suite 228
New Monicashire, NC 33935",VERIFIED,7
4690,Susan Brewer,1956-04-14,"2773 Thompson Crest Apt. 330
Candicestad, MO 75614",PENDING,99
4691,Kevin Gonzalez,1966-01-12,"255 Elizabeth Walks Apt. 317
Johnsonton, PA 53575",PENDING,74
4692,Kenneth Mitchell,1988-01-04,"4502 Carla Light Suite 183
East Karen, DC 89700",VERIFIED,79
4693,Luis Knight,1999-07-17,"962 Jason Extension Suite 472
Lake Kristina, AZ 46184",PENDING,95
4694,Jared Spencer,1991-07-11,"788 Rodney Terrace Suite 397
Port Edwinburgh, WA 34442",PENDING,27
4695,Jonathan Mcintyre,1995-11-13,"USNV Roberson
FPO AP 03435",PENDING,74
4696,Lee Bryant,1976-08-29,"9652 Alyssa Loaf
West Dawnshire, TX 54783",VERIFIED,52
4697,Thomas Mcmahon,1990-11-22,"3166 Williams Viaduct
Taraland, MN 76704",PENDING,9
4698,David Kim,1988-04-03,"05397 Mckee Springs
Campbellside, WY 95940",VERIFIED,85
4699,David Barber,2007-08-03,"176 Nicole Pine Apt. 028
South Matthew, MI 91562",VERIFIED,61
4700,Samantha Barnes,1958-05-27,"74592 Moore Station Apt. 044
West Tyler, ME 24927",VERIFIED,53
4701,Carolyn Jackson,1990-06-11,"043 Danielle Circle
Lisabury, LA 32786",VERIFIED,27
4702,Jamie Wilson DDS,2003-07-31,"39934 Clark Radial
Richardsonland, GU 86721",PENDING,28
4703,Ryan Myers,1985-09-21,"PSC 8432, Box 5829
APO AP 26618",PENDING,25
4704,Edward Potts,2007-05-14,"252 Navarro Terrace
New Jasonmouth, VA 15011",PENDING,91
4705,Larry Clements,2003-01-27,"2663 Rose Ways
Jamesberg, MN 17174",PENDING,97
4706,Edward Munoz,2002-06-11,"7317 Howard Cliff
East Justin, AR 35568",VERIFIED,17
4707,Tammie Salinas,1957-09-13,"827 Johnson Mission Suite 831
South Anne, DE 99532",PENDING,12
4708,Michele Wilson,1960-10-03,"9451 Taylor Light
Victorland, VT 87851",VERIFIED,77
4709,Connie King,1997-06-13,"9320 Michael Lights Apt. 675
East Regina, WA 79695",PENDING,24
4710,Sheila Carter,2005-07-06,"332 Chavez Cove Apt. 577
Daniellestad, FM 46613",PENDING,63
4711,Rachel Davis,1982-03-30,"57118 Melissa Harbor
Vincentburgh, AR 75389",VERIFIED,49
4712,Tyler Donaldson,2004-06-12,"PSC 4940, Box 8797
APO AA 97518",VERIFIED,69
4713,Sarah Higgins,1953-11-15,"3882 Sandra Drive
Nelsonborough, MD 48315",VERIFIED,15
4714,Daniel Hicks,1973-01-26,"546 Parker Trafficway
Johnmouth, MP 59239",PENDING,84
4715,Melissa Wood,1953-08-03,"4877 Sloan Estates
Lake Brianstad, NV 39263",VERIFIED,10
4716,Robert Walker,1976-09-26,"0943 Jasmine Stravenue
Lake Leeville, AK 08100",VERIFIED,27
4717,Regina Hernandez,1952-12-17,"796 Elizabeth Mill Apt. 207
Lake Gary, MN 25918",VERIFIED,78
4718,Gregory Scott,2004-10-10,"8073 Bell Spurs
South Christinaview, NY 05941",VERIFIED,41
4719,Sarah Adams,1992-08-28,"23107 Deborah Square
East Michaeltown, ID 83080",VERIFIED,41
4720,Jay Cole,1955-04-20,"73037 Joanna Unions
East Justin, FL 71695",VERIFIED,92
4721,Brendan Mueller,1992-12-29,"2968 Mario Rue Apt. 959
Ryanburgh, WY 86919",PENDING,28
4722,Keith Parsons MD,1967-01-12,"PSC 1029, Box 2996
APO AA 98820",VERIFIED,1
4723,Wanda Hughes,2003-06-09,"93316 Samuel Wells Apt. 922
Nguyenberg, LA 18414",PENDING,18
4724,Maurice Ballard,1992-07-05,"581 Abigail Manor Apt. 753
Lake Dawnburgh, NY 34497",PENDING,4
4725,Nancy Ortiz,1962-05-07,"667 Evans Loaf
South Susan, ME 01702",PENDING,27
4726,John Cooper,1961-07-06,"9018 Jones Bypass
Brianchester, NE 16499",VERIFIED,92
4727,Trevor Torres,1999-06-27,"58146 Sharon Ville
Nicholaschester, MT 69978",PENDING,93
4728,Aimee Anthony,1980-05-07,"7090 Evans Shores
Owenside, SD 28857",VERIFIED,73
4729,Jodi Gonzalez,1955-01-24,"21206 Stone Field Suite 365
Harrisfurt, AL 99542",PENDING,18
4730,Mark Patton,2001-01-02,"0070 Kyle Center Apt. 683
East Nicholas, CT 65383",PENDING,65
4731,Brandi Perez,1977-05-11,"404 Clark Unions
Port David, ND 40333",VERIFIED,34
4732,Sierra Black,2005-06-29,"101 Wesley Stream Apt. 372
New Phillip, MN 39241",VERIFIED,33
4733,Michele Fitzgerald,2004-04-09,"219 Woods Drives Suite 780
Raymondberg, AR 01704",PENDING,36
4734,Brittany Johnson,2005-11-12,"1362 Larson Gateway Apt. 770
Port Michelle, WY 70723",VERIFIED,72
4735,Bobby Smith,1982-02-20,"855 Samuel Squares
Lake Aaron, MP 46716",VERIFIED,67
4736,Christine Lewis,1975-03-25,"42220 Smith Drives
East Robert, MA 11495",VERIFIED,64
4737,Joanna Gonzalez,1978-02-25,"008 Mayo Summit Suite 418
East Ian, ND 60155",PENDING,96
4738,Richard Walters,1978-09-08,"USS Stewart
FPO AA 87182",PENDING,72
4739,Elizabeth Gross,1994-09-11,"6004 Mariah Glens
Goodmanmouth, PA 22047",PENDING,48
4740,Heather Stevenson,1998-05-26,"6368 Matthews Circles
Sandersbury, CO 81394",VERIFIED,61
4741,Kevin Williamson,1964-03-17,"44538 Jones Loaf Suite 895
Tamarafort, MT 87745",VERIFIED,36
4742,Glenn Montoya,1973-11-08,"125 Alexander Walks Suite 923
New Scottburgh, PR 12779",PENDING,79
4743,James Coleman,1966-05-29,"901 Hatfield Ridge
South John, CO 92573",PENDING,27
4744,Cindy Young,2000-01-10,"42356 Maria Stravenue
Shanestad, LA 86554",VERIFIED,93
4745,John Christian,1972-04-06,"947 Douglas Mountains
Port Jonathanborough, NH 20454",VERIFIED,1
4746,Cory Johnson,1988-05-26,"0713 Kevin Burg
South Joseph, NC 09165",PENDING,64
4747,William Jackson,1999-06-08,"3445 Patterson Row Suite 591
East Aimeeville, FL 08467",PENDING,34
4748,Derrick Thompson,1960-04-11,"28861 White Road Apt. 958
Henryport, DC 69512",VERIFIED,66
4749,Steven Ward,1968-12-19,"702 Tate Crossing
Moorehaven, LA 43634",VERIFIED,44
4750,Johnny Daniels,1979-10-09,"488 Moore Terrace
Simmonsport, WI 43162",PENDING,91
4751,Sonya White,1994-02-06,"971 Ronald Bypass
Lake Jonathan, KY 44479",VERIFIED,29
4752,Joshua Mayer,1972-06-14,"25640 Daniel Ridges
Chadchester, WA 51322",VERIFIED,25
4753,Charles Nguyen,1955-06-23,"461 Gallagher Estates Suite 825
Timothychester, ND 07609",VERIFIED,96
4754,Jill Moore,1953-11-13,"6684 Sloan Junctions Suite 800
Hopkinsfort, GA 09669",VERIFIED,46
4755,Sharon Allen,1967-05-22,"40753 Burnett Junction Suite 798
Rodriguezburgh, MH 04778",PENDING,65
4756,Cynthia Davis,1980-04-01,"64665 Billy Rue Apt. 069
Scottstad, CA 09512",VERIFIED,13
4757,Allison Cochran,1959-10-09,"9436 Smith Loaf
Baldwinland, IL 97391",PENDING,59
4758,Karen Gallegos,1982-09-08,"57751 Martinez Canyon Suite 638
Dwaynemouth, PA 12850",PENDING,68
4759,Sandra Allen,1973-03-29,"31729 Whitney Villages
Angelachester, MA 26655",PENDING,40
4760,Kayla Rhodes,1982-09-22,"1109 Blankenship Shoal Apt. 687
North Vickie, MO 99657",VERIFIED,59
4761,Johnny Mitchell,1968-11-02,"USS King
FPO AP 29818",PENDING,60
4762,Lauren Brown,1991-02-08,"13681 Cardenas Expressway
North Fredton, IA 41814",VERIFIED,17
4763,Sean Lee,1997-04-01,"687 Schwartz Ports
Thomasbury, WV 23446",VERIFIED,42
4764,Luis Dominguez,1999-10-03,"775 Benjamin Pass Suite 326
Cruzton, WV 53236",PENDING,67
4765,Kyle Payne,1991-11-01,"0851 Ashlee Key Suite 462
Ryanstad, GA 77137",VERIFIED,20
4766,Rachel Lewis,1961-11-13,"7416 Nathan View Suite 684
New Erin, NJ 28620",PENDING,65
4767,Brenda Gonzalez,1984-12-21,"6296 Morgan Mission
New Laurafort, NH 06863",PENDING,54
4768,Rachael Thomas,1995-12-12,"162 Francisco Road Apt. 133
Hannahfort, UT 47876",VERIFIED,98
4769,Kyle Davis,1978-07-30,"0710 Long Cliff
Wendymouth, MT 44499",VERIFIED,61
4770,Terry Hansen,1971-06-27,"017 Barton Curve Apt. 272
Port Marc, MO 08830",PENDING,26
4771,Toni Ali,1962-07-22,"13173 Krause Loop Suite 286
South Devon, NE 66314",PENDING,21
4772,Whitney Robbins,1972-06-26,"PSC 4547, Box 7638
APO AA 13755",PENDING,80
4773,Johnny Hernandez,1960-11-15,"7202 Jenny Extensions
South Marytown, RI 15538",VERIFIED,44
4774,Connor Thompson,1968-12-20,"1919 Courtney Rapids
Port Andreastad, MT 03002",PENDING,68
4775,Miss Emma Romero,1986-01-04,"USNS Lara
FPO AP 40985",VERIFIED,27
4776,Kirk Williams,1983-06-19,"73440 Christensen Parkway
Kimberlymouth, UT 26447",VERIFIED,80
4777,Martin Johnson,1952-02-05,"6326 Jacob Flat
Lake Aaron, KY 31191",PENDING,50
4778,Anna Calderon,1950-06-06,"8559 Gross Mill
West Donna, HI 10429",PENDING,68
4779,Mr. Mark Barron,1979-10-03,"24174 Powell Corners Suite 969
Biancaborough, LA 55681",PENDING,96
4780,Thomas Smith,1966-04-12,"06796 Jamie Lake
East Jillian, IA 41136",PENDING,71
4781,Nancy Nunez,2002-02-26,"841 Frazier Bridge
West Marychester, AS 04166",VERIFIED,49
4782,Anthony Stout,2007-04-01,"2416 Thomas Mountain
Port Chelsea, OR 10477",PENDING,24
4783,Brian Hendrix,1950-12-20,"07318 Sanchez Viaduct
Wrightberg, GU 72117",VERIFIED,52
4784,Crystal Davis,1982-08-21,"6771 Page Mountains
North Kevinfort, AK 98490",VERIFIED,67
4785,Steve Mcmillan,1958-06-25,"3127 Curry Mount
Websterchester, UT 20072",VERIFIED,24
4786,Edgar Jones,1951-01-29,"PSC 1424, Box 2247
APO AE 45866",PENDING,84
4787,Matthew Oconnor,1979-08-04,"539 Danielle Greens
South Brittany, AL 99381",VERIFIED,17
4788,Angel Graham DVM,1996-09-08,"83391 Brown Station
New Karen, AZ 22976",VERIFIED,75
4789,Nathan Mitchell,1976-09-23,"124 Anthony Streets
East Kimberlyview, TN 77073",PENDING,26
4790,Tony Williams,2004-11-12,"8092 Jacob Trail
Jeffreyton, NY 03276",PENDING,96
4791,Kristine Gordon,1992-07-30,"0938 Randall Springs
Port Elizabeth, HI 49178",PENDING,62
4792,Jessica Rodriguez,1981-08-06,"108 Jessica Loop
Port Nicholasstad, KS 66432",PENDING,84
4793,Erin Acosta,1963-06-25,"7091 Dillon Shoal
Port Alexa, AR 47153",PENDING,62
4794,Carl Higgins,1975-04-09,"13110 Whitney Rue
West Scottport, GA 97604",PENDING,31
4795,Ronald Lindsey,1954-03-26,"32147 Cooper Extension
Kathyborough, NC 95273",VERIFIED,94
4796,Michael Adams,1989-04-30,"3063 Scott Cove
Port Taraville, FM 37103",VERIFIED,41
4797,Nathaniel Hunt,1994-02-23,"827 Elizabeth Loaf Apt. 777
Port Dakotaberg, AR 05552",PENDING,92
4798,David Hardin,1998-06-26,"982 Gonzalez Ford Apt. 918
Kristamouth, MI 14198",PENDING,75
4799,Daniel Gallegos,1966-11-10,"231 Fernando Fords Suite 705
Masonport, NV 96892",PENDING,69
4800,Steven Buck Jr.,1959-03-19,"78375 Pierce Mountain
Katherinefort, FL 12658",VERIFIED,35
4801,Anthony Rice,1999-05-31,"2296 Mendoza Loaf
Garrettburgh, PA 46531",PENDING,62
4802,Scott Sparks,1984-10-06,"77362 Williams Hill Suite 115
Lake Morgan, TX 48464",VERIFIED,46
4803,Brianna Cox,1971-06-29,"PSC 8476, Box 1062
APO AP 31913",VERIFIED,47
4804,Marc Brown,1954-07-04,"430 Anita Corner
South Bettyville, MA 74504",PENDING,16
4805,Drew Foster,1985-10-18,"127 Meyer Points
Latashaview, MH 66770",VERIFIED,36
4806,Jeremy Brown,1974-07-07,"462 Devin Branch
Lake Donald, DC 74693",PENDING,38
4807,Timothy Butler,1972-02-18,"4736 Tiffany Corners Apt. 789
Port Deborah, TX 64226",VERIFIED,74
4808,Cynthia Griffin,1967-07-16,"USCGC Simpson
FPO AA 21032",PENDING,36
4809,Ariel Fisher,1987-10-03,"52810 Myers Dale Apt. 627
Ballardside, MS 34834",PENDING,10
4810,Michelle Brown,1996-02-08,"022 Hamilton Mount Apt. 655
Hobbstown, NC 18313",PENDING,47
4811,Katherine Villa,1960-09-29,"19365 Amanda Passage Apt. 822
Denisechester, OK 10035",VERIFIED,58
4812,Edward Berry,1971-08-16,"50642 Crawford Estate Apt. 797
Joshuafort, WA 77393",VERIFIED,95
4813,Gabriella Novak,2000-10-21,"7187 Jacqueline Mews Apt. 571
Elizabethview, OH 59525",PENDING,18
4814,Troy Orozco,1983-04-26,"176 Bonnie Walk
Brownmouth, MS 01182",PENDING,87
4815,Sara Pena,1966-06-15,"092 Taylor Brooks Suite 770
West Andrew, ND 68691",PENDING,86
4816,Mary Cowan,1981-10-14,"010 Brandon Estates Apt. 026
Beckview, ID 76756",PENDING,10
4817,Mrs. Kayla Harris,1977-12-21,"PSC 3539, Box 9121
APO AA 90781",PENDING,32
4818,Jennifer Simpson,1962-06-03,"Unit 0401 Box 5437
DPO AP 85178",VERIFIED,60
4819,Justin Rogers MD,1962-01-23,"5023 Laura Vista
East Matthewville, OH 70277",PENDING,54
4820,Diana Martin,1958-01-03,"3862 Reilly Pass Apt. 813
East Danaport, NE 20091",PENDING,77
4821,Laura Reyes,1952-01-26,"83345 April Tunnel Apt. 604
South Jamesmouth, PR 81813",PENDING,56
4822,Melissa Howard,2001-07-08,"071 Hale Inlet Apt. 636
Smithberg, SD 30791",PENDING,33
4823,Lauren French,1974-10-29,"05130 Eric Via Suite 741
Matthewshire, FL 20913",VERIFIED,56
4824,Tyler Bailey,1967-03-28,"Unit 4777 Box 9982
DPO AE 17598",PENDING,59
4825,Margaret Nelson,1971-09-09,"09867 Daniel Ville
Robertburgh, VA 68541",PENDING,37
4826,Christine Peterson,1954-12-23,"9735 Scott Dale
East Miranda, FL 20735",PENDING,17
4827,Nicholas Williams,1979-11-26,"6789 Smith Garden
Holmesville, LA 66749",VERIFIED,36
4828,Mr. Juan Brown MD,1965-11-26,"53755 Williams Estates
East Edward, KS 07036",VERIFIED,82
4829,Stacey Taylor,1956-11-26,"4531 Maurice Circle
East Courtneyton, NV 91082",VERIFIED,96
4830,Troy Johnston,1993-10-02,"50158 Sanders Plains Apt. 727
Trevorport, IL 75760",VERIFIED,28
4831,Jamie Fox,1986-05-24,"PSC 3005, Box 6318
APO AA 49207",VERIFIED,56
4832,Bradley Douglas,1988-03-09,"5547 Jones Glen
Aprilstad, ID 26561",PENDING,90
4833,Luis Watkins,1969-09-25,"22395 Higgins Row Apt. 853
Port Sarahburgh, WI 66938",PENDING,75
4834,Todd Hess,1986-12-01,"Unit 4082 Box 9860
DPO AE 70905",PENDING,40
4835,Randy Hanson,2004-02-11,"88027 Berg Club Suite 133
West Christopherchester, MH 69969",PENDING,81
4836,Arthur Edwards,1988-04-21,"30673 Jennifer Falls Apt. 519
North Jessicaland, VI 20548",PENDING,42
4837,Michael Barnes,1968-05-14,"263 Perez Plaza
Kennethmouth, IA 93973",PENDING,82
4838,Mark Macdonald,1988-01-07,"0669 Randall Land
North Sarah, AL 66960",VERIFIED,14
4839,Ryan Hernandez,1998-02-17,"6965 Lee Shores Apt. 497
Smithfort, FM 68833",PENDING,60
4840,Austin Hampton,1964-07-23,"03712 Jennifer Well
New Thomas, AK 83997",PENDING,28
4841,Robert Price,1962-12-28,"945 Schaefer Walk Suite 546
East William, ME 73831",PENDING,77
4842,John Rose,1977-09-23,"0630 Pruitt Course Apt. 821
Katherinechester, FL 81553",PENDING,48
4843,Mr. David Colon DDS,1978-11-20,"972 Snyder Valley
Pittmanberg, WA 84723",VERIFIED,58
4844,Daniel Ramos,1955-07-01,"35284 Rivera Turnpike Apt. 457
Hayesbury, LA 67915",VERIFIED,37
4845,Daniel Hayden,1968-10-27,"50573 Carrie Way
Port Shane, OR 95785",VERIFIED,22
4846,Eugene Moore,2005-02-14,"901 Michael Shoals Suite 500
Tuckerstad, DC 68409",PENDING,6
4847,Jeffrey Livingston,1989-04-10,"75304 Scott Mews Suite 496
East Kevinhaven, AK 66312",VERIFIED,15
4848,Todd Lawson,1964-07-07,"3887 Williams Spurs Apt. 202
South Nancychester, ME 64416",VERIFIED,89
4849,Barbara Benson,1979-12-02,"742 Moore Row Apt. 284
North Michaelhaven, NV 52398",PENDING,99
4850,Victoria Price,1991-10-17,"94850 Herman Bypass Suite 242
Walterstown, AR 60753",PENDING,99
4851,Lori Walters,1950-11-10,"415 Jackson Knoll Apt. 102
Alexanderville, NJ 69458",PENDING,98
4852,Michael Morris,1952-09-19,"015 Angela Motorway Suite 565
South Benjamin, MD 24948",PENDING,45
4853,Todd Sandoval,1989-09-01,"063 Donna Lakes Suite 885
East Aaronport, WA 98817",PENDING,57
4854,Ashley Gonzalez,2001-01-18,"541 Gutierrez Way
Wolfeberg, MD 31173",VERIFIED,85
4855,Courtney Elliott,2005-06-18,"18018 Lauren Loop Suite 034
Barbaraberg, DC 88012",VERIFIED,22
4856,Stephen Brown,2003-11-13,"74871 Deborah Extensions
New Lisaport, MH 70586",VERIFIED,71
4857,Kelly Garcia,2005-10-02,"4900 Sarah Mills Suite 596
Jeremymouth, OH 63515",PENDING,73
4858,Sheena Weeks,1963-09-25,"857 Brianna Plain Apt. 087
Jessicaburgh, SD 07663",PENDING,76
4859,Brittany James,1985-12-22,"15496 Donald Corners Suite 133
Stevenport, MA 25675",PENDING,100
4860,Sean Trujillo,1990-12-12,"106 Walker Harbors Suite 360
Joshuachester, VA 02967",PENDING,61
4861,Katherine Griffin,1953-07-07,"31042 Nash Ridges Suite 923
West Angelica, FL 31008",PENDING,93
4862,Garrett Williams,1963-10-30,"390 Leslie Union Suite 299
Williamsberg, MP 30516",PENDING,12
4863,Donald Coffey,1977-04-14,"73012 Downs Road
West Patrickfort, WI 15718",VERIFIED,81
4864,Bryan Hernandez,1960-07-25,"2958 Russell Plaza Apt. 059
Joseview, TX 20553",PENDING,16
4865,Jason Camacho,1956-12-12,"37121 Janet Crossroad
Port Joshuachester, KS 65257",PENDING,13
4866,Ian Stanton,1975-04-06,"5291 Cross Glen
South Dylan, NJ 55719",VERIFIED,77
4867,Molly Fisher,1977-11-01,"08441 Miller Ports Apt. 079
New Marilyn, NY 02786",VERIFIED,2
4868,Ryan Saunders,1956-06-20,"65493 Huang Station Suite 269
Port Arthur, NV 05725",VERIFIED,54
4869,Ronald Poole,1965-01-15,"963 Henderson Glen Suite 224
North Jonathanview, PW 44256",VERIFIED,58
4870,Kristin Wu,1985-07-18,"3148 Miller Summit Suite 389
East Richard, KS 90552",VERIFIED,12
4871,Emily Williams,2005-03-17,"24118 Kimberly Parkways Apt. 956
Melissamouth, MT 59011",VERIFIED,5
4872,Anthony Mckenzie,1954-11-22,"5876 Paula Brooks
East Elizabethberg, CO 85513",VERIFIED,86
4873,James Robinson,2007-05-01,"261 Cohen Union
South Charlesbury, ND 40998",PENDING,59
4874,Monica Cook,1959-12-02,"4544 Diane Pike
South Mariaborough, MH 70075",VERIFIED,49
4875,Steven Shaffer,1981-06-26,"7221 Lisa Locks Suite 729
Sabrinafort, VT 11904",VERIFIED,84
4876,Vanessa Grimes,1958-11-16,"54208 Thomas Square
Gallegosmouth, WY 11834",PENDING,29
4877,Cynthia Gardner,1952-06-29,"648 Ramos Springs Apt. 845
Gatesfort, NH 73024",VERIFIED,10
4878,Jacob Clark,1967-05-11,"7631 Charles Islands Suite 258
Cynthiaburgh, FL 72954",PENDING,36
4879,Pamela Williams,1981-01-22,"3767 Ruiz Harbor
South Meghanland, UT 23279",PENDING,72
4880,Rachel Warren,1990-12-16,"04876 Stevens Avenue Apt. 854
East Cindy, IA 19933",VERIFIED,6
4881,Kevin Bryant,1991-12-10,"Unit 9779 Box 1115
DPO AP 15955",PENDING,3
4882,Louis Hart,1993-08-07,"59674 Maria Spring Suite 965
South Erika, GA 89716",VERIFIED,10
4883,Lisa Williams,2001-03-13,"35346 David Locks Apt. 862
Zacharyville, TX 15244",VERIFIED,34
4884,Kathleen Patton,1990-12-06,"0053 William Harbors
Castanedaview, ID 16998",PENDING,76
4885,Andrew Murray,1993-04-07,"2101 Kimberly Neck Apt. 800
Lake Justin, UT 01042",PENDING,93
4886,Robert Bailey,1977-02-04,"9290 Morris Forge Apt. 025
Santiagofurt, IL 85812",VERIFIED,66
4887,William Taylor,1980-07-09,"PSC 2966, Box 4348
APO AP 44837",VERIFIED,7
4888,Mitchell Robbins,1962-11-16,"74926 Jeremy Isle
Lake Rachel, NJ 37432",PENDING,37
4889,Darryl Terry,1951-11-27,"853 Gonzalez Circle
Lucashaven, ID 20015",PENDING,11
4890,Stephanie Maddox MD,1958-01-20,"611 Christian Meadow Suite 502
Michelleburgh, WY 94178",VERIFIED,47
4891,John Brady,1979-08-11,"37426 Alexander Land Apt. 619
Lake Denisefort, AK 78245",PENDING,65
4892,Christopher Stokes,1957-07-17,"0872 Garcia Light Suite 485
Gabrielshire, SC 37357",VERIFIED,66
4893,Kristen Harris,1991-11-14,"Unit 6005 Box 8534
DPO AE 94347",PENDING,41
4894,Cody Johnson MD,1952-03-19,"93630 Martinez Estate Suite 389
Grantshire, MP 96005",PENDING,44
4895,Andrew Becker,1952-01-02,"5407 Lewis Trafficway
South Lisamouth, FM 85304",VERIFIED,15
4896,Christine Sweeney,1988-08-15,"714 English Lights Apt. 287
West Kenneth, DE 77990",PENDING,64
4897,Mr. Clifford Phillips,1975-08-12,"7157 Brian Corner Apt. 445
South Briannamouth, HI 55938",PENDING,38
4898,Erika Middleton,1959-10-30,"666 Rodriguez Stream
South Michelleberg, NH 02315",VERIFIED,3
4899,Patrick Robertson,2002-05-14,"50007 Cortez Lakes
Jeffreyborough, DC 25919",VERIFIED,69
4900,Meghan Coleman DDS,1974-02-03,"PSC 3381, Box 3012
APO AA 76205",PENDING,54
4901,Christian Farmer,2004-09-07,"USNV Olsen
FPO AA 51659",PENDING,18
4902,Kevin Smith,1968-08-26,"6135 Gonzales Centers
Margaretberg, OR 78375",PENDING,75
4903,Christopher Nguyen,1980-06-27,"442 Patricia Port
Martinezfort, WV 65957",PENDING,68
4904,Cynthia Williams,1960-02-26,"67800 Dana River Apt. 570
New Williamfurt, SD 78125",VERIFIED,45
4905,John Stevenson,1971-10-25,"4729 Christopher Points Suite 071
Port Carolyn, AK 02913",PENDING,49
4906,Jacqueline Davis,1958-01-25,"6885 James Plain Suite 488
Kristineburgh, TX 77241",VERIFIED,13
4907,Pamela Martinez,2002-09-28,"05523 Wheeler Mission Apt. 093
Cindyfort, IA 65740",VERIFIED,74
4908,Rebecca Johnson,1988-08-31,"3510 Brian Wall
New Michaelfort, SD 05947",PENDING,84
4909,Nicholas Barton,1966-12-22,"8601 Diana Overpass
North Janicehaven, IN 74005",PENDING,40
4910,Lisa Reid,1982-07-22,"33554 Ibarra Curve Apt. 665
Scotttown, ME 51551",PENDING,77
4911,John Jones,1973-09-14,"772 Stephen Stream
Jonview, TN 81754",VERIFIED,86
4912,Jennifer Ray,2003-04-16,"1099 Price Greens
Kristenshire, FL 27350",PENDING,94
4913,Alexander Gonzales,1990-03-29,"PSC 3966, Box 9521
APO AE 12744",VERIFIED,24
4914,Jesse Lopez,1954-05-11,"4058 Christina Forge Suite 181
East Melanietown, MT 77511",PENDING,20
4915,Jacob Mitchell PhD,1970-02-24,"881 Hernandez Island
Howardfort, VT 15910",VERIFIED,67
4916,Darlene Garcia,1975-08-28,"12887 Kayla Dale Apt. 945
Port Kimberly, ME 08657",PENDING,66
4917,Michael Contreras,1972-11-19,"843 Ariana Brooks Suite 945
Katherinetown, PR 34713",PENDING,58
4918,Antonio Williams,2007-03-15,"83398 Dunn Lock
Port Leonardbury, AZ 02789",PENDING,43
4919,Danielle Gutierrez,1954-11-21,"5763 Gabrielle Extension
East Danielberg, AR 69619",VERIFIED,85
4920,Laura Taylor,1998-01-18,"67774 Andrea Brook
Ramirezbury, TN 91904",PENDING,7
4921,Joseph Ho,2002-12-28,"456 Kathleen Bypass Suite 697
Sierrahaven, AK 35905",VERIFIED,77
4922,Matthew Macias,1980-12-25,"94028 Tami Throughway Apt. 540
Lopezton, NM 23154",PENDING,28
4923,Lynn Torres,1958-02-25,"03959 Robinson Mountains Apt. 457
Molinamouth, KS 53714",PENDING,39
4924,Kevin Rogers,1966-05-09,"PSC 5896, Box 6332
APO AA 73751",PENDING,61
4925,Dustin Rodriguez,1971-05-28,"2461 Jackson Square Apt. 187
North Hannah, WV 80983",VERIFIED,77
4926,Michael Green,1999-08-01,"49288 Ryan Locks Suite 991
Lake Heather, AR 24221",VERIFIED,43
4927,Martin Bolton,1978-02-20,"73840 Johnson Isle Apt. 222
Kathleenmouth, DE 90843",VERIFIED,35
4928,Patrick Diaz,1973-04-10,"57377 Smith Lights
North Haleyport, MD 52286",VERIFIED,47
4929,Barry Patel,1998-06-20,"72632 Howe Plains
West Kenneth, FL 07854",PENDING,13
4930,Christopher Scott,1960-09-13,"60345 Reed Heights Apt. 172
New Kenneth, MS 24560",VERIFIED,27
4931,Alex Rodriguez,1971-12-09,"00447 Daniel Hollow Apt. 568
Reyeston, CO 69729",PENDING,85
4932,Gina Roberts,2003-12-22,"80468 Lee Curve Suite 035
Sosaberg, MT 45533",VERIFIED,38
4933,Jeffrey Foster,1973-03-28,"96525 Palmer Divide
Jacksonville, MI 68641",PENDING,27
4934,Michelle Smith,2000-06-24,"753 Tiffany Prairie Suite 136
Joyceview, IL 29579",PENDING,54
4935,Casey Adams,1955-12-12,"30958 Molina Way
New Rebeccaberg, VT 80491",VERIFIED,33
4936,Kathryn Brown,1970-04-03,"5911 Walker Flat Suite 010
West Mary, MA 32415",VERIFIED,100
4937,Raymond James,1990-07-17,"158 Stacy Trail Apt. 528
Katieborough, VT 74212",VERIFIED,23
4938,Pamela Ross,1989-07-12,"2875 Silva Throughway
Bensonshire, MH 00770",PENDING,62
4939,Nicholas Brewer,1972-08-12,"851 King Bypass Suite 187
Anthonyville, AR 61158",PENDING,64
4940,Sharon Stewart,2005-09-06,"6243 Jessica Squares Apt. 477
Lake Jeremy, SD 68955",VERIFIED,79
4941,Sandra Davis,2004-05-29,"05021 Christina Junctions Apt. 638
East Melody, SD 84619",PENDING,2
4942,Thomas Brown,1983-01-06,"8051 Cooper Station
Lake Jamesstad, AK 85727",VERIFIED,17
4943,Lisa Wilson,1955-01-02,"USNS Arnold
FPO AA 21804",VERIFIED,84
4944,Cynthia Smith,1994-10-14,"171 Kathryn Island Suite 811
Davisbury, KS 27854",PENDING,19
4945,Krystal Phillips,1972-07-17,"735 Melinda Stravenue Apt. 608
East Richardport, FM 11839",PENDING,81
4946,Heather Austin,1969-04-29,"5102 Kim Square Suite 066
Sullivanbury, NC 05477",VERIFIED,84
4947,Casey Lee,1959-05-14,"5256 Roberts Estates
Samuelberg, NE 72886",VERIFIED,46
4948,Tracy Brooks,1980-08-03,"39078 Kathy Wall Apt. 146
Alvarezland, AS 87578",VERIFIED,55
4949,Christopher Weiss,1975-10-23,"390 Johnson Way Suite 777
Johnsonville, PA 63630",VERIFIED,27
4950,Tami Shaw,1978-02-23,"381 Joseph Isle Suite 637
Lake Larry, NV 05124",VERIFIED,98
4951,Johnny Kim,1991-07-20,"59921 Todd Extension Suite 447
West Tristan, MT 54439",VERIFIED,78
4952,Holly Yang,1951-09-01,"03595 Courtney Union Apt. 437
Oliverfort, SD 38413",PENDING,37
4953,Ann Marshall,2007-04-16,"15167 Bryant Shores Suite 436
Coxstad, ME 92352",PENDING,94
4954,Anthony Martinez,1997-05-31,"7885 Mullen Roads Suite 270
Reynoldsbury, MO 65641",VERIFIED,3
4955,Nicholas Hill,1999-05-30,"Unit 9355 Box 4726
DPO AP 64388",VERIFIED,93
4956,Raymond Patel,1974-01-24,"006 Thomas Well Suite 429
East Robert, AS 20780",PENDING,28
4957,Margaret Stephens,1972-02-22,"7181 Kim Oval
Codybury, PA 90790",VERIFIED,85
4958,Jessica Spencer,1962-07-14,"6248 Richard Garden Apt. 692
Lake Kevin, IN 71571",PENDING,89
4959,Brian Mullins,1989-03-17,"0339 Christina Squares Suite 104
Rogerschester, ME 05003",VERIFIED,29
4960,Jason Miller,1972-07-19,"53409 Lewis Summit
Derekport, NV 38484",VERIFIED,67
4961,Nicole Kramer,1974-02-05,"44863 Robert Cliff
Port Ericville, TX 96863",PENDING,16
4962,Kenneth Dixon,2008-04-17,"4171 Stephen Crossing Suite 171
South Danielchester, GU 22368",VERIFIED,26
4963,Leslie Thompson,2007-06-28,"9746 Olson Islands
Wilsonton, SD 12331",PENDING,32
4964,Lorraine Scott,1955-01-17,"6089 Mccarthy Shoals
Rossbury, MN 53588",PENDING,2
4965,Michael Santiago,1988-07-27,"83024 Vega Tunnel Apt. 281
South Jamesfurt, NC 89439",PENDING,10
4966,Elizabeth Lewis,2003-04-18,"0355 Steven Track Suite 888
Port Jennifer, MS 50171",VERIFIED,30
4967,Kevin Lopez,1964-01-23,"031 Anthony Cape
Debraborough, TX 06093",VERIFIED,54
4968,Ashley Yang,1990-02-11,"73311 Gilbert Fords Suite 245
West Matthewborough, CO 72589",VERIFIED,4
4969,Randy Mejia,1951-08-31,"5729 Simon Junction Apt. 203
South Sarahside, MP 06094",VERIFIED,42
4970,Justin Combs,1995-10-22,"213 Carey Valleys Suite 326
Nelsonland, CT 88042",PENDING,13
4971,Mrs. Heather Perry,2006-05-12,"91322 Melody Radial
North Denise, UT 92160",PENDING,10
4972,Christopher Williams,1979-08-09,"63040 Alexis Point
Smithfurt, NM 27627",VERIFIED,22
4973,Matthew Green,1972-11-27,"90069 Hoover Forges Apt. 709
Lake Ericaburgh, CA 03903",VERIFIED,92
4974,Eric Foster,1978-01-01,"71681 James Brook
Charlesfort, NH 13271",PENDING,26
4975,Michael Hodge,1978-08-23,"1888 David Parkway
East Jenna, MP 80117",VERIFIED,64
4976,Taylor Lee,2007-07-04,"313 Carl Parkway
Jamesberg, NM 40818",VERIFIED,32
4977,Brandon Bell,1964-07-19,"04139 Dakota Dam
North Rebeccafurt, NV 73723",VERIFIED,53
4978,Sydney Contreras,2002-11-13,"860 Michelle Brook
Robertstad, VT 92972",PENDING,84
4979,Sean Jarvis,2007-06-12,"84270 Chelsea Lodge Apt. 375
South Nicole, NM 27294",VERIFIED,80
4980,Regina Young,1964-06-25,"0815 Amanda Isle
East Carlyton, AK 16678",VERIFIED,17
4981,Ashley Turner,1998-01-24,"82966 Perez Estates Apt. 916
Johnsonfort, OR 57628",PENDING,34
4982,Emily Cox,1992-02-07,"547 Mcintyre Inlet Suite 644
Brianburgh, WA 49163",VERIFIED,12
4983,Patrick Padilla,1996-07-26,"93934 Carlos Locks
Acevedostad, IA 09889",VERIFIED,93
4984,Frank King,1952-05-06,"1906 Rodriguez Lakes
West Evelyn, WV 26829",VERIFIED,2
4985,Robin Edwards,2003-04-01,"PSC 0533, Box 8330
APO AA 22090",VERIFIED,37
4986,Jennifer Brown,1989-05-23,"166 Livingston Pike
Dodsonfurt, WI 11649",VERIFIED,68
4987,Danielle Roberts,2004-12-28,"63334 Hanson Isle
Clarkborough, NE 57586",PENDING,73
4988,Tiffany Martinez,1980-06-14,"186 Lopez Row Apt. 967
Scottstad, DE 05570",PENDING,21
4989,Daniel Turner,1952-10-09,"82601 Jones Village Suite 752
Jamesburgh, NM 67072",VERIFIED,27
4990,Eric Jackson,1958-02-26,"8598 Adams Landing
New Anntown, MA 97944",VERIFIED,21
4991,Jacqueline Dixon,1975-07-03,"3273 Hill Square Apt. 979
East Craig, PR 98067",PENDING,93
4992,Christina Williams,1994-01-13,"7535 Erickson Spur
Allisonberg, AK 11893",VERIFIED,80
4993,Jesus Thompson,1991-01-02,"PSC 0995, Box 8156
APO AA 89018",VERIFIED,67
4994,Abigail Aguilar,1970-12-16,"5807 Christina Crossing
New Kathleenborough, NV 89864",PENDING,83
4995,Brian Foster,2001-11-21,"192 Harvey Harbors
South Shelley, AL 71635",PENDING,52
4996,Mark Villa,1974-07-12,"407 James Rest
Port Jeffrey, TN 83219",PENDING,13
4997,Melissa Baker,2005-11-02,"04764 Porter Rapid Apt. 700
Pruittmouth, GU 66286",PENDING,60
4998,Rachel Carter,1985-05-23,"98192 Torres Neck Suite 211
North Carlos, VI 31971",PENDING,42
4999,Brandi Rodriguez,1994-04-23,"81811 Kathryn Underpass Apt. 558
North Michael, VT 60093",PENDING,89
5000,Kara Bush,1963-01-02,"49723 Donald Rue
Stephensonberg, CA 21303",PENDING,53
5001,Laurie Mccullough,1987-01-23,"5057 Keith Throughway Suite 078
Lake Andrewside, NH 98913",VERIFIED,96
5002,Daniel Davis,2007-02-09,"994 Wright Estate Suite 137
Copelandmouth, ME 77156",PENDING,87
5003,Amanda Christian,2001-10-24,"72892 Pena Fort
Sharonburgh, VA 46044",VERIFIED,1
5004,Alejandro Frazier,2006-11-08,"6893 Hall Drive Apt. 903
South Steven, PW 02696",PENDING,62
5005,Pamela Mcgrath,1993-04-05,"236 Aaron Locks Apt. 362
Johnhaven, VT 16328",VERIFIED,74
5006,Arthur Baker,1965-01-23,"Unit 3647 Box 8500
DPO AE 96494",VERIFIED,12
5007,Brian Ferguson,1979-05-18,"73345 Weeks Creek Suite 198
East Jodi, FL 44425",PENDING,80
5008,Mary Scott,1996-01-31,"89226 Monica Village Apt. 851
Alibury, WY 31666",VERIFIED,31
5009,Alexandria Deleon,1963-02-16,"73424 Horn Trace Suite 647
South Kevin, MP 23607",VERIFIED,1
5010,David Mata,1998-05-03,"41697 Miller Ridges
Lake Joseshire, MT 37434",VERIFIED,50
5011,Theresa Reyes,1953-09-10,"228 Anderson Springs
Jonathanview, VA 78123",VERIFIED,11
5012,Angela Hernandez,1993-08-05,"810 Miller Summit Apt. 106
Perkinsside, VI 81314",VERIFIED,57
5013,Michael Bentley,1995-09-29,"Unit 5333 Box 9584
DPO AP 91934",VERIFIED,25
5014,Bryan Patel,1991-05-17,"USS Bailey
FPO AP 65262",PENDING,80
5015,Christina Moore,1962-03-30,"184 Edwin Ports
New Shariborough, PR 28380",PENDING,76
5016,Michelle Franklin,2003-06-23,"6633 Pham Skyway
Josephhaven, MD 80874",PENDING,71
5017,Steven Johnson,1968-08-27,"87790 Tyler Curve Apt. 674
Williamsborough, NY 69851",PENDING,34
5018,Kathryn Wang,2007-07-02,"363 Sanchez Trail
East Richardton, PA 32015",VERIFIED,36
5019,Kenneth Davis,1965-09-08,"948 Floyd Garden
Katrinaberg, AZ 40034",PENDING,13
5020,Zachary Martin,1961-08-16,"408 Patrick Tunnel
West Jessica, NV 02693",VERIFIED,47
5021,Phillip Burnett MD,1998-04-26,"305 Santiago Mountain
Port Nicoleside, MS 21731",VERIFIED,43
5022,Nathan Thomas,1979-09-01,"0820 Stephen Cliff Suite 878
East Judyside, AK 49754",PENDING,88
5023,John Jones,1965-01-01,"73367 Anderson Point
Lake Desiree, OK 72431",PENDING,88
5024,Samantha Lee,1994-05-05,"2408 Martin Shores
West Jeffrey, PR 14389",VERIFIED,94
5025,Tony Hampton,1983-06-23,"5088 Michele Spur
East Andrewland, MD 34893",VERIFIED,26
5026,Dawn Miller,1952-07-11,"705 Louis Green Apt. 337
Tristanview, AL 89398",PENDING,15
5027,Margaret Merritt,1975-10-06,"Unit 3580 Box 2083
DPO AA 63679",VERIFIED,60
5028,Trevor Anderson,2006-02-18,"88574 Shepherd Crescent
Elizabethbury, IL 15620",VERIFIED,74
5029,Leah Meyer,1985-08-08,"308 Ronald Villages Apt. 174
Davidview, IL 28667",PENDING,20
5030,Sarah Stanley,1955-02-14,"68322 Anthony Field Suite 068
Lake Marcusshire, MD 65284",VERIFIED,39
5031,Megan Morales,1957-07-10,"88301 William Course Suite 355
Jameston, CO 33820",PENDING,63
5032,Francisco Adkins,2000-12-16,"73277 Tiffany Crest
Jefferyview, NM 91419",PENDING,37
5033,Jennifer Nichols,1959-07-17,"61354 Wagner Flat
Simmonsside, NH 92065",VERIFIED,39
5034,Donna Flores,2005-04-18,"79679 Brent Cove Apt. 170
South Jessica, MO 55312",PENDING,44
5035,Michael Willis,1976-02-13,"18351 Samuel Dale Suite 175
Munozshire, OR 77874",PENDING,56
5036,Daniel Perez,1988-03-14,"0642 Thompson Falls
South Danny, PW 18834",PENDING,19
5037,Michael Galloway MD,1955-08-08,"1398 Bates Ville Apt. 323
East Jesse, CO 12951",VERIFIED,26
5038,John Rivera,1977-01-30,"7749 Darryl Roads Suite 544
North Zachary, MT 56770",PENDING,75
5039,Evelyn Sutton,2001-09-06,"27605 Gray Pass Suite 521
Lake Alejandrachester, NH 95202",VERIFIED,17
5040,Victoria Mendoza,1998-07-11,"2696 Bowman Estates Apt. 321
Wangside, MN 64462",VERIFIED,19
5041,Mrs. Cynthia Greene,2002-03-10,"6366 Martinez Passage
Gutierrezton, FM 45164",PENDING,36
5042,Keith Smith,1956-07-25,"504 Harrison Fords
Rogershire, SC 72562",VERIFIED,89
5043,Thomas Green,2007-11-09,"2020 Werner Dale Suite 474
South Christystad, CA 16521",PENDING,28
5044,Audrey Huber,1961-03-21,"8972 Bullock Squares
South Tammymouth, NE 31640",VERIFIED,91
5045,Anna Nicholson,2001-02-15,"9987 Johnson Islands
West Staceytown, GU 63806",PENDING,27
5046,Michelle Francis,1955-02-19,"USCGC Estrada
FPO AP 28683",PENDING,90
5047,Amanda Sanchez,1968-02-03,"91817 Palmer Falls Apt. 580
New Denise, NC 46741",PENDING,33
5048,Ronald Wiley,1972-10-22,"058 Justin River Apt. 235
Melissaport, ID 87173",VERIFIED,81
5049,Diane Solis,1985-07-28,"PSC 6583, Box 2354
APO AP 35158",PENDING,19
5050,Brian Johnson,1973-06-03,"USNV Forbes
FPO AA 89457",PENDING,95
5051,Tiffany Hoffman,1983-01-07,"USCGC Perry
FPO AE 97219",PENDING,64
5052,Tammy Jackson,1965-11-21,"68903 Michele Knolls Suite 783
Jamesmouth, CO 75954",PENDING,79
5053,Benjamin Horne,1967-12-16,"274 Robbins Points Suite 804
West Ian, CA 75554",PENDING,19
5054,David Miller,1968-11-13,"PSC 5819, Box 3732
APO AE 12918",PENDING,20
5055,Kimberly Sanders MD,1970-03-04,"5079 Holmes Harbor Suite 523
New Lauren, NV 74594",VERIFIED,70
5056,Jacqueline Graves,1957-06-20,"5768 Stafford Ridge
Andersonside, IL 54131",VERIFIED,76
5057,Gabriel Horton,1973-01-15,"9787 Allen Ville Apt. 922
Andrealand, AR 02602",VERIFIED,69
5058,Angela Barnes,1997-05-27,"9034 Williams Unions Suite 317
East Mckenzieberg, GA 89710",VERIFIED,83
5059,Nathan Potter,1954-05-14,"10217 Andersen Turnpike
Thomastown, MT 02269",VERIFIED,6
5060,Christy Hicks,2003-02-28,"601 Earl Lake Suite 284
Lake Yesenia, NE 60636",VERIFIED,70
5061,Anthony Bernard,1957-02-12,"3910 Hart Common Apt. 411
Thompsonmouth, IL 19951",PENDING,24
5062,Crystal Mcdaniel,1964-10-25,"989 Scott Viaduct
South Stanley, NH 65120",VERIFIED,14
5063,Katie Castro,1991-01-03,"Unit 6092 Box 5984
DPO AP 06293",VERIFIED,13
5064,Theodore Wise,2003-07-16,"3603 Monroe Mews
Jodihaven, TX 15566",VERIFIED,60
5065,Kenneth Nash,1980-07-25,"USNS Williams
FPO AA 84328",VERIFIED,17
5066,Jose Cuevas,1971-01-25,"0317 Edwards Circle Suite 500
Cowanfurt, NE 30531",PENDING,32
5067,Shawn Brown,1959-08-07,"49811 Leslie Pine
South Stephenborough, AK 23002",PENDING,64
5068,Jessica Miller,1951-01-31,"29385 Garza Overpass Apt. 740
Colechester, MP 11472",VERIFIED,39
5069,Charles Nunez,2001-07-27,"300 Mendez Flat
Lake Melaniemouth, NV 90875",VERIFIED,24
5070,Dalton Mcgee,1964-06-02,"80684 Howard Key
South Mark, MT 52934",VERIFIED,84
5071,Jason Matthews,1987-11-23,"98463 Alison Pine Suite 519
Morseville, AL 47995",PENDING,75
5072,Nichole Lee,1963-03-02,"081 Zoe Isle Suite 322
Lake Sharon, WI 84042",VERIFIED,78
5073,Steven Sutton,1952-04-17,"USNV Chavez
FPO AE 32087",PENDING,96
5074,Brandon Santos,1959-09-06,"11696 Theodore Brooks
Hughesborough, PW 53887",VERIFIED,1
5075,Scott Lee,2000-10-20,"53131 Brian Fords Suite 149
Hicksfort, AL 48779",PENDING,6
5076,Donald Poole,1975-05-13,"73821 Lori Fork
Harmonstad, FM 46356",PENDING,18
5077,Victoria Robinson,1952-01-16,"4588 Lauren Radial Apt. 702
Kerriberg, WA 58915",VERIFIED,94
5078,David Gutierrez,1987-09-18,"4153 Alvarado Via
North Michelle, AS 32642",PENDING,73
5079,Bill Taylor,1979-05-01,"9601 Jones Forks
North Edwin, OH 81086",PENDING,69
5080,Ronnie Roach,1956-05-16,"43770 David Street
South Phillipchester, WA 99055",VERIFIED,46
5081,Susan Alvarez,1990-09-18,"474 Smith Square
Mitchellborough, NC 44934",PENDING,80
5082,Jason Harrison,1985-12-10,"4993 Paul Flat Suite 163
Barkerport, NY 35847",PENDING,48
5083,Oscar Brown,1980-05-16,"1739 Brown Street Suite 523
Starkport, UT 95900",PENDING,33
5084,Michelle Smith DDS,2005-09-29,"326 Gonzalez Springs Apt. 231
East Deborahshire, WA 80974",PENDING,44
5085,Michelle Wiley,1968-10-22,"89690 Scott Field Suite 035
Thomasland, CT 61937",PENDING,45
5086,Latoya Medina,1995-04-16,"9894 Craig Gateway Apt. 009
West Shawn, NJ 35396",PENDING,82
5087,Michael Williams,2008-04-25,"13684 Michael Courts Suite 572
Michellehaven, NC 73062",VERIFIED,43
5088,Kari Larsen,1979-12-17,"5840 Stewart Extensions Apt. 396
Lake Caseyborough, AL 15025",VERIFIED,58
5089,Linda Ramirez,1994-04-30,"518 John Station
Allisonshire, CO 74137",PENDING,59
5090,Todd Santana,1962-06-18,"0446 Pierce Park
Michelleville, PR 74716",VERIFIED,87
5091,Dakota Todd,1982-02-23,"2761 Miller Loaf Suite 485
Lauraton, AS 39278",VERIFIED,74
5092,Michelle Johnson,1977-12-25,"4337 Brown Freeway Suite 292
New Daniellechester, ND 15927",VERIFIED,63
5093,Corey Simpson,1966-03-24,"7205 Susan Knolls Suite 961
Keithside, PR 83628",PENDING,51
5094,Paul Smith,1960-03-17,"00011 Katherine Prairie Apt. 266
Brittneytown, AR 48824",VERIFIED,62
5095,Robert Ruiz,1999-08-15,"958 Shelley Land Suite 333
Davisburgh, GA 06482",PENDING,20
5096,Zoe King,1991-07-24,"68467 Andres Cape Suite 282
North Jose, TX 42594",PENDING,3
5097,Diane Carter,1956-04-17,"PSC 3886, Box 9357
APO AA 22046",VERIFIED,96
5098,Lisa Phillips,2004-12-24,"348 Mark Valleys
East Amandastad, WV 06819",PENDING,16
5099,Brandon Clark,1962-07-03,"06065 Jose Falls
Lake Joshuashire, NM 19296",PENDING,95
5100,Paula Mcdonald,1995-06-09,"03231 Stephanie Viaduct Suite 919
Hansenfort, OR 85484",PENDING,41
5101,Jennifer Crosby,1990-10-22,"170 Robinson Tunnel Apt. 133
West Rebecca, FL 26940",PENDING,73
5102,Scott Harvey,1965-01-03,"936 Travis Greens Suite 405
Travisside, NV 93586",VERIFIED,35
5103,Daniel Moon,1983-06-03,"27686 Daniel Corner Suite 597
Grahamberg, WY 18312",VERIFIED,45
5104,Jessica Mann,1963-05-12,"3947 Michael Centers
Martinezland, SC 80430",PENDING,5
5105,Donna Small,1986-04-30,"230 Rivera Junction Apt. 263
South Chad, NV 44536",PENDING,4
5106,Jennifer Schmidt,1965-08-26,"5513 Ortiz Mews Apt. 510
North Alyssabury, WV 31342",PENDING,35
5107,Michael Long,1954-05-07,"52094 Tamara Village Suite 224
Port Michaelland, WA 14309",VERIFIED,76
5108,Timothy Charles,2005-12-28,"00278 Jennifer Lake
East Mary, NC 58526",PENDING,36
5109,Lisa Stone,1967-05-21,"Unit 0174 Box 9545
DPO AP 87190",PENDING,72
5110,Timothy Allen,1970-01-24,"6737 Chen Freeway
East Jessicaberg, FM 19389",VERIFIED,61
5111,Stacey Kelly,1995-08-25,"472 Jones Pike Suite 933
Daniellefurt, MI 13371",VERIFIED,17
5112,Matthew Jordan,1972-05-25,"USS Black
FPO AP 73850",VERIFIED,17
5113,Kyle Jackson,1974-06-27,"USS Mills
FPO AE 28376",PENDING,40
5114,Curtis Nicholson,1991-12-30,"587 Avila Drive
Norrishaven, MP 34523",PENDING,43
5115,Hannah Peterson,1968-06-09,"1635 Kelly Circle
New Marcusview, HI 65466",VERIFIED,29
5116,Jonathan Estes,1976-04-26,"8906 Hill Place Apt. 192
Penaside, KY 62572",PENDING,56
5117,Kathleen Carlson,1993-04-11,"816 Nguyen Neck
West Michael, VT 96897",PENDING,21
5118,Michael Baldwin,2000-01-24,"36026 Larry Bypass Apt. 667
Molinaberg, MD 77823",VERIFIED,93
5119,Tyler Martin,1980-06-29,"1525 Justin Spurs Suite 015
Lopezchester, VI 08691",VERIFIED,78
5120,Scott Garner,1970-11-16,"597 Martin Alley Apt. 910
Burkeberg, AZ 38311",VERIFIED,92
5121,Maria Flores,1966-10-27,"26938 Mcdonald Isle Suite 270
Ginaborough, NH 06004",VERIFIED,25
5122,Matthew Hayden,1977-01-26,"17317 Madison Ramp Suite 087
North Brianview, FM 86643",VERIFIED,8
5123,Christopher Reyes,1978-12-25,"8236 Michael Point
Rossville, CA 12182",PENDING,2
5124,Marcus Thomas,1964-10-06,"4873 Tucker Lodge Suite 639
Williamfort, DC 19636",PENDING,53
5125,Catherine Hunter,2004-04-07,"09367 Casey Trafficway
Ramosfort, SC 65974",PENDING,68
5126,Antonio Dean,1968-11-27,"06382 Mueller Light
North Dylanland, VI 64236",VERIFIED,85
5127,Kirk Wilkinson,2007-08-24,"4068 Davis Garden
Carlosborough, NJ 85251",VERIFIED,29
5128,Ian Hendricks,1980-07-07,"2708 Trujillo Shore
West Tracyview, ID 80454",VERIFIED,18
5129,Sarah Johnson,2006-07-17,"851 James Flats Apt. 067
Davidsonstad, VT 50217",VERIFIED,20
5130,George Skinner,1970-09-27,"091 Garza Knoll Apt. 285
South Julianmouth, AZ 44542",VERIFIED,73
5131,Amy Hall,1986-04-13,"17604 Ortiz Curve
Jamiemouth, GU 98692",PENDING,58
5132,Anthony Duncan,2001-10-27,"0260 Joshua Lock Suite 627
East Shannonmouth, KY 66238",VERIFIED,71
5133,Mrs. Heather Best PhD,1986-02-20,"237 Williams Run Suite 397
Reevesburgh, GU 08180",PENDING,44
5134,Robert Rodriguez,1960-09-03,"7589 Gallegos Centers Suite 443
Port Christopher, AZ 84170",VERIFIED,72
5135,Timothy Martinez,1992-01-29,"6433 Wood Port
West Calvinchester, PA 45886",VERIFIED,89
5136,William Koch,1968-11-17,"1223 Jeffrey Centers
Hendersonton, MA 43303",PENDING,91
5137,Jane Mendoza,1964-10-27,"8488 Thompson Burg
Eugenemouth, OR 15736",VERIFIED,70
5138,Frank Miller,1974-03-28,"269 Jenkins Club
South Cheryl, NY 66263",VERIFIED,44
5139,Michael Harris,1982-03-14,"06714 Salinas Plain Suite 131
South Neil, DE 35238",VERIFIED,65
5140,Michael Silva,1957-01-20,"88160 Gibson Freeway
Heathertown, SC 12038",VERIFIED,81
5141,Ronald Williams,1966-05-31,"141 Jane Plains
East Patriciaberg, PW 43898",VERIFIED,56
5142,Brittney Quinn,1990-02-05,"14806 Jeffrey Springs Apt. 674
Lake Isaiah, NH 13748",PENDING,57
5143,Kendra Wilson,1960-02-09,"03098 Ross Turnpike
New Anthonymouth, NE 70066",PENDING,31
5144,Charles Lucas,1983-08-03,"49472 Amy Tunnel
Jimenezberg, OR 68312",PENDING,96
5145,Alexander Vega Jr.,1971-07-22,"658 Snyder Freeway Apt. 806
South Markmouth, MO 85087",VERIFIED,31
5146,Jo Davis,1999-02-28,"004 Daniel Mount Apt. 074
West Karlborough, IL 37575",VERIFIED,43
5147,Ms. Caitlin Turner MD,1968-12-31,"6109 Lori Wall Apt. 497
Johnstonmouth, TX 82030",PENDING,61
5148,Taylor Salinas MD,1989-05-16,"6038 Mallory Harbors Apt. 843
South Rhonda, NM 82812",PENDING,67
5149,Paula Cooke,1975-10-28,"USNS Clark
FPO AA 48275",PENDING,79
5150,Marie Villarreal,1986-11-10,"515 Garcia Causeway Suite 971
East Andreahaven, DE 69155",PENDING,57
5151,Kent James,2006-11-11,"11826 Danny Branch Suite 208
Poolehaven, AZ 74116",PENDING,53
5152,Melanie Oconnor,1978-04-01,"98223 Kimberly Alley Suite 034
Kimmouth, DE 97610",PENDING,13
5153,Donald Sutton,1959-08-09,"61763 Jones Points
Johnsonville, RI 66700",VERIFIED,6
5154,Sheena Neal,1983-01-17,"PSC 9054, Box 4859
APO AA 93301",VERIFIED,92
5155,Jessica King,1974-04-25,"36597 Mark Centers
Westbury, OH 28736",PENDING,4
5156,Brenda Duncan,1963-12-05,"84102 Bray View Suite 280
Mezaburgh, MS 19461",VERIFIED,70
5157,Nancy Ross,1964-03-07,"2616 Jessica Manor Apt. 354
East Davidfurt, CT 68220",VERIFIED,63
5158,Jonathan Contreras,2001-10-15,"61078 Boyle Drive Apt. 061
Port Robert, AK 88973",VERIFIED,39
5159,Randy Hood,1965-01-06,"05122 Frederick Lake
South Anthony, TX 47247",PENDING,62
5160,Hunter Coffey,1998-04-03,"079 Gomez Estate
Jacobsfurt, NH 39138",PENDING,85
5161,Erin Phillips,1960-03-09,"13875 Willie Roads Suite 694
West Arielchester, AS 31005",VERIFIED,46
5162,Joseph Mora,1952-04-15,"11142 Pierce Point Suite 692
Laurenport, MS 83020",VERIFIED,42
5163,Lori Charles,2004-06-18,"693 Jonathan Fort Apt. 145
West Jason, VA 83290",VERIFIED,96
5164,Christopher Lee,1986-05-05,"138 Jason Wall Apt. 130
New Christianfurt, FL 38322",PENDING,55
5165,Mary Duffy,1962-04-16,"35932 Vasquez Fords
Lake Kevinstad, RI 24324",VERIFIED,50
5166,Kathleen Stewart,1953-09-30,"65993 Woods Plaza Suite 262
Nicholasmouth, VI 67272",VERIFIED,14
5167,Brittany Turner,1998-01-14,"6323 Joshua Lodge Apt. 777
Markview, MP 07736",VERIFIED,20
5168,Isabella Rivera,1965-10-13,"0747 Amy Locks
Michaelchester, KY 48099",PENDING,77
5169,Linda Ellis,2002-12-11,"49729 Holmes River Suite 925
Stewartstad, NY 65565",VERIFIED,87
5170,Donna Peterson,1959-06-01,"211 William Pines Apt. 640
Barbarastad, OR 02843",PENDING,5
5171,Dr. Tyler Mitchell,2004-06-10,"762 Kyle Alley Suite 391
Torresfurt, WI 87989",VERIFIED,55
5172,Lauren Riddle,1986-12-25,"09520 Rebecca Fork Suite 833
Hansonstad, SC 96870",PENDING,77
5173,Robert Bailey,2006-09-09,"8959 Stacie Field
Brianashire, PA 69254",VERIFIED,62
5174,Jonathan Park,1973-10-11,"558 Hicks Square
Port Alexaport, ME 95852",VERIFIED,14
5175,Mr. John Wilson,2000-06-22,"96092 Peters Islands
Stephanieberg, SD 74135",PENDING,23
5176,Jamie Bush,2000-02-27,"243 Joshua Creek Apt. 509
Brentbury, NM 04179",VERIFIED,99
5177,Jared Wilkins,1962-04-20,"724 Gillespie Glens Suite 586
Kaylaport, GA 84397",PENDING,77
5178,George Perez,1983-11-27,"559 Cynthia Green
Markton, ND 87732",PENDING,13
5179,Caitlin Church,1965-08-19,"2636 Cooper Isle Suite 674
West Sheilaborough, MD 07183",PENDING,79
5180,Laura Mejia,2003-03-03,"2291 Justin Throughway
Port Billyside, AR 62631",PENDING,26
5181,Stacey Pittman,1969-09-06,"Unit 6002 Box 5360
DPO AP 45693",PENDING,72
5182,Lawrence Richards,2006-12-26,"938 Olson Ports
North Thomas, AL 27385",VERIFIED,53
5183,Michael Ferguson,1952-11-16,"00260 Lisa Spur Suite 880
Seantown, DE 28938",VERIFIED,16
5184,Dr. Robert Barber,1981-11-13,"4366 Downs Garden
South Phyllisstad, DE 36299",VERIFIED,5
5185,James Walton,1970-12-19,"Unit 5263 Box 8366
DPO AA 99112",VERIFIED,16
5186,Derek Robbins,1960-05-08,"55570 Joshua Extension
West Laurentown, ME 76042",VERIFIED,78
5187,Howard Gregory,1957-03-18,"679 Clements Forest Apt. 185
East Devonberg, CO 37173",VERIFIED,72
5188,Toni King,1970-08-03,"247 Wallace Ports Suite 226
Mariabury, DE 94465",PENDING,67
5189,Brett Rodriguez,1996-02-19,"9692 Steve Unions
Murphychester, CT 55563",VERIFIED,87
5190,Raymond Cox,1998-01-19,"6466 Nelson Highway Apt. 704
Lake Johnnyfort, DE 71857",VERIFIED,89
5191,Anthony Taylor,2002-11-18,"Unit 7433 Box 4352
DPO AP 54734",PENDING,72
5192,Mr. Luke Gardner,1956-06-05,"54485 Young Flats Apt. 303
Port Tracy, KY 73409",VERIFIED,69
5193,Xavier Miller,1950-08-16,"PSC 1779, Box 1215
APO AP 90546",PENDING,70
5194,Courtney Carter,1982-11-04,"737 Stevens Stravenue
Trevinoton, PR 20041",PENDING,51
5195,Catherine West,1953-01-13,"669 Katie Trail
South Anitabury, ID 97985",VERIFIED,13
5196,Michelle Booth DDS,1982-03-31,"28053 Julie Pines
Emilyburgh, AL 88667",VERIFIED,97
5197,Karen Jenkins,1991-02-28,"35726 Kayla Roads
New Kellyview, MT 11266",VERIFIED,67
5198,Thomas Perkins,1960-02-15,"1883 Ryan Expressway Suite 159
Howellview, MT 90218",PENDING,47
5199,Matthew Williams,1971-01-24,"617 Mary Square Apt. 996
Port Michael, CO 99134",VERIFIED,50
5200,Adam Smith,1958-05-10,"0417 Ashley Avenue
Port Michael, HI 79495",VERIFIED,90
5201,Timothy Thomas,2003-02-21,"197 Jason Trail
South Ryanchester, AL 06898",VERIFIED,53
5202,Tyler Reese DVM,1973-12-19,"4622 Justin Vista Suite 951
Brandtfort, SC 93887",VERIFIED,15
5203,Ashley Hernandez,1962-02-04,"452 Cruz Light
Harrisonport, WA 32261",VERIFIED,91
5204,Jeremy Caldwell,1985-01-07,"USS Flowers
FPO AE 25712",PENDING,95
5205,Heather Lawrence,1957-05-30,"PSC 8708, Box 6314
APO AA 63579",PENDING,33
5206,Nicole Gonzalez,1990-01-11,"USNS Cruz
FPO AE 07642",PENDING,5
5207,Jamie Potts,1965-11-19,"8598 Rodriguez Springs
Hernandezburgh, UT 04914",PENDING,44
5208,Michael Velazquez,1996-10-01,"USCGC Weiss
FPO AE 39008",VERIFIED,37
5209,John Gregory,1962-10-05,"2953 Cynthia Path Apt. 344
Whiteborough, FM 01096",VERIFIED,70
5210,Kimberly Gardner,2004-09-26,"5779 Benjamin Squares
Gainesmouth, RI 80047",VERIFIED,68
5211,Carol Christian,1977-07-04,"10375 Jocelyn Loaf
Lake Hunter, KS 53778",VERIFIED,88
5212,Angela Burch,1964-01-27,"101 Jackson Lodge Apt. 943
New Tabithaburgh, PR 04508",PENDING,13
5213,Jesse Anderson,1952-03-29,"0510 Elizabeth Unions
South Vanessa, NV 04503",VERIFIED,100
5214,Daniel Montgomery,1961-12-10,"4940 White Rapids Suite 708
North Jamesborough, WI 38075",PENDING,74
5215,Ruben Golden,1977-05-01,"9248 Brian Prairie
East Jennifer, PA 70058",PENDING,35
5216,Kayla Gilbert,2004-04-30,"PSC 4842, Box 8495
APO AA 63802",PENDING,43
5217,Teresa Maddox,1998-06-28,"57265 Harris Knoll Suite 486
East Josephville, RI 95469",VERIFIED,17
5218,Kimberly Baker,2005-04-08,"058 Gabriel Port Suite 049
South Saraton, MT 80827",VERIFIED,58
5219,Tracy Rodriguez,1962-08-08,"984 Barajas Avenue
Port Juanburgh, DE 86256",PENDING,57
5220,Jordan Moran,1952-11-29,"88262 Clark Common Apt. 704
Bennettmouth, WI 78980",VERIFIED,70
5221,Katherine Fritz,1954-12-14,"791 Bright Fork Suite 388
Lake Katherine, IA 17825",VERIFIED,36
5222,Mario Collins,1992-02-24,"7655 Jay Ranch Suite 832
South Robertborough, PW 83702",PENDING,43
5223,Shane Keller,1963-02-20,"25337 Steven Ridge Suite 984
East Noahmouth, CT 68784",PENDING,58
5224,Rebecca Brown,1987-05-29,"1778 Brian Ramp Apt. 397
Port Michael, MS 94841",PENDING,72
5225,Tracy Johnson PhD,2005-05-24,"279 Valdez Lodge
Stephanieshire, AS 11716",VERIFIED,80
5226,Justin Baker,1955-07-18,"6594 Jefferson Village
South Jamie, NC 62882",VERIFIED,20
5227,Bobby Garcia,1957-08-20,"07008 Stephanie Keys
West Bobby, MH 83832",VERIFIED,67
5228,Mr. Stephen Price,1977-03-29,"0826 Thomas Run Suite 755
New Heather, CA 58384",VERIFIED,65
5229,Mr. Jay Huber,1951-10-25,"12868 Swanson Trail Suite 663
East Mary, PW 80639",VERIFIED,64
5230,Jose David,1981-04-08,"75305 Sandra Keys Suite 771
Romanville, NY 40796",VERIFIED,46
5231,Paula Shepherd,2002-09-13,"15608 Matthew Key Apt. 746
Port Nicolehaven, MS 78086",PENDING,26
5232,Deanna Santos,1968-05-12,"046 Ryan Center Suite 447
Lake Raymond, PW 67097",PENDING,26
5233,Bridget Curry,1988-12-15,"1493 Smith Corner Apt. 764
Port Cheryl, WV 15377",PENDING,11
5234,Jay Hansen,1998-01-28,"599 Myers Ridge
Jakeside, GA 88567",PENDING,18
5235,Andrew Mathis,2008-01-17,"92381 Amber Roads
North Paul, WV 19137",PENDING,19
5236,Leah Golden,1973-11-02,"00815 Timothy Stream
East Blakebury, MP 09588",PENDING,23
5237,Jared Cline,1972-08-10,"5201 Michael Ridges
Christopherburgh, DC 64125",PENDING,70
5238,Joseph Parker,1967-12-01,"Unit 1452 Box 8343
DPO AA 36632",VERIFIED,16
5239,Kelly Kirby,2003-09-03,"42951 Nelson Plain Suite 426
South Brandon, NV 55164",VERIFIED,34
5240,Adam Davis,1983-05-05,"8503 Garcia Coves Apt. 534
West Micheleland, ND 20002",VERIFIED,19
5241,James Robbins,1964-03-02,"328 Sullivan Orchard Apt. 493
West Tara, MN 39940",PENDING,21
5242,Brianna Benson,1990-05-05,"33480 Daniel Springs Suite 486
North Joshua, CA 27443",PENDING,79
5243,Julie Blake,1991-02-09,"113 Powell Stream Suite 623
Port Cameron, RI 62006",PENDING,20
5244,Wanda Miller,2008-04-11,"8255 Alexander Loaf
New Kelly, WA 04306",PENDING,26
5245,Mr. Cody Vargas,1982-03-21,"8032 David Mountain Suite 791
West Aprilville, WI 06336",PENDING,58
5246,Mario Mccarty,1997-01-22,"7291 Mcdonald Bridge
North Kathyside, WA 29680",PENDING,64
5247,Tiffany Roy,2007-10-20,"329 Martin Mountains Apt. 612
Lake Brandiburgh, MS 63565",PENDING,68
5248,Joseph Long,1975-12-28,"9846 Ryan View Apt. 027
Port Amber, IL 07537",PENDING,95
5249,Melanie Kline,1954-02-17,"715 Karen Drive Apt. 039
South Melissaburgh, AL 93731",PENDING,9
5250,Joy Mckinney,1960-02-13,"32864 Amanda Forge Suite 195
North Justinfort, PW 29079",VERIFIED,96
5251,Calvin Castro,1972-05-17,"82065 Harold Falls
South Susan, NM 57078",PENDING,8
5252,Jeffrey Green,1992-07-29,"80345 Tommy Ways
Leefurt, WY 48256",VERIFIED,23
5253,April Hill,1954-10-07,"7609 Medina Mountain
Brownport, NE 10088",VERIFIED,12
5254,Thomas Santos,1971-01-06,"14869 Mclean Tunnel
Port Peter, PR 77356",VERIFIED,38
5255,Mary Stewart,1963-12-24,"000 Vanessa Inlet
Spearsbury, RI 23705",PENDING,3
5256,Amy Campbell,1971-12-02,"32137 Alexa River
South Evelyn, IN 23508",PENDING,75
5257,Leah Becker,1984-06-02,"9771 Audrey Haven Suite 525
South Stephenport, MA 05117",PENDING,43
5258,Leslie Finley,1956-08-01,"230 Crystal Meadow
South Erica, OH 47822",VERIFIED,17
5259,Jordan Jones,1983-08-31,"69349 Leonard Pine Apt. 991
New Brianberg, OR 44173",VERIFIED,15
5260,Mark Bean,1960-02-12,"32284 Kenneth Crest
Lake Catherineville, OR 71553",PENDING,82
5261,Jason Brown,1955-04-04,"502 John Springs Apt. 449
New Haroldshire, KY 33274",VERIFIED,42
5262,Patrick Buchanan,1956-04-27,"19712 Tina Plain Apt. 701
New Alexander, SC 91594",VERIFIED,84
5263,Jennifer Rivera,2000-09-10,"296 Short Mountain Apt. 556
Wrightberg, MS 47497",VERIFIED,88
5264,Stephanie Sanders,1982-03-16,"1666 Peter Brooks
Lake Hannah, CT 59012",VERIFIED,68
5265,Johnny Smith,1983-11-03,"871 Christopher Extension
West Jeremiah, IA 82596",VERIFIED,88
5266,Kimberly Rodgers,1969-06-25,"6700 Amber Squares Suite 214
New Ricky, AS 24529",PENDING,60
5267,Steven Fernandez,1975-12-13,"PSC 0948, Box 8630
APO AA 72073",VERIFIED,87
5268,George Doyle,1997-04-30,"77747 Bennett Mission Apt. 052
West Heatherfort, PW 31440",VERIFIED,39
5269,Danielle Hall,2006-12-21,"32480 Bates Rapids Suite 106
Powellhaven, RI 46370",VERIFIED,17
5270,Abigail Simmons MD,1982-09-29,"3374 Elizabeth Stravenue
Lake Renee, DC 12454",VERIFIED,86
5271,Jonathan Gilbert,1954-06-16,"4914 Charles Fall Suite 004
South Susan, IA 60516",PENDING,94
5272,Jessica Holden,1973-12-27,"1260 Zachary Course
Seantown, IL 87071",PENDING,1
5273,Curtis Torres,1952-07-05,"906 Mills Union
Lake Courtneybury, AK 77606",PENDING,87
5274,Mark Johnson,1954-04-04,"821 Gonzalez Locks
Floreston, CA 40504",VERIFIED,71
5275,Francisco Hess,1954-12-08,"7987 Kathryn Knolls Suite 305
Teresaport, MA 96307",VERIFIED,34
5276,Jerry Braun,1951-05-08,"USNV Warren
FPO AE 26452",PENDING,42
5277,John Vasquez,1981-12-31,"495 Hoffman Port
North Michelefurt, ND 44530",PENDING,2
5278,Kristy Arroyo,1963-04-19,"7124 Donald Trail
Theresachester, SC 39271",PENDING,2
5279,Samantha Stewart,1975-05-07,"Unit 3773 Box 6118
DPO AE 81290",VERIFIED,72
5280,Casey Wright,2000-04-23,"57800 Rebecca Falls Suite 391
Sherrishire, KS 96618",VERIFIED,96
5281,Robert Garza,1999-10-16,"351 Amy Unions
Lake Brooke, FL 35940",PENDING,5
5282,Danielle Garza,1951-07-20,"943 Ayers Harbors
Port Stephaniestad, RI 93169",VERIFIED,49
5283,Thomas Torres,1981-08-09,"55791 Gary Station
Gomezshire, NE 46304",PENDING,63
5284,Karen Webb,1987-09-28,"933 John Point Suite 541
East Alison, IA 04808",PENDING,64
5285,Curtis Fischer,1966-07-22,"4660 Brian Tunnel Suite 073
Davisburgh, GA 08901",PENDING,10
5286,Emily Clark,1976-01-18,"654 Hudson Summit Suite 726
Rickyview, NV 50109",PENDING,6
5287,Sabrina Thomas,1967-04-05,"25712 Campbell Canyon
Lake Jacobport, WY 08381",PENDING,48
5288,Stacy Guerrero,1992-11-28,"95078 Brandy Station
Port Gregoryland, IA 03656",VERIFIED,64
5289,Phillip Santiago,1989-07-21,"67328 Crawford Branch Apt. 226
East Catherinehaven, FM 13281",PENDING,15
5290,Michelle Fisher,1955-05-01,"5932 Samantha Junctions Suite 241
North Robertchester, IN 40752",PENDING,86
5291,Mr. Jon Mays,1982-02-20,"8783 Everett Plains Suite 820
Jeffreymouth, GA 74482",PENDING,51
5292,Annette Caldwell,1954-07-24,"567 Garrett Streets Apt. 278
Jocelynstad, MS 19761",PENDING,2
5293,Scott Bradshaw,1988-06-29,"6136 Ashley Courts Suite 741
West Johnfort, SD 73898",VERIFIED,2
5294,Christopher Holland,2008-05-22,"74927 Paul Trace Apt. 659
Gloriaburgh, FL 71832",PENDING,49
5295,Richard Norman,1955-01-18,"457 Oliver Gardens Apt. 481
West Rhonda, MT 96727",PENDING,34
5296,Corey Meyer,1985-10-13,"704 Hopkins Loop Apt. 716
Collierfort, GU 39481",VERIFIED,43
5297,Jeremy Berg,1977-06-29,"524 Davis Common
West Nancyville, OH 92973",PENDING,36
5298,Lori Johnson,2004-05-13,"76492 Christian Field
Davidhaven, PR 41798",VERIFIED,44
5299,Richard Sanders,1956-10-08,"56593 Steven Loaf
Brownchester, AK 75033",PENDING,47
5300,Lindsey Decker,1980-03-15,"Unit 1747 Box 9653
DPO AP 80860",PENDING,2
5301,Erin Webb,1986-10-05,"29762 Manuel Vista Suite 652
Yolandaport, OH 67704",PENDING,2
5302,Alexa Higgins,1988-02-23,"56722 Green Rest Apt. 846
North Steven, VA 65758",PENDING,63
5303,James Alvarado,1994-03-16,"877 Price Trafficway Apt. 009
Tylerview, DC 47009",VERIFIED,34
5304,Audrey Jimenez,2007-10-04,"2382 Holder Streets Suite 102
Brockfort, MA 16602",VERIFIED,4
5305,Jeremy Sullivan,1958-10-24,"421 Wang Skyway
North Annhaven, WA 46742",VERIFIED,94
5306,Michael Becker,1991-04-30,"USNV King
FPO AP 05005",PENDING,56
5307,Aaron Henderson,1975-11-26,"356 Michael Mount Suite 633
Lamfort, CO 95464",PENDING,91
5308,Susan Marshall,1969-10-09,"Unit 1274 Box 4705
DPO AA 62609",PENDING,95
5309,Jasmine Foley,1999-11-13,"6110 Gregory Crossing
Samanthaland, AZ 94545",PENDING,74
5310,Larry Miller,1983-04-13,"916 Williams Points
Ryanhaven, IA 91362",PENDING,17
5311,Terry Rojas,1958-05-08,"8055 Barrett Springs Suite 298
West Tammy, OH 05527",PENDING,76
5312,Angel Murray,1960-10-21,"35524 Karen Path
Scotttown, KS 19899",PENDING,90
5313,Dana Barker,1991-08-10,"487 Victoria Springs
Turnerside, IN 40124",PENDING,65
5314,Jennifer Levine,1992-09-16,"56270 Lynn Wells
North Lisaberg, NC 12832",PENDING,35
5315,Heather Price,2007-05-02,"771 Dunlap Summit
Garcialand, WV 56881",VERIFIED,90
5316,Diana Benson,1976-01-01,"9963 Andrews Fords
North Dennisburgh, AK 47423",VERIFIED,24
5317,Robert Butler,2006-06-16,"0224 West Prairie Suite 001
Stevenmouth, DE 72323",VERIFIED,33
5318,Heather Fields,1992-04-17,"43433 Terry Lock Apt. 731
East Stephanie, MT 23427",VERIFIED,38
5319,Justin Haney,1950-06-01,"714 Ashley Mountain
Lake Brendachester, CT 71518",PENDING,48
5320,Hannah Wolfe,1993-03-13,"02857 Grant Glens Suite 371
Bellland, WV 32794",PENDING,78
5321,Laura Haynes,1975-08-27,"3072 Kelly River
Connerburgh, MO 56869",VERIFIED,75
5322,Edward Jones,1981-12-20,"519 Christopher Crest Suite 574
Lake Kelseymouth, FL 58686",VERIFIED,69
5323,Jay Johnson,2002-10-06,"27340 Harris Course
Ricehaven, DC 68573",VERIFIED,99
5324,Kim Lee,1993-09-23,"9220 Avila Junctions Apt. 033
West Benjamin, MP 98359",PENDING,65
5325,Karen Maxwell,1959-05-07,"2353 James Drives Suite 643
Port Bryan, ID 07538",VERIFIED,19
5326,Kristin Peterson,1954-08-12,"354 Maynard Shoals
Woodmouth, PR 94800",PENDING,19
5327,James Evans,1992-08-10,"7215 Anthony Common Apt. 072
West Benjaminfurt, AR 06307",VERIFIED,67
5328,Shawn Mullen,1993-07-13,"845 Daisy Street
North Adamborough, VA 56503",PENDING,73
5329,David Mendoza,1991-02-04,"USCGC Jacobs
FPO AA 11547",VERIFIED,86
5330,John Stone,1956-08-11,"272 Stephen Valley Suite 942
Avilaville, VI 53814",PENDING,95
5331,Ronald Morton,1974-01-06,"8671 Monique Bypass
North Nathaniel, ME 16904",PENDING,59
5332,Kenneth Evans,1992-08-31,"USCGC Evans
FPO AP 70320",PENDING,33
5333,Kristen Monroe,1959-07-01,"97797 Hogan Crossroad
Greenfort, MA 96508",PENDING,7
5334,Sabrina Thompson,1991-06-12,"164 Danielle Heights Suite 887
Andersonshire, ND 29445",PENDING,49
5335,Julia Bender,1960-01-08,"6472 Ashley Forks
South Rebeccahaven, WY 96391",PENDING,90
5336,Paige Mitchell,1954-12-14,"0336 Smith Valley Suite 584
Jamesshire, CO 46301",VERIFIED,72
5337,David Morris,1994-07-24,"931 Robin Mountain
New Robertland, NC 82131",PENDING,74
5338,Christopher Clark Jr.,2000-07-10,"405 Fleming Hollow Suite 959
Stephensmouth, GU 79499",VERIFIED,89
5339,Barbara Hodge,1962-12-17,"594 Smith Isle Apt. 873
Lozanomouth, HI 99276",PENDING,11
5340,Randy Jones,1966-06-06,"PSC 1270, Box 6731
APO AA 54816",PENDING,23
5341,David Anderson,1968-01-18,"8388 Sutton Fall Suite 069
South Tommy, GA 26073",VERIFIED,95
5342,Erica Miller,1998-03-16,"PSC 6959, Box 0815
APO AE 97556",VERIFIED,3
5343,Patrick Cook,2007-11-04,"756 Scott View
Lake Anthonyburgh, PW 75131",PENDING,46
5344,Rachel Jones,1980-03-06,"6821 Munoz Club Suite 653
Johnnyberg, WI 66023",PENDING,70
5345,Joseph Brown,1967-04-15,"2564 Deborah Neck Suite 965
Williamsborough, VA 61696",PENDING,35
5346,Angela Scott,1963-02-03,"8635 Ramsey Lodge Suite 429
West Jenniferview, MN 36304",VERIFIED,22
5347,Jennifer Dixon,1957-08-13,"3361 Dixon Harbor Apt. 678
Snyderstad, MS 25537",VERIFIED,73
5348,John Hess,1997-10-12,"21658 Crystal Park Suite 085
Patrickbury, DC 29323",PENDING,58
5349,Penny Banks,1982-11-06,"68502 Holly Junctions Suite 394
West Robertborough, IN 22771",PENDING,19
5350,Debra Henry,1959-08-02,"5658 Jones Cliff
Merrittstad, TX 38126",VERIFIED,33
5351,Karen Luna,1965-02-09,"932 Rogers Grove Apt. 597
Ramosstad, IL 34137",PENDING,52
5352,Robert Montes,1992-05-28,"27523 Tate Orchard
Lake Nancy, AR 85868",PENDING,23
5353,Melissa Powell,1968-06-17,"10768 Erickson Trail
Port Juan, PA 05995",PENDING,24
5354,Priscilla Adams,1966-10-13,"766 Roberts Mountains
Jacquelinehaven, KY 51906",PENDING,86
5355,Bradley Palmer,2000-03-25,"4331 Rachel Manor Apt. 244
Port Julie, DC 60183",PENDING,71
5356,Jonathan Munoz,2007-09-24,"2099 Lisa Vista Apt. 871
North Scottton, FM 76535",VERIFIED,70
5357,James Montgomery,1956-01-14,"1711 Cole Burg
Johnsonshire, GA 41101",PENDING,8
5358,Joshua Walton,1967-04-03,"3608 Jeremy Run Apt. 530
Meganburgh, IA 33538",VERIFIED,74
5359,Jason Cooper,1983-02-02,"679 Burns Groves Suite 139
Smithfort, WA 28455",VERIFIED,46
5360,Scott Fox,2006-10-14,"72109 Henderson Forges
Lake Keith, ND 16576",PENDING,47
5361,Howard Hahn,1978-08-23,"94026 Austin Stream
Frenchchester, MH 37981",PENDING,88
5362,Mason Hopkins,2005-10-16,"712 Brian Row
East Lisaland, OH 37054",PENDING,71
5363,Jeffrey Kennedy,1985-05-10,"67414 Dennis Ways
Douglasbury, CT 97336",VERIFIED,27
5364,Zachary Rodriguez,2004-05-06,"838 Victor Corners
Davischester, SC 88635",PENDING,74
5365,Sarah Ward,1988-07-30,"680 Dominguez Mission
Teresaton, IN 94931",VERIFIED,40
5366,Michael Dennis,1980-04-30,"9339 Timothy Flat
East Johnville, RI 05076",VERIFIED,3
5367,Angel Gray,1967-11-09,"66888 Marc Hollow
South Amandatown, VI 02942",PENDING,43
5368,Mackenzie Jenkins,1993-02-15,"265 Flores Mountain
Brianhaven, WV 83891",VERIFIED,18
5369,Debbie Hart,1986-12-27,"USNS Snyder
FPO AE 81905",PENDING,88
5370,Wendy Hamilton,1992-10-14,"127 Kelley Mills
East Christopherville, WY 80058",VERIFIED,82
5371,Jake Dillon,1983-02-12,"2807 Debbie Crossing
Hawkinsstad, VI 46543",PENDING,40
5372,Sara Fuentes,2005-10-19,"USCGC Hubbard
FPO AP 21544",PENDING,98
5373,Amy Patrick,1986-06-02,"813 Holder Ports Suite 466
Rogermouth, VA 64546",VERIFIED,1
5374,Michael Whitaker,1967-01-14,"86082 Laura Squares
East Annabury, FL 30882",PENDING,83
5375,Daniel Flores,2008-01-16,"958 Wendy Court Apt. 706
Jessicafort, AZ 12759",PENDING,32
5376,Renee Sanchez,1954-12-13,"1878 Schmitt Centers
Lake Tiffany, OR 17630",PENDING,42
5377,Michelle Kaufman MD,1972-11-20,"Unit 5965 Box 0595
DPO AA 97920",PENDING,72
5378,Kevin Tate,1998-05-13,"USNV Palmer
FPO AP 05312",VERIFIED,6
5379,Dustin Farrell,1966-06-30,"8921 Hannah Key
Vasquezshire, HI 50396",PENDING,43
5380,Michael Massey,1956-11-05,"2583 Bates Club
Markfurt, NC 70883",VERIFIED,38
5381,Rebecca Burke,1984-09-13,"12716 Jessica Valley
Keithhaven, AR 61534",PENDING,77
5382,Anthony Gibson,1968-03-26,"09640 Kennedy Passage Suite 456
West Christinaborough, ND 47824",PENDING,61
5383,James Lam,1996-01-26,"161 Robert Plaza
Harrisstad, RI 61566",VERIFIED,95
5384,Dean Mcintosh,1966-10-01,"0241 Holly Motorway Suite 846
Lake Lisamouth, OK 92805",PENDING,73
5385,Kristin Washington,1984-01-09,"656 Maria Cliff Apt. 968
North Danielmouth, IA 20556",PENDING,59
5386,Matthew Turner,1958-07-30,"70783 Lee Curve Suite 901
New Lisa, VA 74147",VERIFIED,29
5387,Ryan Adams,1967-08-16,"98861 Underwood Unions
New Adrian, AS 72681",VERIFIED,26
5388,James Allen,1958-12-24,"Unit 8945 Box 4924
DPO AP 78647",PENDING,83
5389,James Miller,1992-01-22,"8373 Karen Via
West Donna, GA 05349",VERIFIED,2
5390,Michael Marshall,1979-09-05,"30903 Ayala Canyon
Tannerchester, MO 88059",VERIFIED,5
5391,Maria Howell,1975-07-28,"76422 Andrea Garden
Thompsonview, WA 99371",VERIFIED,63
5392,Jonathan Mullins,1981-12-27,"407 Barker Road
Amyton, MH 35391",VERIFIED,54
5393,Dr. Christine Webb,2001-05-02,"2772 Robertson Curve Apt. 071
West Annette, MI 47585",PENDING,78
5394,Heather Johnson,1975-04-22,"48617 Rodriguez Hollow Suite 336
Stewartside, OR 73139",VERIFIED,91
5395,Randy Tran,2000-11-20,"0615 Brown Cove
Port Kimberlyhaven, MT 44428",VERIFIED,85
5396,Eric Mcfarland,1977-01-17,"Unit 4401 Box 1486
DPO AE 01213",PENDING,75
5397,Andrew Parker,1993-08-17,"1090 Christian Knoll
Seantown, AL 92675",PENDING,19
5398,Johnathan Lewis,1992-12-16,"02248 White Isle
Carrillochester, ND 69346",VERIFIED,87
5399,Mary Townsend,1995-08-16,"2380 Wilson Estate
Allenmouth, ID 81669",PENDING,65
5400,Brian Hunter,1955-07-30,"741 Darryl Mountain
Yorkview, SC 44971",PENDING,41
5401,David Walker,1953-12-04,"53226 Little Prairie
West Ashleytown, TX 59811",VERIFIED,100
5402,Melanie Hansen,1972-08-30,"8541 Brandon Common Suite 758
Hammondland, WA 77691",PENDING,54
5403,Paige Clark,1978-07-01,"8757 Hurst Wall Apt. 525
South Jay, PR 91203",PENDING,74
5404,Kristen Adams,1964-03-21,"6610 Nicole Mills
Briantown, NH 82722",PENDING,52
5405,Jessica Jones,1958-10-11,"77724 Margaret Road Suite 271
Donaldberg, IN 11250",VERIFIED,23
5406,Carl Gonzales,1971-12-07,"696 Silva Burg Suite 144
West Denisemouth, OR 45694",VERIFIED,40
5407,Jesse Eaton,1985-12-02,"9121 William Centers
Lake Rachelfurt, AK 80699",PENDING,35
5408,Whitney Rivera,1988-04-24,"964 Smith Mill Suite 693
Anthonytown, ID 67712",PENDING,80
5409,Cody Greene,1980-02-10,"074 Brandy Corners Suite 423
Ortizstad, NJ 00954",VERIFIED,77
5410,Michael Bowers,1961-04-23,"00607 Smith Trafficway
Wrightborough, NM 46879",PENDING,91
5411,Barbara Greene,1963-06-09,"Unit 2410 Box 7232
DPO AP 10685",PENDING,73
5412,Ashley Johnson,1997-11-01,"63644 Amanda Streets Apt. 476
Thomasbury, CA 05510",PENDING,36
5413,Trevor Nelson,1952-03-22,"8524 David Motorway Suite 345
Teresaview, GA 99149",VERIFIED,70
5414,Patrick Briggs,1980-03-18,"0782 Wilson Branch
West Kathleen, SC 07672",VERIFIED,62
5415,Jennifer Neal,1958-11-05,"1510 Jennifer Stream Apt. 504
Sosaview, MA 28657",PENDING,82
5416,Danielle Moore,1956-10-23,"0441 Cynthia View Apt. 145
Kentton, VI 83082",VERIFIED,42
5417,Henry Cabrera,2002-02-21,"30755 Robinson Greens
Lake James, MD 01118",VERIFIED,14
5418,Jacqueline Wheeler,1963-05-09,"139 Carla Terrace
Jamesmouth, SD 93935",VERIFIED,62
5419,Stephen Gentry,1975-12-07,"905 Brown Parkway Suite 504
South Staceyberg, KS 87410",PENDING,25
5420,John Nguyen,1980-11-10,"Unit 9581 Box 8049
DPO AP 83640",PENDING,60
5421,Jody Thompson,1958-07-31,"18186 Higgins Run Apt. 911
Johnchester, KS 32767",PENDING,6
5422,Tiffany Pitts,2003-07-11,"888 Farmer Haven
Mcdonaldbury, ID 25813",VERIFIED,47
5423,Matthew Williams,1967-09-09,"6856 Michael Lakes
Danielstad, CT 64802",VERIFIED,92
5424,Ralph Parker,1972-04-04,"766 Marc Falls
Lake Frankport, UT 14442",VERIFIED,62
5425,Tara Giles,1952-11-06,"PSC 8676, Box 0295
APO AP 11401",PENDING,74
5426,Michael Hernandez,1959-12-31,"53616 Alexis Corner Apt. 904
Port Grace, MT 87234",VERIFIED,48
5427,Brooke Robertson,1991-06-28,"452 Simpson Rapid Suite 240
Shafferbury, AR 76990",VERIFIED,47
5428,David Gilbert,1974-01-06,"2941 Wallace Green Suite 340
South Emilyside, PR 72447",VERIFIED,16
5429,Autumn Allen,1976-06-21,"96564 Hill Village
Joshuafort, VA 99202",VERIFIED,20
5430,Stephanie Donovan,1969-05-19,"397 Summer Mission Apt. 640
New Carlahaven, MA 80101",VERIFIED,84
5431,Tiffany Chapman,2001-12-03,"PSC 7859, Box 2431
APO AA 16155",VERIFIED,8
5432,Mr. Julian Tran,1978-05-26,"77755 Cantu Ports Apt. 299
West Erin, GA 28623",VERIFIED,64
5433,Gabrielle Sanders,1984-09-21,"0610 Bentley Prairie Suite 179
Amandahaven, VA 34851",VERIFIED,86
5434,Angela Thomas,1962-10-05,"72092 Jon Road
West Christopher, MN 69276",PENDING,24
5435,Amanda Hernandez,1988-08-16,"0519 Christy Ridge
New Seanstad, MO 40063",PENDING,9
5436,Lindsay Davis,1964-08-09,"235 Sanchez Union
North Danieltown, AZ 50443",PENDING,69
5437,Kristin Adams,2000-01-08,"332 Michael Radial Suite 577
West Stephen, UT 14015",VERIFIED,90
5438,Joyce Diaz,2004-04-28,"USNV Ramirez
FPO AE 38231",VERIFIED,53
5439,Matthew Valdez,1965-11-05,"977 Elaine Mills
Port Vickiefurt, HI 40247",VERIFIED,71
5440,Denise Young,2002-08-18,"849 Osborne Way Suite 042
North Lisa, SD 34393",PENDING,21
5441,Robert Smith,1977-02-11,"424 Moore Harbor Suite 242
West Stacy, AZ 57463",PENDING,89
5442,Garrett Smith,1999-09-15,"4912 Garcia Island Suite 122
South Jeffrey, TX 99571",VERIFIED,32
5443,Jessica Green,1981-01-25,"2286 David Centers
Lopezmouth, MO 18366",VERIFIED,88
5444,Samantha Garrett,1963-02-25,"43433 Thomas Pines
Josephtown, MA 57605",PENDING,68
5445,Linda Miller,1986-07-07,"91060 Wagner Centers Suite 939
Delgadostad, MP 76040",VERIFIED,78
5446,James Bryant,1980-07-25,"8413 Thompson Place
Lake Anthonybury, GA 12808",PENDING,70
5447,Gabriela Stone,2003-12-20,"3007 Andrew Prairie
Catherinehaven, HI 28042",PENDING,9
5448,Jeffrey Fletcher,1978-03-06,"981 Burch Valley
East Laura, NM 10756",PENDING,72
5449,Michael Peters,2001-07-06,"PSC 2464, Box 2892
APO AE 64229",PENDING,39
5450,Debbie Ortiz,1960-01-01,"3072 Brown River
South Robertfort, AS 43805",VERIFIED,97
5451,Benjamin Austin,1956-03-17,"08920 John Mount Suite 666
Lauraport, WY 28774",PENDING,43
5452,Jeffery Ramos,1976-02-17,"25334 Bradley Brooks Suite 293
Danielberg, WI 97642",PENDING,64
5453,Edward Jones,2008-03-28,"0299 Anthony Rest Suite 728
Peterville, VA 97826",VERIFIED,20
5454,Philip Murphy,1984-10-10,"963 Lindsay Point Apt. 315
Brayville, MH 70844",PENDING,75
5455,Joseph Johnson,1982-03-02,"1548 Lori Locks Apt. 875
New Tamara, IN 19895",VERIFIED,9
5456,Christine Graham,1987-05-24,"4501 Virginia Falls Suite 425
Richardhaven, FL 80795",VERIFIED,19
5457,Tammy Reyes,1953-01-21,"Unit 9716 Box 3427
DPO AP 74975",VERIFIED,37
5458,Stephanie Thomas,1969-04-19,"49061 Cochran Land Suite 128
North Erikshire, GA 70841",VERIFIED,22
5459,Denise Vargas,1976-03-12,"133 Jackson Plaza Suite 657
Jacksonborough, IL 81207",PENDING,9
5460,Erica Rodriguez,1999-12-28,"73726 Ibarra Canyon
Amyview, VA 17490",VERIFIED,98
5461,Brenda Parker,1989-05-14,"778 Owens Burg Suite 265
South Miguel, SD 22974",VERIFIED,7
5462,Justin Decker,1977-07-05,"707 Caldwell Walk
New Jason, VT 43513",VERIFIED,60
5463,Edgar Green,1997-07-18,"28095 Jesse Loop
East Brandonview, NV 42894",VERIFIED,80
5464,Heather Martinez,1978-09-30,"8925 Kimberly Rapid Apt. 687
Rebeccaville, GA 02080",PENDING,47
5465,Joanne Hardin,1952-09-30,"146 Johnson Trace
Schultzstad, MI 96286",VERIFIED,52
5466,John Reyes,1952-05-20,"5728 Julian Stream Apt. 160
East William, CO 45453",PENDING,24
5467,Natalie Rubio,1964-03-12,"5169 Mary Meadow Suite 453
Lake Jessica, FL 76183",PENDING,42
5468,Christine Cruz,1989-04-22,"Unit 4750 Box 8630
DPO AP 40374",PENDING,70
5469,Andrew Barr,1962-02-17,"08117 Jacob Manors Suite 150
South Danielton, FM 93901",VERIFIED,91
5470,Christina Conner,1951-07-13,"6257 White Skyway
Dennisburgh, NM 15933",VERIFIED,43
5471,Katrina Jones,1966-05-23,"031 Johnson Roads Apt. 555
Westhaven, GA 48988",PENDING,81
5472,Stephanie Reyes,2004-12-23,"62299 Potter Islands Apt. 830
Joelville, AK 13326",VERIFIED,5
5473,Emily Lopez,1982-09-22,"48673 Hanna Corner Apt. 131
Jessicahaven, GA 97862",VERIFIED,97
5474,Darryl Benson,1980-01-24,"166 Lopez Glen Apt. 489
North Jeffhaven, IA 14091",PENDING,37
5475,Amanda Kaufman,2006-11-08,"765 Christie Creek Suite 217
Carrieland, CO 70967",PENDING,77
5476,Aaron Fields,1977-09-26,"17704 Jesse Inlet Apt. 718
Cooperton, VT 19511",PENDING,22
5477,Brittany Duran,1975-09-03,"USS West
FPO AA 28074",PENDING,19
5478,Nathan Marsh,2001-12-20,"USCGC Moore
FPO AP 90153",PENDING,54
5479,Megan Brown,1999-10-15,"7703 Kevin Lodge
West Hollystad, OR 69113",PENDING,15
5480,Kurt Davis,1978-08-16,"9751 Kathryn Circle Suite 725
West Matthew, KY 55941",PENDING,99
5481,Christopher Bryant,1962-03-27,"358 John Mill
North Brett, MT 29064",VERIFIED,85
5482,Mary Morrison,1970-03-03,"618 Anthony Street Apt. 582
New Ashley, VA 97270",PENDING,70
5483,Ernest Gray,2008-03-24,"21610 Krista Mills Apt. 912
Jennifertown, NY 99851",VERIFIED,10
5484,Olivia Walsh,1980-12-06,"700 Raymond Valley
Port Jennifer, PW 07073",PENDING,1
5485,Ryan Stone,2004-02-26,"421 Washington Plains Apt. 256
Port Christopherside, AL 74943",PENDING,26
5486,Kevin Hall,1970-06-27,"352 Martinez Mill
Lake Annaview, DE 81167",PENDING,70
5487,Matthew Higgins,1951-01-02,"PSC 9475, Box 9309
APO AP 37881",VERIFIED,4
5488,Trevor Hines,2005-05-31,"992 Cody Rapids
Lake Jeffreyview, RI 64518",PENDING,24
5489,Julie Massey,1954-01-30,"28020 Villanueva Light Apt. 020
Staceytown, AK 14938",PENDING,63
5490,Mr. Darrell Booker,1973-05-03,"Unit 6773 Box 3946
DPO AP 34868",PENDING,5
5491,Stephanie Munoz,1981-03-13,"186 Jones Land Apt. 757
Callahanton, FM 70984",VERIFIED,50
5492,Scott Robbins,2003-06-06,"299 Christopher Causeway
Christinamouth, DC 10642",PENDING,59
5493,Jamie Sanchez,1950-10-30,"6446 Evelyn Landing
Debraport, MI 64201",VERIFIED,1
5494,Mitchell Davis,1958-12-25,"858 Nancy Flats
Maymouth, HI 87524",VERIFIED,16
5495,Jennifer Neal,1952-12-17,"248 Shelly View Suite 750
North Davidton, DC 11831",VERIFIED,51
5496,Randy Delgado,1995-05-22,"57115 Walters Neck Apt. 269
Zacharyville, IA 16241",PENDING,62
5497,Bethany Moss,1998-04-07,"0373 Kellie Lodge
Lake Robin, IL 42229",VERIFIED,94
5498,James Mills,1986-04-14,"7789 Bentley Club
Michaelchester, MP 99323",PENDING,84
5499,Stephanie Miller,1964-06-10,"70652 Megan Center
North Rebecca, IN 10381",VERIFIED,55
5500,Kristen Powell,1979-02-23,"9244 Richards Highway Suite 513
Port Ronaldchester, OR 82118",PENDING,59
5501,Ricky Simmons,1985-07-19,"076 Adriana Camp
Fisherhaven, NJ 99576",VERIFIED,67
5502,Jennifer Adams,1962-05-30,"92836 Brock Flats Apt. 865
East Danielle, DC 11302",VERIFIED,26
5503,Jennifer Harrison,1967-10-10,"9049 Schneider Park Suite 831
Lake Josephfort, WI 74891",VERIFIED,52
5504,Brianna Hudson,1978-10-31,"943 Klein Park
Danielside, MS 03289",PENDING,37
5505,John Robinson,1965-02-26,"0434 Alexander Station Apt. 147
West Ian, MN 30675",PENDING,63
5506,Amy Sutton,1999-06-15,"459 Donna Stream
Davidside, AL 04022",VERIFIED,45
5507,Jonathan Taylor,1951-04-09,"830 Cummings Mews
New Kevintown, CO 18591",PENDING,53
5508,Edwin Howard,1966-02-26,"619 Sherri Station
South Georgeborough, MT 32629",VERIFIED,37
5509,James Gomez,1956-04-01,"3300 Nash Motorway Apt. 928
Lake Jamesport, WY 72093",VERIFIED,83
5510,Mrs. Michelle Morrison,2000-11-26,"565 Wagner Ferry Suite 801
Port Lesliebury, MA 77519",VERIFIED,19
5511,Dawn Willis,1982-08-25,"98535 Morgan Streets Suite 816
South Bonniemouth, VA 54312",PENDING,54
5512,Michael Aguilar,1997-09-11,"8376 Barry Fords Suite 731
Lake Dawnmouth, TX 57793",VERIFIED,79
5513,Nicole Richardson,1983-05-16,"USNV Cruz
FPO AA 16725",VERIFIED,47
5514,Christopher Norris,1960-01-28,"475 Linda Forks
New Jeffreystad, UT 04054",PENDING,41
5515,Pamela Richardson,1969-06-06,"4244 Gilmore Lake
Palmerville, OK 97318",VERIFIED,70
5516,Evelyn Ellis,1984-07-27,"76962 Gross Locks Apt. 208
Lozanoside, DC 13774",VERIFIED,87
5517,Angela Howard,1955-11-22,"1556 Ortega Route
East Matthew, PA 45537",VERIFIED,1
5518,Rachel Collins,1978-06-11,"0258 Andrea Knolls Apt. 284
Huertaville, NC 03602",PENDING,1
5519,Tonya Salazar,1961-11-19,"99290 Sarah Track
Kaylatown, ID 50355",PENDING,33
5520,Sean Rice,1951-08-02,"06250 Ryan Tunnel Apt. 125
Steveberg, IL 51573",PENDING,61
5521,Cheryl Powell,1997-05-20,"037 Margaret Via Apt. 872
New Pamelachester, IL 07848",PENDING,73
5522,Brandon Suarez,1981-12-11,"USS Holden
FPO AP 57512",PENDING,36
5523,Nathan Parker,2004-11-17,"62765 Richards Cove
Dennishaven, MS 69316",PENDING,27
5524,Bridget Watson,1969-11-03,"299 Garrett Cliff
Laurastad, NV 60233",PENDING,56
5525,Ryan Keller,1961-03-20,"2023 Billy Summit
West Joann, MO 58879",VERIFIED,22
5526,Gary Shaffer,1977-03-06,"722 Daniel Plaza
New Kristyton, GU 31249",VERIFIED,93
5527,Ryan Burke,2005-12-17,"1284 Newman Crossroad Apt. 859
Marthastad, RI 72260",PENDING,24
5528,Austin Stevens,1957-08-03,"6081 Edward Camp
Port Benjaminhaven, MS 74547",PENDING,17
5529,Sarah Reid,2003-01-15,"748 Kennedy Plains Suite 706
Hornetown, RI 39617",PENDING,76
5530,Samantha Arnold,1993-03-16,"414 Mary Extensions Apt. 251
Marshallchester, ID 29901",VERIFIED,92
5531,Jeffery Larsen MD,1967-12-20,"7967 Rhonda Mall Apt. 160
Port Johnfurt, AS 17512",VERIFIED,6
5532,Kim Serrano,1964-07-05,"535 Dennis Garden Apt. 359
Ericaborough, MS 46276",VERIFIED,41
5533,Alexa Griffin DVM,1980-04-19,"06067 Ryan Corner
Ryanport, AK 20759",VERIFIED,37
5534,Christopher Cummings,1989-11-26,"26435 Andersen Lodge
Lake Kennethport, NY 90110",VERIFIED,45
5535,Amanda Gutierrez,1968-01-28,"324 Yesenia Extension
Parksfurt, NM 54948",VERIFIED,20
5536,James Black,1966-01-22,"777 Frederick Stravenue
Port Daniel, NC 86343",PENDING,45
5537,Joseph Williams,1995-08-30,"0445 Robert Garden Suite 213
Thompsonchester, IN 54883",PENDING,33
5538,Dawn Smith,1970-11-30,"03326 Mary Gardens Apt. 243
East Scotthaven, CT 54492",VERIFIED,99
5539,Brian Payne,1954-07-27,"408 Bennett Bypass Apt. 861
Alyssaburgh, MT 87173",VERIFIED,72
5540,Eric Johnson,1961-01-05,"2827 Levine Skyway
Luisborough, KY 58500",VERIFIED,62
5541,William Marks,1984-11-03,"0510 Jose Viaduct Apt. 440
Andersonland, WY 04574",PENDING,26
5542,Barbara Jones,1994-02-14,"0318 David Mountain Suite 617
South Susan, AK 63104",VERIFIED,95
5543,Mr. Mark Romero,1956-01-22,"2560 Mark Trail
Lake Michael, VT 77968",VERIFIED,45
5544,Nathan Walker,1996-01-26,"989 Reyes Squares Apt. 419
Georgeport, IL 11823",VERIFIED,96
5545,Henry Lutz,1999-05-23,"083 Jennifer Well
South Gregory, IN 63953",PENDING,43
5546,Gregory Miller,1994-07-12,"54561 Copeland Drives Suite 528
South Lukefort, NV 32870",VERIFIED,85
5547,Benjamin Medina,1964-01-20,"2347 Robin Lodge
Joannatown, KS 56842",VERIFIED,29
5548,Connie King,2005-04-13,"90967 Mcintyre Bridge Suite 581
Haleyton, CT 20188",VERIFIED,44
5549,Adam Johnson,1981-08-27,"044 Chandler Extensions
Lake Gerald, MS 90288",PENDING,45
5550,Lisa Wheeler,1993-05-18,"771 James Squares Apt. 588
West Kyle, KS 99378",VERIFIED,28
5551,Audrey Johnson,1950-12-08,"27039 Amy Greens
North Jackfurt, WI 52199",VERIFIED,32
5552,Jade Mcintyre,2007-02-01,"Unit 7809 Box 4893
DPO AE 00820",VERIFIED,11
5553,Taylor Garrett,1978-03-07,"654 Cox Isle Suite 736
East Monica, WI 42166",PENDING,8
5554,John Thomas,1972-05-12,"07428 Paige Vista
Randyton, NV 46617",PENDING,73
5555,Cheyenne Stout,2001-05-24,"74455 Raymond Glen Apt. 132
New Philip, CO 85285",VERIFIED,15
5556,Susan Romero,1999-07-01,"7280 Johnson Place
Joneston, WV 70226",PENDING,8
5557,David Edwards,1990-03-05,"59862 Castillo Island
East Sheila, MP 73563",VERIFIED,50
5558,James Higgins,1958-07-12,"2822 Hansen Shore
Harrisville, OK 12381",VERIFIED,94
5559,Joyce Carlson,1963-03-26,"8794 Elizabeth Greens
Powershaven, VI 85830",VERIFIED,89
5560,Lauren Taylor,1979-10-25,"04337 Dudley Shore
East Johnny, OK 67541",VERIFIED,31
5561,Patricia Evans,1999-07-22,"USCGC Wright
FPO AP 87206",VERIFIED,1
5562,Douglas Richardson,1954-07-18,"4059 Elizabeth Fork
South Taylor, DC 62977",PENDING,27
5563,Allen Kemp,1954-08-16,"981 Laura Islands
Huntport, NE 63182",VERIFIED,40
5564,Robyn Stuart,1996-08-25,"736 Kristin Turnpike
Michaelmouth, WY 12548",VERIFIED,79
5565,Laura Sosa,1967-06-16,"375 Copeland Well Apt. 415
East Ray, NC 08851",VERIFIED,85
5566,Jennifer James,1953-02-10,"4129 Maldonado Stravenue Suite 986
North Willie, WI 69190",VERIFIED,30
5567,Andrew Morales,1977-12-13,"93523 Mccarthy Islands
Port Johnside, LA 97313",PENDING,37
5568,Traci Vance,1993-05-20,"54280 Walton Point
Johnstad, MI 73531",PENDING,67
5569,Katie Diaz,1997-05-18,"232 Stuart Village Apt. 713
Port Makaylamouth, MH 08925",VERIFIED,55
5570,Jesus Jackson,1976-01-06,"89270 Jennifer Forest Suite 648
Hollandmouth, IL 24026",VERIFIED,37
5571,Ashley Carter,1981-03-07,"1920 Douglas Mountain Suite 518
Andersonhaven, RI 35324",VERIFIED,12
5572,Cristian Flores Jr.,2004-12-15,"58221 Kenneth Inlet Suite 820
Medinatown, CO 10742",PENDING,75
5573,Amanda Berry,1970-09-20,"53676 Boyle Tunnel
Fordburgh, GA 22883",PENDING,97
5574,Stacie Davidson,1965-11-06,"405 Ann Turnpike Apt. 805
Christianfurt, MH 35092",VERIFIED,88
5575,Alexander Reid,1987-03-13,"PSC 9724, Box 9261
APO AA 63615",VERIFIED,58
5576,Vincent Gross,1956-03-07,"830 Meza Route
Melaniefurt, AS 48173",VERIFIED,57
5577,Laura Clarke,1968-05-04,"639 Dodson Shoal Suite 807
North Jacqueline, MD 80217",PENDING,4
5578,Brett Rocha,1950-06-21,"8725 Chen Tunnel Suite 268
Lake Shirley, GU 33427",VERIFIED,51
5579,Lauren Robinson,1967-03-03,"PSC 5436, Box 5279
APO AP 31604",PENDING,70
5580,William Moore,2006-07-15,"6264 Riley Burg Apt. 540
Port Yolandachester, AZ 76234",VERIFIED,66
5581,Scott Brown,1954-03-22,"351 Logan Turnpike Apt. 301
Traceytown, WA 12754",VERIFIED,61
5582,Courtney Smith,1963-12-08,"55279 Taylor Ferry
Danieltown, AZ 96991",VERIFIED,27
5583,Michael Stephenson,1978-12-24,"81448 Hamilton Summit
North Christopherburgh, PA 27731",PENDING,8
5584,Michael Holland,1962-12-05,"31305 Justin Shoal
Nelsonland, GU 83591",VERIFIED,87
5585,Dennis Walter,1957-09-20,"8595 Michael Ports Suite 000
Jonesshire, SC 62175",VERIFIED,56
5586,Mrs. Jennifer Turner,1998-12-05,"27330 Richards Street
East Kayla, IA 13671",PENDING,22
5587,Wendy Hansen,1987-08-27,"USS Matthews
FPO AE 02944",VERIFIED,23
5588,Christopher Dunn,2001-11-20,"4951 Simmons Flat
Lucasstad, IN 50433",PENDING,5
5589,Mark Cisneros,1996-04-12,"093 Miller Vista
New Karen, WY 37674",PENDING,98
5590,Diane Henderson,2005-10-17,"USCGC Norris
FPO AA 45933",PENDING,36
5591,Rebecca Buckley,1990-08-03,"045 Kyle Ports
West Scott, MP 43242",VERIFIED,84
5592,Briana Warren,1984-05-24,"98609 Pearson Glens
West Alexandrabury, NM 72822",VERIFIED,97
5593,Teresa Russell,1969-11-01,"10063 Lisa Islands Apt. 447
West Alexhaven, NY 31023",PENDING,42
5594,Cynthia Smith,1974-01-09,"373 Frank Prairie Suite 083
North Benjamin, TN 66776",VERIFIED,25
5595,Lindsay Yates,1978-08-13,"2450 Hernandez Mill Apt. 495
South Jacob, OH 44717",VERIFIED,10
5596,Jennifer Benton,1967-11-01,"316 Santiago Gateway
Port Brianmouth, PW 01232",PENDING,12
5597,Megan Mccullough,1970-01-30,"863 Ruiz Creek Apt. 422
Lake Michelle, MN 24818",PENDING,98
5598,Calvin Wilson,1984-09-28,"3116 Smith Center Suite 273
Pacemouth, MI 82511",VERIFIED,81
5599,Jose Aguilar,1970-08-06,"30682 Matthew Villages Suite 743
West Kevintown, IN 39219",VERIFIED,53
5600,Susan Huff,1975-07-25,"Unit 6929 Box 6300
DPO AE 53843",PENDING,58
5601,Luke Williams,1981-01-03,"871 Johnson Islands
East Seth, PA 64246",VERIFIED,43
5602,Emily Thompson,1992-02-14,"USNS Barnes
FPO AA 21608",PENDING,84
5603,Martin Woods,1967-06-25,"12397 Joshua Knolls
Cassandrahaven, AZ 92881",PENDING,78
5604,Dr. Christine Lane,1972-10-03,"880 Sanchez Fords
New Maryview, AZ 79367",PENDING,42
5605,Christian Johnson,1978-10-12,"355 Terri Fall
Kimberlyshire, CT 76727",VERIFIED,78
5606,Daniel Johnson,1994-10-11,"596 Powell Summit
South John, VI 12743",PENDING,96
5607,Jason Howell,2003-03-11,"PSC 5574, Box 7919
APO AE 35402",PENDING,2
5608,Amanda Fernandez,1990-10-09,"5140 Stephens Mews
Port Georgeberg, VI 93750",PENDING,81
5609,Nicole Lawrence,2005-04-30,"136 Holmes Parks Suite 514
Jacobsport, MI 13594",PENDING,76
5610,Mrs. Annette Hopkins MD,1976-12-17,"370 Keith Points
Port Amberchester, NJ 85626",PENDING,20
5611,Larry Myers,1954-12-23,"2260 Richmond Estate Apt. 653
New Gabriellefurt, AK 04988",VERIFIED,5
5612,George Waters,1959-12-23,"74206 Maxwell Path
Millerstad, LA 67980",PENDING,72
5613,Anthony Hart,1957-08-22,"769 Ryan Rapid Apt. 277
Millermouth, KS 95252",VERIFIED,14
5614,Dr. Rebecca Ross MD,1957-10-08,"3888 Michelle Forks Apt. 699
Lake Lisaport, ME 42896",PENDING,85
5615,Jose Morris,1983-09-19,"796 William Freeway Suite 362
East Sabrina, PR 24627",VERIFIED,85
5616,Joshua Weaver,2005-10-19,"257 Patricia Brook Suite 226
Patrickberg, ME 98011",VERIFIED,75
5617,Ralph Parker,1971-05-03,"20861 Thomas Landing
Port Joshuaville, DC 11405",PENDING,83
5618,Troy Burke,1971-10-13,"USNV King
FPO AP 67929",PENDING,96
5619,James Mendez,1965-01-17,"5961 Carl Estates
Christopherfort, CO 11406",PENDING,72
5620,Lauren Clay,1989-11-14,"42670 Chelsea Stream Apt. 532
Boothborough, WV 79922",PENDING,66
5621,Amanda Kim,1954-03-19,"4835 Andrea Pine
Williamsmouth, NV 66759",VERIFIED,96
5622,Michelle House,1974-05-11,"0304 Michelle Via
Stephenview, MN 10744",VERIFIED,6
5623,Alyssa Blevins,1976-01-21,"657 Campbell Dam Apt. 913
Toddfurt, FL 81232",VERIFIED,76
5624,Julie Martinez,1972-02-27,"USCGC Curtis
FPO AP 09549",PENDING,83
5625,Julian Rivera,2007-02-04,"483 Dana Knolls
Karenport, CA 30735",PENDING,40
5626,Kristy Velez,1994-11-19,"00218 Brown Square Suite 929
New Luke, CA 36751",VERIFIED,49
5627,Stephen Glass,1952-09-30,"2250 Sarah Run
Shelbyport, VA 99007",PENDING,53
5628,Craig Williams,1989-10-22,"84580 David Stravenue Suite 121
Juliechester, TX 03573",PENDING,18
5629,Kyle Clark,1959-02-27,"193 Laura Fall Apt. 148
Adamhaven, IA 82315",PENDING,94
5630,Nicole Thomas,2004-09-03,"7366 Christopher Crossing Suite 018
Lake Alexanderhaven, KS 65608",PENDING,55
5631,Daniel Phillips,1974-02-11,"USCGC Hill
FPO AA 01752",VERIFIED,99
5632,Justin Walker,1961-12-16,"USS Powers
FPO AP 33447",PENDING,45
5633,Cindy Acosta,1994-06-24,"1284 Todd Fords Suite 396
Josephside, RI 52716",PENDING,22
5634,Brianna Collins,1973-04-02,"12269 Owens Ports
Lake Richardport, NC 43998",PENDING,91
5635,Susan Mckenzie,1973-12-25,"15001 Justin Throughway Suite 715
Port Brandonbury, KS 11391",VERIFIED,48
5636,Colin Andrews,2006-07-16,"Unit 3640 Box 1142
DPO AP 66998",VERIFIED,100
5637,Sherry Schmidt,1982-05-17,"1361 Lisa Garden
Jenniferberg, CA 41434",PENDING,85
5638,Joe Hanson,1982-01-29,"8900 Carolyn Spring Suite 745
Lake Nicholasfurt, DE 15567",VERIFIED,44
5639,Michelle Hoffman,1998-09-02,"16124 Tiffany Via
New Catherinestad, ID 33414",PENDING,5
5640,Michael Mcdaniel,1985-11-27,"417 Nolan Mill
North Susanfurt, IA 01835",PENDING,74
5641,Lisa Johnson,1976-05-17,"1325 Karen Canyon
Port Lindsey, MO 85154",VERIFIED,53
5642,Susan Vazquez,1969-11-05,"3917 Wagner Lane
East Kelly, NY 89590",PENDING,59
5643,Brian Foster,1962-10-22,"1710 Madden Expressway
Laurenmouth, MS 49617",PENDING,8
5644,Taylor Moore,1984-02-16,"3791 Ashley Hollow
Gibbshaven, TX 20993",PENDING,47
5645,David Gallagher,1986-07-26,"41269 Kennedy Fort
New Ericside, NH 20583",PENDING,39
5646,Stephanie Moore,1982-05-15,"3259 Gonzales Landing
East Patriciashire, MN 11119",PENDING,65
5647,Robert Maldonado,1955-07-30,"421 Katie Lodge
Lindsayland, VI 15917",VERIFIED,65
5648,Dwayne Kennedy,1985-07-04,"880 William Ville Suite 918
New Adam, KS 09860",PENDING,31
5649,Lisa Nguyen,1987-12-27,"USCGC Mills
FPO AA 35240",VERIFIED,37
5650,Erica Hall DVM,1975-06-09,"USNS Ballard
FPO AP 86597",VERIFIED,39
5651,Danielle Phillips MD,1955-10-31,"65208 Ali Ways Suite 531
Antoniohaven, MI 27425",VERIFIED,85
5652,Nathaniel Frost,1974-12-29,"829 Lutz Lake
Matthewstad, NM 29324",PENDING,37
5653,Elizabeth Mejia,1981-03-21,"287 Emma Green
Walterschester, AS 36010",PENDING,1
5654,Deborah Hill,1961-04-21,"69205 Nunez Junction Apt. 451
Lake Daniel, FM 13149",PENDING,2
5655,Melissa Graham,1987-09-22,"5755 Porter Alley
Stevenstad, VI 58461",PENDING,87
5656,Sean Sims,2004-06-21,"8967 Moore Mill Apt. 027
Tateville, NV 25185",VERIFIED,21
5657,Laura Wilson,1980-07-11,"959 Chris Walks
Davidsontown, WA 16597",VERIFIED,13
5658,Tiffany Smith,1987-07-27,"7344 Courtney Island
New Christianburgh, MP 49944",VERIFIED,79
5659,Eric Williams,1951-05-04,"940 Perez Parks Apt. 423
Sandersside, CO 74071",VERIFIED,31
5660,Christina Richard,1994-01-01,"3895 Michael Parks
New John, AL 59196",PENDING,62
5661,Mr. Kevin Meyer IV,1987-09-22,"PSC 9844, Box 5481
APO AP 98094",PENDING,58
5662,Taylor Washington,1958-04-17,"398 Susan Cliff Suite 253
Lake Zacharyborough, IL 90486",VERIFIED,37
5663,Shirley Santiago,2004-11-23,"93270 Wolfe Falls
South Susanchester, KS 84169",VERIFIED,11
5664,Stephanie Walker,1983-07-25,"262 Rice Crossroad
Kimfort, DE 08533",VERIFIED,54
5665,James Mueller Jr.,2003-09-30,"824 Rowland Divide
South Matthewtown, KS 29996",VERIFIED,33
5666,Gary Walker,2004-01-24,"USS Davis
FPO AE 32662",PENDING,68
5667,Andrea Gomez,1980-12-19,"34590 Chung Knolls
Simonstad, RI 84166",PENDING,9
5668,Christopher Bradley,1963-09-30,"10637 Marcus Glen
East Chad, ME 95279",VERIFIED,87
5669,Mary Fox,2006-09-23,"2496 Gomez Crescent Apt. 017
Bakerfort, DC 89016",VERIFIED,45
5670,Joseph Flowers,1974-05-21,"634 Madison Stream
Sanchezton, ID 46377",PENDING,80
5671,Henry Martinez,1995-01-20,"6041 Willis Burg Suite 537
Jessicaview, MS 09332",VERIFIED,23
5672,Melissa Evans,1956-02-08,"Unit 1088 Box 1693
DPO AA 39876",PENDING,10
5673,Nicole Valenzuela,1961-09-27,"Unit 5519 Box 0741
DPO AA 29113",VERIFIED,83
5674,Megan Chapman,1984-09-26,"49218 Acosta Tunnel
East Dalebury, OK 92079",PENDING,7
5675,David Ortega,1988-12-23,"91712 Stein Bypass Suite 913
Laurenview, MD 75676",PENDING,39
5676,Melissa Green,1951-03-30,"04601 Jimenez Mills Apt. 425
Johnstonhaven, IA 09145",PENDING,49
5677,Dr. Sarah Foster,1967-10-21,"897 Curtis Plains Apt. 568
Carlbury, MA 07354",PENDING,82
5678,Brittany Moss,1989-12-29,"599 John Forest Apt. 650
Port Monica, WA 65265",PENDING,8
5679,Aaron Harris,1971-08-07,"0233 Russell Island Suite 543
Chrisberg, TN 78133",PENDING,88
5680,Virginia Rice,1989-10-24,"508 Garcia Burg Apt. 322
Martinfort, NV 13756",PENDING,46
5681,John Scott,2004-08-06,"18899 Linda Cove Suite 036
North Danielton, MP 80056",VERIFIED,92
5682,Mark Brown,1967-05-13,"2976 Janet Crescent
Harttown, PW 85960",PENDING,97
5683,Misty Shaffer,1962-06-09,"USS Lindsey
FPO AP 97445",VERIFIED,37
5684,Jimmy Parker,1987-12-17,"58781 Preston Springs Apt. 387
Aguilartown, GU 33747",VERIFIED,55
5685,Charles Santana,1967-09-18,"63006 Diana Drive
East Kyle, NM 70324",VERIFIED,47
5686,Heather Golden,1993-12-09,"47205 Debra Keys
Melindaview, SC 98476",PENDING,58
5687,Kimberly Torres,1955-03-21,"3717 Lam Vista Suite 606
South Zacharyfurt, VI 53366",PENDING,25
5688,Cameron Barry,2002-05-09,"9119 Williams Extension
New Benjaminburgh, TN 38494",VERIFIED,62
5689,Stephen Trujillo,1994-02-25,"27159 Lane Flat
Melindaberg, KS 70203",VERIFIED,71
5690,Jordan Chen,2004-10-18,"PSC 9020, Box 8471
APO AA 71710",VERIFIED,50
5691,Levi Hendricks,1959-02-05,"38986 Smith Garden Apt. 710
Lake Jenna, SC 25914",PENDING,8
5692,Kimberly Bullock,1970-02-01,"47714 Cortez Oval Suite 959
Samuelshire, VI 71965",VERIFIED,6
5693,Shannon Simon,1953-02-08,"509 Steven Streets Suite 239
Port Stanley, NC 37227",PENDING,10
5694,Edward Martinez,1968-11-29,"4197 Jessica Isle
Bradyport, AL 81669",PENDING,19
5695,Jessica Jones,1964-03-31,"PSC 5680, Box 1219
APO AA 69245",VERIFIED,47
5696,Michael Lara,2000-07-12,"Unit 3529 Box 0552
DPO AP 39399",PENDING,53
5697,Samuel Barnes,1983-06-29,"1528 Peterson Vista Suite 210
Chelseaborough, ME 32809",VERIFIED,22
5698,Jessica Williamson,1971-12-17,"04862 Rhodes Knoll
Richfort, AR 06424",VERIFIED,64
5699,Robin Fitzgerald,2000-01-29,"758 Hodge Circles
Nicholsmouth, FM 62247",PENDING,45
5700,Shari Bryant,1983-04-28,"62610 Brown Drive Suite 258
Carlaside, PA 67194",PENDING,45
5701,Meagan Michael,1953-04-17,"779 Cheryl Island
Crosbyborough, NV 94997",VERIFIED,67
5702,Jason Stone,1994-03-02,"004 Mcmahon Center Suite 567
New Jimhaven, CT 25715",VERIFIED,83
5703,Mason Bryan,1967-05-19,"280 Evans Center
Carolinestad, NV 23573",VERIFIED,40
5704,Kenneth Clark,1995-01-31,"988 Harrison Station Apt. 341
North Rebeccafort, OR 50632",VERIFIED,67
5705,Suzanne Wolfe,1985-08-25,"3874 Oconnor Brook
Randytown, NY 05344",PENDING,97
5706,Heather Bauer,1962-03-28,"0967 Bowers Glen Apt. 743
Adrianaport, OK 59908",VERIFIED,81
5707,Heidi Chen,2001-03-11,"7789 Clay Mission
Riveraburgh, VA 74566",VERIFIED,50
5708,Lindsay Howell,1962-03-31,"1614 Ramirez Knoll
East Johnny, LA 43441",PENDING,19
5709,Jacqueline Kim,1962-11-02,"62351 James Pines
South Lisachester, HI 89974",VERIFIED,24
5710,Gina Rice,1951-05-06,"644 Lynn Prairie Apt. 912
Brightmouth, CT 78578",PENDING,18
5711,Kimberly Lewis,1952-11-01,"9032 Ronnie Lane
North Tina, MI 74102",PENDING,74
5712,David Price,2007-01-11,"97265 Prince Springs
Kirkside, CO 44710",PENDING,43
5713,Adrian Dorsey,2007-12-18,"742 Joseph Summit
Jenniferhaven, NJ 12512",VERIFIED,8
5714,Mary Brock,2004-06-23,"286 Richard Haven
Jackside, OR 66007",PENDING,25
5715,Suzanne Jones,1956-02-09,"06279 Daugherty Union
Robertborough, WV 49698",PENDING,55
5716,Danielle Grimes,1963-07-27,"930 Rodriguez Lodge
East Kimberlyshire, AL 48619",VERIFIED,42
5717,Steven Fischer,1998-06-17,"938 Steven Meadow
East Michelle, FM 74741",PENDING,56
5718,Amber Barrett,1984-04-01,"809 Michael Court Suite 034
Derekville, WI 49988",VERIFIED,12
5719,Andrew Wright,1960-09-18,"Unit 2591 Box 9510
DPO AP 42336",VERIFIED,14
5720,Caitlin Brennan,1995-08-29,"782 Brown Passage Suite 695
East Marietown, AL 94547",VERIFIED,21
5721,Kevin Williams,1996-10-05,"17019 Smith Cape
North Davidborough, GU 60381",PENDING,84
5722,Glenn Montoya,1954-07-28,"601 Lydia Circle
New Jeffrey, MO 51320",VERIFIED,59
5723,Mr. John Allen,2002-03-02,"2737 Johnson Pine
Jenniferfurt, NE 09949",VERIFIED,53
5724,Scott Clayton,1999-09-30,"8535 Smith Stravenue
Mariahview, VI 70572",VERIFIED,21
5725,Amanda Peterson,1955-03-10,"252 Johnson Mount
Port Michael, RI 69284",PENDING,88
5726,Courtney Taylor,1954-03-27,"6806 Mary Parks Suite 680
Shelbymouth, AZ 49961",PENDING,97
5727,Robert Moore,2001-01-15,"1553 April Neck
Danielview, SC 81381",PENDING,56
5728,Pamela Martin,1988-08-14,"056 Mora Row Suite 288
Ericchester, OR 95229",VERIFIED,59
5729,Wesley Smith,1993-12-11,"156 Michael Roads
Courtneymouth, MT 48722",VERIFIED,67
5730,Kelly Rivera,1982-06-27,"652 Matthew Junctions
Port Jilliantown, KS 44787",VERIFIED,40
5731,Jeff Keith,1993-08-05,"8829 Rebecca Hill Suite 303
Anneshire, IL 99595",PENDING,15
5732,Bianca Haney,1993-03-12,"062 Stevens Estate
Christopherport, MP 91279",PENDING,10
5733,Laura Moore,1989-10-05,"9233 Flores Course
Stonefurt, PR 15285",VERIFIED,35
5734,Paul Rodriguez,1953-10-31,"752 Erica Avenue
Lewisside, MO 21177",PENDING,16
5735,Peggy Ellison,1961-10-10,"27377 Jamie Drives
Sophiaside, MS 56521",VERIFIED,67
5736,Dylan Jones,1959-01-12,"36386 Claudia Stream Apt. 028
East Robert, GA 71004",PENDING,45
5737,David Stokes,2007-07-14,"PSC 8146, Box 3223
APO AA 45626",VERIFIED,83
5738,Patricia Melendez,1985-10-05,"8551 Carol Summit
South Matthew, MD 35962",PENDING,26
5739,Sara Dixon,1993-05-30,"8900 John Trail
Lake Edwin, WY 27136",PENDING,6
5740,Jasmine Nelson,1999-05-29,"2756 Roberts Villages Apt. 165
Erikville, ND 06531",PENDING,54
5741,Sharon Griffin,1973-04-09,"570 Paul Squares Apt. 770
South Vincent, FL 52687",VERIFIED,83
5742,Karen Reed,1954-11-05,"028 Kristen Ranch
East Lisa, NM 80298",PENDING,58
5743,Nicholas Rogers,1961-01-30,"5051 James Lodge Apt. 476
Scottton, MS 52922",VERIFIED,89
5744,Jose Johnson,1972-10-25,"73934 Rios Stravenue Apt. 265
Jamestown, ND 19597",VERIFIED,88
5745,Matthew Chen,1954-07-05,"0050 Robert Brook
South Andrew, AZ 91234",VERIFIED,5
5746,William Smith,1968-10-29,"6335 Daniel Ports
Arianamouth, RI 75611",VERIFIED,94
5747,Sharon Watson,1995-04-27,"51291 Dakota Mountain
North Elizabethborough, GU 37968",PENDING,52
5748,Toni Cooper,2003-09-22,"PSC 2676, Box 6613
APO AP 95244",PENDING,52
5749,Jacob Leon,1960-09-27,"1288 Bullock Courts Suite 537
Joshuaside, AL 75692",VERIFIED,92
5750,Chelsea Lewis,1995-01-28,"088 William Cliff
Crawfordstad, NV 87131",VERIFIED,80
5751,Samantha Johnson,1992-07-07,"101 Boyle Squares
Port Anita, WI 58470",VERIFIED,68
5752,Robin Glenn,1962-02-20,"57087 Brown Islands Apt. 965
New Debra, FL 94324",VERIFIED,55
5753,Monica Zamora,1995-02-15,"3142 May Locks Apt. 325
Foxville, ID 03056",PENDING,58
5754,Scott Jones,1971-05-18,"279 White Drives
Kathleenbury, AR 37561",PENDING,71
5755,Teresa Thompson,1974-09-12,"6189 Jeffrey Lake Apt. 500
Freemanmouth, IN 59326",VERIFIED,80
5756,George Miller MD,1983-10-30,"67064 Chavez Lights Suite 564
Rowlandbury, FM 97828",PENDING,86
5757,Jose Todd,1956-12-25,"172 Pollard Views Suite 450
Lake Ryan, SC 36252",VERIFIED,62
5758,Carrie Taylor,1976-09-28,"07039 Marquez Plains Apt. 404
East Lindaport, DC 49244",PENDING,48
5759,Jerry Miller,1967-03-04,"646 Deanna Mills
East Gregory, DC 97859",PENDING,4
5760,Angela Shannon,2002-10-18,"2097 Robert Flat Suite 066
Alexanderview, AL 67035",PENDING,56
5761,Lisa Zimmerman,1955-08-06,"525 Tabitha Haven
Nicholasport, CT 46489",PENDING,63
5762,Linda Forbes,1957-01-03,"363 Andrew Harbors Apt. 438
South Alexanderberg, OH 13973",VERIFIED,7
5763,Troy Leonard,1993-07-16,"839 Mahoney Crossroad Apt. 168
East Erin, ND 09855",PENDING,68
5764,Ronald Bowers,1992-06-02,"PSC 3466, Box 9201
APO AE 11410",VERIFIED,74
5765,James Butler,1986-04-26,"316 Amber Center Suite 769
New Brenda, IL 09083",VERIFIED,25
5766,Ronald Mejia,1975-03-10,"2372 Moreno Walk
Lake Danny, NJ 73168",VERIFIED,51
5767,Daniel Bell,1979-02-05,"30959 Lucas Viaduct Suite 865
Lake David, MT 83323",PENDING,100
5768,Kara Keith,1985-04-21,"14634 Burns Via
New Ericfort, OH 44730",PENDING,32
5769,Albert Robbins,1987-05-22,"561 Richard Brooks Apt. 572
Port Loretta, MO 32940",VERIFIED,86
5770,Joshua Graham,1990-12-06,"1432 Martinez Lane
Lake David, AK 13093",VERIFIED,33
5771,Rebecca Hardy,1971-07-22,"2584 Barker Stravenue
Lake Annettemouth, GU 50668",VERIFIED,78
5772,Brett Green,1960-11-14,"67835 Griffin Estates Apt. 629
West Troy, LA 88148",PENDING,33
5773,Jill Smith,1978-12-06,"1251 Amanda Union
Brianaside, FM 22619",PENDING,74
5774,Michele Dennis,2001-02-24,"USCGC Williams
FPO AE 80144",VERIFIED,47
5775,Rebecca Johnson,1952-03-06,"Unit 7973 Box 9271
DPO AA 62400",VERIFIED,41
5776,Michael Robinson,1951-01-21,"2881 Phillips Centers
East Pamelaview, SD 18416",PENDING,25
5777,Martin Watson,1979-01-19,"5273 Jessica Drive
West Lorettaberg, ID 32370",VERIFIED,71
5778,Samantha Nguyen,2003-06-04,"480 John Points Apt. 041
Jessicamouth, AL 39956",PENDING,27
5779,Lisa Gilbert,1997-02-17,"28880 Curtis Forge Suite 032
Port Brandonfurt, UT 61960",VERIFIED,6
5780,Kristin Sutton,1995-05-02,"36037 Taylor Stravenue
Feliciaborough, NE 61364",VERIFIED,84
5781,John Lopez,1956-01-09,"354 West Tunnel Apt. 279
North Christophermouth, NH 43601",VERIFIED,51
5782,Jacqueline Moore,2008-04-27,"321 James Hollow Apt. 478
New Jacob, VT 95607",PENDING,20
5783,Jose Walker,2000-10-24,"94618 Kenneth Lights Suite 402
Mariaberg, ID 34847",VERIFIED,76
5784,Derrick Martin,1953-04-22,"8240 Miller Valley
North Emilyborough, HI 42173",VERIFIED,43
5785,Amber Jones,1951-05-07,"64448 Blanchard Alley
New Jennifer, RI 11354",PENDING,49
5786,Natalie Pearson,1972-06-05,"536 Wood Neck
Perezfurt, VI 92750",VERIFIED,70
5787,Catherine Santos,1962-01-22,"567 Edward Ports Apt. 125
New Curtis, PA 65169",VERIFIED,92
5788,Alexander Garcia,1961-07-05,"73172 Burnett Manors Apt. 883
North Lisa, WY 15347",VERIFIED,10
5789,Lindsey Huff,1987-09-17,"03883 Nicole Station
Thompsonton, OR 24011",VERIFIED,30
5790,Justin Flores,2001-02-04,"PSC 6945, Box 5087
APO AP 03161",VERIFIED,36
5791,Shawn Bullock,1999-07-07,"848 Solomon Valleys
West Richardhaven, NJ 58074",VERIFIED,92
5792,Jay Lee IV,1966-03-27,"5557 Kevin Isle Suite 766
Marshallstad, MO 50797",VERIFIED,100
5793,Michael Berry,2000-10-11,"765 Harding Rapids Suite 519
Cobbfurt, PA 04759",VERIFIED,45
5794,Ryan Middleton,1986-07-09,"USNS Holmes
FPO AP 12178",VERIFIED,68
5795,Frank Strickland,1967-07-13,"7724 Danny Branch Suite 668
Kirbyport, PA 12594",VERIFIED,79
5796,Stacy Mitchell MD,1990-03-03,"98248 Watson Green Apt. 871
West Kelseyview, AS 31850",VERIFIED,43
5797,Adam Moss,1974-10-28,"7921 Jennifer Path
Davenportview, TX 54634",PENDING,24
5798,Danielle Farley,1983-05-27,"9636 Jessica Orchard
West Derrick, KY 75679",VERIFIED,66
5799,Carmen Jones,1986-05-20,"8870 Lisa Stream Suite 679
Sophiastad, OR 75580",PENDING,25
5800,Raymond Rodgers,2006-04-10,"7632 Kylie View
New Cody, NM 54161",VERIFIED,23
5801,Erica Velasquez,2005-03-12,"9411 Brown Summit
West Christopher, LA 09387",VERIFIED,1
5802,Adrienne Page,1960-12-09,"0280 Jorge Rest
Lorrainechester, AL 20407",VERIFIED,19
5803,Ms. Kelly Rodriguez,1977-01-23,"377 Carolyn Tunnel
Jennifershire, PW 65404",VERIFIED,34
5804,Joseph Nelson,1955-10-24,"8046 Deborah Loop
Albertfort, SC 04175",VERIFIED,89
5805,Chad Grimes,1953-02-06,"586 Mary Mountains Suite 129
Brucebury, IN 05997",VERIFIED,25
5806,Samantha Patterson,1962-04-20,"847 James Glens Apt. 549
South Taylor, MP 96847",VERIFIED,94
5807,Matthew Mason,1975-02-20,"5594 Mitchell Way Suite 604
Johnsonville, MN 76084",VERIFIED,41
5808,Jeffrey Hernandez,1960-06-04,"USNS Keller
FPO AA 72020",PENDING,92
5809,Joseph Murphy,1973-10-04,"2692 Scott Rapids
Port Markberg, PA 20278",VERIFIED,49
5810,Scott Gonzalez,1966-10-22,"44051 Thomas Drive
New Benjaminbury, WV 68932",VERIFIED,30
5811,Amanda Lee,1985-07-29,"15635 Johnson Shoal
Port Michaelfurt, MO 12699",VERIFIED,63
5812,Natasha Ochoa,1968-11-27,"22963 Robert Isle
New Sharon, AZ 05639",PENDING,75
5813,Stacey Campbell,1956-08-31,"98666 Christine Land Apt. 133
New Danielmouth, CA 59093",VERIFIED,48
5814,Andrew Brewer,1992-11-27,"63624 Garrett Views Suite 085
Longshire, LA 59564",VERIFIED,97
5815,Daniel Young,1980-12-20,"3898 Thompson Row
West Joannastad, LA 19848",PENDING,86
5816,Tony King PhD,2003-01-21,"150 Nash Flat Suite 365
Nicholaschester, GA 14371",VERIFIED,67
5817,Nicholas Quinn,1970-02-17,"79481 Bauer Shoal Suite 673
Youngview, IA 11981",PENDING,92
5818,Kelsey Acevedo,2003-07-18,"532 Vanessa Common Apt. 504
Smithshire, NM 53064",VERIFIED,69
5819,Grace Moore,2001-08-19,"46762 David Oval
Davidsonville, KS 95124",PENDING,92
5820,David Kerr,1982-10-08,"Unit 7267 Box 8175
DPO AP 77502",VERIFIED,21
5821,Phillip Butler,2003-02-08,"93022 Jessica Pine
Brandonchester, SC 64390",VERIFIED,50
5822,Catherine Cordova,1985-09-13,"46800 Sharp Centers Apt. 141
Jonesbury, NH 53810",PENDING,59
5823,Ryan Marquez,1982-02-17,"374 Joseph Motorway
East Randallville, CO 58742",VERIFIED,7
5824,Lawrence Wood,1993-04-03,"48574 Mary Spring
West Angelaton, SC 58317",PENDING,92
5825,Shawna Torres,1974-12-01,"65276 Eric Locks Suite 884
Riddleborough, MH 22466",VERIFIED,69
5826,Tony Miller,1961-11-08,"37559 Hardin Plains Apt. 020
East Seanbury, CA 15364",VERIFIED,96
5827,Beth Owen,2002-07-03,"91092 Kayla Ferry
Hickmanland, NJ 25625",VERIFIED,49
5828,Ryan Yang,1960-03-01,"81029 Jaclyn Square Apt. 694
Holand, AR 67094",PENDING,40
5829,Sarah Aguirre,1987-10-23,"478 Hunter Run Apt. 164
West Melissa, VA 20806",PENDING,14
5830,Jared Rasmussen,1999-03-23,"USCGC Wilcox
FPO AE 80422",PENDING,51
5831,Thomas Mullins,1985-08-05,"556 Fuentes Valleys Suite 372
North Davidview, PW 95449",PENDING,75
5832,Christopher Love,1969-03-02,"USCGC Nelson
FPO AA 76161",PENDING,29
5833,Jennifer Campbell,1970-09-06,"90091 Shaw Drives Apt. 576
Cynthiaside, AK 38020",VERIFIED,96
5834,Kaylee Brown,1966-03-02,"2686 Prince Plain Apt. 373
East Jacobchester, AR 48488",PENDING,17
5835,Ashley Lane,1996-10-04,"3505 Jordan Village Suite 364
Lake Andrea, AZ 14086",VERIFIED,25
5836,William Turner,1966-01-26,"8188 Velasquez Trail
South Stacey, MN 13610",VERIFIED,25
5837,Ryan Campos,1976-05-26,"18686 Benjamin Bridge Apt. 043
North Tina, MT 57744",PENDING,39
5838,Emily Kelley,1990-04-09,"554 Susan Fields
West Sarahmouth, MS 52178",PENDING,80
5839,Lauren Cruz,1968-01-14,"94695 Leslie Dam Apt. 997
East Elizabeth, WV 34789",PENDING,3
5840,Rachel Oliver,1971-10-18,"PSC 5312, Box 3446
APO AE 55451",VERIFIED,83
5841,Julia Suarez,1955-11-16,"923 Moore Highway Apt. 510
Taylorborough, DE 61728",VERIFIED,26
5842,Dawn Potter,1953-08-02,"0985 Miranda Glen Suite 575
Carolfort, ND 77905",PENDING,66
5843,Laurie Navarro,1961-10-14,"735 Julia Ways
Matthewstad, AL 88028",PENDING,80
5844,Laura Sparks,1972-08-05,"77875 Morgan Glens Apt. 181
South Tammy, WA 45324",VERIFIED,24
5845,Sandra Carson,1959-07-13,"0037 Kristen Mews Suite 833
Julieland, NE 12722",PENDING,42
5846,Alicia Harris,1979-10-07,"8063 Moore Views
Hillfurt, KS 16034",PENDING,25
5847,Alicia Lee,1963-09-19,"035 Nicholas Court
Comptonshire, WA 99467",PENDING,57
5848,Miguel Jackson,1990-04-28,"40634 Nicole Divide Apt. 446
Curtiston, MS 58166",VERIFIED,77
5849,Melissa Wright,2001-02-26,"964 Poole Corners
North Michelleburgh, PR 53679",PENDING,51
5850,Ruth Williamson,1987-10-13,"796 Castro Knoll Apt. 694
West Danielside, VT 19775",VERIFIED,69
5851,Nathan Johnson,1961-05-31,"5384 Anderson Shoal Apt. 125
Gutierrezton, CA 65606",PENDING,11
5852,Deborah Boyd,1983-11-10,"366 Wright Highway Apt. 866
Jessicaport, MI 66121",PENDING,62
5853,Mia Johnson,1988-03-29,"49900 Miller Gardens
Hansenton, PA 33218",VERIFIED,93
5854,Dana Romero,1995-02-10,"357 Paula Island Apt. 501
Port Scottview, MI 02435",PENDING,51
5855,Tammy Franco,1956-12-27,"61337 King Isle Apt. 409
West Jesusstad, ID 86139",VERIFIED,84
5856,Michele Flynn,1993-04-27,"4354 Anna Cape Apt. 997
Johnstonland, TX 13531",VERIFIED,24
5857,Tammy Clayton,1962-11-30,"560 Cynthia Falls
Lake Robertberg, UT 66181",PENDING,34
5858,Robert Bates,1995-09-17,"2092 Kemp Ville
North Lisamouth, MP 52785",VERIFIED,86
5859,Aaron Hall,1977-05-20,"8108 Gloria Key
East Amyview, UT 36609",PENDING,69
5860,Lisa Evans,1984-01-15,"0364 Jason Stravenue
New Nathanside, MS 67387",PENDING,88
5861,Katherine Fernandez,1977-05-12,"USNS Herman
FPO AP 82742",PENDING,48
5862,Jean Rubio,1979-12-06,"80566 Sierra Path Apt. 919
West Jilltown, KY 75598",PENDING,11
5863,Miss Jennifer Brown MD,1977-03-30,"13586 Hodges Pines
New Courtneyshire, SD 78625",VERIFIED,52
5864,Michael Taylor,1987-07-24,"031 Murray Rapid
New Nathan, HI 59602",VERIFIED,17
5865,Carlos Clark,2005-04-20,"244 Kevin Lakes
Ericafort, ND 38010",VERIFIED,29
5866,David Lowery,1978-01-30,"5920 Timothy Square Apt. 625
Hoffmanborough, KY 46740",PENDING,6
5867,Michelle Arnold,1956-02-26,"5612 Moore Forest
Port Katherinebury, MH 43176",VERIFIED,6
5868,Daniel Davis,1975-09-13,"68280 Joseph Walks
Port Racheltown, MH 28879",VERIFIED,5
5869,Joseph Floyd MD,2003-04-05,"USCGC Rios
FPO AA 81815",VERIFIED,22
5870,Cassandra Smith,1989-02-22,"1939 Andrea Stravenue
Leemouth, FL 40659",VERIFIED,42
5871,George Smith,1978-08-15,"44172 Cook Locks Suite 471
Lake Michelleport, DE 90008",VERIFIED,33
5872,Tara Cox,1984-11-12,"PSC 0769, Box 5817
APO AP 59742",VERIFIED,25
5873,Deborah Simpson,1951-12-02,"8616 Jennifer Flat Suite 601
New Kyle, FM 34053",PENDING,3
5874,Jason Gonzales,1973-05-12,"312 Greg Freeway Apt. 874
North Dannyberg, VA 21451",VERIFIED,95
5875,Melissa Gomez,2006-01-18,"151 Aaron Well
West Gabrielchester, MP 67540",PENDING,32
5876,Anthony Moss,1956-08-08,"5134 Peterson Drive Suite 465
Lake Kelly, CA 80047",VERIFIED,36
5877,Jacqueline Davis,1972-07-25,"443 Jesus Stream Apt. 767
South Carolmouth, SD 30671",PENDING,43
5878,Michael Davis,1984-03-27,"Unit 8959 Box 1731
DPO AA 71210",VERIFIED,94
5879,Jessica Walton,1971-07-02,"26254 Freeman Grove
Gonzalezshire, MP 87564",VERIFIED,23
5880,Ashley Rowe,1990-07-25,"83445 Lawrence Circles
West Elizabethside, IL 69181",VERIFIED,25
5881,Adam Gross,2007-09-11,"PSC 3828, Box 8710
APO AP 07879",VERIFIED,48
5882,Jacqueline Lewis,2003-01-14,"468 Stephanie Lakes
South Victoria, WI 23714",PENDING,61
5883,Daniel Patton,1994-05-16,"5942 Alyssa Flats Apt. 237
Sabrinamouth, CA 72408",VERIFIED,47
5884,Mary Hernandez,1987-02-03,"019 Linda Isle Suite 726
South Jose, UT 01113",PENDING,24
5885,Melissa White,1970-08-16,"90155 Greene Knoll
West Blakeside, RI 63804",VERIFIED,25
5886,Allison Ellis,1993-10-18,"Unit 1182 Box 2271
DPO AE 46831",VERIFIED,6
5887,Teresa Schaefer,1973-12-15,"907 Christina Crescent Apt. 449
Smithburgh, VT 69504",PENDING,39
5888,Anthony Howard,2004-11-12,"03671 Cox Unions
Carrilloborough, NC 05401",PENDING,90
5889,Amber Shepherd,1965-02-10,"94326 Graham Gateway
New Deannamouth, HI 87676",VERIFIED,49
5890,Kimberly Gutierrez,1980-12-31,"6738 Mckenzie Streets
Harperside, NC 79777",VERIFIED,16
5891,Tony Gonzalez,2007-01-11,"0705 John Pass
Andreahaven, PA 07965",VERIFIED,83
5892,Kim Stewart,1964-10-15,"720 Moody Ports Suite 822
Lake Travisfort, WA 73918",PENDING,70
5893,Dustin Roman,2005-12-24,"554 Sandra Gateway
South James, AZ 54596",VERIFIED,39
5894,Elizabeth Young,1994-10-30,"78547 Bennett Plain Apt. 350
New Kyleton, AL 80125",PENDING,70
5895,Alvin Vasquez,1958-03-16,"USNS Norton
FPO AA 07700",PENDING,39
5896,Adam Sims,2005-05-28,"79827 Willie Hill
South Sandrachester, VA 53231",VERIFIED,12
5897,Alice Kelly,1950-11-03,"52524 Sarah Islands Suite 601
Jefferyport, MT 32015",VERIFIED,12
5898,Mitchell Carter,1962-06-17,"298 Matthew Key Suite 453
West Angela, OR 32275",PENDING,31
5899,James Weber,1991-07-17,"867 Schroeder Street Apt. 461
Cherylstad, WA 61788",PENDING,51
5900,Ashley Adams,1996-03-13,"7919 Brandy Lights Suite 289
Sarahview, MS 20437",PENDING,99
5901,Derrick Hensley,1974-02-19,"3070 Parrish Spring Suite 388
Jonesfurt, AS 68616",PENDING,56
5902,Justin Myers,1977-11-27,"9482 Stout Ranch
North Dean, VT 74720",VERIFIED,80
5903,James Frost,1967-11-13,"28407 Oliver Mews
West Michealville, HI 48561",PENDING,32
5904,Ryan Arnold,2007-02-06,"482 Bryant Turnpike
South Markview, NY 93786",PENDING,10
5905,Cheryl Patel,1993-03-30,"Unit 4835 Box 6148
DPO AE 90237",PENDING,59
5906,Ronald Wilson,1992-01-26,"USNS Long
FPO AP 59825",PENDING,18
5907,Cynthia Lester,1971-08-19,"0116 Poole Squares Apt. 341
Amyberg, WA 64624",VERIFIED,92
5908,Justin Webb,2004-03-25,"951 Warren Causeway
Melissaberg, IN 89328",VERIFIED,77
5909,Stephanie White,1995-11-26,"USS Bray
FPO AA 17867",VERIFIED,61
5910,Richard Harrington,1994-08-04,"0373 Parsons Stravenue Suite 304
Kimberlyview, WI 84043",VERIFIED,69
5911,Stephen Jones,1975-06-22,"1818 Bradshaw Springs
Jacksonborough, KY 98461",PENDING,7
5912,Mary Cooke,1960-04-21,"7431 Brewer Valleys
Tiffanyburgh, VA 92466",VERIFIED,92
5913,Cindy Cole,1990-09-26,"934 Sarah Row Apt. 766
Kellyside, CA 15202",PENDING,49
5914,Jeremy Johnson,1976-12-29,"6493 Monica Harbors Apt. 686
East Kyle, AS 75658",VERIFIED,87
5915,Timothy Stout PhD,1971-04-20,"07246 Jeffrey Brook
Darrenland, NJ 71398",VERIFIED,24
5916,Andre Andrews,1982-10-15,"USNS Lee
FPO AP 80500",PENDING,22
5917,Diana Harper,1999-02-15,"29044 Hawkins Divide Apt. 062
Craigfurt, MO 42399",VERIFIED,15
5918,Kevin Hansen,1981-10-15,"PSC 2690, Box 4507
APO AA 92181",VERIFIED,47
5919,Stephen Wood,1957-05-11,"79321 Susan Forest Suite 262
New Marcus, MI 06045",PENDING,3
5920,Meghan Moore,2007-09-02,"31608 Michael Grove Suite 770
Lake Deanna, VA 42475",PENDING,76
5921,Amanda Diaz,1976-05-06,"76333 Eddie Mission Suite 663
Port Michaelmouth, NY 85825",VERIFIED,11
5922,Amanda Schmitt,1987-05-14,"Unit 8723 Box 3811
DPO AA 15584",VERIFIED,61
5923,Ms. Vicki Bailey,1993-02-09,"534 Phillips Ways Suite 721
West Scott, AR 21760",VERIFIED,57
5924,David Bell,2003-03-02,"05523 Williams Cove Suite 083
Garyfort, ID 88997",PENDING,63
5925,Michael Clark,2005-07-15,"04685 Brandy Shores Suite 693
South Samuel, MO 51003",VERIFIED,88
5926,Jessica Lucas,1967-05-19,"3015 Emily Isle
West Jerry, MH 16766",PENDING,55
5927,Daniel Cardenas,1957-08-14,"52029 Natalie Park
Adamsborough, IN 65945",PENDING,68
5928,Eric Ellis,1982-02-28,"1069 Alvarez Summit Apt. 418
East Nicholas, NJ 48371",PENDING,89
5929,Tracy Smith,2003-01-16,"9926 Jeff Port Suite 142
North Christopher, PA 48660",PENDING,39
5930,Stephanie French,1993-02-04,"42056 Tara Mission Suite 188
New Lisa, MO 32513",PENDING,28
5931,Mary Johnson,1979-12-13,"0733 Dylan Station Suite 350
Port Zachary, NC 97000",PENDING,27
5932,Jacqueline Davis,2001-08-01,"5919 Rice Station Suite 274
North Austin, FM 52787",VERIFIED,7
5933,Rebecca James,1959-04-25,"45354 Taylor Loop Apt. 203
Stevenville, SD 55633",PENDING,34
5934,Dean Clark,2000-11-24,"7491 Robert Well Suite 900
North Stacyfurt, MS 94103",VERIFIED,22
5935,Brandy Thornton,1957-08-18,"PSC 8969, Box 5363
APO AE 80189",VERIFIED,18
5936,Sherri Johns,1970-06-11,"75266 Beverly Mountains
South Daniellefort, MP 65031",PENDING,54
5937,James Moon,1989-04-16,"305 Glover Dam
Lake Randall, PW 67351",VERIFIED,73
5938,Nathan Hooper,1989-04-10,"Unit 3192 Box 9586
DPO AE 75692",PENDING,42
5939,Dale Stokes,1958-03-15,"655 Moore Drive Apt. 798
South Todd, HI 69321",VERIFIED,89
5940,Stephen Kemp,1998-11-22,"3146 Timothy Centers
Lake Shellyview, NE 34013",PENDING,84
5941,Mr. Kevin Gonzalez,1992-02-13,"16001 Deborah Islands
North Janetstad, TN 78154",PENDING,24
5942,Michelle Tanner MD,1964-06-29,"77300 Patrick Ramp
South Bradyhaven, MN 08639",VERIFIED,50
5943,Grace Evans,1954-10-31,"4942 Mora Fork Apt. 151
East Jessica, AL 01926",VERIFIED,97
5944,Maria Baker,1976-12-17,"50744 Strong Heights
West Jessica, AZ 79833",PENDING,85
5945,Heather Hunter,1993-12-26,"Unit 8732 Box 2773
DPO AA 53175",VERIFIED,18
5946,Tina Brown,1998-06-12,"9393 Billy Hollow
South Jamestown, MS 04198",PENDING,59
5947,Victor Meyers,1979-10-17,"PSC 6002, Box 4150
APO AE 17882",VERIFIED,23
5948,Cody Moore,2000-11-12,"911 Craig Prairie
South Jenniferside, VI 89954",VERIFIED,9
5949,Jeffrey Hernandez,1955-05-04,"185 Marvin Avenue Suite 161
Lewisbury, TN 91118",VERIFIED,61
5950,Rebekah Mitchell,1989-04-05,"18246 Melissa Spur
Javiermouth, AL 74922",PENDING,13
5951,Kayla Evans,1961-05-09,"403 Sanchez Forge
Chungbury, NC 77690",PENDING,56
5952,Ian Patton,2003-06-08,"0725 George Oval
Analand, VT 52131",VERIFIED,97
5953,Desiree Fields,1993-10-04,"950 Melissa Flat
Mendozamouth, AR 08603",VERIFIED,95
5954,Erik Hudson,1963-02-06,"10136 David Rue Apt. 916
New Heather, IL 47449",VERIFIED,34
5955,Sean Gutierrez,1993-05-06,"552 Conley Wells Suite 656
New Antonioborough, NM 20265",VERIFIED,27
5956,April Perez,1987-04-17,"14289 Bird Parkways Suite 066
Perryport, SD 67697",VERIFIED,96
5957,William Hoffman,1995-11-29,"35185 Jessica Park Suite 299
Emilymouth, MI 63880",PENDING,19
5958,Courtney Davidson,1962-07-01,"04242 Clark Key
Lake Tiffany, NY 21240",VERIFIED,42
5959,Charles Harrell,1974-08-15,"PSC 1098, Box 5474
APO AP 58275",PENDING,98
5960,Martin Reynolds,1992-09-08,"0909 White Freeway
New Steven, IN 49219",PENDING,61
5961,Marisa Estrada,2007-07-06,"4292 Thomas Ridge
North Kelseyshire, CO 90783",PENDING,7
5962,Eric Smith,1989-12-25,"USCGC Stanley
FPO AA 12451",PENDING,69
5963,Susan Lewis,2005-08-29,"7333 Ramirez Drive
Watsontown, OK 04600",PENDING,57
5964,Anthony Mckinney,1951-05-27,"4708 Brandy Prairie Apt. 513
South Jasmine, KY 51866",VERIFIED,95
5965,Thomas Wang,1965-12-17,"36611 King Court
Jonathanport, CO 42596",PENDING,91
5966,Kendra Harris,1986-05-06,"25376 Tamara Wells
Gaineshaven, OK 81266",VERIFIED,72
5967,Gregory Anderson,1986-01-28,"Unit 0953 Box 7291
DPO AP 70301",VERIFIED,60
5968,David Hudson,1971-12-13,"495 Gordon Trail
South Justinborough, VA 13101",PENDING,22
5969,David Carter,1963-05-23,"964 Green Turnpike Apt. 944
Charlottefort, AR 93746",VERIFIED,40
5970,James Harris,1953-03-09,"065 Lopez Row Suite 357
Michaelburgh, MD 00671",VERIFIED,96
5971,John Moore,1989-02-17,"141 Jennifer Viaduct
Lake Jeffrey, SD 85754",VERIFIED,90
5972,Cynthia Nixon,2004-04-06,"439 Gregory Port
Andreaberg, MN 51930",PENDING,76
5973,Matthew Gonzalez,1957-05-22,"3109 Juan Village Apt. 585
Bauerside, NV 40983",VERIFIED,61
5974,Brooke Mason,1978-06-22,"1083 Dixon Lock
North Kathy, GU 99759",PENDING,92
5975,Scott Doyle,1998-09-04,"59537 Katie Field Apt. 399
Meltonmouth, VA 22255",PENDING,53
5976,Wendy Gordon,1996-01-26,"6210 Barber Fort
North Teresa, AK 47710",VERIFIED,63
5977,Ebony Fowler,1967-10-24,"06746 Jonathan Ways
East Jasonborough, ME 54242",PENDING,84
5978,Michelle Sherman,1991-09-05,"82998 Clayton Mission Apt. 286
South David, MD 57316",PENDING,7
5979,Martin Ray,1998-09-17,"3002 Natalie Inlet Apt. 426
East John, UT 48487",PENDING,96
5980,Walter Mack,1978-05-08,"465 Mcconnell Burg Suite 497
Travisstad, WV 07465",VERIFIED,99
5981,William Ray,1979-03-06,"83202 Ayala Loop Suite 678
Port Jamesport, AR 43271",PENDING,77
5982,Beth Gonzalez,1974-07-11,"97396 Sullivan Mission
New Jessicafurt, UT 99810",PENDING,18
5983,Amy Willis,1998-05-05,"99897 Karen Point Apt. 213
Lake Robert, NJ 11092",PENDING,35
5984,Michelle Shepherd DVM,1979-03-17,"19967 Smith Plaza Suite 468
Madisonborough, SC 50228",PENDING,100
5985,Lisa Walker,1978-03-31,"548 Ruben Brook
New Carolyn, IA 42967",VERIFIED,63
5986,Brian Armstrong,1986-05-25,"4954 Justin Alley Apt. 754
Whiteborough, MD 58329",VERIFIED,15
5987,Katelyn Williams,1959-07-20,"32114 Ramirez Manor Suite 727
Lake Timothy, WV 55049",VERIFIED,76
5988,Brian Adams,1992-07-14,"593 Christopher Trail Apt. 992
South Jonathan, DE 23284",VERIFIED,35
5989,Jeremy Palmer,1961-07-03,"437 Jerry Ways
Heathview, FL 39660",VERIFIED,40
5990,Christopher Robinson Jr.,1981-05-25,"1481 Chen Shoals
Robinsonville, MT 32740",PENDING,48
5991,Travis White,2001-05-21,"76875 Jessica Shores Suite 864
Fernandezchester, AL 23435",VERIFIED,6
5992,Michael Williams,1997-08-27,"731 Bailey Way Suite 203
Lake Deanna, NE 32529",PENDING,52
5993,Matthew Williams,1991-05-19,"Unit 0142 Box 7307
DPO AE 47351",VERIFIED,34
5994,John Peters,1983-04-05,"8904 Faulkner Light
Richardsberg, HI 63038",VERIFIED,59
5995,Keith Smith,1992-07-09,"1277 Wilson Club Apt. 619
Cunninghamfurt, TX 26923",PENDING,58
5996,Paula Gentry,1999-04-17,"5612 Sanchez Walk Suite 359
Hessland, AR 93948",PENDING,6
5997,Judy Martin,1961-10-21,"627 Acevedo Falls Apt. 760
Davidmouth, MI 94895",VERIFIED,77
5998,Derrick Newton,1978-07-16,"89800 Chris Road Suite 311
North Billy, IN 41125",VERIFIED,67
5999,Sharon Davis,2006-03-10,"4889 Lopez Avenue
Kristenchester, CO 69378",VERIFIED,91
6000,Maria Armstrong,1963-02-16,"641 Katherine Meadow
South Mary, MS 64658",VERIFIED,70
6001,Julian Medina DDS,2008-04-02,"USNV Mcfarland
FPO AA 31948",PENDING,30
6002,Cynthia Gregory,2004-10-13,"376 Valerie Way Apt. 173
Markberg, CO 41505",VERIFIED,2
6003,Mary Garcia,2005-12-21,"140 Davis Skyway
East Stacyton, IA 88022",VERIFIED,9
6004,Christopher Gonzalez,2003-11-29,"988 Rogers Drive
Rickyhaven, DE 61648",PENDING,41
6005,Gabriella Thomas,1951-09-16,"4681 Megan Spring Suite 846
Riveraside, CT 60260",PENDING,50
6006,Nicholas Hudson,1991-10-02,"18134 Deborah Square
Julieborough, CA 84525",PENDING,75
6007,Ryan Williamson,1952-01-14,"44185 Rhonda Light
Ryanchester, TX 92578",VERIFIED,23
6008,Justin Carter,1988-11-19,"PSC 3402, Box 6669
APO AP 31843",PENDING,37
6009,Jennifer Meyer,1958-08-15,"13134 Williams Gateway
Douglasland, OR 07639",PENDING,31
6010,Victoria Proctor,1961-09-15,"02634 Griffith Haven
Tabithahaven, NC 70636",PENDING,90
6011,Mr. Jeffrey Baker,1952-12-02,"Unit 8680 Box 6118
DPO AA 37375",PENDING,44
6012,Amanda Walker,1983-06-01,"3445 Davis Prairie
New Mark, AS 81506",VERIFIED,17
6013,William Estrada,1974-11-28,"4135 Anthony Glen Apt. 568
New Amanda, MT 62122",PENDING,58
6014,Allen Jones,1959-12-16,"Unit 1519 Box 0987
DPO AA 78658",PENDING,42
6015,Pamela Greer,1989-09-15,"280 Kerry Estate
Danielville, PA 10581",VERIFIED,9
6016,Kevin George,1967-04-04,"67110 Alexis Mountain
Tiffanyland, HI 63306",VERIFIED,44
6017,Brenda Hughes,1964-07-22,"7788 Burch Unions
West Eric, WY 09643",VERIFIED,9
6018,Russell Lynn,1998-01-14,"7011 Rhonda Knoll Apt. 677
Reginabury, AZ 68458",PENDING,24
6019,Jessica Nolan,1993-02-06,"83544 William Isle
East Adamfort, SD 27507",PENDING,28
6020,Jordan Taylor,1994-12-04,"43822 Paula Hill
Sarahchester, TX 34786",VERIFIED,73
6021,William Berry,1994-11-14,"9896 Wilson River
Traceymouth, RI 71705",PENDING,54
6022,Jamie Morales,1988-08-20,"03258 Hall Trail
South Gregoryfort, MI 66110",VERIFIED,79
6023,Christian Jackson,1988-12-16,"6967 Andrea Fork
Staffordmouth, NH 18341",PENDING,1
6024,Maria Williams,2004-06-25,"787 Peters Plaza
Port Rebeccashire, VT 07885",VERIFIED,56
6025,Brian Bradshaw,1996-06-28,"669 Leonard Dam Apt. 778
South Martha, NM 68369",PENDING,71
6026,Mr. James Sanders,1958-01-17,"30190 Garcia Roads
East Amberton, SD 61888",VERIFIED,62
6027,Tracy Smith,1998-07-11,"421 Hanson Shores
Taylorhaven, CT 28384",VERIFIED,67
6028,Adam Ellis DVM,2005-08-15,"74359 Morgan Locks Apt. 398
Jonathanside, MD 69925",VERIFIED,25
6029,Sara Dominguez,1955-05-20,"73023 Daniel Lakes Suite 658
Lake Melanie, AR 76685",VERIFIED,40
6030,Barbara Davis,1975-05-08,"6704 Jacobs Hills
Thomasfurt, VT 66117",VERIFIED,42
6031,Samantha Martinez,1995-05-16,"5455 Hansen Terrace Apt. 226
Lake Dominicburgh, KS 48825",VERIFIED,73
6032,Darrell Brown,2002-12-21,"33878 Washington Skyway Suite 967
East David, AK 60819",PENDING,9
6033,Gina Strickland,1984-09-17,"7869 Michael Road
Benjamintown, AR 09345",VERIFIED,71
6034,Laura Martinez,1973-12-25,"8303 Ball Rapids Suite 713
Johnsonborough, OK 36921",VERIFIED,28
6035,Beth Walker,1953-04-01,"3657 Peters Station
Shellyville, RI 05973",VERIFIED,57
6036,Larry Cannon,1999-08-24,"USNS Kelly
FPO AE 35267",VERIFIED,91
6037,Jeremy Johnson,1990-05-29,"554 Sullivan Village
Lake Anthonyburgh, RI 34981",PENDING,71
6038,Andre Johnson,1952-10-01,"Unit 9814 Box 1708
DPO AP 04421",VERIFIED,83
6039,Dominic Petty,1995-04-09,"607 Pearson Center
Jonathantown, AZ 23665",VERIFIED,8
6040,Luke Green,1988-07-14,"85856 Dunn Valleys
Langfurt, KS 88864",VERIFIED,42
6041,Paula Salinas,1997-08-19,"3020 Day Mission Apt. 836
Merrittshire, VT 14481",VERIFIED,86
6042,Michael Lopez,1989-03-17,"626 Roberts Valleys
Mendezview, MI 18033",VERIFIED,16
6043,Steven Brown,2000-08-31,"46336 Alec Springs
Lake Gregorybury, ND 42309",VERIFIED,32
6044,Thomas Mora,1970-04-18,"685 Allen Springs Suite 727
New Ethanmouth, AL 44781",PENDING,100
6045,Tyler Herring,2001-05-02,"Unit 4604 Box 6742
DPO AA 02365",VERIFIED,42
6046,Christine Fowler,1967-08-31,"453 Harrison Extensions
Stephensshire, MT 24062",PENDING,43
6047,Michael Chavez,1959-06-03,"9054 Robles Mall Suite 026
Sarahton, GA 70362",VERIFIED,97
6048,Rebecca Spencer,1965-09-02,"630 Pamela Estate Suite 599
Lake Lauramouth, NH 54954",PENDING,50
6049,Stacy Reeves,2006-12-22,"404 Knight Fork
New Brandonberg, NC 94998",VERIFIED,24
6050,Douglas Zamora,1980-06-07,"1546 Cameron Loaf Suite 014
Bobbyport, NV 67400",VERIFIED,22
6051,Michael Jones,1963-06-05,"6213 James Meadows Apt. 059
Brendafort, AR 63049",PENDING,85
6052,Paul Rodriguez,1968-04-17,"615 Jordan Forks
Timothyside, MP 02331",PENDING,77
6053,Barbara Payne,1991-11-24,"71233 Gutierrez Skyway
Port Sandraberg, MT 51596",VERIFIED,33
6054,Jennifer Madden,1962-10-16,"918 Mckay Bridge
Davidport, AR 66467",PENDING,70
6055,Susan Malone,2008-05-05,"773 Brenda Estates
Port Kyleside, MH 20303",VERIFIED,7
6056,Lee Nguyen,1988-03-12,"287 Brown Pass Apt. 369
Meganside, MN 09602",PENDING,23
6057,Matthew Mendoza,1987-03-07,"8585 Young Radial Apt. 544
Bentleyfurt, CT 95678",PENDING,4
6058,Allison Butler,1999-02-02,"148 Elizabeth Brook
Moonstad, MT 20551",PENDING,92
6059,Derrick Davis,1966-08-11,"7810 Sexton Forks Apt. 507
Robertland, NM 82812",VERIFIED,14
6060,Robin Davis,1985-07-09,"214 John Throughway
South Tylerberg, IN 26007",PENDING,55
6061,Sheila Garcia,1967-04-29,"68274 Donald Estate Apt. 735
South Henryshire, PA 46747",PENDING,68
6062,Cynthia Anderson,1966-05-08,"70682 Amanda Parkways
Tammyville, MO 07251",PENDING,100
6063,Omar Weiss,1985-08-24,"0160 Rogers Views
Amandafort, MS 00623",PENDING,47
6064,Alexis Baker,1983-08-29,"199 Denise Springs
West Ariana, AK 64583",VERIFIED,49
6065,Bryce Jones,1981-09-18,"288 Young Hills
Randallchester, TX 31922",PENDING,64
6066,Kelsey Wagner,1962-03-23,"PSC 7641, Box 8599
APO AE 12802",PENDING,72
6067,Kara Frazier,1987-05-02,"0532 Small Skyway Apt. 354
Hoffmanside, SC 88075",PENDING,47
6068,Kimberly Russell,2000-01-30,"592 Boyd Dale Suite 530
Sandersburgh, IN 13899",PENDING,45
6069,Anthony Smith,1974-09-17,"82688 Simpson Grove
North Joan, AR 72327",PENDING,72
6070,Casey Brown,1988-05-07,"4247 Hall Garden
Lake Cynthiastad, MT 48175",VERIFIED,70
6071,David Webster,1966-11-25,"PSC 3581, Box 4340
APO AP 15251",PENDING,22
6072,Eric Little,2004-07-01,"5933 Sarah Heights Suite 764
South Wayne, SC 85256",VERIFIED,100
6073,Kenneth Richard,2005-07-13,"6413 Williams Oval
East Amymouth, FM 43107",VERIFIED,60
6074,Samuel Miller,1961-11-21,"8122 Michael Well
Port Williamberg, NY 80262",VERIFIED,9
6075,Olivia Powell,1964-03-30,"USNV Wilson
FPO AA 34056",VERIFIED,25
6076,Becky Castro DVM,1951-04-15,"5004 Brenda Views
Santanatown, IN 84201",PENDING,3
6077,Nancy Hunt,1970-11-14,"65171 Bobby Crest Apt. 032
Emilymouth, IA 76236",PENDING,21
6078,Lisa Mann,1975-09-04,"574 Eric Dam
Port Bethberg, SD 18510",VERIFIED,77
6079,Carla Williams,2008-03-23,"131 Timothy Island Suite 452
Moralesburgh, ND 28806",PENDING,15
6080,Fernando Wong,1995-08-09,"1702 Bowers Turnpike
Port Christina, HI 95210",PENDING,83
6081,Joel Peterson,1962-08-12,"56634 Scott Falls
North Tara, KS 93235",PENDING,24
6082,Wayne Jones,1998-08-09,"3538 Kimberly Rapid Apt. 931
Rickybury, RI 48620",VERIFIED,38
6083,Angela Bridges,1973-01-21,"613 Knight Burg Apt. 818
Taylorside, MN 04008",VERIFIED,25
6084,James Smith,1985-12-29,"869 Jennifer Skyway Apt. 282
Port Frederickton, NE 63822",VERIFIED,62
6085,Danielle Perez,1958-04-12,"021 Cardenas Expressway Apt. 201
Port Kristen, LA 04273",PENDING,54
6086,Gabriel Rice,1973-08-12,"44619 Aaron Rest Suite 909
Royville, CO 01216",PENDING,90
6087,Kelli Flowers,1969-12-28,"Unit 4604 Box 5966
DPO AA 92088",PENDING,14
6088,Robert Burton,1988-05-22,"40095 Wendy Neck Apt. 848
West Gilbertmouth, IA 05130",PENDING,65
6089,Bryan Short,1970-09-20,"89934 Joseph Fields Apt. 764
South Catherineland, SC 42663",PENDING,91
6090,Patricia Ramirez,1970-07-09,"349 Jessica Forks Suite 499
Baldwinland, MO 56544",PENDING,24
6091,Richard Rivers,1997-01-21,"914 Bryan Cliffs Suite 646
Paulland, AS 62235",PENDING,20
6092,Ashley Jackson,1981-03-14,"750 Mathis Mews
Saraside, NH 79603",VERIFIED,89
6093,Rebecca Burke,2005-01-04,"551 Jennifer Haven Apt. 742
Jeromeview, AK 76638",VERIFIED,71
6094,Matthew Thomas,1984-12-11,"6274 Ronald Meadow
Hullburgh, NJ 92077",VERIFIED,90
6095,Jade Schmidt,1970-08-31,"066 Martinez Mill
Port John, AK 12383",VERIFIED,36
6096,Jennifer Novak,1995-07-11,"PSC 6900, Box 1442
APO AE 57294",VERIFIED,58
6097,Jeffrey Kelley,1968-04-17,"47065 Carmen Vista Suite 014
Nancyton, PW 90534",PENDING,82
6098,Thomas Flores,1986-09-12,"9902 Eugene Forges
Mcmillanmouth, NM 91985",VERIFIED,28
6099,Kerri Hall,1957-09-30,"294 Noah Shoals
Jenniferton, NJ 84616",PENDING,50
6100,Maria Arellano,1993-01-22,"15673 Steven Station Apt. 760
Port Tonyatown, DC 66751",PENDING,10
6101,Renee Yu,1959-06-18,"716 Jamie Brooks
Dominiquehaven, HI 64549",VERIFIED,45
6102,Kimberly Pennington,2000-09-13,"65749 Cervantes View Suite 674
Port Robert, SD 49342",PENDING,78
6103,Daniel Garrett,1966-09-14,"141 Rowland Circles Suite 699
New Abigailton, OK 28135",VERIFIED,49
6104,Robert Price,1975-04-23,"1073 Tammy Street
Luketon, NH 65443",VERIFIED,56
6105,Cynthia Hodges,1959-12-30,"164 Daniel Burgs
Estradastad, TX 17090",VERIFIED,54
6106,Tammy Roberts,1962-04-07,"59708 Anne Crescent Apt. 974
Lake Ana, TX 33389",VERIFIED,9
6107,Kevin Golden Jr.,1956-12-04,"956 Jonathan Plaza
Paulamouth, NH 90061",VERIFIED,93
6108,Kenneth Ellis,1971-03-26,"89059 Mendez Station
Holmesfurt, MS 35661",VERIFIED,56
6109,Victoria Lopez,1964-12-11,"1676 Robert Junctions Suite 873
Kevinville, KY 56046",VERIFIED,37
6110,Adam Davis,1956-03-15,"132 Wilson Coves
Lake Lindaville, WY 81970",VERIFIED,62
6111,Sara House,1974-02-13,"542 Kimberly Vista Apt. 285
Port Kathleenmouth, VA 34999",PENDING,52
6112,Brian Smith,1972-05-06,"077 Hall Points Suite 859
Port Melissa, WA 12095",VERIFIED,92
6113,Jean Higgins,1982-04-06,"036 Reyes Mountain Apt. 248
West Antonioshire, IA 78276",PENDING,66
6114,Jason Steele,1965-03-20,"8321 Clark Extensions
Mannshire, MI 13266",PENDING,67
6115,Karen Alvarez,1976-05-06,"140 Huerta Keys Apt. 440
New Robertofurt, MI 46513",VERIFIED,30
6116,Carlos Hernandez,1959-09-29,"715 Jason Club Apt. 289
Tylermouth, CA 23687",PENDING,73
6117,Ernest Lopez,1989-05-23,"68193 Erica Junction Apt. 918
Fisherborough, VT 46669",PENDING,4
6118,Kirsten Lopez,1967-08-10,"20060 Yvonne Meadow
Jessicastad, DC 89307",PENDING,84
6119,Sarah Rodriguez DDS,1958-11-04,"387 Pope Fort
West Vanessa, SD 11430",VERIFIED,40
6120,Ryan Stanton,1956-03-27,"8463 Hill Mews Suite 937
New Ricky, AR 10323",PENDING,13
6121,Andrew Mooney,1959-11-26,"2822 Smith Lights Apt. 072
Lake Ricky, DE 02562",VERIFIED,100
6122,Jeanette Walker,1969-08-23,"0603 Teresa Landing Apt. 881
West Julie, IL 37414",VERIFIED,53
6123,Bethany Shelton,1976-01-10,"5596 Perez Courts
North Jacobfurt, FM 41559",VERIFIED,88
6124,Amanda Smith,1989-07-01,"43435 Tina Stravenue
Tracyville, VA 44928",VERIFIED,90
6125,Christian Johnson,1977-06-09,"26471 Tommy Key Suite 233
Garyfort, WI 30980",VERIFIED,58
6126,Ronald Richardson DDS,1984-05-12,"755 Katie Walks Apt. 012
North Kristaview, RI 13040",VERIFIED,17
6127,Sabrina Drake,2005-10-24,"4027 Rodriguez Hill
Port Alexisfurt, LA 23163",VERIFIED,47
6128,Daniel Bradford,1956-01-22,"55484 Arias Dale
South Edwardville, IA 12538",PENDING,35
6129,Jean Mcclain,2001-02-25,"121 Jane Junctions
North Robert, IL 48981",VERIFIED,21
6130,Jennifer Gallegos,2004-07-07,"672 Ramos Keys Suite 666
Heatherview, NE 54044",VERIFIED,80
6131,Tammy Soto,1957-01-25,"2984 Bruce Island
Hillbury, CT 78945",VERIFIED,86
6132,Diane Rogers,1995-06-15,"80410 Ryan Radial Apt. 176
New Michael, WY 72886",VERIFIED,44
6133,Scott Moore,2002-02-16,"Unit 6672 Box 5243
DPO AP 59450",VERIFIED,77
6134,Adam Jordan,1989-06-03,"3708 Patricia Ramp
West Robert, SC 85000",PENDING,12
6135,Larry Pratt,1968-01-05,"60735 Mcclain Locks Apt. 706
New Kelseyhaven, NM 15719",VERIFIED,6
6136,Jason Warren,1958-07-16,"Unit 3224 Box 8074
DPO AE 47197",PENDING,9
6137,James Keller,1957-05-31,"3477 Timothy Green
North Cynthiaborough, GA 24955",PENDING,33
6138,Luis Baker,1975-08-20,"60296 Montgomery Rest Apt. 857
North Danielbury, LA 00967",PENDING,39
6139,James Byrd,1951-06-28,"61994 Elijah Fall
West Monique, GA 21546",PENDING,85
6140,Christopher Evans,2003-09-04,"549 Jessica Ports Apt. 858
Amberville, IA 01887",PENDING,34
6141,Kari Cook,2008-02-08,"839 Miranda Forges
Port Edward, CT 70287",PENDING,40
6142,Andrea Morton,1973-11-11,"66277 Cline Lodge
East Michael, MS 93129",PENDING,23
6143,Alec Lindsey,2007-04-13,"684 Jose Forest Apt. 612
Paulshire, NH 22226",VERIFIED,28
6144,Angela Riggs,1958-11-01,"4019 Frost Stream
North Ashley, PR 64768",VERIFIED,44
6145,Caroline Norton,1990-07-24,"24064 Brandon Grove Apt. 871
Lake Melissa, PA 47623",PENDING,7
6146,Roberto Harris,1990-08-21,"543 Steven Manors
East David, TN 80066",VERIFIED,18
6147,Daniel Stephens,1973-03-23,"24601 Ian Glens Apt. 794
Gayland, IL 81745",PENDING,90
6148,William Russell,1979-11-23,"6320 Bernard Prairie Suite 392
Kimberlybury, TN 63199",PENDING,17
6149,Jessica Li,1970-04-14,"415 Victoria Spring Apt. 122
North Jennaview, CT 92071",PENDING,16
6150,Amy Mclaughlin,1955-11-13,"USNV Watson
FPO AE 41194",PENDING,93
6151,Roger Roberts,2006-07-17,"480 Davis Forges
Juliafort, AZ 53057",PENDING,81
6152,Brandi Johnson,1953-05-20,"5903 Osborne Pine
South Kimberlytown, PR 66823",PENDING,36
6153,Timothy Taylor,1980-11-07,"USS Lewis
FPO AP 46668",PENDING,11
6154,David Todd,1956-10-23,"7381 Collier Hollow
Port Gabriel, ID 96494",VERIFIED,77
6155,Amanda Fisher,1972-11-16,"212 David Lodge Suite 732
Lake Carla, LA 64406",VERIFIED,10
6156,Troy Black,1977-05-20,"421 Bray Heights
South Brandon, NY 39678",PENDING,11
6157,Tamara Ballard,2006-10-04,"55997 James Mountains Suite 002
Lake Tracy, MD 35989",VERIFIED,88
6158,Kerry Jackson,1968-12-18,"2574 Peter Fields
Port Charles, OK 18785",PENDING,17
6159,Kimberly Johnson,1998-05-13,"0707 Zachary Flats Apt. 869
Davishaven, PW 74074",PENDING,99
6160,Brian Warner,1982-01-14,"214 Selena Road
North James, VT 10095",PENDING,42
6161,Brenda Watkins,1990-10-10,"3536 Michael Land Apt. 894
West Charlesport, UT 70049",VERIFIED,80
6162,Patrick Larsen,1991-03-27,"84667 Gonzales Ville
Juliaville, ME 29936",VERIFIED,60
6163,Kristy Ortega,1994-09-19,"4816 Diamond Glens Suite 515
Lake Dana, NC 24841",PENDING,11
6164,Abigail Kennedy,1988-09-05,"53148 Chambers Gardens
Garyshire, SD 05769",VERIFIED,95
6165,Linda Johnson,1956-03-25,"78947 Crystal Inlet
Foxside, VA 80303",PENDING,72
6166,Patrick Lopez,1981-12-27,"765 Frost Estates Suite 220
Port Rebekahstad, LA 43130",VERIFIED,65
6167,Ryan Clark,1957-06-30,"4892 Myers Station Apt. 636
Ortizborough, PR 42667",PENDING,32
6168,Matthew Davenport,1967-07-06,"2791 Alison Plaza
South Mariah, ND 54605",VERIFIED,90
6169,Christopher Anderson,1962-06-01,"063 Thompson Lane
Chasemouth, GA 20410",PENDING,87
6170,Ashley Jennings,1958-08-31,"385 Kelly Fort
Stephanieburgh, DC 94479",PENDING,82
6171,Rebecca Thompson,1991-02-28,"756 Christopher Orchard Suite 293
Travistown, MA 45343",PENDING,29
6172,Cassandra Jimenez,1952-08-07,"729 Pollard Springs
Coleberg, MA 61476",VERIFIED,12
6173,Joe Wilson,2002-05-08,"06955 John Meadow Apt. 794
Myersstad, VT 87927",PENDING,41
6174,John Bailey,1963-11-08,"845 Lee Canyon Suite 935
Rosarioside, NY 19650",VERIFIED,19
6175,George Young,1971-05-18,"74111 Wendy Lights
Lake Lindsay, NE 52891",PENDING,82
6176,Kristine Casey,1982-05-20,"PSC 9683, Box 9500
APO AA 59346",VERIFIED,79
6177,Donald Walker,1987-12-18,"4158 Glass Turnpike Apt. 762
Port Patrick, MD 42326",VERIFIED,6
6178,Cody Davis,1959-12-16,"064 Carter Fort
Chadberg, CT 91892",VERIFIED,85
6179,Daniel White,1968-08-03,"4967 Brad Key Apt. 932
South Lauren, AR 33982",PENDING,53
6180,Christina Wells,1977-07-09,"7513 Daniel Center
Perezstad, KS 87267",VERIFIED,68
6181,Bryan Frank,1970-11-19,"56818 Teresa Pines Suite 945
Port Ashley, MP 36403",VERIFIED,39
6182,Todd Gross,1977-12-26,"PSC 1137, Box 1325
APO AE 33250",PENDING,96
6183,Ashley Norris,1975-08-24,"8579 Brian Inlet
Butlerville, KS 69865",PENDING,29
6184,Christina Fischer,1951-07-29,"153 Garrett Point
Marcusfurt, SD 54374",VERIFIED,93
6185,Andrew West,1985-05-26,"681 David Dale
New Robert, CO 27569",VERIFIED,82
6186,Dakota Smith,1987-04-14,"95902 Williams Drives
Lake James, NC 61965",PENDING,65
6187,Kristina Robinson,1984-10-30,"0552 Amanda Villages
West Diana, MP 01934",VERIFIED,8
6188,Natasha Lee,1955-07-16,"Unit 5235 Box 6572
DPO AP 64878",PENDING,63
6189,Amanda Cook,1983-03-22,"500 Taylor Extensions
Christinamouth, MT 06773",PENDING,91
6190,Drew Snyder,1989-10-16,"03801 Brenda Inlet Apt. 788
Alanfurt, NE 82668",PENDING,59
6191,Mary Barker,1996-08-29,"477 Leach Landing
Princeport, AR 45764",VERIFIED,60
6192,Adam Brown,1965-08-16,"67741 Joel Pike Apt. 435
North Mikemouth, CA 29570",VERIFIED,1
6193,Alec Brown,1997-12-21,"200 Alison Brooks
Davidtown, MD 77574",PENDING,35
6194,Justin Cox,2004-05-15,"72221 Cynthia Grove
Meyerburgh, FM 32623",PENDING,24
6195,Kylie Contreras,1986-04-26,"0489 Andrea Route Apt. 643
Erikborough, NM 51173",PENDING,68
6196,Tammy Barnett,1960-08-08,"69338 Christopher Summit
Port Daniellemouth, NJ 57460",VERIFIED,34
6197,Mr. Scott Chan,1985-07-02,"073 Ellis Place Suite 171
Jacobchester, SD 67064",VERIFIED,24
6198,Raymond Dickson,2003-07-16,"270 Kathleen Falls
South Patricktown, MD 66624",PENDING,81
6199,Emily Kelly,2003-05-19,"93680 Watkins Light
North Lindsey, LA 10357",VERIFIED,66
6200,Robin Carter,1994-01-30,"871 Wheeler Heights
Yolandaside, NH 79590",PENDING,60
6201,Hunter Dixon,1965-07-30,"8039 Bruce Mountains Apt. 002
Frankshire, PW 32001",PENDING,3
6202,Jay Long,1971-08-26,"1129 Jose Mall Apt. 977
Port Carlhaven, PW 26702",VERIFIED,68
6203,Ryan Luna,2004-11-11,"42441 James Overpass Suite 987
Kennethtown, PA 33260",PENDING,41
6204,Patty Meyers,1990-11-06,"860 Martinez Harbors
Port Davidland, ND 33234",VERIFIED,4
6205,Laura Ward,1972-05-18,"70017 Jason Harbors Apt. 498
Owensmouth, SC 68971",VERIFIED,76
6206,Julia Grant,1992-04-03,"03834 Perry Isle Suite 802
East Donald, IN 17011",PENDING,5
6207,Michelle Diaz,1987-02-26,"134 Michele Ville Apt. 068
East Nicole, VA 03094",PENDING,44
6208,Eric Chapman,1999-03-02,"8062 Branch Lake
Jenniferfort, WV 65467",PENDING,93
6209,Christian Santos,1951-06-19,"3076 Ramos Land
East Lisaville, ME 47192",VERIFIED,73
6210,Donna Brown,1965-02-21,"677 Melissa Tunnel Suite 500
North Jennifer, UT 52609",PENDING,50
6211,Denise Holden,1957-08-04,"83535 Lyons Road Apt. 222
Aimeemouth, MO 75739",VERIFIED,75
6212,Ruth Jackson,1970-05-22,"66869 Laura Lake
South Amandabury, LA 62913",PENDING,34
6213,Robert Davis,2003-07-22,"1143 Rebecca Valleys
Aprilfurt, ME 58134",VERIFIED,73
6214,Craig Freeman,2001-12-11,"48828 Tammie Mill
North Joshua, OK 58675",PENDING,8
6215,Dennis Green,1977-12-20,"99127 Marks Club
Port Robertport, OR 39612",VERIFIED,69
6216,Elizabeth Haynes,1957-02-23,"Unit 4026 Box 5906
DPO AE 39451",VERIFIED,43
6217,Robert Brown,1969-10-11,"23129 David Mission Apt. 342
Lake Christopher, OK 38632",VERIFIED,44
6218,Jonathan Beasley,1964-05-19,"92592 Raymond Trafficway
North Andrew, ME 32936",VERIFIED,69
6219,Karen Weaver,2002-01-26,"867 Daniel View
New Christinaborough, NJ 01914",PENDING,60
6220,Michael Thomas,2002-03-30,"564 Rose Mountains Suite 021
Danielmouth, CA 22591",VERIFIED,14
6221,Benjamin Campbell,1951-11-22,"695 Dennis Dam Apt. 656
Riverachester, NH 29265",VERIFIED,2
6222,Joshua Wu,1984-07-17,"604 Sanchez Crest
East Daniel, NC 72980",PENDING,23
6223,April Johnson,1953-05-08,"8492 Logan Stream
Jenniferchester, FM 18712",VERIFIED,56
6224,Pamela Haley,2000-03-01,"3406 Tran Court
Port Paul, HI 22486",VERIFIED,43
6225,Daniel Fisher,1978-03-29,"USNV Jackson
FPO AA 21943",VERIFIED,95
6226,Jeremiah Garcia,1975-03-21,"737 Poole Pass Apt. 644
Mendozaside, WA 73788",VERIFIED,59
6227,Charles Stone,1979-11-16,"25500 William Turnpike
Edwinland, OR 75499",PENDING,46
6228,Anthony Powers,1980-01-16,"082 Lori Port
South Kimberly, FL 25330",VERIFIED,36
6229,Kelli Gilbert,1980-06-21,"4587 Carlson Keys
Bellbury, MA 28076",VERIFIED,3
6230,Wanda Barber,2006-12-24,"3847 Christopher Vista Apt. 152
Jenniferchester, RI 62440",VERIFIED,18
6231,John Lewis,1951-03-31,"408 Graves Crossing
East Kathyport, NC 25589",PENDING,86
6232,Courtney Thomas MD,1972-12-14,"5860 Spencer Center
Tiffanyview, CT 94325",PENDING,82
6233,Amber Patterson,2004-11-04,"6438 Lauren Track
Andrewstad, AK 60389",PENDING,38
6234,Cynthia Johnson,2001-04-24,"2957 Timothy Run Apt. 400
North Robertstad, DC 78941",PENDING,52
6235,Lisa Gonzalez,2000-11-17,"9814 James Avenue Suite 841
Leslieport, WI 53445",VERIFIED,88
6236,Daniel Frazier,1959-08-27,"270 Macias Route Suite 552
Bryantberg, SD 90610",VERIFIED,94
6237,Kristen Beck,1993-06-08,"218 Sylvia Port
Kimberlyport, ID 01779",VERIFIED,91
6238,Valerie Davies,2004-08-25,"1849 White Lake
West Nicole, WY 47722",VERIFIED,64
6239,Thomas Fowler,1960-08-22,"15040 Diana Run Apt. 423
Michelleton, AK 97949",PENDING,71
6240,Clinton Oneal,1994-08-15,"329 Charles Shores Suite 634
North Michael, NJ 11718",PENDING,17
6241,Thomas Serrano,1993-09-16,"3168 Donald Club
Melissamouth, AK 16317",PENDING,64
6242,Sarah Wilson,1964-09-21,"36128 Stevenson Coves Apt. 907
East Catherine, RI 36890",VERIFIED,57
6243,Amy Klein,1983-10-24,"383 Bowen Heights Suite 065
Mendezside, OR 25786",VERIFIED,29
6244,Jon Downs,1966-04-25,"PSC 1569, Box 6488
APO AP 27774",VERIFIED,3
6245,Amanda Holder,1959-11-16,"9369 Abigail Turnpike
Cynthiabury, GA 43773",VERIFIED,29
6246,Christopher Rose,1990-01-28,"11245 Flynn Isle
West Amyland, TX 14310",PENDING,49
6247,William Burnett,1995-02-06,"19183 Patterson Valleys Apt. 952
Paulburgh, NY 12292",PENDING,3
6248,Sydney Wilson,1996-12-29,"1707 Rivera Pass Apt. 970
Adamsland, ID 22517",PENDING,25
6249,Jessica Fowler,1999-07-17,"99651 Garcia Unions
Luceroborough, AS 85986",VERIFIED,65
6250,Kathy Patterson,1950-06-11,"809 Flores Garden
Sanchezton, AS 68905",PENDING,19
6251,Mrs. Emma Newton MD,1969-10-16,"9053 Lisa Loop
West Reginamouth, MP 70887",PENDING,45
6252,Nicholas Hill,1965-04-24,"33536 Stacey Cove Apt. 764
East Regina, TX 28759",VERIFIED,55
6253,Kathryn Daniel,1957-10-19,"618 Willis Land Suite 712
West Debra, ID 23938",VERIFIED,27
6254,Ariana Shaw,1989-04-05,"787 Tracy Green Apt. 276
Michelleburgh, OR 98865",PENDING,1
6255,Richard Crawford,1995-05-15,"0693 Sims Islands
Smithmouth, RI 44807",PENDING,78
6256,Charles Carter,1951-01-05,"45273 Franklin Points Suite 703
North Oscar, AK 38735",VERIFIED,85
6257,Christopher Peterson,1988-07-22,"61573 Mcdonald Ford
Ellismouth, IN 33085",PENDING,60
6258,Jennifer Nelson,1982-05-09,"91072 Horton Well Suite 971
Port Jamiemouth, SC 50799",PENDING,13
6259,Cesar Gutierrez,1966-12-28,"836 Kaitlin Park Suite 564
Brianstad, ND 55766",VERIFIED,32
6260,Roberto Hernandez,1974-02-21,"3481 Gregory Parks Suite 791
West Jacob, AL 15347",VERIFIED,58
6261,Amanda Massey,1964-01-18,"0414 Gabrielle Groves Apt. 457
South Edward, OR 47566",PENDING,81
6262,Joshua Koch,1971-02-27,"8954 Spencer Fall Suite 225
Stephanieside, TN 69880",VERIFIED,95
6263,Eric Perry,2007-03-23,"51150 Gomez Causeway
Paynefort, CO 73078",VERIFIED,4
6264,Kathryn Chang,1967-05-23,"770 Toni Turnpike
Courtneyhaven, TX 30190",VERIFIED,88
6265,Samuel Tran,1961-12-07,"86350 Oscar Forks
Gravesland, DE 63785",VERIFIED,39
6266,Robin Reid,2005-03-16,"54538 Julie Groves
East Susanmouth, SD 55493",PENDING,12
6267,Billy Miller,1986-03-08,"8501 Brittany Club Suite 416
Wrightberg, PA 72467",VERIFIED,35
6268,Elizabeth Lee,1998-09-18,"5858 Rice Station Apt. 392
Santiagomouth, AS 25344",VERIFIED,97
6269,William Peterson,1953-12-30,"5716 Morgan Mountains
West Kara, RI 06290",PENDING,18
6270,Brian Brown,1954-09-11,"063 Blake Fork Apt. 602
East Darren, MD 02524",VERIFIED,7
6271,Michael Nelson,1969-07-02,"316 John Throughway Suite 429
South Amandahaven, OH 48496",PENDING,36
6272,Jeffrey Dennis,1973-05-27,"9282 Lisa Garden Apt. 407
Sandovalhaven, AS 87415",PENDING,42
6273,Sarah Peters,1964-09-14,"4853 Catherine Shoal
Villarrealburgh, CO 35090",PENDING,26
6274,Christopher Phillips,1977-12-10,"9460 Warren Brooks Apt. 338
North Rebeccahaven, RI 87883",VERIFIED,30
6275,Ralph Wong,2000-09-10,"1879 Burton Garden
Smithhaven, MO 94701",PENDING,32
6276,Jason Smith,2002-03-02,"9561 Mary Branch
Juliachester, FL 51444",PENDING,6
6277,Kyle Herman,2002-10-14,"80731 Taylor Bridge
Baileyton, OH 47438",VERIFIED,44
6278,Michael Dominguez,1982-10-06,"654 Derek Dam
New Mariabury, FM 58462",PENDING,14
6279,Susan Welch,1956-01-21,"502 Rodriguez Expressway
New Teresa, VI 19649",VERIFIED,21
6280,John Carter,1981-08-30,"1231 Michael Turnpike
Churchberg, MN 39638",PENDING,15
6281,Philip Barrett,1983-12-07,"31716 Jenna Street
Amandachester, ID 36097",PENDING,47
6282,Jacqueline Porter,1972-01-04,"62979 Andrew Knolls
Port Jonathanfurt, VA 60863",VERIFIED,45
6283,Amanda Freeman,2006-08-13,"PSC 3015, Box 2692
APO AA 66476",PENDING,61
6284,Jessica Kim,1951-03-10,"50430 James Summit Suite 534
East Jenniferburgh, CO 02931",VERIFIED,13
6285,Nathan Gonzalez,2001-03-14,"PSC 4100, Box 9834
APO AP 81398",PENDING,38
6286,Jeffrey Mendez,1994-06-01,"7348 Burke Crossing Suite 525
East Willie, ID 25922",PENDING,59
6287,Raymond Allen,1975-01-10,"213 White Isle Suite 953
Crystalmouth, VT 58364",VERIFIED,53
6288,Gregory Erickson,1952-03-14,"4789 Seth Plains Apt. 615
New Karen, IL 99639",VERIFIED,57
6289,James Bryant,2006-03-13,"026 Katrina Mall
Sharonton, DE 17173",VERIFIED,26
6290,Randy Stevens,1956-12-03,"10313 Stephen Roads
Thompsonburgh, ND 82328",VERIFIED,81
6291,Daniel Adams,2001-02-18,"631 Phillips Road
Quinnburgh, AR 94765",PENDING,89
6292,Adam Hardin,1999-07-13,"203 Daniel Cliff Apt. 365
Lake Matthew, FL 68638",VERIFIED,26
6293,Kenneth Washington,1963-03-14,"USNV Carlson
FPO AE 67429",VERIFIED,46
6294,Robert Wu,1992-04-30,"22051 Jones Rapid
West Trevor, VI 95830",VERIFIED,54
6295,Sarah Simmons,1971-11-24,"70515 Blanchard Light
West Gary, SD 24001",VERIFIED,13
6296,Aaron Munoz,1993-04-27,"8436 Wright Knolls
New Robertville, OH 02599",VERIFIED,54
6297,Ethan Sutton,1980-02-24,"0893 Tonya Rapids Suite 166
Snowhaven, ME 42469",PENDING,71
6298,Nicole Pierce,1956-11-25,"643 Alejandro Pass Suite 667
Port Georgeville, AZ 83874",VERIFIED,5
6299,Amanda Williams,2006-01-08,"3527 Mark Lock Suite 320
Williamland, AR 23690",VERIFIED,24
6300,Gerald Calderon Jr.,1952-03-29,"2255 Laura Ferry
North Richard, NH 55555",VERIFIED,88
6301,Jennifer Hall,1971-05-07,"11519 Barbara Inlet Apt. 883
Allisonhaven, NC 63552",PENDING,78
6302,Julie Leach,2000-08-13,"17816 Jason Isle Apt. 171
Lake Julieborough, MT 03447",PENDING,58
6303,Walter Chan,1962-12-10,"9646 Hernandez Brook Suite 503
Aprilfort, DE 58393",VERIFIED,67
6304,Edward Sparks,1972-08-15,"0351 Morris Extension Suite 017
Jeanside, VT 19981",VERIFIED,33
6305,Lisa Miller,1978-12-01,"3229 Melissa Flats Apt. 322
Port Bradleyborough, MO 95243",VERIFIED,55
6306,Michael Lee,1959-07-15,"3172 Juan Lodge Suite 160
East Carolyn, KS 54113",VERIFIED,100
6307,Kimberly Mcdonald,2000-01-16,"2846 Michael Extensions
East Michael, AS 89505",PENDING,60
6308,Jason Gonzales,1954-03-02,"92937 Judith Cove
Heatherton, SD 12431",VERIFIED,78
6309,Thomas White,1998-03-05,"8915 Kyle Plains Apt. 724
Leslieberg, WV 50436",VERIFIED,27
6310,Linda Weaver,1956-01-13,"721 Bailey Extension Apt. 386
Martinview, AK 28338",PENDING,79
6311,Jason Andrews,1971-10-16,"6824 John Walk
West Stephaniefurt, RI 39423",VERIFIED,61
6312,Marvin Acosta,1995-06-13,"677 Smith Union
West Michelle, MH 18321",VERIFIED,63
6313,Daniel Green,1978-07-01,"4771 Schultz Corners Suite 883
Erinberg, HI 71841",PENDING,69
6314,Hannah Tucker,1964-07-23,"2165 Wheeler Oval
West Pamela, LA 71014",PENDING,94
6315,Tonya Williams,1994-08-19,"48152 King Ridges Suite 872
Montesstad, DE 95124",VERIFIED,85
6316,Julie Evans,1962-12-24,"57580 Tyler Ramp Apt. 622
Lindafort, ID 22646",PENDING,55
6317,Nichole Moore,1995-03-03,"9634 Boyd Causeway Suite 934
North John, AR 49862",PENDING,46
6318,Diane Heath,1980-01-01,"59698 Jennings Square
Simmonsmouth, ID 99119",PENDING,41
6319,Kathleen Rivera,1967-10-01,"8852 Garcia Roads
Jonesshire, ME 78656",VERIFIED,63
6320,Mario Copeland,1984-05-22,"268 Brown Extension
Terrellberg, PR 37355",VERIFIED,11
6321,Catherine Melendez,1987-10-28,"46066 Cook Flat
New Brandonport, VI 56800",VERIFIED,91
6322,Amanda Perez,1985-09-02,"3452 Amy Shores
Lake Judy, OH 54629",PENDING,92
6323,Alexis Lopez,1994-04-08,"6804 Dylan Skyway Suite 274
Johnsonview, KY 45046",PENDING,93
6324,Shirley Hansen,1964-12-15,"67743 Pamela Drives
Lindsayland, AK 68275",VERIFIED,17
6325,Victor Howe,2008-01-04,"8135 Melissa Burgs Apt. 772
Youngfort, PA 47217",PENDING,46
6326,James Conley,1980-02-17,"08962 White Flat
Sarahville, HI 52198",VERIFIED,20
6327,Victoria Taylor,1987-11-12,"42263 Johnson Circle
Port Nicholaschester, OH 65784",PENDING,66
6328,Sean Sharp,1966-06-08,"0364 Thomas Neck
South Angela, TX 87545",VERIFIED,38
6329,Sean Hartman DVM,1961-04-30,"1297 Tanya Lane Suite 295
South Lindsey, AK 87890",PENDING,83
6330,Emily Church,1950-12-09,"42253 Summers Plains
Lake Scott, KS 75302",PENDING,48
6331,Donald Barrera,1994-07-22,"090 Peters Street
West Brianside, IN 40532",PENDING,66
6332,Luis Welch,1955-03-06,"1582 Rodriguez Manors
East Andreaberg, SC 55993",PENDING,51
6333,Ryan Wood,1968-10-02,"322 Hale Plaza Suite 134
Carlshire, UT 14578",VERIFIED,79
6334,Matthew Le,1977-02-25,"046 Antonio Hollow Apt. 296
Yangchester, NV 88705",PENDING,49
6335,Angela Ross,1983-02-23,"65683 William Walk
South Douglas, NV 34335",VERIFIED,81
6336,Heather Anderson,2008-02-10,"USNS Cole
FPO AA 51610",PENDING,68
6337,Robert Holden,1953-12-05,"0760 Smith Fork Apt. 051
West Emily, WI 59345",PENDING,79
6338,Luke Green,1988-06-07,"17084 Castillo Fields Suite 345
Anthonytown, CO 84427",PENDING,97
6339,Joshua Miller,1981-11-06,"80390 Stephanie Mill
Lake Troy, CO 09021",PENDING,99
6340,Anne Day,1987-03-17,"91606 Garner Courts
North Duane, GU 34192",PENDING,37
6341,Ann Pierce DDS,1999-01-30,"36560 Clayton Locks Suite 446
Armstrongborough, IN 52352",PENDING,45
6342,James Woods,1977-11-04,"8543 Sullivan Mountain
Acevedoland, IA 71772",PENDING,97
6343,Krystal Gutierrez,1961-04-08,"103 Christina Passage
Valeriefort, SD 02470",VERIFIED,36
6344,Brian Barrera,1988-09-20,"6577 Williams Mall Suite 126
Jonathanmouth, KY 64314",VERIFIED,90
6345,Justin Fowler,1968-06-14,"730 Jerry Grove
South Patriciaview, SC 93104",VERIFIED,24
6346,Mindy Wilson,1975-04-22,"585 Graham Pines Apt. 139
Danielville, TN 34929",VERIFIED,32
6347,Joan Olson,1954-02-02,"5365 Allison Landing
New Janice, WY 49603",VERIFIED,38
6348,Jenna Kelly,1955-11-01,"533 Joshua Rapids Suite 527
West Jose, IN 73676",PENDING,55
6349,Christy Hale,1952-12-02,"3950 Carla Throughway
Dawsonchester, KY 17839",PENDING,22
6350,Patricia Price,1952-08-28,"073 Jacqueline Summit Apt. 499
West Joel, WY 02345",VERIFIED,98
6351,Christopher Carter,1970-08-04,"2748 Hampton Meadow Suite 219
Ericland, ND 87192",VERIFIED,74
6352,Jeffrey Black,1951-12-22,"9360 Zachary Place
Petersonmouth, IN 08374",PENDING,20
6353,Richard Owens,1980-09-03,"PSC 1983, Box 4241
APO AE 09143",PENDING,6
6354,Penny Esparza,1986-10-23,"974 Robinson Walk Apt. 722
North Richard, OR 66279",PENDING,56
6355,Daniel Espinoza,2007-03-05,"785 Ariel Lights Suite 816
Port Joshua, MS 75309",PENDING,11
6356,Zachary Pena,1960-09-09,"Unit 9316 Box 5049
DPO AE 31857",VERIFIED,60
6357,Miss Brandi Brown,1998-10-15,"24258 Esparza Hollow Suite 747
Carterville, OH 33627",PENDING,81
6358,Tracy Williams,1959-08-24,"24876 James Street
Loweshire, NJ 74139",PENDING,43
6359,Jean Fox,1980-07-29,"15676 Melissa Neck Suite 372
South Sandra, UT 94080",VERIFIED,15
6360,Brittany Wallace,1999-12-11,"USCGC Hayes
FPO AE 21158",PENDING,94
6361,Alexander Vance,1975-01-15,"311 Moreno Pike
Lake Courtney, MT 67678",PENDING,54
6362,Richard Rivera,1955-06-24,"880 Victoria Circle
Colemantown, AL 10296",VERIFIED,50
6363,Lindsey Francis,1977-07-28,"550 Hodge Ridges
Port Stephanie, OH 89347",PENDING,27
6364,Ann Ferguson,1985-08-28,"733 Lisa Junctions
North Katherineport, ID 66014",PENDING,73
6365,Julie Jimenez,1978-12-19,"45515 Hooper Meadows Suite 577
North Amy, HI 35411",VERIFIED,37
6366,Daniel Rodriguez,1990-10-13,"54994 Pena Field
Bensonhaven, NC 28059",PENDING,81
6367,Amber Cervantes,1995-04-23,"38440 Mendez Springs Suite 234
Scottside, NY 65432",VERIFIED,48
6368,Richard Hernandez,1970-01-07,"0868 Ethan Groves Apt. 164
South Darrellburgh, FM 35916",VERIFIED,30
6369,Scott Smith,1996-07-12,"50837 Gregory Gardens
South Henry, NV 96744",PENDING,20
6370,Lynn Miller,1969-09-04,"PSC 4820, Box 9175
APO AE 93354",PENDING,70
6371,Jason Nguyen,1970-08-04,"Unit 1005 Box 1061
DPO AA 62730",PENDING,53
6372,Reginald Wells,2001-08-22,"5012 Elijah Inlet
South Christopher, OH 25352",VERIFIED,82
6373,Charles Hudson,1975-06-04,"4331 Brooke Ports Apt. 462
New Marcuschester, FM 87737",VERIFIED,20
6374,David Bush,2000-04-11,"6928 Matthew Station Apt. 169
Hahnhaven, IA 62911",PENDING,95
6375,Michael Phillips,1961-02-01,"400 Anthony Trafficway
Jordanburgh, AS 40148",VERIFIED,30
6376,Jonathan Chase,1977-11-27,"971 Ford Overpass Suite 650
Hernandezfurt, WI 54071",PENDING,46
6377,Jose Ellison,1987-08-12,"USS Wilson
FPO AP 65540",PENDING,6
6378,Ryan Perry,1997-11-05,"Unit 6847 Box 7106
DPO AP 95202",VERIFIED,41
6379,Dana Johnson,1969-07-29,"66036 Gonzalez Park Apt. 074
Lambland, MN 22236",PENDING,25
6380,Monica Rogers,1998-07-10,"28740 Warren Landing Suite 654
Katherinehaven, PA 03532",VERIFIED,35
6381,Rachel Frank,1992-02-18,"358 Thomas Path Suite 037
North Brian, CA 20106",PENDING,52
6382,Tonya James,1999-09-01,"672 Alvin Springs Suite 386
New Laura, KY 53608",VERIFIED,26
6383,Tanya Smith,1966-08-03,"92311 Nicholson Cliffs Apt. 877
Crossfort, MP 51080",PENDING,4
6384,Todd Shelton,2006-08-06,"6060 Stewart Loaf Apt. 079
Amberchester, NC 40729",VERIFIED,39
6385,Jeffrey Davis,1969-11-15,"3449 Renee Circles
West Beth, MO 59326",VERIFIED,7
6386,Michael Patton,1999-09-12,"88193 Flores Meadow Suite 450
Mosleyville, NH 30908",PENDING,86
6387,Shelby Fernandez,1954-05-01,"4266 Gina Junction Suite 425
North Charles, MD 28259",VERIFIED,37
6388,Alan Nguyen,1979-08-23,"194 Hernandez Squares
Owenmouth, TN 97711",PENDING,5
6389,Jodi Berg,2006-10-12,"9478 Smith Lake
Cindyside, MO 88056",PENDING,53
6390,Teresa Bonilla,1997-07-12,"252 Davis Prairie Apt. 159
Lake Jenniferberg, OR 21778",PENDING,80
6391,Lauren Moore,1970-10-08,"Unit 2379 Box 2460
DPO AA 26677",VERIFIED,19
6392,James Hunt,1954-04-08,"PSC 7166, Box 0462
APO AP 76230",PENDING,39
6393,Margaret Alvarez,1959-08-20,"163 Cox Station Suite 005
Lake Jeffrey, KY 12860",VERIFIED,75
6394,Travis Boyd,1960-03-27,"9226 Mason Forge Apt. 535
New Susan, ME 74071",PENDING,77
6395,Donna Taylor,1960-12-20,"42745 Morgan Ranch
West Josephtown, OH 91466",PENDING,89
6396,Taylor Morgan,1993-08-25,"203 Moore Club Suite 144
East Justinmouth, IN 46159",VERIFIED,100
6397,Kathleen Cortez,1997-02-02,"120 Stafford Rapid Suite 192
New Tammyfort, NY 77439",VERIFIED,96
6398,Thomas Howell,1958-12-25,"53364 Tamara Parks
North Jacqueline, GA 49514",PENDING,91
6399,Nathan Simon,1977-03-14,"2323 Ryan Greens
Brownfort, OR 42395",VERIFIED,75
6400,Amanda Paul,1956-09-24,"851 Lynn Loaf Apt. 225
Wilkinsonfort, FM 50023",VERIFIED,62
6401,Mark Williams,2006-06-10,"07457 Taylor Club
Lake Sarahview, DE 63159",VERIFIED,89
6402,Lucas Rodgers,1984-02-24,"71470 Martin Green Suite 173
Brooksville, NJ 26761",VERIFIED,13
6403,Sandra Green,1986-05-06,"610 Deanna Gardens
Lake Danielletown, IL 09452",PENDING,75
6404,Riley Miller,1965-01-13,"USNS Robbins
FPO AE 72245",PENDING,100
6405,Brian Cooper,1994-01-29,"5776 Matthew Springs
Cruzstad, MD 27201",VERIFIED,10
6406,Kelsey Johnson,2005-07-03,"74658 Scott Port Suite 196
Port Sheila, MT 37106",PENDING,28
6407,Shannon Gonzalez,2003-10-10,"96757 Victoria Turnpike
Roweshire, LA 31448",PENDING,84
6408,Isabella Mitchell,1970-01-13,"Unit 6641 Box 9768
DPO AP 24542",VERIFIED,92
6409,Lauren Stewart,1994-09-12,"03918 Stephen Mountain Suite 798
Stantonland, MA 06610",VERIFIED,53
6410,Gary Peters,1961-09-19,"Unit 7757 Box 3314
DPO AP 76745",PENDING,70
6411,Christian Mccormick,1970-07-03,"382 Walsh Club
South Bradley, CO 76504",PENDING,38
6412,Angela Hayes,1959-07-07,"153 Rodriguez Burgs Suite 402
South John, NC 93612",PENDING,54
6413,Benjamin Houston,1976-08-31,"504 Benjamin Mountain Suite 600
East Meagan, VI 89329",PENDING,5
6414,Natasha Oneill,1968-02-26,"1142 Chavez Rest Suite 716
Marcusview, RI 08464",VERIFIED,8
6415,Christine Smith,1997-04-03,"5795 Jason Ridge
Nicholsbury, KS 35719",VERIFIED,33
6416,Mary Williams,1959-03-11,"9699 James Tunnel
Banksborough, GA 97255",PENDING,47
6417,Victoria Hatfield,1966-04-26,"6493 Williams Springs Suite 814
Christopherfort, NJ 85631",VERIFIED,55
6418,Michael Farrell,1958-08-31,"566 Lopez Roads Suite 723
Port Marchaven, UT 63395",VERIFIED,33
6419,Elizabeth Johnson,1976-01-01,"705 Cantrell Stravenue
Kelliburgh, AL 48886",VERIFIED,50
6420,Steven Fowler,1988-05-06,"597 Martin Summit Apt. 034
Josephberg, MS 98859",VERIFIED,77
6421,Jennifer Duncan,1999-12-25,"29748 Williams Row
South Lisamouth, NM 50851",PENDING,53
6422,Alexis Singleton,1969-08-22,"1811 Hernandez Center Suite 867
Shirleyhaven, MI 69663",PENDING,100
6423,Michelle Garcia,1975-06-09,"6515 Jennifer Plains
New Leroy, ME 92841",PENDING,92
6424,Mr. Benjamin Johnson,1999-10-27,"Unit 4092 Box 0392
DPO AA 51752",PENDING,31
6425,Keith Reynolds,1976-08-03,"209 Kaitlyn Stream
South Troyville, FM 95069",VERIFIED,61
6426,Morgan Taylor,1986-05-27,"659 Cory Mews Suite 157
Port Melvin, OK 69951",VERIFIED,48
6427,Grant Walker,1969-04-22,"0199 Smith Mountains Apt. 005
West Juantown, AZ 15110",PENDING,96
6428,Robert Martin,1951-08-15,"Unit 4812 Box 9194
DPO AP 80245",PENDING,76
6429,Jasmine Martin,1961-12-20,"41080 Stephens Lodge Suite 381
Aliview, KY 57014",VERIFIED,83
6430,Phillip Robertson,1976-08-09,"USNV Williams
FPO AE 97143",VERIFIED,80
6431,Robert Hughes,2002-12-08,"USNS Martinez
FPO AP 37680",VERIFIED,10
6432,Tracie Williams,1966-09-20,"090 Robert Shore
East Lindseymouth, IA 61118",PENDING,77
6433,Melanie Richards,2006-12-02,"USCGC Flowers
FPO AA 53213",PENDING,93
6434,Emma Miller,1995-06-05,"574 Pierce Hollow Apt. 319
Johnsonton, AR 98153",PENDING,24
6435,Ricky Cummings,1994-09-15,"36431 Aguirre Spurs
Alexanderberg, MH 15294",PENDING,46
6436,Amy Morrison,2000-03-01,"315 Patricia Shoals Suite 814
South James, NM 83383",VERIFIED,100
6437,Michael Kline,1976-05-11,"979 Duarte Garden Apt. 443
East Victoria, LA 73319",PENDING,49
6438,James Myers,1998-03-07,"3100 Diane Walk Suite 492
North Kristenton, RI 41836",VERIFIED,37
6439,Joshua Flores,2007-03-23,"311 Graves Stravenue
New Mariahaven, KS 91384",PENDING,24
6440,Molly Bowers,1970-05-07,"4086 Chavez Shores Suite 267
North Matthewberg, OK 31369",PENDING,62
6441,James Schwartz,1970-09-19,"52774 Shelly Ranch
Josephtown, OK 63699",PENDING,73
6442,Eric Tapia,1982-07-11,"626 Stephen Street Apt. 387
Hannahberg, DC 74889",VERIFIED,75
6443,Shawn Owens,1959-10-13,"22178 Teresa Path
Ambertown, IA 44239",VERIFIED,41
6444,Jennifer Mckee MD,1967-11-15,"1222 Mary Prairie Suite 781
Sharonstad, AR 36978",VERIFIED,93
6445,Brenda Long,1971-03-16,"Unit 4569 Box 2715
DPO AP 67143",VERIFIED,12
6446,Jonathan Griffin,1960-06-03,"9190 Brown Knoll
Amandachester, CO 69218",VERIFIED,27
6447,Regina Jensen,1984-09-18,"026 Derek Parkway Apt. 855
Port Sarahburgh, TN 56712",VERIFIED,24
6448,James Phillips,2005-01-09,"7369 Frye Path
Knightside, IN 95618",VERIFIED,61
6449,Lisa Rivera,1965-11-30,"24914 Davis Falls
New Jamie, NY 09601",PENDING,49
6450,Summer Barber,2004-01-21,"USCGC Parker
FPO AE 79953",PENDING,66
6451,Mrs. Mary Evans,1965-12-21,"2045 Rebekah Underpass
New Paulville, IA 87001",VERIFIED,18
6452,Daniel Wilson,1968-06-26,"525 Ortiz Walks
West Thomas, NH 18738",PENDING,17
6453,Daniel Padilla,1980-11-30,"830 Wells Center
Mccoystad, VT 54059",VERIFIED,7
6454,Anthony Torres,1971-04-19,"0592 Gomez Loaf
New Juanchester, GU 92787",VERIFIED,61
6455,Laura Jones,1991-11-29,"1773 Dylan Avenue Suite 103
New Jason, CO 56937",PENDING,92
6456,Renee Thomas,1995-03-13,"40411 Decker Oval
North Briannatown, NV 91820",VERIFIED,29
6457,Lisa Owens,1992-06-22,"718 Zhang Circle
New Shirley, AS 26665",PENDING,58
6458,Derrick Vasquez,1991-06-07,"26344 Stevens Mews
West Davidside, KS 33871",PENDING,79
6459,Robert Keith PhD,1966-09-13,"Unit 2722 Box 0959
DPO AP 28048",PENDING,92
6460,Ashley Hess,1959-08-01,"403 Michael Hollow
Cruzchester, NE 18148",PENDING,2
6461,Kristina Leonard,2008-03-19,"7878 Edwards Roads
Kennethside, ND 41439",PENDING,68
6462,Haley Clay,1974-10-14,"08656 Petty Views
Campbellhaven, MN 61424",PENDING,37
6463,Samuel Cochran,1958-01-19,"732 Dawn Wells
Ashleyberg, ND 87166",VERIFIED,87
6464,Juan Wright,1960-05-10,"07790 Hunter Burgs
South Michelehaven, LA 99171",PENDING,65
6465,Stanley Davis,1955-05-14,"3214 Wagner Springs
Jeffreyshire, HI 10020",PENDING,91
6466,William Walker,1995-12-06,"12748 Kevin Valleys
South Zachary, VA 48921",PENDING,31
6467,Stacey Rose,1958-05-05,"151 Lopez Parks
Singhberg, HI 51087",PENDING,49
6468,Crystal Gomez,1991-04-19,"67179 Carlson Course Suite 265
Carlamouth, WA 76294",VERIFIED,57
6469,Jessica Hooper,2002-10-30,"954 Dennis Mount
Port William, ME 47706",PENDING,49
6470,Johnny Jones,1952-07-16,"67917 Kevin Mount Apt. 960
Vanessaberg, AL 10752",PENDING,98
6471,Melissa Martin,2000-05-05,"778 Mcintosh Square
South Austin, SC 64147",VERIFIED,74
6472,Aaron Jensen,1977-06-11,"Unit 9949 Box 6779
DPO AA 87260",VERIFIED,18
6473,Gina Martinez,1990-03-29,"809 Glass Ridges
Garybury, DC 50048",VERIFIED,27
6474,Alison Brown,1969-07-06,"454 Delgado Points Apt. 213
Port Anthonyside, ND 99889",VERIFIED,54
6475,William Hutchinson,1991-08-11,"Unit 2015 Box 7956
DPO AE 31528",PENDING,40
6476,John Chen,1963-04-06,"55909 Coleman Inlet Suite 659
Browntown, IA 93143",VERIFIED,24
6477,Jerry White,1979-05-22,"47229 Rhonda Brook Suite 277
Pierceville, OH 32320",PENDING,19
6478,Clayton Underwood,1989-03-15,"975 Hopkins Station
Port Ericmouth, HI 13856",VERIFIED,32
6479,Aaron Baldwin,1953-06-16,"178 Aguirre Brooks Suite 877
Port Jennifer, VA 54125",PENDING,30
6480,David Graham,1978-05-30,"1299 Smith Grove Apt. 302
Jonathanmouth, OK 72491",PENDING,44
6481,Brian Morris,1969-09-07,"5605 Erin Parkways
North Jadeside, MO 39203",PENDING,95
6482,Rachel Phillips,1960-07-13,"241 Jeffrey Trail
Nicolasburgh, MD 71305",PENDING,72
6483,Janet Perez,1959-09-30,"2953 Fisher Orchard Suite 218
East Deborah, MI 55562",PENDING,55
6484,Richard Brown,1951-11-26,"2606 Mills Walk Apt. 831
West Heather, GU 87720",PENDING,30
6485,Jessica Rice DVM,1970-10-21,"2692 Ronald Camp Apt. 129
Walterfort, TX 03895",PENDING,91
6486,Catherine Harris,1961-11-27,"33039 Matthew Via
Raychester, GU 52551",PENDING,91
6487,Mr. Robert Miller,1981-07-24,"88146 Frances Crossroad
Lake Jessica, GA 13881",VERIFIED,60
6488,Amy Cantu,1982-11-07,"717 Allison Brooks
Paulbury, AS 13089",PENDING,30
6489,Jeffrey Schroeder,2002-01-14,"931 Roth Radial
Davidsonville, VI 51260",VERIFIED,21
6490,Nicholas Luna,2008-01-28,"62432 Jon Mount
Rebeccaside, SD 79907",VERIFIED,88
6491,Cindy May,1963-02-12,"04581 Kim Spur Apt. 502
Robinland, GA 57944",PENDING,1
6492,Erin Rogers,1970-01-19,"80504 Melissa Locks
Debraberg, ND 46475",PENDING,64
6493,Stephanie Johnson,1976-04-23,"1169 Dominguez Stravenue
New Derek, OR 05906",VERIFIED,47
6494,Michael Freeman,2008-02-24,"3898 Murray Bypass
Coopermouth, PR 61828",PENDING,20
6495,Danielle Miller,1999-10-10,"183 Campbell Mews Apt. 163
Jonesfurt, MI 22299",PENDING,9
6496,Gregory Gibson,1964-02-29,"97228 Jennifer Creek Suite 932
Patrickmouth, OH 69388",PENDING,85
6497,David Wheeler,2004-09-01,"92396 Melinda Forest
New Juliemouth, MT 79770",VERIFIED,80
6498,Emily Hall,1999-08-09,"123 Lisa Ford Apt. 948
Alyssaport, VA 50421",PENDING,13
6499,Alexandria Dean,1969-01-07,"3305 Rhonda Harbors
New Christopher, TX 47721",VERIFIED,85
6500,Julie Erickson,1952-10-13,"53931 Powers Hollow Suite 644
Hardyberg, MA 34526",VERIFIED,19
6501,Ian Mcconnell,1984-08-16,"1470 Burke Heights
West Toddland, VA 94409",VERIFIED,23
6502,Gary Chan,1995-02-23,"733 William Fork Apt. 346
South Kyle, ME 51112",VERIFIED,13
6503,Ashley Clarke,1958-01-06,"85241 Charles Villages Apt. 372
Wallsport, TX 77728",VERIFIED,17
6504,Jorge Edwards,1950-10-28,"23570 Madeline Path Apt. 862
Boydhaven, MA 25216",VERIFIED,49
6505,Joshua Williams,1993-03-21,"721 Zavala Well
Alvaradoville, KS 40143",PENDING,37
6506,Brianna Gilbert,1974-10-20,"19534 Lester Pine Apt. 340
South Michaelfort, NH 67163",VERIFIED,81
6507,Charles King,1956-08-29,"88975 Johnson Ridges
Levistad, CO 38603",VERIFIED,23
6508,Misty Townsend DDS,1965-08-31,"806 Kelly Loop
Port Jasonfort, ND 75824",PENDING,63
6509,Benjamin Nunez,1977-05-26,"95944 Cole Loaf Apt. 164
Lake Douglasfurt, FM 69670",VERIFIED,91
6510,Jonathan Martin,1959-12-27,"9499 Ashley Isle
South Michelle, RI 56026",VERIFIED,34
6511,Amber Kelley,1989-11-17,"937 Patrick Wells Apt. 139
Port Tonyfort, WV 07175",PENDING,41
6512,Jasmine Miller,1978-10-22,"00725 Morrison Burgs
Bautistamouth, WI 52948",VERIFIED,91
6513,Timothy Wilson,1995-09-04,"USS Perez
FPO AA 62911",PENDING,51
6514,Christopher Pope,1988-11-26,"355 Olson Path Suite 788
Elizabethton, MD 12190",VERIFIED,43
6515,Patrick George,1993-12-11,"3880 Williams Square Suite 608
South Kristinmouth, NM 13928",VERIFIED,82
6516,Troy White,1956-04-07,"80532 Watson Coves
Weaverland, AL 01743",PENDING,93
6517,Heather Castillo,1988-08-27,"48203 Shannon Causeway Apt. 176
Youngport, HI 05561",PENDING,72
6518,Joe Wright,1989-08-06,"37140 Sanchez Loaf
North Danahaven, IN 99070",PENDING,24
6519,Alexis Smith,1969-01-29,"505 Boyd Fort
New Dennis, SD 87227",VERIFIED,64
6520,Steven Day,1978-07-03,"0902 Walters Locks Apt. 601
Timothyfort, AL 70735",PENDING,48
6521,Daniel Romero,1982-08-14,"2555 Kristie Knolls
Langton, NH 95927",PENDING,63
6522,Stephanie Bell,1981-05-22,"695 Miller Trafficway
Lake Elizabeth, NH 81671",VERIFIED,100
6523,Ryan Patrick DVM,1985-07-26,"0968 Dunlap Road
Port Roberttown, MP 33514",VERIFIED,83
6524,Cindy Oneill,1985-06-27,"USNS Trevino
FPO AP 08220",PENDING,89
6525,Travis Cruz,1973-07-13,"463 Jeremy Crest Apt. 688
Lake Heidi, NE 12903",VERIFIED,8
6526,Mark Smith,1961-04-16,"983 Jacqueline Shores
Shawstad, PR 52440",PENDING,80
6527,Maria Collins,2003-11-25,"0867 Sue Loaf
South Juliechester, ND 31247",PENDING,24
6528,Linda Martinez,1967-01-19,"Unit 6228 Box 9856
DPO AA 57718",VERIFIED,54
6529,Suzanne Carrillo,1965-07-19,"457 Poole Drive
Turnerport, AK 34715",PENDING,9
6530,Larry Smith,1990-02-04,"506 Garza Parks
South Maria, OK 30891",VERIFIED,6
6531,Kristin Payne,1964-03-06,"PSC 7174, Box 8317
APO AA 26900",VERIFIED,51
6532,Karla Carter,1964-05-23,"06707 Dorsey Extension
Port Ashley, VA 31632",VERIFIED,14
6533,Larry Ward,1953-12-11,"887 Jeffrey Springs
Maryton, DC 94462",PENDING,36
6534,Zachary Hughes,1973-11-16,"02957 Reid Motorway
Philipmouth, HI 77598",PENDING,49
6535,Stephanie Lucas,1970-05-18,"070 Veronica Port
Wilsonville, MA 62663",VERIFIED,61
6536,Mr. Sergio Lewis,1986-04-01,"296 Rick Underpass
Frankville, KS 71732",PENDING,57
6537,Alyssa Marsh,1966-02-21,"0579 Thomas Wells
North David, WA 07805",VERIFIED,53
6538,Angelica Smith,1973-09-04,"3168 David Mountain Apt. 257
Port Teresaview, FM 49039",PENDING,49
6539,Daniel Stewart,1983-04-14,"56626 Lisa Passage Suite 827
Millsborough, MD 46452",VERIFIED,46
6540,Michael Tucker,2002-08-18,"4126 Rhonda Port
North Robert, CA 04896",PENDING,63
6541,Nathan Watson,1966-07-24,"5494 Nielsen Street
Ianville, PA 52896",VERIFIED,65
6542,Eddie Alexander,1972-09-25,"9404 Blanchard Rapid
North Brenda, UT 78859",VERIFIED,5
6543,Sharon Hurley,1979-11-29,"PSC 8407, Box 5551
APO AA 28497",VERIFIED,10
6544,Stephen Luna,1957-08-24,"86914 Michael Loop Apt. 409
Bridgetport, OK 01175",VERIFIED,23
6545,Stacy Powers,2003-05-16,"605 Williams Port
East Danchester, MD 86799",PENDING,97
6546,Anne Mcdonald DVM,1979-02-09,"89745 Tran Trace Apt. 076
Mclaughlinside, AK 21180",PENDING,89
6547,Zachary Briggs,1968-01-12,"PSC 3968, Box 0256
APO AA 59723",PENDING,70
6548,Jill Padilla,1978-02-04,"40572 Hurst Drives
Kevinberg, WA 19705",VERIFIED,65
6549,Paula Stevens DDS,1962-08-05,"4045 Caitlin Square Suite 530
West Stevenfurt, KS 32723",VERIFIED,29
6550,Robert Moore,1997-07-31,"841 Bryan Gateway
South Margaretside, PR 87919",PENDING,80
6551,Patricia King,1972-09-28,"080 Leah Manor Suite 249
West Danny, MD 50865",VERIFIED,85
6552,Jodi Hamilton,2003-12-16,"PSC 3910, Box 7597
APO AE 61203",PENDING,18
6553,Mackenzie Macdonald,1955-10-03,"919 Jones Drive Apt. 083
Lake Jamesstad, MO 87549",VERIFIED,53
6554,Jessica Nelson,1956-06-12,"Unit 9860 Box 9646
DPO AA 93752",PENDING,51
6555,David Boyd,1977-11-14,"2329 Martinez Estates
Jasontown, DE 64293",VERIFIED,72
6556,Pedro Houston,1992-10-04,"982 Brown Prairie Suite 145
North Mary, HI 07592",VERIFIED,62
6557,Mrs. Jennifer Bullock,1977-08-06,"31057 David Passage
Martinfurt, OR 31418",PENDING,76
6558,Kim Miller,2005-09-17,"5746 Sylvia Walks
East Johnport, DC 32861",PENDING,35
6559,Bruce Schneider,1994-11-17,"486 Lucas Park Suite 737
West Jessica, PA 52892",VERIFIED,23
6560,Ryan Haynes,1970-07-31,"64014 Shelly Club Suite 287
Cooperburgh, RI 36968",VERIFIED,100
6561,Juan Ramirez,1976-11-20,"PSC 6446, Box 3675
APO AA 07233",PENDING,73
6562,Dustin Romero,1979-05-17,"00110 Armstrong Lights Apt. 323
Port Stephaniestad, SD 43765",VERIFIED,28
6563,William Schmidt,1950-10-07,"PSC 1659, Box 6481
APO AA 40076",VERIFIED,29
6564,Hannah Peterson,1996-07-24,"PSC 4138, Box 0177
APO AE 67701",VERIFIED,29
6565,Jennifer Mays,1954-09-14,"8727 Miller Stravenue Suite 727
New Craigview, GU 56988",VERIFIED,8
6566,Jose Phelps,2003-04-04,"393 Stacey Streets
Rogerchester, LA 49803",VERIFIED,37
6567,Ashley Trujillo,1992-12-07,"55700 Debbie Ville Suite 353
Lake Juliemouth, MS 51259",PENDING,74
6568,Jennifer Banks,1982-01-15,"3681 Barbara Plain
East Marc, AS 19333",PENDING,91
6569,Mrs. Brandy Lee,1983-03-28,"56708 Cox Turnpike Apt. 716
East Edwinstad, VT 09488",VERIFIED,27
6570,Ronnie Wilson,2006-11-06,"09463 David Lights Suite 066
Thompsonfurt, AL 96088",VERIFIED,66
6571,Briana Campbell,1960-11-30,"2214 Blankenship Shoal Apt. 191
Ortizshire, NY 41616",VERIFIED,7
6572,Derrick Christensen,1992-11-09,"764 Steve Center
South Brittneymouth, AZ 48077",VERIFIED,68
6573,Dana Smith,1966-12-27,"283 Thomas Cape
Cuevastown, CT 33194",VERIFIED,91
6574,Angie Graham,1965-09-06,"08533 Daniel Rest Suite 546
West Marissa, UT 10051",VERIFIED,87
6575,Stephen Ellis,1964-08-30,"9689 Richard Vista Suite 634
South Michaelbury, NH 95103",PENDING,43
6576,Matthew Reid MD,1996-10-21,"5992 Roberto Village
West Ericstad, CO 85876",VERIFIED,85
6577,Donald Peterson,1998-11-08,"0698 Sims Centers
North James, IN 05617",PENDING,56
6578,Faith Snyder,1989-03-22,"82141 Bell Falls Suite 548
Currytown, IL 15688",PENDING,83
6579,Patricia Johnson,1989-10-18,"1407 Munoz Village Suite 728
New Jacquelinehaven, KS 71304",PENDING,64
6580,Michael Williams,1981-01-30,"7503 Karen Curve
East Nicole, KS 47653",PENDING,12
6581,Vicki Pacheco,1957-11-06,"6731 Smith Ways
Webbside, WY 08354",PENDING,87
6582,Amy Phillips,1963-03-17,"426 John Falls
East Teresa, FM 35911",PENDING,77
6583,Kathy Perez,1992-08-23,"113 Sarah Path
Lake Katherine, DE 50859",PENDING,62
6584,Felicia Keith,1981-02-28,"610 Aaron Ferry
North William, AK 58420",PENDING,81
6585,Ryan Phillips,1956-02-05,"Unit 6326 Box 0414
DPO AA 87387",PENDING,91
6586,Ray Jones,1959-08-14,"0508 William Extension Suite 304
South Michaelhaven, SC 68544",PENDING,50
6587,Stephanie Wu,1960-05-18,"4089 Reyes Field
Port Richardland, GA 11502",PENDING,11
6588,James Curtis,1977-10-28,"94461 James Falls
Port Andrew, WV 78939",VERIFIED,9
6589,Desiree Miller,1972-05-23,"03872 Rocha Greens Apt. 968
Markmouth, DE 09774",PENDING,94
6590,Lisa Kramer,1987-01-07,"379 Vazquez Crossroad
Lisaburgh, DE 42126",VERIFIED,66
6591,Tara Webb,2006-02-08,"09621 Callahan Throughway
New Laurie, NV 11538",PENDING,82
6592,Jennifer Adkins,1967-11-01,"PSC 6676, Box 1499
APO AP 70894",PENDING,15
6593,Hailey Williams,1985-09-10,"4311 Daniel Pike Suite 789
Jessicabury, NV 33649",PENDING,32
6594,Toni Mckinney,1981-09-21,"95153 Katherine Streets Suite 921
Port Patrick, MH 81778",VERIFIED,72
6595,Tristan Robertson,1989-07-24,"86192 Steven Rapid Suite 953
Lake Sheena, KY 89218",VERIFIED,31
6596,Keith Anderson,1955-07-11,"0819 Robert Mountains Suite 413
Port Timothyburgh, IN 30889",VERIFIED,16
6597,Kenneth Williams,1984-06-18,"6172 Joseph Falls
Ramirezfurt, ND 64456",PENDING,5
6598,Sylvia Moss,1996-05-08,"PSC 7359, Box 2280
APO AP 76168",VERIFIED,40
6599,Mary Hernandez,1995-12-12,"663 Troy Parkway
Ortegaburgh, NV 00835",VERIFIED,44
6600,William Craig,1962-02-27,"0990 Cole Meadows Apt. 896
Palmertown, NC 59768",VERIFIED,16
6601,Matthew Ashley,1956-09-22,"20146 Joel Junctions
Lake Jaclyn, VT 56861",VERIFIED,46
6602,Amanda Harding,1954-09-15,"7748 David Port
West Trevor, ME 13231",VERIFIED,11
6603,Dawn Fischer,1984-02-29,"1443 Rhonda Pass Apt. 946
South Nataliefurt, AK 22105",VERIFIED,24
6604,Richard Tran,1952-02-29,"0105 Cole Rue
Davidburgh, MA 01367",PENDING,38
6605,Aaron Flores,2007-02-06,"6251 Smith Passage
Lorrainemouth, NY 88145",VERIFIED,14
6606,Sarah Brown,1950-08-25,"0583 Kathryn Stravenue Suite 382
South Russellborough, NJ 08988",VERIFIED,42
6607,James Hopkins,1963-03-17,"291 Jennifer Row Apt. 926
Juliehaven, HI 54764",PENDING,65
6608,Louis Mclean,1959-03-15,"59306 Kimberly Wells
Lisatown, RI 34853",VERIFIED,11
6609,Eric Jones,2001-08-31,"990 Bullock Overpass
Pamelachester, KS 68933",VERIFIED,60
6610,Gregory Morse,1963-07-29,"35866 William Plains
North Justinhaven, NY 40524",PENDING,65
6611,Brent Campbell,1975-01-11,"603 Hannah Heights
Lake Williambury, CA 70036",VERIFIED,45
6612,Antonio Taylor,2001-01-17,"71539 Smith Radial Apt. 232
Snyderhaven, NJ 20121",PENDING,75
6613,Jason Wolfe,1999-02-23,"68405 John Lane
West Kimberly, RI 78397",PENDING,61
6614,Donald Lambert,1955-11-19,"5416 Joseph Gateway Suite 715
North Annashire, ME 16933",VERIFIED,62
6615,Patrick Strickland,1995-11-30,"100 Butler Lodge
Monicaside, WV 67953",VERIFIED,68
6616,Daniel Johnson,1960-05-22,"243 Smith Squares
Donnaview, FL 75566",PENDING,4
6617,Ashley Harper,1962-12-17,"USCGC Brady
FPO AA 65980",VERIFIED,78
6618,Erica Simmons,1992-06-14,"66344 Raymond Rue
East Lukeberg, MT 52440",VERIFIED,90
6619,Heather Howard,2000-02-04,"56263 Robert Village Suite 753
Jenniferside, AR 53402",PENDING,96
6620,Scott Holmes,1954-07-22,"13917 Steven Pass
Jamesland, NY 51357",VERIFIED,12
6621,Joshua Allen,1993-08-22,"45280 Theresa Meadows
Port Lonniemouth, MA 04897",VERIFIED,3
6622,Carol Moore,1980-07-12,"Unit 9083 Box 0820
DPO AP 35083",VERIFIED,18
6623,Melissa Fowler,1974-10-21,"3683 John Brooks Apt. 543
South Chad, AS 91136",VERIFIED,28
6624,Juan Lee,1959-02-25,"6133 Tammy Route
Adamhaven, TN 32698",PENDING,75
6625,Bruce Payne,1977-07-24,"49758 Lyons Walks
North Willie, TX 88607",VERIFIED,29
6626,Kelly Lynch,1982-04-13,"8158 Hill Expressway Suite 397
West Joshua, AL 49821",PENDING,52
6627,Sherry Baldwin,1998-08-20,"11701 Olsen Square
East Christinefort, OK 62045",PENDING,68
6628,Shawn Fuller,2005-04-17,"196 Anthony Square
East Joshua, CT 51744",VERIFIED,71
6629,Norma Wallace,1989-10-23,"8923 Sharp Locks Apt. 604
Pedroton, LA 17251",VERIFIED,29
6630,Jennifer Valenzuela,1971-02-23,"044 Lara Spur Apt. 706
Christopherstad, GU 59002",VERIFIED,74
6631,Andrew Fisher,1990-05-11,"USS Jones
FPO AP 81370",PENDING,34
6632,Michelle Hull,1992-04-06,"USCGC Olson
FPO AA 51907",VERIFIED,74
6633,Carlos Jackson,1964-01-21,"691 Hill Freeway
Carriechester, MH 14696",VERIFIED,64
6634,Rita Duran,1971-03-13,"PSC 7958, Box 7897
APO AE 33361",PENDING,94
6635,Daniel Pittman,1984-05-31,"64728 Daniel Inlet Apt. 713
Hendricksmouth, LA 75320",VERIFIED,40
6636,Scott Hanson,1972-04-09,"Unit 2391 Box 1740
DPO AE 30854",VERIFIED,27
6637,John Santos,1952-02-15,"755 Garcia Junction
North Alan, AZ 11658",PENDING,16
6638,Eric Webb,1988-08-27,"04253 Ho Forks Apt. 577
Lake Davidshire, AZ 92657",PENDING,39
6639,Christopher Choi,1968-09-28,"9165 Contreras Dam
North Carmen, WI 08021",VERIFIED,67
6640,Patrick Skinner,1977-02-17,"870 Jonathan Light Suite 370
Williamsshire, PW 02977",PENDING,63
6641,Eric Harrison,1969-08-05,"35016 Nicholas Knolls Suite 112
West Melissafort, ND 16636",PENDING,29
6642,Jeffrey Jones,1991-03-06,"99880 Angela Shoals Apt. 571
Lake Jameshaven, OK 57672",VERIFIED,53
6643,Mary Stewart,1971-09-14,"3455 Julie Streets
Port Jennyshire, PW 54949",PENDING,37
6644,Kyle Bell,1991-12-24,"186 Pruitt Unions Apt. 790
Martinburgh, HI 04709",PENDING,19
6645,Walter Ross,1954-08-12,"09072 Jill Cove Suite 580
Harrisburgh, ID 18824",PENDING,87
6646,Christine West,1968-11-08,"110 Veronica Parks Suite 736
Salazarshire, WV 50798",PENDING,11
6647,Kendra Gaines,1992-06-01,"4309 Kelly Hills
Port Kevinstad, NE 33260",VERIFIED,17
6648,Francisco Valdez,1954-05-03,"3906 Michele Parkways
Popeton, HI 25117",VERIFIED,61
6649,Michael Allen,1992-11-11,"721 Paige Crossroad Suite 334
Juanshire, AR 62327",VERIFIED,41
6650,Kevin Welch,1959-04-18,"591 Rebecca Parks Suite 558
East Heather, ND 18467",PENDING,1
6651,Tamara Ryan,1962-05-13,"312 Gates Summit
West Lisa, IL 11383",PENDING,71
6652,Amber Rivas,1974-07-13,"31011 Delgado Ways Suite 705
Mirandamouth, LA 69686",VERIFIED,43
6653,Lisa Morgan,1994-10-27,"777 Hughes Trafficway Suite 928
Wardport, GU 33910",PENDING,33
6654,Lisa Huang,1986-01-14,"1722 Johnson Field Suite 959
Beasleyside, IL 78175",PENDING,89
6655,Nathaniel Berg,2001-02-11,"57028 Michael Wall Suite 984
Darylside, VA 45120",VERIFIED,30
6656,Jessica Moore,2006-02-25,"4662 Reed Hill Suite 557
Wardfort, KY 41258",VERIFIED,8
6657,Daniel Garza,1971-09-02,"PSC 6278, Box 6981
APO AE 44524",VERIFIED,59
6658,Nicholas Shepard,1962-06-16,"970 Murillo Springs
Patrickhaven, PW 29650",PENDING,15
6659,Matthew Jones,2000-04-30,"6052 David Glens
Charlesport, NV 42218",VERIFIED,55
6660,Mr. Cristian Lopez II,1975-07-03,"4073 Hall Radial
Dylanside, WY 15059",VERIFIED,58
6661,Benjamin Perez,1962-10-14,"69875 James Ville
Erikamouth, CA 60860",VERIFIED,1
6662,Steven Wise,1982-10-02,"505 Hicks Summit Apt. 899
West Victor, MP 27291",PENDING,61
6663,Denise Bell,1954-10-09,"7676 Williams Walk
Lake Catherinefurt, MS 97458",VERIFIED,64
6664,Maria Mullen,1980-10-25,"USS Kent
FPO AE 44267",PENDING,3
6665,Debra Madden,2007-01-19,"45191 Marsh Plains Suite 164
Wadeside, NJ 33661",VERIFIED,51
6666,Maria Porter,1957-11-09,"8007 Christopher Glens Apt. 930
Allisonchester, NC 02346",VERIFIED,43
6667,Tonya Rodriguez,1969-09-13,"18875 Kayla Fords
Brendaborough, VA 57825",PENDING,70
6668,Stephanie Alexander,1994-05-15,"8447 David Neck Suite 309
Jacobstown, TX 58399",VERIFIED,96
6669,Belinda Ruiz,1968-01-09,"PSC 6840, Box 3880
APO AP 46873",VERIFIED,48
6670,Hailey Shaw,1984-10-16,"45829 Castro Route
Jeffreyburgh, SD 24943",PENDING,63
6671,Michelle Ramirez,2002-01-29,"0679 Huff Gateway
Lake Traci, ID 63256",VERIFIED,27
6672,Katherine Pierce,1974-09-24,"84452 Nathaniel Forest
Sarahhaven, NV 01045",PENDING,78
6673,Casey Ward,1962-08-25,"97986 Andrew Valley Apt. 227
Mclaughlinmouth, SC 19779",PENDING,4
6674,Casey Velazquez,1956-07-04,"0633 Susan Oval Suite 822
North Dennisstad, NE 35809",PENDING,88
6675,Shannon Tyler,1985-09-03,"83387 Parker Station Apt. 992
East Teresafurt, WI 75722",PENDING,92
6676,Jessica Williams,1966-01-29,"72343 Tyler Motorway
East Samuelmouth, NY 70506",VERIFIED,71
6677,Annette Tapia,1972-04-10,"28263 Young Stream
Allisonmouth, SC 28484",VERIFIED,12
6678,Ruth Johnson,1985-07-19,"PSC 1055, Box 8012
APO AE 94446",VERIFIED,9
6679,Melissa Johnson,1951-04-20,"990 Hall Burgs
Rebeccahaven, MN 39069",VERIFIED,4
6680,Dylan Taylor,1981-05-27,"14556 Ortiz Drive
Port Gregory, IN 43656",VERIFIED,30
6681,Kelly Mendez,1994-08-13,"443 Klein Highway Suite 063
Fuentesberg, RI 35766",VERIFIED,97
6682,David Cervantes,1975-11-01,"PSC 8215, Box 1017
APO AA 56548",VERIFIED,14
6683,Candice Phelps,1993-01-13,"3280 Williams Union Suite 951
West Steven, AR 32814",PENDING,19
6684,Joy Dominguez,1950-09-01,"157 Megan Forge Apt. 704
Port Anthony, AL 13127",PENDING,95
6685,Preston Christensen,1989-09-25,"33472 Deborah Ramp
New Monicabury, NH 58320",PENDING,3
6686,Laura Jackson,1998-10-21,"3036 Holland Shores
Beckberg, MD 41175",PENDING,16
6687,Chad Wu,2004-04-30,"2451 Derrick Centers Apt. 145
South Latashaland, IN 61565",VERIFIED,84
6688,Nathaniel Schwartz,2008-01-01,"2511 Craig Pines
Port Brittanyside, DC 67000",VERIFIED,30
6689,Rebecca Bennett,1958-01-21,"397 Randolph Square
Kathrynburgh, AZ 98889",PENDING,26
6690,Shawn Vega,1971-03-25,"38221 Brandon Rapids Suite 850
Lake Stephanie, NE 66573",PENDING,79
6691,Dustin Chavez,1951-04-09,"PSC 3857, Box 3501
APO AP 58195",PENDING,69
6692,Chad Day,1986-03-31,"075 Laura Avenue
Laurenland, NC 37331",PENDING,55
6693,Patricia Ryan,1998-02-15,"69414 Christie Locks
New Samanthaberg, MT 94643",PENDING,32
6694,Marie Newman,1999-11-26,"419 Cameron Center
Gordonbury, IL 72580",VERIFIED,41
6695,Lindsay Huffman,1959-12-27,"2750 Eric Meadows Suite 682
New Jennifer, IN 94898",PENDING,86
6696,Ashley Thompson,1980-01-17,"046 Townsend Junction Apt. 982
East Perry, AR 25152",PENDING,87
6697,Nancy Valdez,1976-06-30,"93214 Alexis Plains
Port Briannaville, VI 37788",PENDING,64
6698,Roy Anderson,1970-04-11,"581 Lisa Burgs
Fletcherberg, ME 07236",PENDING,26
6699,Dr. Elizabeth Anderson,1952-07-10,"0794 Vega Turnpike Suite 674
Andrewshire, TN 88461",VERIFIED,11
6700,Rachel Wright,2001-06-25,"PSC 4280, Box 5818
APO AP 52404",PENDING,67
6701,George Harris,1959-12-05,"147 Tucker Green Suite 779
Lopezhaven, AR 91294",PENDING,55
6702,Devin Smith,1991-01-14,"56367 Christine Haven
East Stephanie, KS 09934",VERIFIED,82
6703,Jonathan Garcia,1959-08-13,"4167 Green Port
North Juan, ND 12525",PENDING,89
6704,Vincent Anderson,1964-09-30,"6349 Jones Turnpike Suite 989
East Nancybury, AZ 31500",VERIFIED,55
6705,Stacey Noble,1979-07-23,"363 Mendoza Ridge Apt. 483
Ricebury, TN 79079",VERIFIED,39
6706,Steven Thompson,1969-10-26,"011 Andrea Cove
West Brian, WV 58297",VERIFIED,23
6707,Crystal Nolan,1999-09-21,"2689 White Drive Suite 493
South Kathleenstad, SC 63049",PENDING,29
6708,Calvin Christensen,1998-05-24,"29969 Day Canyon Apt. 467
South Brandonberg, DC 71165",PENDING,56
6709,Jeremy Contreras,1978-11-27,"932 Melissa Ridge
Pettychester, AL 69005",VERIFIED,57
6710,Kimberly Carroll,1981-08-07,"1939 Baldwin Common
Lake Heidi, RI 98090",VERIFIED,49
6711,Sarah Daniels,2007-11-23,"44530 Joseph Crescent
Phillipshaven, IL 25925",PENDING,99
6712,Kayla Webb,1988-06-13,"93336 Atkins Views Apt. 515
Williammouth, IL 98000",PENDING,8
6713,Amy Miller,1990-12-28,"4292 Stephanie Mall Apt. 982
Paulchester, MS 77954",PENDING,4
6714,Rebecca Brown,1964-04-25,"45574 Sanchez Circles
Jacksonbury, DE 80811",VERIFIED,50
6715,Holly Gomez,1977-04-18,"0933 Daniel Row Suite 348
Buckhaven, MP 59316",PENDING,43
6716,Yvette Marshall,1972-10-02,"60879 Kenneth Highway Suite 509
West Joshualand, FM 45425",PENDING,46
6717,Samuel Martin,1961-09-29,"369 Hendricks Drive
New Robertshire, OK 98903",PENDING,85
6718,Craig Evans,1997-04-04,"46031 Natalie Vista
Port Douglasland, PA 45790",VERIFIED,31
6719,Renee Larsen,1997-11-10,"7129 Hernandez Club Suite 412
Amberstad, MH 13756",VERIFIED,70
6720,Tyler Brown,1982-03-17,"01201 Neil Lodge Suite 309
Port Joshua, MS 38992",PENDING,41
6721,Glenn Clark,1951-06-11,"389 Lawrence Fords Suite 352
Dennisport, MH 04811",PENDING,91
6722,Gina Johnson,1991-10-13,"PSC 3146, Box 8864
APO AA 67895",VERIFIED,36
6723,Robyn Duncan,1987-03-06,"1791 Paul Hill
Ronnieville, AR 55403",PENDING,27
6724,Marcia Mcgrath,1984-03-27,"84002 Meyer Overpass
Dominicport, WA 99132",PENDING,29
6725,Thomas Clements,1967-11-20,"5643 Mullen Way Suite 507
Jeanshire, SC 48459",PENDING,19
6726,Ronald Martinez,1959-10-15,"411 Buck Path
Hartbury, AS 43920",VERIFIED,21
6727,Jerry Schultz,1965-12-18,"91875 Smith Orchard Apt. 804
Vazquezborough, MN 95148",VERIFIED,55
6728,Rose Wilson,1963-04-09,"2176 Sherry Knolls
Duranburgh, MA 76008",VERIFIED,32
6729,Anthony Watson,1984-02-26,"27973 Alexander Turnpike
North Amy, ND 97931",PENDING,22
6730,Melody Smith,1963-07-08,"USCGC Barrett
FPO AP 40407",PENDING,72
6731,Calvin Ward,1956-12-05,"25068 Sanchez Expressway Suite 288
Port Mackenzie, NC 71771",PENDING,5
6732,Michelle Shah,1996-04-09,"01451 Theresa Forest Suite 828
South Joseph, IN 28111",VERIFIED,13
6733,Sydney Roman,2002-10-23,"USNV Cruz
FPO AA 79246",VERIFIED,4
6734,Matthew Allen,1953-02-26,"952 Austin Trafficway
Millerberg, CT 93668",PENDING,95
6735,Tammy Bridges,1953-12-28,"1606 Duane Landing
Port Meganberg, VA 91307",VERIFIED,43
6736,Emily Richardson,1994-04-09,"9144 Young Creek
New Joshuastad, KY 18714",PENDING,26
6737,Ashley Price,1973-11-24,"438 Tasha Ridges Suite 324
North Mark, UT 34924",PENDING,70
6738,Michael Lane,2004-09-19,"85523 Robles Haven
Pattersonchester, NV 42660",PENDING,37
6739,Mary Walters,1951-11-17,"55078 Sarah Highway Suite 654
West Lisaburgh, AS 09738",PENDING,42
6740,John Boyd,1970-02-14,"1374 Perez Junction
West Kari, NE 34895",VERIFIED,84
6741,Lori Lopez,1966-03-28,"4301 Johnson Lakes
Hayesmouth, IL 97059",VERIFIED,32
6742,Shelly Hernandez,1976-01-14,"0103 Wilson Springs Suite 272
Stevensmouth, VI 14474",PENDING,21
6743,Jacqueline Carter,1973-10-25,"528 Mccoy Junctions Apt. 623
Port Ericaport, VT 52296",VERIFIED,85
6744,Sean Mccormick,1997-04-22,"53066 Melissa Place Suite 616
East Alexanderview, TX 26741",PENDING,94
6745,Jennifer Martin,1973-11-30,"59497 Garrison Lakes
Anthonymouth, NY 61293",VERIFIED,2
6746,Jo Robinson,1964-11-28,"2964 Lee View Apt. 129
Michelleland, OR 60845",PENDING,55
6747,Justin Jackson,1967-04-28,"134 Tonya Manor Apt. 124
East Ericmouth, MH 61193",PENDING,5
6748,Bailey Smith,1960-07-23,"487 Lori Knolls Suite 931
Millerstad, WV 24373",PENDING,32
6749,Jeffery Dunn,2007-06-16,"25593 Kimberly Place Apt. 870
Hardingmouth, ME 41006",VERIFIED,42
6750,Dustin Mueller,1977-05-18,"570 Haas Junction
Brittanyshire, KY 66671",VERIFIED,42
6751,Matthew Robinson,1975-05-24,"970 Singleton Skyway
Andreaberg, IN 50727",PENDING,90
6752,Julie Jensen,1984-10-12,"0757 Cheryl Parks Apt. 001
Emilyside, VT 24258",PENDING,74
6753,Jillian Jimenez,1979-06-01,"USNS Dudley
FPO AP 64283",VERIFIED,16
6754,Christopher Hill,1974-05-29,"9927 Hill Ports Suite 017
Morganview, AR 59664",PENDING,75
6755,Erin Schultz,1962-07-25,"4620 Kimberly Circles
East Brandy, WV 27605",PENDING,58
6756,Abigail Snow,1984-11-27,"040 Jessica Turnpike Apt. 231
Josephland, WI 07293",VERIFIED,55
6757,Cynthia Rodriguez,1992-07-31,"62937 Kimberly Ville Suite 420
Kimton, MT 33911",VERIFIED,50
6758,Sara Gutierrez,1983-06-20,"196 Benjamin Lodge
North Deannachester, PW 02829",PENDING,95
6759,Cynthia Bailey,1952-10-29,"899 Briana Highway
Thomaston, ID 23104",PENDING,91
6760,Kathleen Reynolds,1996-03-22,"544 Blake Village
Doughertychester, GA 63199",PENDING,80
6761,Trevor Gomez,1954-05-31,"97778 Connie Villages
Taylorville, FM 49288",PENDING,1
6762,Peter Boyd,1961-01-03,"316 Brenda Ridges
South Emily, GU 33117",VERIFIED,77
6763,Lisa Moreno,1992-10-17,"9527 Williams Wells Suite 175
Brianville, CT 08904",VERIFIED,66
6764,Sarah Mayer,1985-10-27,"03675 Cochran Canyon
Smithbury, VA 52511",VERIFIED,99
6765,Christopher Ewing,1986-06-19,"USNS Martin
FPO AE 39999",PENDING,44
6766,Mrs. Kathleen Hunt,1955-02-17,"4710 James Cliff Suite 462
Mooreshire, NJ 18248",PENDING,29
6767,Sabrina Thomas,1995-09-10,"813 Frank Bridge Suite 898
West Ginaton, AZ 67927",PENDING,15
6768,Angela Shah,1970-05-21,"USS Martin
FPO AP 45197",PENDING,48
6769,Dr. Kimberly Graham DVM,1963-02-24,"2354 Barbara Isle
West Stephenton, LA 79356",VERIFIED,39
6770,Tonya Olson,2007-10-09,"0128 Jennifer Plaza
Vickieburgh, TX 54488",VERIFIED,12
6771,Angela Murray,1990-05-20,"59883 Pierce Mountains Apt. 508
Port Shawnview, WY 08278",PENDING,56
6772,Nathaniel Gilbert,1974-04-22,"8924 Mitchell Crest Apt. 828
Johnsonmouth, FL 18678",PENDING,33
6773,Stacy Compton,1991-10-15,"1197 Walls Club Suite 379
Shannonton, KY 06042",VERIFIED,40
6774,Paul Villa,1961-09-09,"1152 Thompson Throughway
East Gerald, SC 68761",VERIFIED,88
6775,Katherine Johnson,1996-06-12,"585 Harris Isle Suite 812
North Coreystad, OK 47286",VERIFIED,74
6776,Richard Mckay,1990-01-29,"2363 Ingram Glens Apt. 740
West Cynthiabury, KS 43655",VERIFIED,75
6777,Denise Wade DDS,1956-10-16,"3679 Melissa Turnpike
Humphreyberg, VA 88348",PENDING,72
6778,Michele Werner,2008-04-19,"68367 Dougherty Freeway
East Jayfort, AR 32323",PENDING,91
6779,Ashley Gonzales,1999-09-23,"19447 Roberts Forks
Port Katie, WY 53741",VERIFIED,87
6780,Marcus Dougherty,1979-09-12,"03475 Hopkins Station Suite 354
Taylortown, MI 27012",VERIFIED,36
6781,Jason Cruz,1952-08-29,"Unit 5855 Box 1977
DPO AP 18012",PENDING,7
6782,Jacqueline Garcia,1952-05-04,"695 Alexandra Lodge Suite 372
East Tylerhaven, PA 58616",VERIFIED,84
6783,Samantha Walker,2003-10-07,"Unit 9798 Box 7928
DPO AE 70867",PENDING,80
6784,Vincent Moody,1967-01-11,"09723 Julia Branch Apt. 110
Stuartbury, ID 03554",VERIFIED,23
6785,Daniel Galvan,1956-12-04,"7176 Clark Street Suite 563
West Shirley, NE 56513",PENDING,6
6786,Amanda Sanchez,1994-11-24,"042 Fitzgerald Keys
Lake Chloemouth, MI 54172",PENDING,13
6787,John Lee,1974-10-21,"70450 David Street Suite 631
North Chloe, TX 00828",PENDING,53
6788,Jo Russell,1960-05-17,"Unit 0474 Box 8322
DPO AA 33143",PENDING,64
6789,Adam Cruz,1973-07-09,"5606 Jessica Port Apt. 193
West Joshua, OK 25575",PENDING,82
6790,Chad Moore,2001-07-08,"PSC 3422, Box 4460
APO AE 53000",VERIFIED,86
6791,Julian Norris,1987-03-06,"578 Hayley Hollow Suite 671
Jonesfurt, WY 42879",VERIFIED,34
6792,Craig Crawford,1976-12-08,"844 Tonya Spurs Suite 846
North Jennifer, RI 75516",PENDING,75
6793,Tony Calderon,1975-06-24,"87119 Evans Walk Apt. 582
New Ronaldburgh, AL 41268",VERIFIED,9
6794,David Jackson,1977-06-30,"1902 Seth Estates Apt. 099
Estradaville, FL 77472",VERIFIED,73
6795,Thomas Humphrey,1984-12-05,"28362 David Bridge Apt. 488
North Jenniferfurt, WI 84027",PENDING,13
6796,Heidi Smith,1997-06-07,"489 Michelle Crossing
New Anthony, TN 01578",PENDING,40
6797,Heather Greene,1989-09-06,"912 Smith Lodge Apt. 286
Henryfurt, WI 70522",VERIFIED,19
6798,Andrew Thompson,1989-01-03,"33404 Carmen Summit Apt. 799
Port Brendabury, ME 31063",PENDING,7
6799,Marissa Bennett,1999-04-03,"995 Victor Extension
Port Crystal, IN 58144",VERIFIED,84
6800,Kimberly Smith,1975-06-30,"PSC 2975, Box 5100
APO AE 04653",PENDING,70
6801,Sean Simpson,1973-12-16,"4932 Mcpherson Pine
Kelseymouth, RI 69674",PENDING,63
6802,Lisa Ingram,2000-04-23,"72698 Kelsey Lights Apt. 696
Jefferymouth, MN 33479",PENDING,22
6803,Joanne Rivera,1998-12-23,"213 Anthony Light Apt. 088
New Brookeside, SC 19064",VERIFIED,25
6804,Mason Anderson,1990-08-07,"47033 Perez Fords Apt. 671
South Amber, AK 64408",PENDING,68
6805,Amanda Crawford DDS,1970-04-07,"8726 Smith Vista Suite 584
Chanhaven, LA 32180",PENDING,27
6806,Jennifer Williamson,1992-02-20,"PSC 4865, Box 3757
APO AE 92221",VERIFIED,38
6807,Thomas Torres,1970-12-30,"53713 Richardson Road
Moralesport, DC 46552",PENDING,19
6808,Melissa Mckinney,1995-08-03,"69406 Mary Falls Apt. 417
South Nathanside, IA 52485",PENDING,44
6809,Tracy Holloway,1997-12-04,"9314 Leonard Drive Apt. 305
Lake Todd, GU 10280",VERIFIED,86
6810,Donald Larson,1979-08-28,"646 Amy Square Suite 362
Port Whitney, HI 76784",VERIFIED,15
6811,Jason York,1996-05-05,"PSC 6970, Box 8777
APO AE 34335",PENDING,87
6812,Jennifer Murphy,1969-11-10,"3140 Heath Haven Suite 821
New Danmouth, DE 98856",PENDING,24
6813,Suzanne Brown,1962-06-17,"5619 Peter Circle Suite 726
Danielhaven, TX 89398",VERIFIED,26
6814,Jeremy Blair Jr.,1984-05-06,"3671 Elizabeth Summit Suite 345
West Justinfort, IA 17420",VERIFIED,78
6815,Stacy Gray,1954-09-22,"Unit 1930 Box 4906
DPO AA 21198",PENDING,45
6816,Alison Lopez,1965-04-21,"5136 Stevens Rapids
South Stephanieburgh, MS 12547",PENDING,47
6817,Denise Lucas,2002-11-18,"550 Alice Fields Apt. 476
South Melissa, VI 27792",PENDING,38
6818,Benjamin Dunlap,1979-11-13,"USCGC Pugh
FPO AA 04304",VERIFIED,15
6819,Andrea Anthony,1953-07-04,"2243 Manuel Passage
West Mark, TN 76378",PENDING,49
6820,Chloe Barnes,1951-02-16,"00234 Smith Drives
South Jenniferfurt, KY 16189",PENDING,90
6821,Jordan Chase,1988-05-19,"988 Sanchez Viaduct Suite 196
Jacksonville, MT 58886",PENDING,95
6822,Erika Turner,1993-03-05,"56791 Courtney Square Apt. 165
North Markbury, NH 89814",VERIFIED,81
6823,Amber Montes,2001-09-17,"918 Bonnie Knolls
East Anna, KY 36021",VERIFIED,37
6824,Donald Kelley,1987-01-30,"6865 Mccoy Heights
South Stephanie, AK 48084",PENDING,63
6825,Bradley Bass,1989-10-13,"9008 Oneill Spurs Suite 324
Carlsonbury, WA 43363",VERIFIED,43
6826,Timothy Richards,1969-01-09,"5813 Jeremy Courts
Mcdonaldberg, CA 35179",VERIFIED,87
6827,Katherine Wiggins,2006-02-18,"324 William Plain Suite 032
Kennethshire, MO 87367",PENDING,70
6828,James Atkins,1954-10-13,"79065 Deborah Center
Craigview, GU 53871",PENDING,58
6829,Christina Mills,1958-09-21,"234 Jones Radial
Port Jay, TX 93849",VERIFIED,20
6830,Brianna Ray,1988-11-07,"2964 Gordon Island
Kennethville, SC 65455",PENDING,44
6831,Andrew Campbell,1984-08-16,"91512 Parker Mountains
Kathleenfurt, FM 11962",PENDING,54
6832,Margaret Harding,1950-07-21,"1445 Brandon Burgs Suite 247
Andersonchester, KS 80495",VERIFIED,48
6833,Christopher Russell,1995-01-15,"PSC 2226, Box 8384
APO AA 04309",VERIFIED,20
6834,John Garner,1976-03-26,"Unit 7135 Box 4801
DPO AA 97145",PENDING,91
6835,Daniel Delgado,1962-01-09,"16484 Howard Burg
Sherryville, NM 22910",VERIFIED,79
6836,Shelby Taylor,1981-07-28,"3109 Bryan Expressway Suite 053
New Taylorborough, TN 32914",PENDING,28
6837,Brittany Bush,1979-10-25,"PSC 0055, Box 5281
APO AP 44725",VERIFIED,8
6838,Jason Macias,1976-09-18,"2578 Lambert Bypass
West Sharon, MO 36032",VERIFIED,50
6839,Monica Campbell,1992-03-05,"946 Matthew Throughway
Nicolemouth, OH 97561",PENDING,18
6840,Steven Lowery,1982-11-10,"2195 Ruiz Park Suite 556
Michaelfurt, IA 72321",VERIFIED,71
6841,Sarah Williams,1956-06-03,"677 Montgomery Crossroad
Tinaland, IA 82097",PENDING,84
6842,Jackson Gill,1961-01-22,"5287 Jenna Cove
South Gabriela, NM 10842",PENDING,31
6843,Christopher Rogers,1974-11-02,"PSC 7779, Box 8850
APO AP 25854",PENDING,17
6844,Diamond Swanson,1965-02-09,"583 Larry Crescent
Lake Jasonstad, ND 47902",PENDING,71
6845,Patricia Flores,1996-07-03,"USNS Bailey
FPO AE 76853",VERIFIED,99
6846,Kelly Bryant,1984-11-01,"Unit 2560 Box 5259
DPO AE 12420",PENDING,58
6847,Heather Howard,1989-10-05,"Unit 1355 Box 2686
DPO AA 29105",PENDING,38
6848,Diana Walker,1955-10-15,"0483 Thomas Plain Suite 287
South Brandon, UT 67995",PENDING,95
6849,Ian Brown,1988-09-05,"5780 Blankenship Lake Suite 695
Warnermouth, NJ 66497",PENDING,90
6850,David Jackson,1989-06-25,"46112 Todd Park
South Christophermouth, MD 74053",PENDING,85
6851,Courtney Chen,1959-02-08,"9616 Brown Skyway Apt. 898
West Amandaview, KS 18216",PENDING,59
6852,George Daniels,1966-09-30,"242 Hernandez Cliff Suite 188
South Rickyborough, VI 69624",PENDING,26
6853,Stephanie Ortega,1999-04-20,"76172 Michael Radial Suite 363
Cowanfurt, WY 49952",PENDING,100
6854,Melissa Davis,1983-06-08,"3263 Brian Islands Suite 872
Douglaston, NH 16824",PENDING,11
6855,Jaclyn Brown,1995-05-10,"02001 Flores Overpass
South John, NJ 87249",VERIFIED,99
6856,Matthew Yates,1967-03-01,"19205 Ryan Locks Apt. 939
Randallbury, IN 42255",PENDING,71
6857,Robert Bradley,2003-12-21,"5923 Carl Mill Apt. 635
Jordanfort, WV 40093",PENDING,63
6858,Katherine Williams,1986-08-07,"PSC 3790, Box 8809
APO AA 67201",PENDING,90
6859,Dennis Johnson,1951-06-29,"92114 Forbes Loop Apt. 547
South Danielland, IL 79369",VERIFIED,60
6860,Eddie Neal,2001-04-24,"81800 Dominique Drives
East Marystad, VI 07387",VERIFIED,99
6861,Paul Wilson,1982-09-05,"10849 White Dam Apt. 767
West Shane, WA 35391",VERIFIED,58
6862,Eric Williams,2002-06-22,"434 Parker Locks
Smithstad, MS 31210",PENDING,12
6863,William Guerra,1959-06-30,"495 Theodore Points
Philipland, AS 66311",PENDING,13
6864,Savannah Wilson,1955-11-05,"2202 Cook Canyon Suite 487
Jeanburgh, PW 18671",VERIFIED,95
6865,Derrick Morrison,1990-08-19,"6381 Catherine Road
East Vickie, PR 24730",VERIFIED,39
6866,Cynthia Morton,1955-03-01,"5721 Adam Islands
Christineside, WY 40502",PENDING,65
6867,Thomas Mcdonald,1975-02-27,"16904 Clark Well
North Adam, ND 15410",VERIFIED,18
6868,Wendy Roman,1957-06-14,"48670 Kim Lakes Suite 252
Jameston, AS 74785",PENDING,14
6869,Christina Orozco,1978-04-07,"56339 Wilson Crescent
Amandaborough, ME 11119",VERIFIED,90
6870,Stephanie Diaz,1966-03-03,"40092 Clark Shores
North Christopherside, DC 89788",PENDING,21
6871,Michelle Braun,2006-03-11,"1631 Bowman Plaza
Rodriguezchester, MA 80377",VERIFIED,85
6872,Andrew Perez,1950-11-30,"USS Lee
FPO AA 38241",VERIFIED,26
6873,Darren Vasquez,1972-03-28,"603 Lisa Road
West Tiffany, AL 37939",VERIFIED,63
6874,Jesse Joseph,2003-01-08,"1123 Howard Ferry
Santiagoside, AL 24748",PENDING,62
6875,Heather Nguyen,1982-05-06,"5798 Kim Neck Apt. 590
South Gabriella, SD 07776",PENDING,98
6876,Isaiah Williams,1993-01-13,"441 Wood Prairie Apt. 636
Murphyberg, FM 33247",VERIFIED,98
6877,Scott Lewis,1979-08-16,"52870 Moreno Landing
South Garrett, MT 81398",VERIFIED,38
6878,Steven Wilson,1999-06-09,"93210 Walter Shore Apt. 530
North Crystal, UT 49586",VERIFIED,3
6879,Michelle Schneider,1961-04-20,"962 Allen Neck
Lake Bernardland, AK 40756",VERIFIED,76
6880,Bruce Mcintosh,1984-09-28,"3035 Cooper Skyway
Caldwellfurt, NC 57326",VERIFIED,53
6881,Justin Reynolds,1991-02-17,"9918 Hess Throughway Apt. 144
Teresaborough, IL 66021",PENDING,35
6882,Jerry Bailey,1982-11-07,"382 Kimberly Plains
Rachelhaven, DE 13466",VERIFIED,68
6883,Sarah Watts,1996-04-02,"Unit 5178 Box 9887
DPO AP 75383",VERIFIED,85
6884,Timothy Cruz,2006-10-14,"PSC 8335, Box 7945
APO AA 25143",PENDING,8
6885,Ronald Martin MD,1997-06-08,"USNV Moore
FPO AE 93313",VERIFIED,91
6886,Charles Miller,1987-11-11,"52099 Watkins Row Suite 683
Zacharyburgh, TX 73565",VERIFIED,88
6887,Nicole Bush,1993-08-26,"250 Ramos Cliff Apt. 950
Lake Thomasville, MI 98619",PENDING,46
6888,Diana Dennis,1955-01-29,"046 William Station
Jennifershire, DC 30946",PENDING,34
6889,Brandi Thompson,1966-09-15,"53189 Carlos Common
Tommyfort, PR 14034",PENDING,96
6890,Jamie Mason,1983-03-23,"696 Forbes Cape
Sarahberg, MA 93903",PENDING,23
6891,Shannon Li,1985-03-25,"Unit 7457 Box 3637
DPO AE 15500",VERIFIED,43
6892,Kristin Contreras,2007-03-30,"776 Kevin Estate Suite 179
Shepherdfort, SC 21105",VERIFIED,67
6893,Emily Robertson,1962-01-07,"501 Lane Extension Suite 979
Port Brandi, GA 18430",VERIFIED,99
6894,Derek Cervantes,1986-02-26,"4223 Mann Lake Suite 327
Harringtonport, NM 50904",PENDING,90
6895,Jeffrey Munoz,1994-04-27,"481 Jeffrey Pike
New Erica, RI 93873",PENDING,1
6896,Sydney Ray,1993-06-21,"4318 Tristan Ridge
Keithbury, NJ 51491",PENDING,69
6897,Angela Mueller,1977-08-04,"70532 Lauren Causeway
North Jerry, NY 48164",VERIFIED,59
6898,Lydia Ferguson,1964-12-23,"3705 Taylor Mount
Robertshaven, MO 82224",VERIFIED,65
6899,Robert Lucero,2001-03-10,"3246 James Union
Lucasburgh, GU 03157",VERIFIED,6
6900,Denise Nunez,1981-02-24,"021 Joseph Center Suite 639
Williamberg, WY 40630",PENDING,65
6901,Christian Martinez,1956-05-13,"3619 Ryan Falls Apt. 050
Kennethberg, DC 99008",VERIFIED,61
6902,Laura Jackson,1960-12-08,"36253 Michael Expressway
Jessemouth, OK 05413",PENDING,89
6903,Maria Mcclain,1959-10-23,"31405 Jeffrey Glens Apt. 980
Vincentfort, AR 92919",VERIFIED,64
6904,Jessica Lloyd,1964-10-24,"2888 Jennifer Stream
East Lacey, MP 53639",VERIFIED,99
6905,Amanda Franklin,1965-05-22,"66502 Wagner Common
Millerbury, IL 66657",PENDING,84
6906,Melissa Cox,2002-04-16,"90770 Lane Corner
Wardchester, DE 78928",VERIFIED,84
6907,Sandra Williams,1988-04-27,"Unit 0312 Box 7008
DPO AA 69048",VERIFIED,30
6908,Michael Woods,1997-12-28,"USNS Rodriguez
FPO AP 01379",PENDING,46
6909,Patricia Briggs,1956-03-01,"514 Harrington Squares Apt. 096
Port Brittany, NE 62931",PENDING,8
6910,Mary Booker,1961-06-23,"7925 Williams Parks
East Richard, IA 07072",PENDING,78
6911,Bryce Hunt,1986-10-09,"322 Sabrina Stravenue
West Danielmouth, CO 89138",PENDING,99
6912,Rebecca Mcclain,1953-07-24,"3775 Christopher Garden
Portermouth, MO 23664",PENDING,23
6913,Joshua Deleon,2002-04-12,"4292 Dennis Stravenue Apt. 297
Caldwelltown, VA 72387",VERIFIED,11
6914,Jessica Cruz,1987-10-18,"820 Moore Ports
East Kaitlynland, NH 30933",VERIFIED,60
6915,Christopher Fry,1979-08-06,"9619 Brown Rapid
South Samuelborough, FM 45507",VERIFIED,21
6916,Jeffrey Kim,1985-01-08,"79695 Bradley Flat Apt. 817
Port Carolyn, CO 18767",VERIFIED,74
6917,Nicholas Allen,1981-02-03,"978 Webb Passage Suite 238
South Robertshire, KY 43483",VERIFIED,61
6918,Michelle Ortiz,1955-03-01,"8034 Angela Mount
West Toddborough, DC 23009",VERIFIED,37
6919,Thomas Schwartz,2003-01-01,"8431 Nicholas Isle
Christopherburgh, AL 74880",VERIFIED,83
6920,Martin Johnson,1974-08-03,"386 Lawrence Vista
Palmerland, NY 42985",PENDING,97
6921,Savannah Chapman,1982-09-19,"4865 Shepherd Village
Lake Deanna, NV 74153",VERIFIED,93
6922,Cynthia Campbell,1968-03-08,"7451 Rowe Hills Apt. 767
Shieldsland, IN 05953",PENDING,63
6923,Frank Garrison,1982-10-11,"604 Jon Locks Suite 604
New Jimmy, HI 81175",PENDING,71
6924,Jose Barton,1958-02-04,"67802 Lauren Avenue Suite 761
East Cheryltown, IA 72131",VERIFIED,78
6925,Kristen Orozco,1987-10-04,"8659 Jennifer Lake
East Jeffreymouth, MN 39645",VERIFIED,78
6926,Gary Wilkins,1972-03-18,"103 Franco Underpass Suite 311
Nielsenborough, MP 56436",VERIFIED,72
6927,Brandon Crosby,1968-02-08,"85712 Lopez Pines Suite 186
East Madisonchester, IA 92714",PENDING,63
6928,Andrew Porter,1982-11-12,"324 Austin Junctions
Petersfort, NV 97026",VERIFIED,66
6929,Thomas Jones,1964-07-30,"836 Owens Plains
Younghaven, AZ 29490",PENDING,54
6930,Jeremiah Mccarty,1980-04-09,"26664 Wells Neck Apt. 576
New Kellyville, AS 15372",PENDING,58
6931,Jennifer Wilson,1969-01-22,"4997 Teresa Walk
Mckinneybury, PR 60732",PENDING,8
6932,Jennifer Webb,1974-02-24,"9804 Crawford Meadows Suite 763
Beckyberg, MS 52098",PENDING,15
6933,Joseph Howard,1954-05-21,"823 Mary Fords
Stephaniefurt, NV 07527",VERIFIED,23
6934,Olivia Santiago,1982-04-04,"USNS Finley
FPO AP 58993",VERIFIED,61
6935,Charles Boyle,1980-07-28,"35460 Rodriguez Vista Suite 002
West Angelaborough, WY 82132",VERIFIED,22
6936,Shelly Castillo,1979-07-04,"8286 Martinez Plains Suite 962
Salazarburgh, NJ 78820",VERIFIED,64
6937,Laura Wolf,1973-01-25,"96654 Hannah Orchard Apt. 343
Mckinneybury, NJ 15627",PENDING,37
6938,Charles Ortiz,1979-09-26,"9656 Allen Springs
North Gregory, AR 61326",PENDING,62
6939,Amanda Taylor,1975-07-30,"2305 Dillon Lakes
Jasminefort, VA 87298",PENDING,9
6940,Sarah Gray,1996-09-18,"5514 Bennett Overpass Suite 727
New Tim, VT 07325",VERIFIED,70
6941,David Soto,1988-05-09,"770 Cameron Greens Suite 009
New Jeremiah, MO 65213",PENDING,38
6942,John Holland,1985-12-26,"04078 Carly Crest Suite 350
Lake Mary, AK 75558",PENDING,12
6943,Susan Ibarra,1955-04-06,"PSC 9898, Box 9863
APO AP 52323",PENDING,69
6944,Elizabeth Warren,2003-05-20,"36609 Allison Pike
Juliaview, NM 03950",VERIFIED,53
6945,Christine Brown,1998-12-04,"72678 Murray Lodge Suite 483
Juanton, NH 10629",PENDING,57
6946,Jamie Stewart,1996-06-22,"94173 Simpson Flats Apt. 507
Ramirezside, PA 63838",VERIFIED,50
6947,Steven Smith,1950-06-10,"USNS Adkins
FPO AP 33182",PENDING,100
6948,Sarah Bean,1967-03-29,"504 Perkins Plains Apt. 874
East Wayneton, MD 97811",VERIFIED,17
6949,Whitney Jones,1999-11-18,"867 Alexander Drive Apt. 290
South John, NV 98534",VERIFIED,25
6950,Kenneth Hogan,1985-01-28,"289 May Crossroad Apt. 618
Rodriguezmouth, PA 07945",VERIFIED,28
6951,Luis Gomez,1956-09-07,"USNS Bowen
FPO AA 53626",VERIFIED,27
6952,Christopher Roberts,2000-05-04,"667 Kenneth Spur Apt. 232
North Williamfurt, MH 57567",PENDING,74
6953,Thomas Krause,1956-07-09,"827 Jamie Bypass
Brianborough, HI 68835",VERIFIED,14
6954,Autumn Brown,1980-10-04,"5209 Joseph Oval Apt. 856
Jamesstad, NH 33699",PENDING,70
6955,Rebecca Burton,1952-02-14,"903 Dawn Flat
Andrewville, ID 20767",VERIFIED,54
6956,Bethany Wright,1992-09-20,"922 Charles Walks Apt. 608
Danielshire, WI 87604",VERIFIED,44
6957,Dr. Joshua Montes Jr.,1998-04-05,"39013 Ross Shore Apt. 467
Ryanberg, ND 69289",PENDING,81
6958,Sara Miller,1965-03-31,"349 Smith Alley Apt. 358
Rogersfort, ME 20953",VERIFIED,46
6959,Shelby Cisneros,1961-02-10,"992 Theresa Ports
South Ricardoland, ID 66567",PENDING,51
6960,Mr. Daniel Knight,1994-07-27,"00323 Jones Lakes Suite 482
Thompsonfort, PA 86861",PENDING,100
6961,Samantha Guerrero,1957-09-24,"Unit 4669 Box 0734
DPO AA 04320",PENDING,51
6962,Elizabeth Ibarra,1969-11-01,"5997 Bruce Harbor Suite 599
Kevinborough, ND 92640",VERIFIED,51
6963,Mary Bell,1951-08-11,"11414 Jackson Falls Apt. 436
Nathanstad, LA 59866",PENDING,82
6964,Stephanie Hayes,1978-07-07,"6155 Mark Roads
Lake Karla, FL 05164",PENDING,3
6965,Anna Snow,2003-03-17,"22440 Charles Courts Apt. 425
East Howard, AK 88584",VERIFIED,11
6966,Melvin Mcknight,1975-03-10,"139 Harvey Tunnel Suite 239
Lake Pamela, DE 10013",PENDING,99
6967,Joanne Johnson,1980-01-19,"712 Kelly Mountains Suite 316
Lake Samantha, RI 46529",VERIFIED,46
6968,Katie Cross,1999-07-15,"3176 Hardy Groves
Whiteside, AL 53188",PENDING,76
6969,Theresa Martin,1953-11-24,"879 Sarah Track
Jeremyborough, VT 27632",PENDING,85
6970,Sarah Ramsey,1996-01-21,"7961 Robles Trace Apt. 493
Tonyport, VT 09588",VERIFIED,89
6971,Eric Martinez,1976-04-13,"68453 Kristin View Suite 908
North Jenniferfort, NC 77043",VERIFIED,53
6972,Maria Becker,1963-04-12,"68660 Gilbert Drive Apt. 829
North Travis, KY 14680",VERIFIED,70
6973,Kevin Herman,1994-11-30,"PSC 3243, Box 0670
APO AA 53323",VERIFIED,74
6974,Latasha Ritter,1973-04-07,"7351 Smith View Apt. 055
Bondfurt, VA 17511",PENDING,68
6975,Robert Holmes,1996-04-27,"Unit 3065 Box 6580
DPO AP 68991",PENDING,86
6976,Michael Nunez,1995-06-25,"723 Daniel Extensions
North Kimberly, DE 14729",PENDING,43
6977,Justin Espinoza,1980-09-17,"9251 Gary Drives
Douglasside, ME 83206",VERIFIED,88
6978,Peter Patel,1952-07-31,"16183 Jeremiah Square
Hallstad, MO 73772",VERIFIED,12
6979,Thomas Mitchell,1992-05-26,"9686 Blanchard Station Suite 099
North Melinda, WA 50016",PENDING,65
6980,Antonio Hart,1992-11-12,"8426 Johnson Burg
Lawrenceborough, WI 90914",VERIFIED,78
6981,Nancy Woods,1962-11-11,"96011 Gloria Drive
New Morgan, AR 92324",VERIFIED,61
6982,John Ellison,1973-09-02,"54047 Clark Spring Apt. 855
West Alison, TX 67169",VERIFIED,93
6983,Mr. Luke Gaines,1960-04-17,"Unit 4887 Box 8667
DPO AP 89649",VERIFIED,38
6984,Norman Holloway,2006-12-03,"1256 Brooks Junction Suite 494
Jamesville, OK 62315",VERIFIED,3
6985,Gary Estrada,1971-04-19,"3509 Anderson Lodge Apt. 729
West Paul, MO 16677",PENDING,100
6986,Thomas Hayes,1983-08-30,"868 Spencer Ville
South Matthew, FL 66475",VERIFIED,48
6987,Dennis Wright,2006-11-16,"7302 Angelica Point Suite 398
New Rachel, WA 59553",VERIFIED,4
6988,James Marshall,1974-07-21,"PSC 0461, Box 4847
APO AE 48451",VERIFIED,70
6989,Jacob Gonzalez,1998-08-06,"15060 Samantha Squares Apt. 364
Bishopmouth, LA 84585",VERIFIED,94
6990,Christopher Williams,2002-12-21,"8808 Yvonne Fords
West Amytown, MN 09984",VERIFIED,40
6991,Robert Gordon,2002-05-11,"8160 William Spring
South Edward, MS 65273",VERIFIED,95
6992,Stephanie Curry,1982-09-13,"18868 Roger Station Apt. 774
Crawfordton, MA 40458",VERIFIED,79
6993,Joseph Ortiz,2005-06-19,"1855 Amy Field Apt. 095
Hillshire, MI 42121",VERIFIED,46
6994,Mary Palmer,1978-02-10,"465 White Neck Suite 045
Nicoleberg, IL 38978",VERIFIED,88
6995,Matthew Davis,1957-12-20,"9446 Katherine Radial
Ortegahaven, HI 91519",PENDING,9
6996,Derek Rodriguez,2003-10-27,"4327 Matthew Roads Suite 051
Larrymouth, MI 36154",VERIFIED,3
6997,Cheyenne Edwards,1988-04-12,"693 Christine Meadows
North Royberg, OH 94395",VERIFIED,42
6998,Robin Lowery,2006-08-03,"86801 Erika Streets
Barbaraberg, MI 21463",VERIFIED,24
6999,Linda Barnes,1953-08-30,"47112 Dawson Station
Lake Jason, NM 10048",PENDING,27
7000,Aaron Bowman,1953-05-06,"496 Torres Brook Suite 717
East Danielle, DE 06885",PENDING,89
7001,Mrs. Natalie Odonnell,1950-10-11,"871 Mitchell Way
Osbornemouth, KY 99606",PENDING,99
7002,Anna Sandoval,1999-06-09,"011 Patrick Trafficway Suite 487
Brendabury, NY 81453",VERIFIED,96
7003,Paul Taylor,1993-04-23,"3685 Victor Neck
Banksmouth, SC 34346",VERIFIED,65
7004,Zachary Sanchez,1951-06-08,"842 Xavier Mills Apt. 937
New Amber, AZ 01394",PENDING,36
7005,Mark Boyer,1981-11-24,"PSC 3119, Box 7765
APO AP 20791",PENDING,74
7006,Daniel Cross,1999-11-02,"95155 Mark Ford
Odomside, SD 79401",VERIFIED,98
7007,Brett Moore,1952-10-13,"07693 Graham Keys Suite 644
Jerryside, VT 70213",VERIFIED,56
7008,Richard Bailey,1981-08-18,"3596 Luis Valley Suite 294
New Mariatown, ID 47247",PENDING,37
7009,Kathy Arnold MD,1994-12-27,"5187 Hanna Glen Apt. 122
Thomasmouth, NY 69901",PENDING,43
7010,Wayne Black,1963-09-13,"1902 Colin Trail
Floresview, DE 52693",PENDING,77
7011,Wanda Terry,1976-09-26,"43643 Mary Radial Apt. 890
Angelaville, AK 48593",VERIFIED,69
7012,Tina Fox,1951-11-02,"USNV Lowe
FPO AE 74772",VERIFIED,30
7013,Sarah Booker,1978-11-10,"3394 Ashley Course
Brianhaven, TN 32517",VERIFIED,83
7014,Richard Wall,1988-08-29,"661 Alexis Locks Apt. 327
Birdstad, MT 82659",PENDING,9
7015,Tami Joyce,1975-04-27,"USNV Mccarthy
FPO AE 11479",PENDING,83
7016,Laura Parsons,1969-12-04,"2894 Roberts Courts Suite 834
Charlesberg, VA 90612",VERIFIED,31
7017,Marissa Harper,1981-02-10,"102 Williams Turnpike
North Shane, MN 03384",VERIFIED,34
7018,Charlotte Wade,1952-12-20,"PSC 0445, Box 6373
APO AE 82855",VERIFIED,65
7019,Sherry Jones,1965-03-17,"944 Tran Course
Jeffreyview, LA 64225",PENDING,12
7020,Alejandra Long,1979-06-23,"55213 Judy Radial
Whitechester, IN 80803",VERIFIED,4
7021,Christopher Clark,1953-09-15,"89347 Michael Lake Suite 027
Ramosberg, KY 29306",VERIFIED,81
7022,Dawn Hughes,1952-08-12,"757 Joseph Islands Suite 986
Matthewborough, CA 42788",VERIFIED,51
7023,Brandon Lee,1957-06-18,"843 Tucker Mills Apt. 279
East Kimberly, AZ 94762",PENDING,42
7024,Patrick Hernandez,1976-06-14,"00895 Angela Island Apt. 763
East Bobby, NE 26181",PENDING,19
7025,Amanda Wells,1999-12-04,"21519 Christopher Summit
New Samuelmouth, PW 69093",VERIFIED,4
7026,Tina Reynolds,1953-05-28,"8571 Wendy Vista Suite 914
Lewismouth, MN 01316",VERIFIED,90
7027,Mark James,1974-07-01,"74874 Griffin Street Apt. 287
North Kevinland, VI 40501",VERIFIED,17
7028,Robert Lester,1974-12-14,"33210 Jennifer Summit Apt. 345
Port Allenberg, KS 75243",VERIFIED,46
7029,Latoya Duke,2001-10-21,"56722 Sheila Keys
New Andrewview, GU 99522",PENDING,76
7030,Linda Zimmerman MD,1977-10-14,"76860 Cruz Dale Apt. 151
North Tylerfort, SD 01294",VERIFIED,30
7031,Alan Anderson,1993-10-13,"8321 Myers Streets Apt. 429
West Michael, OR 34784",PENDING,76
7032,Emily Turner,2006-06-17,"731 Debra Mountains
Smithtown, MP 64260",VERIFIED,59
7033,Morgan Freeman,1996-04-22,"465 Campbell Corners
Melissahaven, VI 74247",VERIFIED,94
7034,Charles Richardson,1960-12-13,"91652 John Mall
North Maryborough, IL 56901",VERIFIED,9
7035,Karina Hill,1977-04-27,"33236 Scott Lodge Suite 228
New Josephfort, NE 80048",VERIFIED,49
7036,Teresa Roberts,1985-08-07,"USCGC Gutierrez
FPO AA 35624",VERIFIED,26
7037,Anthony Bell,1967-05-10,"085 Porter Course
Lake Johnny, DE 73329",PENDING,42
7038,Scott Mora Jr.,1988-05-18,"Unit 1276 Box 9512
DPO AA 87452",PENDING,61
7039,Tasha Clark,1980-05-01,"58311 Quinn Village Suite 950
Lydiaside, VA 32036",PENDING,52
7040,John Cole,2007-01-05,"147 Norris Ferry Apt. 279
New Tammy, LA 40807",PENDING,63
7041,Joseph Butler,1969-09-27,"606 Sanchez Harbors
West Debra, DE 76711",VERIFIED,60
7042,Amanda Walker,1954-01-19,"037 Rogers Harbor Apt. 465
Kristinburgh, OK 93330",PENDING,56
7043,Paige Vasquez,1971-04-09,"03273 Briana Drive Apt. 524
South Stephenhaven, VI 06513",PENDING,48
7044,Rebecca White,1992-03-01,"38874 Martin Motorway
Langfort, OK 83418",PENDING,88
7045,Michelle Decker,1995-09-27,"7358 Paul Manors Apt. 156
Andrewburgh, AL 74332",VERIFIED,78
7046,Brandon Acosta,1981-05-28,"05687 Whitaker Inlet
Garciabury, MA 73421",VERIFIED,14
7047,Mrs. Melissa Hart DDS,2000-06-12,"6777 James Radial
North Brianbury, NE 41437",PENDING,27
7048,Ryan Byrd,1988-06-04,"48465 Hunt Mount Apt. 533
Brianside, PA 65433",VERIFIED,75
7049,Sonya Nguyen,1952-05-02,"2592 Lane Fords Suite 642
Saundersbury, GA 50591",VERIFIED,58
7050,Blake Reed,1965-09-19,"6140 Victoria Club
Howellland, CA 94681",PENDING,19
7051,Robert Roberson,1974-02-23,"0585 Pena Groves
South Theresa, NC 90950",VERIFIED,89
7052,Deborah Wood,1987-06-30,"454 Lisa Mount
South Jakeport, NE 47453",PENDING,69
7053,Jill Guzman,1984-02-02,"65354 Hughes Skyway
Port Susan, HI 32840",PENDING,16
7054,Kaitlyn Brandt,2007-05-16,"4421 Alan Passage
Elizabethport, MT 39237",VERIFIED,39
7055,Diane Gomez,2003-11-27,"PSC 6257, Box 6711
APO AE 70119",VERIFIED,39
7056,Brandon Russo,1976-03-25,"12069 Michael Key Apt. 561
North Paulaville, KS 96296",VERIFIED,48
7057,Norma Burns,1977-11-05,"244 Laura Forks Apt. 600
North Amber, OR 85227",PENDING,54
7058,Cynthia Green,1996-06-24,"8026 Jasmine Course
Toddbury, NH 41844",PENDING,6
7059,Brittney Wade MD,1993-01-22,"USS Monroe
FPO AP 38482",PENDING,39
7060,David Norton,2004-10-03,"5463 John Heights Apt. 620
Matthewborough, NM 11418",VERIFIED,3
7061,Katie Jones,2004-02-08,"023 Wood Mission Suite 801
Lake Timothy, NV 43443",VERIFIED,23
7062,April Black,1963-10-04,"2907 Christopher Flat
Juliebury, KS 19705",VERIFIED,4
7063,Gerald White,2002-10-15,"USNV Li
FPO AA 74448",VERIFIED,29
7064,Austin Peterson,1961-11-28,"85891 Gonzalez Key Suite 494
Cynthiaton, PA 84272",PENDING,25
7065,Danielle Logan,1982-05-06,"7525 Carmen Neck
Lopezberg, ME 41873",VERIFIED,45
7066,Erica Harris,1964-01-19,"20431 Robles Roads
Sophiaport, AR 88298",VERIFIED,70
7067,Donna Carey,2003-09-17,"PSC 6673, Box 4003
APO AA 41639",PENDING,28
7068,Kathryn Rodriguez,1963-04-10,"5053 Gabriella Mountain
New Thomasport, WV 87201",VERIFIED,56
7069,Sherry Thompson,1956-10-28,"370 Haley Point Apt. 532
Michaelmouth, OR 58209",VERIFIED,40
7070,Kevin Robbins,1998-05-22,"USCGC Colon
FPO AP 18648",VERIFIED,81
7071,Darlene Bates,1988-08-03,"15273 Phillips Ridges
Hannahburgh, ND 19943",PENDING,88
7072,Lisa Finley,1967-06-28,"53935 Christine Locks Suite 264
Washingtonland, UT 14544",VERIFIED,43
7073,Melanie Rogers,1958-07-17,"PSC 5807, Box 3465
APO AE 12244",PENDING,98
7074,Lauren Wade,1960-09-22,"937 Kane Fords
New Nicholasburgh, MS 23948",PENDING,28
7075,Aimee Mclaughlin,1977-08-08,"63371 Lopez Mall
New Chelseaberg, MA 41507",VERIFIED,37
7076,Heather Parker,1984-08-05,"1812 Cunningham Islands Suite 289
Jensenside, MO 21697",PENDING,77
7077,Angela Schroeder,2000-02-25,"76235 Diana Roads Apt. 261
Benjaminhaven, WV 69736",VERIFIED,38
7078,Morgan Henderson DDS,1970-02-14,"737 Shawn Motorway Suite 136
South Dawn, AK 97825",PENDING,35
7079,Allison Steele,1991-11-12,"9483 Kimberly Isle Apt. 477
Jeremyfort, MH 26974",PENDING,68
7080,Ernest Wilcox MD,1976-03-03,"7637 Michael Common Suite 385
Jackshire, TX 14944",PENDING,67
7081,Timothy Smith,1963-05-22,"2855 Ariel Shores Suite 218
North Brittany, MN 64929",PENDING,64
7082,Kathy Spencer,1967-07-28,"523 Garcia Crossing Apt. 933
Shanebury, NY 24535",PENDING,87
7083,Charles Boyd,1985-10-25,"3256 Jackson Trafficway Suite 196
Lake Amy, ME 66862",PENDING,2
7084,Ryan Reyes,1978-05-07,"78029 Parsons Shoal
North Scott, SD 41186",VERIFIED,99
7085,Roger Ramos,1964-12-29,"378 Teresa Lodge
South Melissa, RI 74310",PENDING,83
7086,Mr. Thomas Jones PhD,1977-10-22,"94742 Kevin Plaza
Markfort, ME 09392",VERIFIED,73
7087,Michael Martin,1955-02-19,"68095 Paul Lock Suite 756
Briantown, NC 06386",VERIFIED,44
7088,David Montgomery,1995-04-02,"PSC 2937, Box 2369
APO AA 75399",VERIFIED,81
7089,Elizabeth Howell,1981-10-09,"4173 Wilson Unions Apt. 487
South Howard, MA 04226",VERIFIED,64
7090,Amy Klein,2004-10-02,"PSC 7313, Box 3084
APO AP 03538",PENDING,56
7091,Christopher Gray,1974-12-29,"925 Stephanie Crossing Apt. 793
South Amberhaven, RI 74631",VERIFIED,39
7092,Nicholas Anderson,1970-05-13,"23085 Henry Hollow Suite 231
Amychester, ND 10759",PENDING,33
7093,Rebecca Bush,1984-12-24,"50750 Juan Loaf Apt. 634
Annetteside, LA 30773",VERIFIED,65
7094,Isaiah Rose,1989-06-24,"31093 James Alley
Port Michael, GA 76549",PENDING,15
7095,Anne Little,1952-07-16,"4827 Soto Highway Apt. 515
Walkerberg, CT 02892",VERIFIED,78
7096,Ryan Chung,2003-05-20,"8809 Tyler Islands
Jeanberg, CA 21235",PENDING,85
7097,Roy Stewart,1977-01-16,"6532 Collins Underpass Apt. 649
East Meganchester, NM 08673",PENDING,100
7098,Matthew Douglas,1974-10-24,"96115 Emily Ville
Kevinfurt, CT 33367",PENDING,15
7099,Gary Fowler,1950-12-03,"USS Walton
FPO AE 41199",VERIFIED,5
7100,Jennifer Hudson,1998-07-08,"574 Robinson Villages Suite 310
West Amymouth, TN 60756",VERIFIED,19
7101,Kimberly Mcdonald,1983-04-04,"37332 David Grove
South Melindafort, NV 07081",PENDING,81
7102,Ian Nelson,1967-02-14,"115 Maria Track Suite 391
West Kara, LA 44421",VERIFIED,96
7103,Jeffrey Arnold,1974-09-11,"9927 Jones Harbors
Bryanfort, MD 80211",VERIFIED,10
7104,Dennis Rodriguez,1967-05-30,"PSC 2521, Box 6221
APO AA 06175",VERIFIED,87
7105,Russell Larson,2004-03-05,"82471 Callahan Lock
Reginamouth, NV 50969",VERIFIED,93
7106,Dawn Kirby,2002-12-02,"4215 Taylor Loop Apt. 621
Port Brian, TN 88859",PENDING,21
7107,Tricia Powers,1954-02-12,"673 Castro Via Apt. 988
Christopherton, IL 65586",VERIFIED,9
7108,Adrian Armstrong,1976-10-29,"4628 Seth Light Apt. 738
Aprilfurt, MT 31173",PENDING,24
7109,Judy Hobbs,1988-03-20,"62520 Soto Forks Suite 441
Catherineborough, NE 64796",PENDING,14
7110,Robert Weiss,1975-03-24,"09248 Crystal Estates Apt. 863
South Adrian, CA 65649",VERIFIED,92
7111,Kyle Garcia,1954-03-27,"186 Tyrone Ridges Suite 073
West Stevenside, SC 72443",VERIFIED,38
7112,Susan Leach,1990-02-26,"99872 Hunter Valleys Apt. 913
New Sarahland, IL 77890",VERIFIED,83
7113,Ashley White,1972-05-23,"72462 Randy Orchard
Aprilburgh, DC 37877",VERIFIED,1
7114,Janet Nguyen,1977-04-18,"PSC 0488, Box 6008
APO AP 12850",VERIFIED,78
7115,Deanna Salazar,1956-11-23,"99675 Diana Landing
Port Ambershire, VA 82241",PENDING,21
7116,Tara Norris,1982-08-31,"96171 Tracy Burg Apt. 613
North Kennethville, AL 08833",PENDING,98
7117,Samantha White,1995-04-13,"44450 Manuel Stream Suite 515
South Gregory, FL 13060",PENDING,13
7118,Paul Blair,1973-08-14,"7404 William Estate Apt. 282
Ashleystad, ID 43913",PENDING,13
7119,Monica Gonzalez,1990-08-19,"35808 Regina Cove Apt. 298
Downsberg, MS 02055",VERIFIED,30
7120,Melissa Smith,1954-01-10,"4713 Pope Island
Kington, VT 63117",VERIFIED,77
7121,Benjamin Smith,2007-04-18,"73576 John Light Apt. 668
Jeanettemouth, PR 85731",PENDING,24
7122,Robert Stein,1967-06-29,"PSC 9115, Box 9184
APO AE 89003",PENDING,73
7123,Jesse Wright,1964-03-19,"74799 Alexander Ferry
New Chad, WV 11589",VERIFIED,13
7124,Melissa Garza,1986-06-17,"438 Anthony Canyon
Emilyhaven, IA 63493",PENDING,77
7125,Jessica Watson,1957-12-02,"6760 Randall Fall
Hughesfurt, UT 47916",PENDING,38
7126,Heather Moran,2008-03-20,"230 Carlos Station
East Amytown, TX 79321",PENDING,95
7127,James Sparks,1979-09-29,"506 Steve Court
West Donnamouth, AK 63129",PENDING,17
7128,Ryan Berger,1967-02-01,"USNS Miller
FPO AP 79186",PENDING,91
7129,Brandon Stewart,1954-09-30,"202 Crystal Manors
Costahaven, NM 71676",VERIFIED,55
7130,Jorge Lopez,1956-09-09,"10992 Bonnie Burgs Apt. 837
West Jerry, WA 69951",VERIFIED,81
7131,Patricia Hayes,1955-06-13,"7283 Megan Highway Apt. 017
Kyleburgh, TN 31967",VERIFIED,4
7132,Maureen Thornton,1987-08-02,"684 Little Inlet Apt. 191
Michaeltown, TX 63312",PENDING,62
7133,Richard Flores,1984-12-01,"Unit 0153 Box 7984
DPO AP 58224",VERIFIED,100
7134,Caroline Mitchell,1989-01-22,"873 Samuel Isle
Port Rodneystad, NC 20400",VERIFIED,2
7135,Joseph Baker,1991-09-27,"52825 Natalie Springs Suite 596
East Bradley, SD 21547",VERIFIED,65
7136,Brenda Chan,1985-11-27,"9751 Harris Prairie Suite 651
New Douglas, PW 71903",PENDING,70
7137,Dawn Burgess,1998-08-13,"USNS Kramer
FPO AP 59296",PENDING,61
7138,Sara Mahoney,1968-10-27,"44162 Erin Plains
Paulton, VA 63424",PENDING,6
7139,Brandon Bond,1956-07-17,"PSC 4183, Box 8339
APO AA 30066",PENDING,75
7140,Louis Grimes,1976-07-24,"29784 Aguilar Locks Suite 248
Davidville, WV 69180",PENDING,46
7141,Dana Jackson,1973-05-05,"93772 Marcus Greens
East Karenshire, WY 75138",PENDING,57
7142,Beth Colon,1973-09-10,"1465 Vaughn Tunnel Suite 971
Howardborough, MD 29534",PENDING,80
7143,Linda Wilson,1958-06-26,"549 Natalie Harbors Apt. 934
West James, ME 58723",PENDING,56
7144,Regina Brown,1967-01-07,"1076 Thomas Plaza Apt. 081
Tinaview, CT 39658",PENDING,87
7145,Yolanda Marshall,1973-10-16,"19560 Ramos Coves Suite 340
New Denisefurt, AK 90618",VERIFIED,85
7146,Mr. Jeffrey Shea,1997-02-18,"33388 Adam Island Apt. 069
West Jennifer, LA 02397",VERIFIED,46
7147,Ryan Howe,1989-02-04,"56013 Jill Isle Suite 341
East Michael, LA 75615",VERIFIED,89
7148,Lee Burke,1958-02-10,"Unit 5067 Box 7918
DPO AA 94024",PENDING,68
7149,Robert Wallace,1973-06-10,"5541 Michael Crescent Apt. 483
Albertbury, CA 65638",PENDING,84
7150,Tina Porter,1986-05-15,"6013 Daniel Mews
North Dianeshire, ME 56373",VERIFIED,74
7151,Mr. John Logan,1980-12-25,"PSC 0731, Box 1114
APO AE 61205",VERIFIED,66
7152,Ruben Rodriguez,1991-12-24,"46486 Rodriguez Mount
Erikstad, ID 96436",PENDING,66
7153,James Hoover,1975-07-24,"254 Rose Circle Apt. 458
New Michaelville, FL 78413",PENDING,81
7154,Ronald Johnson,1990-09-17,"PSC 4222, Box 9663
APO AP 41308",VERIFIED,62
7155,Tami Kelly,2007-02-18,"8960 Shawn Extensions
South Clarence, TX 13580",PENDING,53
7156,Cheryl Owens,1974-04-23,"4740 Margaret Lodge
Port Elizabeth, TX 99801",VERIFIED,80
7157,Susan Lambert,1954-01-16,"847 Cindy Flat Suite 844
Amyberg, MT 15405",PENDING,42
7158,Susan Johnson,1971-08-01,"USS Luna
FPO AE 19740",VERIFIED,39
7159,Melanie Gonzales,2006-05-03,"923 Teresa Turnpike
Joneston, AZ 09592",VERIFIED,54
7160,Sonya Torres,2000-09-26,"66810 Patel Way Suite 975
Lucashaven, MO 07274",PENDING,86
7161,Jake Duncan,1981-03-14,"USS Anderson
FPO AA 92387",PENDING,27
7162,Allison Boyd,1972-06-22,"6153 Blair Club
Port Stephanieton, MO 42111",PENDING,85
7163,John Chen,2004-10-17,"37823 Stephanie Vista Apt. 747
Robertbury, MO 63764",PENDING,1
7164,Ashley Meyer,1972-02-13,"089 Melendez Road
Watsonborough, TX 53243",PENDING,37
7165,Katie Montgomery,1972-10-01,"057 Michelle Club Suite 519
Williamstown, AS 38483",PENDING,34
7166,Brian Howell,2006-08-23,"0637 Clark Flats
East Andre, IA 88117",VERIFIED,51
7167,Matthew Hunter,2004-03-13,"0857 Gutierrez Ramp Suite 827
Hammondshire, NV 78104",VERIFIED,97
7168,Steven Bishop,2006-12-13,"8415 Larry Stravenue
West Ricky, WI 64430",PENDING,5
7169,Deanna Rice,1957-10-27,"6232 Rodriguez Village
Cynthiatown, SD 23928",VERIFIED,93
7170,Raymond Medina Jr.,1971-09-06,"15023 Ashley Mission
Tiffanyburgh, OH 79818",PENDING,18
7171,Tyler Coleman,1989-08-28,"33091 Elizabeth Causeway
Jeffreyton, OK 91802",VERIFIED,63
7172,Alan Lopez,1973-08-06,"623 Mcbride Rapid
Nunezmouth, VT 37138",PENDING,57
7173,Brandy Morgan,1985-11-04,"686 Ian Prairie Suite 420
Lake Kelly, NJ 68513",PENDING,90
7174,Bobby Jones,1996-03-27,"PSC 0134, Box 0082
APO AA 53814",VERIFIED,24
7175,Mrs. Kristen Moore,1985-11-06,"Unit 4795 Box 1213
DPO AP 57453",PENDING,21
7176,Jessica Taylor,1963-09-13,"4358 Dean Grove
East Crystalfort, IL 96753",PENDING,48
7177,Jessica Lane,1975-11-12,"1940 Jennifer Fall
Port Steven, SC 10094",VERIFIED,39
7178,Leslie Mendoza,1952-05-17,"USS Griffith
FPO AE 44076",VERIFIED,18
7179,James Davis,1974-07-28,"6753 Young Greens
Port Ann, MN 82185",VERIFIED,12
7180,Thomas West,1999-02-10,"7461 Perkins Grove
New Joshua, IL 94044",VERIFIED,14
7181,Eric Jones,1960-03-25,"Unit 5518 Box 4062
DPO AP 52140",VERIFIED,3
7182,Tiffany Harvey,1998-01-16,"724 Raymond Forest Apt. 604
Johnsontown, NJ 63002",VERIFIED,42
7183,Chase Hoffman,2008-01-05,"283 Mccoy Trafficway
Douglashaven, IL 76891",VERIFIED,88
7184,Nicole Olson,1998-05-05,"82753 Myers Place Apt. 188
Robinsonfurt, AK 46987",PENDING,84
7185,Jay Lee,1976-04-26,"639 Lindsey Meadow
Nelsontown, GU 41175",VERIFIED,31
7186,Peter Copeland,1985-04-06,"59159 Gilbert Brook Apt. 401
North Michaelport, UT 52102",VERIFIED,72
7187,Catherine Romero,1953-04-26,"25699 Saunders Trail Suite 833
East Lisastad, NE 41136",VERIFIED,2
7188,Kayla Butler,1964-02-27,"151 Tanner Oval Suite 701
East Michele, ID 87565",PENDING,1
7189,Jonathan Smith,1999-01-13,"Unit 2404 Box 2158
DPO AE 10403",VERIFIED,21
7190,Brendan Mercer,1988-02-01,"7022 Samuel Green
Andrewborough, ME 85235",PENDING,39
7191,Donald Hernandez,1994-01-04,"4016 Michelle Dam Suite 710
Charlesmouth, ID 36254",PENDING,89
7192,Christopher Moreno,1970-01-12,"038 Taylor Fork
Willismouth, UT 61899",VERIFIED,23
7193,Kevin Hardy,1966-10-19,"208 Daniels Curve
West Kimberly, WA 69622",PENDING,13
7194,Alexis Johnson,2001-01-14,"197 Monica Springs Apt. 674
Jamesmouth, MH 12710",PENDING,2
7195,Blake Lane,1973-06-09,"3975 Williams Club
Conniefurt, AS 65962",PENDING,45
7196,Denise Johnson,1976-10-06,"6668 Taylor Row
Nicholsonton, AL 70205",VERIFIED,18
7197,Lydia Robinson,1967-05-12,"422 Megan Motorway
North Shannon, ND 41907",PENDING,47
7198,Paul Blackwell,1974-01-09,"2917 Hernandez Village Suite 508
Christybury, GU 19335",PENDING,67
7199,Michael Mercer,1998-10-28,"00058 Richardson Lights
North Ashleeport, DC 03395",VERIFIED,13
7200,Elizabeth Stokes,1972-02-23,"USS Stafford
FPO AA 42975",VERIFIED,66
7201,David Kim,1991-11-26,"83264 Williams Crossroad
Kirkview, NV 61326",PENDING,44
7202,Jackson Henderson,1963-10-11,"7505 Robinson Burgs
West Blake, OR 25514",PENDING,76
7203,Daniel Perry,1955-02-18,"8451 Kevin Shoal
North Michelle, GU 56126",PENDING,56
7204,Kathy Lopez,1972-09-29,"742 Smith Row
Adamville, CO 89697",VERIFIED,63
7205,Sarah Rose,1975-03-22,"83934 Kelly Field
Port Waynestad, NV 21883",VERIFIED,29
7206,William Phillips,1959-10-22,"19034 Kelly Bypass Apt. 994
Singletonmouth, NC 69386",VERIFIED,12
7207,Brandon Castillo,1994-08-12,"12444 Cain Trail
Lake Kathleen, IL 39641",VERIFIED,99
7208,Robert Clark,1955-09-08,"851 Jose Tunnel
West Melaniebury, GU 27292",VERIFIED,44
7209,Chelsea Taylor,1969-03-27,"64357 Johnson Centers
East Christopherfort, PR 25608",VERIFIED,98
7210,Luis Robinson,1962-06-20,"USCGC Petersen
FPO AE 52311",VERIFIED,53
7211,Mary Fuentes,1971-07-31,"PSC 5794, Box 8011
APO AP 60551",PENDING,12
7212,Hayley Brooks,1955-12-20,"4030 Love Corner Apt. 445
Parkerton, OR 04487",PENDING,59
7213,Brandon Matthews,2002-01-24,"46129 Buchanan Roads Apt. 679
Daniellestad, DE 82132",PENDING,81
7214,Crystal Phillips,1954-04-11,"4368 Powell Manor Suite 809
Brucestad, MO 07526",PENDING,20
7215,Kevin Payne,1994-08-26,"USCGC Page
FPO AP 46826",PENDING,62
7216,Kathleen Butler,2005-05-01,"79010 Jennifer Glens
Bradyland, DE 30739",VERIFIED,29
7217,Jasmine Barr,2001-05-04,"3044 King Summit Suite 766
East Tiffanystad, OR 84209",VERIFIED,29
7218,Nancy Salinas,1953-06-04,"122 Watson Port Suite 235
Montgomeryton, AL 66881",PENDING,9
7219,Emily Patterson,2000-07-13,"45454 Clayton Loop
West Jennifer, NH 97610",VERIFIED,42
7220,Ronald Shields,1964-02-29,"362 Stephen Roads Suite 756
Griffithfurt, RI 21281",VERIFIED,94
7221,Joseph Sharp,1976-09-02,"04954 Victor Forges Apt. 306
Marthashire, NC 51068",VERIFIED,77
7222,Erica Stone,1978-12-23,"85553 Anderson Estate Apt. 825
West George, NV 47534",VERIFIED,36
7223,Daniel Duncan,1973-09-20,"19234 Michael Island Apt. 938
Sharpberg, CT 96393",VERIFIED,73
7224,Laura Gordon,1960-10-17,"8375 Reginald Shore
Port Elizabethland, RI 84568",PENDING,6
7225,Micheal Mitchell,1978-08-13,"451 Andrew Ridges
North Kyle, FL 34131",PENDING,39
7226,Amanda Bentley,1965-08-09,"615 Nelson Mount
Port James, RI 93794",PENDING,37
7227,Kevin Hunter,1992-09-02,"9574 Hobbs Mission Suite 620
Port Nicolemouth, MS 07904",PENDING,49
7228,Thomas Skinner,1962-01-26,"4882 Jerry Villages
Stephenport, ND 90865",PENDING,30
7229,Alexander Peters,1988-03-27,"82491 Summers Walks Suite 651
Lake Carrie, TX 95010",PENDING,84
7230,Brian Brooks,1992-04-29,"17775 Thomas Roads
Wallsmouth, MT 84937",PENDING,18
7231,Stephen Chapman,1997-12-18,"PSC 2010, Box 3905
APO AA 98290",PENDING,75
7232,Veronica Simmons,2001-12-03,"65006 Debra Turnpike
Bryanshire, AS 10180",VERIFIED,13
7233,Rose Mason,2005-07-15,"8042 Atkins Islands Apt. 971
Brownfort, LA 72625",PENDING,52
7234,Anthony Stephens,2007-07-09,"1304 Justin Meadows
Bruceberg, ID 21827",PENDING,41
7235,Destiny Parker,1982-10-18,"54165 Peterson Village Apt. 579
East Steven, DE 66657",VERIFIED,62
7236,Julie Coffey,1968-02-02,"026 Michael Valleys Suite 220
North Jasmine, NH 93144",PENDING,29
7237,Maria Mueller,1973-01-28,"55851 Austin Curve
Stevensland, PW 54303",PENDING,53
7238,Mrs. Julie Payne DDS,1984-10-30,"940 Manning Bypass Suite 660
North Sheilaland, NC 24841",VERIFIED,50
7239,Deanna Williams,2006-09-12,"05323 Robert Avenue
Gregorystad, RI 82460",PENDING,29
7240,Manuel Reeves,1988-02-05,"11547 Wyatt Islands
Michaelbury, FM 96133",VERIFIED,22
7241,Kathryn Short,2007-07-28,"96490 Roger Tunnel
Allenville, NJ 62736",VERIFIED,18
7242,David Bell,1986-07-04,"15766 Stanley Squares Apt. 609
Diazhaven, FL 21304",VERIFIED,61
7243,Ana Hart,1963-12-09,"388 Joshua Trail
New Jessicaland, ND 04210",PENDING,9
7244,Sean Morrison,1988-09-16,"5538 Long Trace
West Edward, IL 55546",VERIFIED,15
7245,Joshua Lloyd,2004-07-24,"150 Heather Locks Suite 108
Pottsfort, NJ 25202",PENDING,7
7246,Jennifer Mckinney,2001-12-08,"85409 Bennett Lodge Apt. 380
Melissaton, SD 74907",VERIFIED,10
7247,Kayla Sanchez,1954-10-28,"5825 Joseph Square Suite 260
Alvaradoport, VT 73534",PENDING,96
7248,Stephanie Lopez MD,1959-06-24,"3021 Jennifer Camp Apt. 104
Davidton, IA 73731",VERIFIED,40
7249,Jennifer Roberts,1975-01-11,"005 Patricia Cape
Antonioville, NM 17265",PENDING,12
7250,Katherine Nash,1952-06-21,"2430 Roberts Squares Apt. 587
Gabrielfort, PA 71960",PENDING,7
7251,Brian Stokes,1992-10-14,"4711 Julie Extensions Suite 739
North Wendybury, MO 45811",PENDING,6
7252,Carlos Moore,2004-10-05,"386 Riley Ports
Friedmanstad, IN 30006",PENDING,24
7253,Douglas Wallace,1964-02-05,"27816 Christina Port Apt. 531
Lake Reginachester, PW 20770",VERIFIED,59
7254,Paul Mcdonald,1959-03-03,"229 Anderson Mountains
North Justinview, TX 13543",PENDING,76
7255,Edward Barajas,1980-04-03,"29984 Ortega Meadow Apt. 664
Kennethhaven, WA 54673",PENDING,93
7256,Kristy Perkins,1985-04-18,"5461 Maynard Shore
East Tiffany, NH 02835",VERIFIED,22
7257,Sandy Hawkins,1996-04-12,"4483 Kevin Burgs
South Ashleyfort, AL 33628",VERIFIED,63
7258,Jessica Young,1998-12-01,"455 Jones Manor Suite 208
Steelemouth, MI 31926",VERIFIED,87
7259,Christina Cobb,1995-02-20,"20607 Krueger Rue
Holtview, MA 65448",VERIFIED,74
7260,Sue Adams,1957-03-24,"6903 Meadows Terrace Apt. 919
Robertsfurt, WV 64494",PENDING,49
7261,Christine Moore,1955-04-16,"921 Nicholas Ports
Ferrellport, ID 60044",VERIFIED,23
7262,Stephen Black,1983-10-02,"2589 English Vista Suite 937
Mariaburgh, TX 05752",VERIFIED,45
7263,Pamela Anderson,1993-03-13,"237 Johnson Stravenue
North Ian, DC 29696",PENDING,36
7264,Mario Black,1992-02-04,"4549 Barnes Island
Andreaberg, TX 90334",VERIFIED,8
7265,Mrs. Rachel Reed,1950-11-28,"591 Ryan Fields
Hendricksstad, NE 37168",PENDING,54
7266,Sara Lang,1974-07-12,"013 Jessica Course
Brownfurt, TN 70075",PENDING,12
7267,Judy King,1994-12-07,"018 Jeremiah Loop Suite 115
Fishermouth, SC 89979",PENDING,83
7268,Tracy Villa,1962-01-01,"9568 Kim Trafficway Apt. 579
Nicholasshire, WY 09861",PENDING,51
7269,Nancy Reed,1981-12-07,"00923 Julie Rapids
South Patricia, AL 69801",PENDING,75
7270,Kelly Strickland,1999-09-28,"07541 Jefferson Locks Apt. 781
Mariaborough, AK 61417",VERIFIED,73
7271,Leslie Carr,1977-03-05,"819 Jeffrey Junction
East Anthony, MP 39550",PENDING,26
7272,Ronald Bailey,1970-05-18,"PSC 0825, Box 5922
APO AE 34686",VERIFIED,28
7273,Douglas Chavez,1997-05-24,"129 Rivera Fort
Port Kendra, KS 13453",PENDING,32
7274,Leslie Edwards,1953-12-17,"10128 Moody Lodge
Jenniferhaven, MT 81949",VERIFIED,30
7275,Angela Gardner,1953-10-19,"PSC 4377, Box 2286
APO AE 94595",VERIFIED,64
7276,Becky Yoder,1979-04-14,"81478 Cruz Port Suite 704
Jodyborough, NJ 66867",PENDING,95
7277,Christian Bailey,1993-07-29,"108 Porter Junctions Suite 658
Caitlinshire, PR 62392",PENDING,12
7278,Christine Potter,1992-08-26,"00211 Jennifer Squares
Port Lisa, WI 85096",PENDING,27
7279,Andrew Smith,1974-03-08,"Unit 3676 Box 3952
DPO AE 75709",VERIFIED,16
7280,Brian Robertson,2002-07-02,"874 Nancy Plaza Apt. 172
Davisfurt, VA 44945",VERIFIED,74
7281,Maureen Martinez,1975-07-16,"225 Nicholas Ridges
New Barbara, MI 35290",VERIFIED,40
7282,Linda Valenzuela,1988-04-28,"341 Paula Ferry
Chadburgh, CA 39230",VERIFIED,45
7283,Jennifer Galloway,1956-03-12,"929 Lisa Mission
Alvaradoside, NE 93219",PENDING,3
7284,Thomas Hart,1994-09-03,"945 Taylor Manor Apt. 153
Lake Angela, KS 17977",VERIFIED,93
7285,Rebecca Carter,1970-09-25,"176 Travis Islands Apt. 066
Smithberg, LA 82801",PENDING,3
7286,Juan Williams,1998-05-11,"59425 Salas Stream Suite 566
Russellside, NJ 04588",PENDING,3
7287,Michael Cohen,1994-02-07,"461 Matthew Roads Suite 132
Henryburgh, HI 20775",VERIFIED,34
7288,Terry Brady,1974-04-20,"535 Michael Unions
Alanhaven, UT 43314",VERIFIED,53
7289,Mark Morris,1956-03-28,"201 Hughes Canyon
South Oscarfurt, FM 34973",VERIFIED,8
7290,David Hays,2001-05-02,"77712 Eric Vista Suite 713
South Tamarachester, MH 59651",PENDING,18
7291,Shane Hebert,2000-05-20,"95150 Nicole Courts
Brownstad, NV 89659",VERIFIED,50
7292,Shari Singh,2004-05-07,"70177 Moore Stravenue Suite 615
West Desireeburgh, PR 85878",PENDING,75
7293,Shannon Pratt,1988-11-07,"689 Mills Centers Suite 218
Port Samuel, MS 04905",PENDING,7
7294,Frank Stanley,1964-03-23,"2872 Jeffrey Stravenue Suite 975
Haleyfort, NC 02117",PENDING,86
7295,Megan Santiago,1981-05-07,"Unit 6902 Box 2950
DPO AP 00981",PENDING,50
7296,Jacob Richmond,1991-05-15,"66465 Vasquez Court
Gillhaven, CO 64692",VERIFIED,41
7297,Tina Orozco MD,1967-12-01,"5208 Moreno Walk Apt. 634
Cliffordmouth, NV 71517",VERIFIED,72
7298,Cassandra Roberts,2000-12-17,"891 Stewart Garden
New Ryanchester, IA 70048",PENDING,21
7299,Tracy Hess,1997-03-05,"192 Torres Ways Apt. 344
Johnburgh, NY 88994",PENDING,52
7300,Hannah Smith,1983-10-25,"208 Walker Parkway Suite 249
West Gracestad, KS 53980",VERIFIED,66
7301,Cory Herrera DDS,1966-12-16,"22320 Pearson Forest Apt. 683
New Karlview, ID 10509",VERIFIED,100
7302,Ronald Martinez,2001-08-19,"022 William Camp Suite 488
East Shawn, WV 48381",VERIFIED,75
7303,Suzanne Rodriguez,1958-04-26,"2708 May Club Suite 133
Dianaland, OR 60770",VERIFIED,24
7304,Robert Munoz,1952-08-02,"8086 John Track
Parksshire, KS 27742",PENDING,54
7305,Roger Stewart,2001-01-26,"730 Prince Plain Suite 597
East Susan, MP 60014",PENDING,69
7306,James Henson,1986-09-11,"1603 Jillian Coves
Brianbury, AZ 42080",VERIFIED,57
7307,Kristi Smith,2005-08-16,"493 Thomas Stream Suite 795
Tiffanybury, NC 25218",PENDING,99
7308,Kathleen Lee,1973-10-21,"14498 Carroll Plains
Juliaside, NV 73891",PENDING,38
7309,Sharon Bolton,1994-12-14,"7860 Susan Island
South Laura, FL 75611",PENDING,1
7310,Anthony Thomas,1967-10-02,"25848 Flores Points Apt. 595
Dyertown, TX 43716",VERIFIED,41
7311,Jaime Martin,1956-03-17,"161 Angela Lock Apt. 932
West Mariefurt, MT 73238",VERIFIED,10
7312,Debra Davidson,1992-08-07,"09898 Ashley Coves
Paulland, CA 64067",VERIFIED,97
7313,Jennifer Ramos,1974-09-03,"962 Debra Key Apt. 430
North Aaron, LA 28067",VERIFIED,70
7314,Charles Hernandez,1993-06-08,"2278 Cunningham Camp Apt. 178
Mirandafort, DE 03158",PENDING,33
7315,Charles Holland,1970-02-09,"8537 Barbara Extension
Dennismouth, NH 58680",VERIFIED,76
7316,Douglas Schultz,1955-04-16,"975 Pearson Union Apt. 589
North Jacobshire, CA 06378",VERIFIED,94
7317,Joanne Lowery,1983-10-07,"5481 Thompson Summit
North Joshua, DC 62954",VERIFIED,24
7318,John Brown,1994-02-27,"0578 Gary Point Apt. 640
Lake Kristine, GA 96365",VERIFIED,54
7319,Frederick Figueroa,1978-05-15,"1561 Lara Forest
Ricestad, KS 19708",VERIFIED,53
7320,Amber Parker,2000-07-21,"34958 Rose Plains Suite 288
East Susan, CT 17200",VERIFIED,31
7321,Faith Campos,2004-10-31,"768 Belinda Pass Apt. 019
Port Kathy, AK 05545",PENDING,94
7322,Kaitlyn Higgins,1970-04-26,"441 Kenneth Creek Apt. 143
East Pamelashire, GU 73566",PENDING,91
7323,Peter Lopez,1957-02-22,"093 Delacruz Crescent Suite 443
West Kimberly, KS 15254",VERIFIED,43
7324,Brittany Ryan,1994-04-25,"04075 Williams Rest
West Jeffery, KY 06469",PENDING,62
7325,William Maxwell,1991-04-17,"PSC 3175, Box 0949
APO AE 05769",PENDING,78
7326,Kristen Mckinney,1958-04-19,"80847 Christopher Valley
Annaside, MI 78598",VERIFIED,20
7327,Dawn Rodriguez,1979-04-10,"14316 Sanchez Square
Destinymouth, NE 75033",PENDING,27
7328,Charles Williams,1962-03-01,"735 Anita Junctions Apt. 689
Smithtown, FM 62049",VERIFIED,19
7329,Charles Rogers,1965-04-08,"598 Elliott Flat Apt. 716
Barryland, WA 10527",VERIFIED,55
7330,Natalie Jones,1968-02-26,"77682 Megan Creek
South Carol, MI 45527",VERIFIED,10
7331,Paula Hunter,2005-01-24,"980 Alexander Fort Suite 991
Edwardsmouth, OK 39100",VERIFIED,28
7332,Jerry Hart,1983-08-24,"5391 Beck Ridge Apt. 253
Lake Doris, CT 41786",PENDING,50
7333,Marc Fitzpatrick,1984-09-16,"Unit 3331 Box 3526
DPO AP 10718",PENDING,62
7334,Joseph Andrews,1965-01-28,"USS Romero
FPO AP 68740",PENDING,74
7335,Amanda Levy,1952-03-12,"82134 Mary Park
New Annetteland, UT 58511",PENDING,69
7336,Paul Williams,1968-12-06,"49088 Lisa Freeway Apt. 185
South Douglas, IN 69352",PENDING,4
7337,Julie Smith,1985-02-14,"278 Black Forge
North Hunterborough, NY 06891",PENDING,88
7338,Tristan Jacobs,1957-06-16,"USS Burke
FPO AE 89495",VERIFIED,12
7339,Holly Campbell,1983-10-06,"8404 King Summit
Port Jason, UT 45901",VERIFIED,27
7340,Michael Munoz,1978-02-27,"USCGC Franklin
FPO AA 35265",PENDING,58
7341,Elizabeth Davenport,1968-03-13,"012 Brewer Loaf Apt. 491
Rachelside, WV 30872",PENDING,47
7342,Elizabeth Collins,1991-02-09,"13012 Tammy Expressway
Lake Brendahaven, CO 67538",PENDING,4
7343,Matthew Vance,2001-09-03,"19919 Hendricks Summit
Timothyberg, IL 04809",PENDING,67
7344,Abigail Gonzalez,1966-07-07,"154 Stephen Rue Suite 032
Christianhaven, VI 10968",PENDING,95
7345,Matthew Smith,1967-07-11,"47602 Scott Burgs Apt. 813
Smithport, MP 16275",VERIFIED,28
7346,Lindsey Bridges,1976-01-10,"8982 Renee Knoll Apt. 827
Morrisontown, ID 35070",VERIFIED,1
7347,James Evans,1959-07-09,"39192 Chelsea Rue
East Katherinefurt, SD 43695",VERIFIED,20
7348,Eric Le,1954-10-14,"PSC 4780, Box 9159
APO AE 93525",VERIFIED,69
7349,Laura Rich,1976-07-03,"871 Vincent Manors
South Donna, WI 07778",VERIFIED,31
7350,David Barker,1983-06-09,"409 Paul Forge
Dominiquehaven, MD 39740",VERIFIED,69
7351,Thomas Christian,1989-06-20,"92221 Jonathan Pine Suite 554
Contrerasfurt, PR 02874",VERIFIED,47
7352,Amanda Mckee,1954-05-21,"352 Clark Rest
New Charles, MI 47135",PENDING,62
7353,Daniel Patterson,1985-11-21,"639 Foley Rapid Apt. 878
East Kristenmouth, MI 02558",VERIFIED,66
7354,Carol Johnston,1987-08-16,"0737 Willis Corner
Lawrencefurt, NY 41907",VERIFIED,73
7355,Adam Willis,2004-09-16,"0618 Velez Mount
East Thomas, GA 24826",VERIFIED,88
7356,Matthew Hall,1998-12-30,"64025 Dana Pine
East Timothy, SC 45456",PENDING,93
7357,Gene Moore,1962-12-08,"USCGC Reyes
FPO AE 54523",PENDING,14
7358,Kathleen Glass,1981-07-14,"6869 Jason Mission
East Jonathanmouth, RI 06165",PENDING,36
7359,Joseph Kennedy,1990-11-01,"0149 Anderson Inlet
Simpsonside, VT 94305",VERIFIED,35
7360,Cassandra Jenkins,1960-08-28,"6746 Jennifer Hills Suite 054
South Jonathan, MP 97394",PENDING,39
7361,Brandon Young,1978-09-06,"8199 Gary Hills Suite 826
Valdezfort, UT 92347",PENDING,23
7362,Tricia Snyder,1994-08-30,"5803 Herrera Center
Hicksport, DE 80162",PENDING,22
7363,Jesse Galvan,1986-02-21,"PSC 9409, Box 3223
APO AP 94128",PENDING,64
7364,Derek Adams,1969-02-11,"046 Thomas Mount Apt. 856
Fritzmouth, MN 95213",PENDING,93
7365,Erin Buchanan,1959-12-02,"953 Dean Mountains Suite 609
Robertsonfurt, DE 83903",VERIFIED,88
7366,Katherine Johnson,1985-06-10,"Unit 9688 Box 3316
DPO AP 44770",VERIFIED,32
7367,Nicole Carter,1967-06-04,"308 Chad Light Suite 869
Susanport, ID 11125",VERIFIED,4
7368,Dillon Hill,1974-09-29,"USS Miller
FPO AP 45161",VERIFIED,68
7369,Lisa Rodriguez,2005-11-29,"0900 Johnson Divide
Woodsshire, MI 30805",PENDING,5
7370,Meagan Owen,1960-07-26,"17576 Carter Tunnel
Dunnside, NH 92669",VERIFIED,62
7371,Mark Brown,1967-06-11,"405 Nelson Fall Suite 336
South Cynthia, TX 64838",PENDING,83
7372,Sandra Smith,1958-06-15,"857 Michael Grove Apt. 469
Bryanville, MH 83143",VERIFIED,18
7373,Brandon Miller,1964-11-01,"1299 Heather Prairie
Lake Carol, FM 48221",PENDING,31
7374,Peter Sanchez,1969-07-27,"102 Nancy Gardens Suite 499
Smithfurt, MO 93774",VERIFIED,70
7375,Linda Rangel,2001-11-20,"8988 Michael Hollow Suite 235
East Annette, SD 02821",PENDING,82
7376,Joseph Washington,1993-02-05,"5627 Joseph Land
Choiland, PR 85475",PENDING,96
7377,Mindy Bright,1963-02-09,"169 Hughes Crossroad
Port Linda, OK 19450",VERIFIED,77
7378,Albert Hicks,1960-01-19,"831 Fischer Prairie Suite 708
West Alicia, RI 36597",VERIFIED,24
7379,Karen Walker,1995-06-08,"232 Robert Terrace Suite 339
South Julia, NH 15364",VERIFIED,73
7380,Mr. Brian Johns PhD,2005-08-12,"07563 Santiago Row
South Lisaland, GA 78731",VERIFIED,85
7381,Karen Horton,1950-08-16,"435 Thomas Parks
West Keith, TX 61031",VERIFIED,2
7382,Dr. Beth Howell DVM,1954-08-01,"872 Philip Lights Apt. 994
Rhondachester, MP 04270",PENDING,52
7383,Christopher Howe,1975-11-19,"040 Emily Crossing
Reginafurt, HI 61268",VERIFIED,82
7384,Jasmin Kelly,1998-03-04,"334 Karen Circle Apt. 509
East Paul, GU 15681",PENDING,40
7385,Melinda Woods,1972-11-16,"4128 Joshua Cliffs Suite 811
Brownmouth, IN 27061",PENDING,56
7386,Kimberly Santiago,2003-06-26,"371 Collins Courts Apt. 389
Lake Carly, ME 40438",PENDING,59
7387,Barbara Pugh,1952-07-11,"3564 Tracy Plains
Williamschester, LA 46406",PENDING,82
7388,Dr. Michael Rose III,2006-04-13,"110 Luis Neck
North Ashleeview, VI 69596",PENDING,34
7389,Andrew Thomas,1957-02-27,"PSC 6389, Box 6566
APO AE 83850",VERIFIED,84
7390,David Schultz,2005-05-02,"93401 Ann Plain Apt. 592
North Heather, AK 11802",VERIFIED,37
7391,Michael Ellis,1960-09-16,"1859 Patton Neck Apt. 987
North David, MD 69042",VERIFIED,73
7392,Crystal Chapman,2005-07-15,"USS Brown
FPO AA 92063",VERIFIED,25
7393,Joshua Banks,1978-04-17,"PSC 9225, Box 0571
APO AA 19098",VERIFIED,77
7394,Jacqueline Stanley,1977-08-28,"86022 Wilson Circle
North Elizabeth, LA 03018",VERIFIED,84
7395,Jonathan Reese,1991-05-07,"680 Rebecca Center
South Patrick, AL 02287",VERIFIED,78
7396,Victor Owens,1994-05-16,"6670 Hubbard Knolls
Kylechester, VT 71782",PENDING,95
7397,Christine Hill,1957-10-21,"90243 Lewis Haven Apt. 504
Jacobsfurt, KY 48924",VERIFIED,83
7398,Brandy Shaw,1996-09-10,"84356 Benjamin Union Apt. 969
Port Rachelshire, CT 99783",PENDING,83
7399,Thomas Collins,1951-09-03,"392 Perez Centers
Lake Aprilmouth, TN 88728",VERIFIED,34
7400,Evelyn Smith,2003-03-11,"35231 Curtis Dam Apt. 727
Monicaview, NV 32697",PENDING,52
7401,Anthony Hunter,1986-06-29,"PSC 1919, Box 2334
APO AP 54050",PENDING,32
7402,Jose Franklin,1972-01-18,"32827 Brown Extension
North Joyceberg, WI 93267",PENDING,53
7403,Kyle Lambert,1977-06-19,"PSC 1931, Box 3449
APO AA 01503",PENDING,87
7404,Catherine Durham,2005-05-22,"100 Kelley Crest
Hayneshaven, AZ 82145",PENDING,33
7405,Alexa Obrien,1995-09-19,"79856 Jordan Trace Apt. 052
Lisafurt, TN 30508",VERIFIED,82
7406,Joann Peck,1969-12-15,"USCGC Doyle
FPO AA 81397",VERIFIED,57
7407,Susan Harris,1987-07-27,"9114 Rachel River Apt. 882
South William, NH 87332",PENDING,68
7408,Renee Olson,1990-09-14,"1883 Jesus Extension
Kirkmouth, OR 41119",PENDING,99
7409,Jeremy Solis,1962-07-04,"PSC 1354, Box 2413
APO AA 25270",PENDING,60
7410,Sarah Sanders,1980-10-20,"4112 Amy Groves Apt. 181
Claytonport, MT 08996",VERIFIED,58
7411,Julie Hoover,1954-11-03,"1873 Jefferson Tunnel
Leemouth, MT 38549",VERIFIED,65
7412,Earl Lopez,1994-02-08,"PSC 0677, Box 5511
APO AE 15386",PENDING,2
7413,Kristin Richmond,1958-12-02,"013 Hill Lake
Derekville, CA 20071",PENDING,11
7414,Dr. Douglas Mooney,2005-02-03,"101 Boyd Prairie Suite 606
South Bradybury, MI 10996",PENDING,61
7415,Dr. Christina Matthews MD,2006-03-02,"394 Bentley Parks
Johnsonfort, VA 05409",VERIFIED,61
7416,Mrs. Judy Martinez,2000-12-10,"7974 Gabriella Tunnel Apt. 349
North Amberport, CA 27045",VERIFIED,29
7417,Stacey Aguirre MD,1958-12-04,"79455 Matthew Locks Suite 801
Cheyenneton, MN 61637",VERIFIED,99
7418,Christopher Henson,1970-12-27,"7911 Johnson Lake
Port Michael, MD 42574",PENDING,33
7419,Joseph Conway,1991-04-01,"83155 Barbara Walks Apt. 489
Rebeccaborough, OH 64099",PENDING,22
7420,Aaron Morris,1971-12-07,"825 Jason Turnpike
New Amanda, ID 42270",VERIFIED,62
7421,Terri Hall,1969-12-15,"96914 Lee Extensions
Scottfurt, ME 26224",PENDING,87
7422,Matthew Waller,1998-08-09,"733 Meredith Ferry
Gabriellaberg, MT 85653",VERIFIED,84
7423,Michelle Bond,1963-12-04,"06389 Ward Crest Suite 758
Ramirezview, OK 04082",PENDING,32
7424,Kristy Rhodes,1982-03-11,"320 English Land Apt. 550
Kathrynbury, AK 94250",VERIFIED,67
7425,Daniel Adkins,1970-07-31,"79338 Tammy Road
Hicksburgh, MI 81571",PENDING,58
7426,Pamela Ellison,1958-09-17,"399 Boyd Streets
Millertown, CA 30625",PENDING,96
7427,Sandra George,1950-06-19,"300 Ellis Inlet
New Juliaside, WY 77364",PENDING,48
7428,Timothy Davis,1995-06-28,"5585 Lynch Village
West Laura, HI 97965",VERIFIED,1
7429,Walter Gonzales,1965-12-17,"68392 Thomas Road
Brookstown, KY 67232",VERIFIED,94
7430,Derrick Fry,1951-04-22,"29615 Hill Springs
Combsberg, IN 38724",VERIFIED,13
7431,Mark Cox,1989-09-17,"9705 Baker Villages
Kimberlyfort, CT 32874",VERIFIED,62
7432,Patricia Lawson,1950-12-27,"99710 Riley Crossing Suite 828
Goodwinchester, SC 61272",VERIFIED,95
7433,Shane Walker,1993-07-15,"42077 Johnny Ferry Suite 728
New Ashleystad, MI 52057",PENDING,34
7434,Pamela Good,1983-09-02,"48871 Amy Road Apt. 260
South Nicholasport, SC 71795",VERIFIED,88
7435,John Burgess,1960-02-29,"Unit 0970 Box 8055
DPO AP 51734",PENDING,15
7436,John Wright,1957-07-20,"0998 Kirsten Camp
Ericastad, NY 02086",VERIFIED,16
7437,Emily Ortiz,1955-03-18,"86774 Collins Isle
West Lisa, WI 50879",PENDING,98
7438,Jeremiah Mueller,1957-05-14,"472 Erin Streets
Lake Cameron, WV 91872",PENDING,68
7439,Michael Thompson,1990-02-09,"0824 Erika View Suite 115
East Timothy, RI 82052",VERIFIED,75
7440,James Dawson,2004-07-31,"3839 Cunningham Shores Suite 876
New Whitneyshire, NM 97459",PENDING,26
7441,Brianna Gamble,1973-11-01,"PSC 9234, Box 0845
APO AP 68062",PENDING,24
7442,Cassandra Callahan,1959-01-21,"Unit 8452 Box 5501
DPO AA 30995",PENDING,4
7443,Courtney Montgomery,1996-03-14,"31691 Barrett Lodge Suite 917
Tuckerview, AZ 75247",VERIFIED,4
7444,Erica Ryan,1995-03-06,"783 Trujillo Stravenue Suite 158
Lake Justin, GU 21523",VERIFIED,57
7445,Diana Carter,1976-05-15,"3831 Walter Stravenue Apt. 201
New Justin, NE 91213",VERIFIED,92
7446,Julie Elliott,1967-06-30,"78931 Wyatt Roads Suite 782
Andrewburgh, PW 09299",PENDING,71
7447,Christine Sutton,1954-05-17,"85451 White Junctions Apt. 374
New Tamara, PW 47403",PENDING,48
7448,Erin Morales DVM,1998-12-29,"39967 Ruiz Green
Karenshire, NV 82606",PENDING,34
7449,Alyssa Paul,1983-05-29,"5313 Danny Spurs Suite 394
Rebeccamouth, RI 61010",VERIFIED,61
7450,Alexis Long,1953-12-22,"74889 Jared Fall Apt. 057
Samuelville, IL 59249",VERIFIED,77
7451,Dawn Davis,2003-06-16,"7797 Regina Garden
Lake Paulamouth, TX 73549",VERIFIED,12
7452,Mariah Wall,1967-12-05,"983 Giles Square Suite 310
Lake Stacey, GA 96531",PENDING,100
7453,Brittany Bates,1972-10-05,"590 Steven Field
North Joelbury, TN 35540",PENDING,80
7454,Rachel Kelly,1951-05-02,"654 Dominique Wall Suite 514
Lawrenceborough, PW 45830",PENDING,47
7455,Cynthia Avila,1969-06-17,"966 Teresa Shores Apt. 165
North Donaldburgh, PR 70894",VERIFIED,15
7456,Tammy Garcia,1962-10-16,"05550 Hernandez Flat
Brianview, PR 09500",VERIFIED,12
7457,Lisa Sanchez,1968-03-03,"43676 Robert Via
West Nicolestad, LA 09886",VERIFIED,6
7458,Suzanne Jones,1967-06-11,"91226 Jenkins Isle Apt. 596
Lake Monique, UT 08456",VERIFIED,19
7459,Ronald Herrera,1996-11-08,"579 Calderon Radial Apt. 128
New Zoe, AZ 28444",VERIFIED,93
7460,Stephanie Hall,1964-12-30,"484 Mark Brook
South Eric, PR 69227",PENDING,2
7461,Erin French,2000-10-03,"Unit 1723 Box 3951
DPO AE 79182",PENDING,70
7462,Andrew Gomez,1951-10-20,"4994 Pratt Landing
North Vanessa, MS 67127",PENDING,94
7463,Heather Smith,2000-02-23,"85653 Christopher Parkways
Lunamouth, SC 87628",VERIFIED,20
7464,Mark Douglas,1963-06-20,"USNS Bass
FPO AE 03130",PENDING,16
7465,Victoria Lopez,1983-04-23,"21100 John Villages Suite 424
Ginaport, HI 74889",PENDING,100
7466,Michael Gonzalez,1984-08-22,"77496 Heather Fields Suite 287
North Patrickbury, OR 48614",VERIFIED,52
7467,Jacob Clark,1956-01-13,"374 Nicole Grove
East Michele, MT 12257",VERIFIED,93
7468,Kevin Green,1985-06-29,"USNV Johnston
FPO AP 37296",PENDING,75
7469,Richard Marquez,1967-09-11,"83973 Harding Passage
Rodrigueztown, PA 71367",PENDING,9
7470,Joshua Collins,1977-07-25,"56709 Shepherd Street
New Kristenmouth, NJ 68979",VERIFIED,1
7471,Joyce Day,1985-10-06,"3653 Baker Flat
East Brianna, KS 51758",VERIFIED,32
7472,Angela Cunningham,1978-09-11,"89401 Hughes Inlet
Blankenshiphaven, PA 56980",PENDING,48
7473,Tara Mayer,1961-12-17,"771 Werner Ford Suite 828
West Alisha, MP 90687",PENDING,56
7474,Matthew Harrison,2002-04-25,"8922 Carrie Glen Apt. 317
Sanderschester, KS 33050",VERIFIED,47
7475,Jason Perkins,1965-10-06,"242 John Skyway Suite 185
Westside, TX 78927",PENDING,15
7476,Lindsey Chen,1952-03-30,"83058 Shaffer Square
New Kevinport, AK 43843",PENDING,88
7477,Scott Glover,2007-03-16,"84489 Lopez Center
Porterbury, FM 23381",VERIFIED,31
7478,Rhonda Hayes,1959-12-01,"9807 Payne Stravenue Apt. 647
Tamarastad, AL 20008",VERIFIED,41
7479,Kelsey Andrade,1989-07-24,"81431 Washington Hill Suite 555
West Crystalton, FL 88770",PENDING,13
7480,Wesley Ray,2002-08-28,"950 Heather Drive
North Rhondahaven, SD 01812",VERIFIED,68
7481,Victor Walker,1987-10-28,"544 Lewis Harbors
Joshuamouth, NC 25522",VERIFIED,66
7482,James Rodriguez,1986-02-25,"483 Raymond Path
New Laura, AL 44863",VERIFIED,52
7483,Paul Powell,1968-08-08,"9830 Sean Forge Suite 625
Francostad, AR 98484",PENDING,80
7484,Mark Woods,1989-06-03,"0369 Taylor Field Suite 096
Stevenmouth, ND 39382",VERIFIED,29
7485,Mary David,2001-02-25,"269 Smith Plains Suite 047
North Lindachester, TX 68009",PENDING,73
7486,Cynthia Jones,1972-04-27,"3830 Kimberly Street
Haysview, IL 52732",VERIFIED,15
7487,Nicole Harris,1979-10-17,"8489 Carey Field Suite 503
Jameschester, WI 40031",PENDING,18
7488,Mr. James Webb,1969-09-25,"6312 Young Fields Suite 131
Kevintown, WA 82330",VERIFIED,51
7489,Courtney Holt,1953-12-23,"78528 George Prairie Apt. 636
Port Jerrytown, NE 07252",VERIFIED,21
7490,Derrick Gonzales,1974-08-30,"45679 Michael Station
West Derrick, MN 45785",VERIFIED,63
7491,Karen Graham,1982-01-07,"1834 Sharp Neck
East Robert, TN 95449",PENDING,34
7492,Erin Johnson,1999-06-23,"USNS Munoz
FPO AA 57329",VERIFIED,21
7493,Mr. Russell Hoffman MD,1975-08-27,"299 Blackburn Dam
West Ericburgh, GA 42701",PENDING,57
7494,Brett Harris,1997-01-11,"94444 Michelle Stravenue
New Ryanhaven, GU 36759",PENDING,40
7495,Jerome Travis,2001-06-04,"041 Amy Corners Suite 716
Port Aliciaport, IA 04868",VERIFIED,21
7496,Edward Sharp,1961-05-08,"019 Justin Bridge
Thompsonbury, VI 14022",PENDING,31
7497,Vanessa Sexton,1966-11-09,"USCGC Ellis
FPO AP 58997",PENDING,2
7498,William Morris,1973-11-09,"894 Shannon Lane Apt. 964
Pollardchester, SC 01942",PENDING,34
7499,Jennifer Davis,1959-10-05,"25409 Michael Plains Suite 048
Newtonport, IA 48667",VERIFIED,27
7500,Matthew Pena,1988-05-25,"957 Shaw Vista Apt. 416
Williamside, MT 73005",PENDING,70
7501,Jennifer Wright,2008-04-20,"831 Jaime Spur
Jacquelineland, CO 14296",PENDING,93
7502,Andrea Cobb,1956-03-21,"468 Danielle Falls
West Michaelmouth, HI 61392",PENDING,3
7503,Joyce Smith,1990-12-10,"428 Hughes Hill
Colinville, NY 20477",VERIFIED,79
7504,Erica Roberts,1951-03-04,"38666 Margaret Mountain Suite 170
East Matthewbury, AR 70917",PENDING,6
7505,Angel Mullins,1985-09-21,"3893 Michael Locks Suite 866
Sharonside, ME 22107",PENDING,28
7506,Kimberly Rowe,1982-07-01,"5054 Williams Brooks
South Ashleymouth, IN 57664",PENDING,100
7507,Julian Allen,1987-07-26,"14983 Annette Parkways Suite 788
Jeffreyfurt, AL 92892",PENDING,29
7508,Matthew Conrad,1980-01-25,"4850 Hall Station
South Sabrina, IN 72401",PENDING,64
7509,Travis Sampson,1988-04-02,"PSC 7966, Box 4681
APO AA 03989",PENDING,40
7510,Chelsea Hammond,1992-05-03,"8495 Amber Common Suite 339
North Alexisbury, MN 17606",VERIFIED,9
7511,Christina Rodriguez,1979-08-15,"3101 Alyssa Prairie
Port Alejandroberg, IN 94761",VERIFIED,63
7512,Paul Wilkins,1953-06-08,"571 Brian Manors Suite 629
Gentrymouth, AZ 73699",PENDING,90
7513,Michael Wilson,1994-04-15,"44939 Ashley Spring Suite 489
South Carlosland, DE 53344",PENDING,52
7514,Maria Thomas,1977-12-12,"279 Jeffrey Hills Suite 113
Cherylville, MP 69328",VERIFIED,54
7515,Jordan Gonzalez,1958-01-02,"Unit 6434 Box 2233
DPO AP 64768",VERIFIED,16
7516,Thomas Miller,1971-08-27,"9869 Rodriguez Drives
Tylerfurt, GU 75369",VERIFIED,40
7517,Alexander Conway,2006-05-27,"20868 Bryan Stream Suite 840
North Sharonfort, ID 01229",VERIFIED,10
7518,Anna Sanders,1986-07-22,"9910 Mullen Views Suite 677
Martinhaven, RI 96262",PENDING,14
7519,Curtis Washington,1956-06-26,"86976 Bailey Junction Suite 420
Courtneybury, OH 76986",PENDING,11
7520,Amber Herrera,2006-02-24,"7349 Davis Course Apt. 552
Madisonshire, NH 08910",VERIFIED,53
7521,Kenneth Espinoza,1984-01-17,"215 Johns Trafficway
North Williamfort, VI 31530",VERIFIED,3
7522,Mrs. Jennifer Byrd,1988-07-27,"885 Ashley Flat Apt. 554
South Connie, VA 59346",PENDING,13
7523,Devon Cruz,1992-02-10,"USCGC Scott
FPO AA 96023",PENDING,89
7524,Matthew Mendez DVM,1988-11-12,"972 Trujillo Port
Port Mary, MH 07268",PENDING,39
7525,Timothy Clements,1959-03-29,"754 Jonathan Divide Apt. 727
Heatherside, MO 94432",PENDING,4
7526,Andrew Diaz,1971-05-29,"49728 Gregory Street
Lake Anthonymouth, MT 52226",PENDING,67
7527,Brian Hudson,1987-01-10,"97366 Theodore Mountains Suite 100
Shafferberg, TN 36072",VERIFIED,2
7528,Robert Kennedy,1979-11-26,"18074 Alvarez Expressway
Stephenland, PA 07425",PENDING,7
7529,Sandra Lucas,1968-07-04,"USNV Webb
FPO AA 83543",PENDING,93
7530,Heather Henry,1993-05-24,"442 Baker Shoals Apt. 407
Port Danielle, AL 66357",VERIFIED,77
7531,Benjamin Young,1978-08-16,"2185 Griffin Falls Apt. 490
Pamelaborough, WY 03040",PENDING,52
7532,Andrew Allen,1969-02-18,"Unit 5366 Box 1587
DPO AP 64281",PENDING,50
7533,Jessica Lee,2003-03-25,"949 Jeffrey Plains
West Leah, TX 87908",PENDING,21
7534,Lori Clark,2007-04-27,"9866 Williams Alley
Brewerside, WV 31793",VERIFIED,35
7535,Justin Drake,1963-09-10,"701 Kevin Meadows Apt. 904
Jenkinstown, NE 39068",VERIFIED,15
7536,Ms. Sherry Briggs,1974-05-14,"99093 Lauren View Apt. 166
South Kathryn, AL 82610",VERIFIED,76
7537,Alison Davis,2006-04-25,"843 Walker Corner
New Carlton, WA 15176",VERIFIED,97
7538,Corey Simon,2007-08-17,"1047 Sanders Mews
Brittanychester, IL 28193",PENDING,43
7539,Tina Meadows,1967-12-09,"3785 Jeff Trail
Jodiborough, FL 61216",PENDING,48
7540,Lacey Atkinson,1966-09-22,"567 Brown Creek Suite 115
East Robert, MP 78706",PENDING,76
7541,Laurie Wright,1955-12-01,"324 Ronald Motorway
North Michaelhaven, GA 33964",PENDING,30
7542,Gerald Avila,1962-02-25,"09999 Jacobs Branch Apt. 773
Dianamouth, PA 88969",PENDING,98
7543,John Smith,1993-07-12,"818 Bennett Manor
Lake Samantha, NJ 91767",VERIFIED,51
7544,Mackenzie Gonzalez,1970-02-23,"10832 Anderson Flat
Terryton, OK 13880",PENDING,52
7545,Ricardo Delacruz,1968-11-01,"111 Michael Branch
Ramosshire, SC 24880",PENDING,37
7546,Brianna Smith,1988-07-28,"941 Wall Walks Suite 996
Jasonville, IN 90280",VERIFIED,16
7547,Andrew Ray,1955-12-06,"54332 Warner Falls
South Jacquelineport, LA 03707",PENDING,44
7548,Michael Franklin,1965-10-23,"1198 Julia Valley Apt. 259
Stephenside, MO 53011",PENDING,16
7549,Jeanette Mcneil,1982-07-30,"3766 Amanda Mountains Apt. 199
Tuckerton, GA 86767",PENDING,6
7550,Justin Rose,1971-10-14,"541 Chang Island
Robertoton, MI 29985",VERIFIED,33
7551,Amy Medina,1951-08-26,"PSC 8735, Box 6819
APO AP 04550",VERIFIED,62
7552,Andrew Clark,1988-05-26,"419 Ryan Plain
North Karen, PR 14169",PENDING,60
7553,Laura Lloyd,1962-01-08,"0886 Cruz Skyway Apt. 363
South Michaelborough, NM 73815",VERIFIED,2
7554,Barbara Baker,1972-10-26,"862 Brenda Shores
North Reginaborough, CA 03710",PENDING,25
7555,Jason Shannon,1979-04-03,"49356 Kelly Ridges
South Ericaview, MN 58393",PENDING,31
7556,Alicia Bailey,1984-08-07,"42236 Joel Path
West Isabelfort, ND 33004",PENDING,63
7557,Maureen Parks,1963-07-16,"826 Cindy Inlet
New Michael, DC 43807",VERIFIED,88
7558,Crystal Odom,2000-02-14,"PSC 4474, Box 6367
APO AE 04844",PENDING,100
7559,Melissa Duke,1974-10-19,"3793 Little Course Apt. 251
Michelleside, MN 37814",PENDING,59
7560,Anna Sandoval,1975-12-16,"545 Hayden Ports
Coryport, ME 25591",VERIFIED,67
7561,Chad Hall,1998-09-29,"900 Whitaker Canyon Suite 241
Natashachester, ID 59484",VERIFIED,8
7562,Stephanie Williams,1992-03-23,"34939 Anthony Crest
Alyssachester, FL 39118",PENDING,78
7563,Brian Colon,1958-12-28,"7798 Swanson Court Suite 116
Lake Jason, MI 04785",VERIFIED,2
7564,Randy Vincent,1956-08-25,"1322 Jordan Land
Baldwinfurt, MO 67820",PENDING,71
7565,Chelsea Mitchell,1966-04-07,"8518 Connie Island Suite 143
North Karina, NE 03963",PENDING,38
7566,Joshua Clark,1987-07-23,"750 Rivera Tunnel Suite 463
Lake Jamesland, WI 55790",VERIFIED,10
7567,Andrew Adams,1986-05-04,"76466 Williams Hollow
Myerston, MT 71920",PENDING,48
7568,Gina Hoover,1978-09-22,"248 John Radial
Shannonberg, IL 26277",PENDING,27
7569,Ethan Edwards,1988-03-20,"635 Roberts Rapid
East Victoria, DE 53671",VERIFIED,66
7570,Peter Prince,1980-10-13,"86020 Troy Landing
Lake Lindaview, KY 55330",VERIFIED,2
7571,Justin Hanna,1989-05-10,"49122 Alicia Mill Suite 371
Georgefurt, KS 64300",PENDING,98
7572,Lisa Roberts,1953-03-20,"935 Knight Passage Suite 868
East Lori, SC 76577",VERIFIED,79
7573,Kristen Davis,2005-01-01,"454 Bennett Row
North Meghan, CO 99279",VERIFIED,82
7574,Christopher Black,1983-10-10,"095 Hicks Unions Apt. 923
Waynetown, IN 08081",PENDING,35
7575,Joshua Diaz,1964-03-12,"7568 Christopher Burg
Lake Lisaville, HI 65700",PENDING,57
7576,Blake White,2006-09-27,"USNS Mueller
FPO AA 83011",PENDING,51
7577,Ashley Gallagher,1989-05-13,"449 Smith Mission Apt. 024
Pennyfurt, FL 47333",VERIFIED,43
7578,Shane Cruz,1957-09-28,"PSC 9983, Box 2860
APO AA 73205",VERIFIED,42
7579,Crystal Smith,1966-04-14,"283 David Alley
Lake Francis, IN 71497",VERIFIED,1
7580,Olivia Anderson,1951-06-11,"25447 Monica Crossroad
Port Julieburgh, NJ 45721",VERIFIED,46
7581,Leah Young,1964-09-03,"36330 Hull Rue Apt. 025
West Barbarabury, PA 07013",PENDING,21
7582,Danielle Brown,1984-11-09,"957 Diane Courts Apt. 949
Hensonville, VA 22045",PENDING,85
7583,Amy Nelson,1950-07-19,"56651 Castillo Spurs Apt. 466
Thomasland, MA 47051",PENDING,85
7584,Julie Middleton,1950-12-22,"33256 Shields Villages Apt. 829
Robinville, MH 68965",VERIFIED,28
7585,Erica Ewing,1979-08-05,"145 Conway Oval Suite 848
West Loriburgh, IA 96986",PENDING,24
7586,Matthew Beasley,1993-03-07,"70113 Kevin Streets Suite 352
Lisabury, MS 15306",VERIFIED,31
7587,Sharon Murphy,1988-03-16,"64875 Garrison Camp
South Teresa, IL 21606",PENDING,34
7588,Debra Warren,1967-03-13,"Unit 8960 Box 0055
DPO AE 97887",PENDING,33
7589,Amber Adkins,1999-02-08,"871 Erica Meadow Suite 658
Port Shaunland, DC 66323",VERIFIED,79
7590,Henry Rogers,1982-09-10,"83736 Jason Light Suite 686
Lake Richardville, IN 39732",PENDING,43
7591,Leslie Cooper,1983-10-09,"307 Riggs Ports Apt. 005
Reesebury, MT 97648",PENDING,66
7592,Danny Baker,2001-06-12,"5726 Jenny Walks Apt. 029
West Margaret, NM 78685",VERIFIED,63
7593,Belinda Butler,2002-08-12,"495 Travis Freeway Apt. 839
Perkinsfurt, TN 67786",VERIFIED,28
7594,Benjamin Villanueva,1951-07-06,"61284 Collins Terrace
Lake Victoriaberg, OR 80173",VERIFIED,72
7595,Jeffrey Johnson,1977-05-03,"721 Bass Stravenue Apt. 456
Shieldsmouth, WY 22021",PENDING,79
7596,Jonathon Marshall,1971-11-04,"22819 Robert Shoals Apt. 566
Lake Dawn, DC 06962",VERIFIED,11
7597,Emily White,1983-02-15,"555 Fisher Forks
New Dawn, ME 26392",VERIFIED,82
7598,Amanda Watson,1980-03-11,"716 Jackson Union
New Brandon, MA 56691",PENDING,17
7599,Alexis Pierce,2003-10-16,"64563 Bush Courts Apt. 514
Port Thomasburgh, ME 06068",VERIFIED,48
7600,Benjamin Poole,1971-06-30,"63139 Campbell Drive Suite 114
New Jamesstad, IA 19292",PENDING,60
7601,Christine Franklin,2000-07-23,"6101 Larry Ferry
West Stevenport, NC 88747",VERIFIED,73
7602,Benjamin Nguyen,1960-02-09,"87530 Martinez Crescent
Woodbury, IN 08176",VERIFIED,14
7603,Kathy Peters,1980-12-08,"56632 Justin Greens Suite 812
Stacyhaven, HI 49809",PENDING,18
7604,Sarah Washington,1989-11-21,"49774 Patrick Squares Suite 733
Reedland, MH 11451",VERIFIED,71
7605,Jacqueline Richardson,1996-09-18,"187 Kim Pass Apt. 466
Julieberg, IN 55924",PENDING,43
7606,Christopher Parker,1970-07-24,"2020 Bowen Throughway Suite 633
North Dawnbury, ME 28631",PENDING,45
7607,Aaron Thomas,1982-05-12,"6905 Nicholas Valleys
North Laura, VA 58995",VERIFIED,24
7608,Zachary Forbes,1998-11-14,"05363 Martinez Station Suite 617
South Danielmouth, FM 31417",PENDING,71
7609,Kathryn Hernandez,1959-11-14,"43068 Desiree Rapid Suite 278
South Jademouth, ID 29482",VERIFIED,57
7610,Debra James,1959-07-18,"73423 Sylvia Hills Suite 394
Lukemouth, NE 35997",VERIFIED,43
7611,Dustin Alvarez,1991-08-07,"1462 Franco Stravenue Apt. 524
Jadeside, FL 87927",VERIFIED,64
7612,Lisa Scott,1965-12-31,"61501 Sutton Gateway
South Kelseychester, KS 06412",VERIFIED,5
7613,Benjamin Williams,1954-05-20,"3294 Mcgrath Cliffs
Riveraberg, SD 66552",PENDING,42
7614,Anthony Goodwin,1962-08-15,"35883 Jacqueline Lakes Apt. 673
Aguilarport, HI 39884",VERIFIED,29
7615,Debra Navarro,1984-07-05,"01185 Warren Viaduct Apt. 284
East Paul, AS 89490",PENDING,54
7616,Ashley Hill,1994-11-04,"506 Doris Land Apt. 984
Lake Tylerside, MS 48752",PENDING,67
7617,Lance Rodriguez,2006-12-28,"2388 Monroe Meadows Suite 943
New Debra, WA 77670",VERIFIED,22
7618,Mitchell Jimenez DDS,1971-04-07,"5959 Garza Station Apt. 894
North Billy, NM 53335",VERIFIED,9
7619,Taylor Lopez,1983-03-19,"68888 Merritt Shoal Suite 066
Jefferyview, SC 75918",PENDING,86
7620,Patrick Smith,1972-04-09,"15882 Catherine Stream Suite 973
Tiffanyville, NJ 56896",PENDING,30
7621,Tina Blair,1981-10-16,"83622 Cheryl Viaduct Apt. 852
Stacymouth, OR 11169",VERIFIED,7
7622,Daniel Jennings,2005-03-13,"9469 Robertson Rue Apt. 225
Devonfort, PR 14912",VERIFIED,86
7623,Dominique Gonzalez,1974-12-18,"71574 Michael Burg
East Michaelmouth, MA 64915",VERIFIED,29
7624,David Wilson,1964-01-15,"99338 Massey Park Suite 895
Lake Kelly, IN 94258",PENDING,83
7625,Ann Gutierrez,2003-08-16,"7820 Pamela Summit
West Kimberlyberg, VT 74198",VERIFIED,61
7626,Jordan Rodriguez,2000-10-12,"6910 Shelton Passage
Diazstad, NY 33878",VERIFIED,43
7627,Julie Marquez,1965-10-02,"94142 Caitlin Key
Fredland, DE 17013",VERIFIED,99
7628,Patricia Rodriguez,1966-10-16,"11352 Madison Terrace Suite 905
South Michael, MN 03983",VERIFIED,78
7629,Shawn Rubio,1964-01-04,"PSC 7235, Box 4735
APO AE 83691",PENDING,25
7630,Lindsey Garcia,1992-01-31,"68239 Amanda Parkway Apt. 223
South Jasminetown, DC 47212",PENDING,43
7631,Kelly Stout,1977-11-21,"1205 Thompson Junctions
North James, CA 12671",VERIFIED,15
7632,Victor Reid,1981-02-20,"8546 Fox Springs Suite 532
New Vanessa, ME 52190",PENDING,80
7633,Charles Parker,1995-06-07,"92395 Aguirre Cliff Suite 526
Lake Dustinshire, FL 03993",PENDING,26
7634,Tom Reyes,1972-08-12,"27173 Matthew Rest Apt. 725
Riceside, CT 96775",PENDING,95
7635,Tara Wood,1964-03-11,"USNS Gregory
FPO AA 01503",PENDING,82
7636,Eric Choi,1993-10-15,"059 Kelly Harbor Suite 353
Brittneymouth, ND 97869",VERIFIED,99
7637,Tiffany Martin,1975-08-05,"USCGC Boone
FPO AP 50412",VERIFIED,94
7638,Nicole Lin,1973-09-09,"65919 Perez Stravenue Suite 319
East Reneemouth, IN 33658",VERIFIED,12
7639,Nathan Barr,1969-06-07,"68896 Thompson Plain
Lake Susanbury, PR 42213",PENDING,8
7640,Kimberly Phillips,2005-02-06,"6013 Griffith Station Apt. 324
Keithberg, OR 33296",PENDING,8
7641,Mr. Andre Kelley,1971-04-12,"22441 Kimberly Flat Suite 930
North Jason, OH 44619",PENDING,87
7642,Colleen Powers,1988-08-22,"52937 Sarah Creek
Patrickfurt, MS 99402",PENDING,57
7643,Mr. Carl Johnson DVM,1961-01-19,"28520 Miguel Crescent Suite 280
Teresafort, FM 89368",VERIFIED,45
7644,Andrea Dickson,2007-04-13,"2169 Smith Circles Suite 421
Port Nathanstad, AR 62472",VERIFIED,77
7645,Travis Bonilla,1959-01-04,"9576 Rodney Knolls Suite 129
North Noahstad, KS 48058",PENDING,52
7646,Micheal Rogers,1966-12-09,"544 Kelley Crossroad
Sanchezmouth, IA 89101",PENDING,69
7647,Robert Clark,2008-05-11,"391 Chavez Cliff Apt. 957
East John, NJ 06626",PENDING,47
7648,Natalie Sanchez,1995-01-10,"PSC 0087, Box 7492
APO AA 98717",PENDING,21
7649,Kelly Moran,1960-10-13,"18550 Brandi Roads Apt. 532
Michaelbury, KY 61426",PENDING,17
7650,Joshua Fleming,1994-07-11,"01356 Carolyn Plains Suite 595
West Jeremiah, WA 78437",PENDING,60
7651,Tyrone Hughes,1961-10-14,"43626 Simmons Point
Port Carol, KY 15674",VERIFIED,82
7652,Matthew Davis,1955-07-01,"USNV Jones
FPO AP 75803",PENDING,67
7653,Shelby Bernard,1991-08-17,"880 Morgan Points
Lindaview, NH 92213",PENDING,25
7654,Joshua Kaiser III,1983-10-25,"USNV Olson
FPO AA 50373",PENDING,70
7655,Wesley Steele,1972-03-20,"666 Lambert Station
Lopeztown, AZ 88894",VERIFIED,88
7656,Jacob Dixon,1979-03-16,"8758 Robert Flats
New Cynthiaborough, IN 07048",VERIFIED,81
7657,Mark Rice,1994-06-03,"131 Wallace Expressway
South Ashley, NH 03403",PENDING,66
7658,Brian Bray,1959-02-28,"9116 Spencer Estate
Gregorystad, UT 82216",VERIFIED,97
7659,Christina Smith,1950-07-25,"90104 Adkins Spur
South Jeanne, GA 75740",PENDING,32
7660,Dawn Hughes,1953-09-30,"5839 Allen Gateway
Sarahfurt, VA 78667",PENDING,41
7661,Raven Flynn,1969-11-26,"14395 Rachel Rapid
Alexanderview, CT 80720",PENDING,88
7662,Kristen Watson,1977-08-02,"262 Jennifer Roads
Salinasville, GU 33589",PENDING,40
7663,Curtis Gomez,1981-09-02,"5480 Moore Burgs Suite 586
South Cynthia, GA 31293",PENDING,80
7664,Joseph Smith,1965-02-22,"9487 Alvarez Course Apt. 635
West Amanda, IN 16563",VERIFIED,53
7665,John Carter,2005-09-16,"295 Vasquez Square Suite 756
Lake Janefurt, NC 60444",VERIFIED,99
7666,Lori Campbell,2001-08-08,"41275 Mackenzie Plains
Kimberlyborough, DE 87060",VERIFIED,58
7667,Daniel Bradley,1958-08-06,"Unit 5727 Box 3856
DPO AA 09342",PENDING,31
7668,Brian Turner,1999-12-29,"77529 Brown Drives Suite 299
Nicolefurt, CA 58823",PENDING,34
7669,Catherine Oneill DDS,1987-10-28,"387 Crystal Isle
South Lauren, DC 02010",PENDING,12
7670,George Haynes,1994-08-12,"846 Amy Radial Suite 300
East Bethanyport, WY 96387",PENDING,65
7671,Marc Brown,1993-02-24,"2321 Jessica Grove Suite 230
Port Pamelaborough, MO 88682",VERIFIED,16
7672,Hannah Gonzalez,1990-12-29,"13763 Myers Lodge
Powellview, PR 42344",VERIFIED,33
7673,Julie Hammond,1979-07-11,"53811 Vega Tunnel Suite 886
Port Andrew, NY 72924",PENDING,52
7674,Dennis Nelson,1970-05-29,"5028 Rebekah Meadows
Longside, NM 75582",VERIFIED,14
7675,Steven Middleton,1987-02-24,"290 Michael Summit Suite 257
North Janice, IA 57464",VERIFIED,87
7676,Lauren Castillo,1973-09-21,"3479 Kelly Lock
Ortizchester, GU 53095",PENDING,17
7677,Gregory Martinez,1951-04-09,"70914 Maria Throughway
Garciabury, TX 15798",PENDING,2
7678,Dana Wilson,1972-11-20,"81589 Briggs Villages
Gardnerland, FL 21374",VERIFIED,58
7679,Kathleen Freeman,1988-03-01,"293 Samantha Orchard
Amandashire, DE 82783",PENDING,72
7680,Mark Reese,1990-08-03,"184 Jennifer Plain
Port Thomas, FL 23120",PENDING,62
7681,Mark Hughes,1987-02-20,"138 Patterson Springs
Taylorview, MT 27911",VERIFIED,86
7682,Sheri Smith,1973-11-03,"786 Hughes Estates Suite 102
Hillburgh, OH 49568",PENDING,98
7683,Andrea Richard,2003-06-09,"0527 Rivers Cliffs Apt. 991
Frenchmouth, CA 85885",VERIFIED,30
7684,Derek Stevenson,2005-10-30,"73876 Tracey Groves
Carterchester, CO 17617",VERIFIED,12
7685,Virginia Smith,2006-01-21,"84454 Barrera Forge
South Michael, VI 03848",VERIFIED,51
7686,Sharon Brown,1992-08-10,"PSC 7982, Box 5736
APO AE 34522",PENDING,45
7687,Kyle Young,1976-03-04,"1780 Melissa Rapids Suite 251
Port Richard, NJ 60539",PENDING,32
7688,Judy Johnson,1981-01-05,"7445 Sutton Drive
North Carlyfurt, OR 64683",VERIFIED,18
7689,Jacob Webb,1967-10-20,"96195 Robin Ville Apt. 096
Joshuaville, MD 78109",PENDING,32
7690,Taylor Hines,1956-08-15,"5676 Carrie Extension
Carlosfort, OR 61133",PENDING,7
7691,Natasha Smith,2001-10-02,"698 Fernandez Highway
East Derekville, NM 02677",PENDING,63
7692,Steven West,1951-10-03,"90251 Miller Spurs
Nicholasport, VT 50186",VERIFIED,22
7693,Thomas Smith,1999-01-07,"PSC 2666, Box 2935
APO AA 75925",PENDING,36
7694,Laurie Frank,1969-04-09,"1768 Greer Path Suite 439
Brookston, CA 73467",VERIFIED,4
7695,Eric Nunez,1961-08-20,"USNS Alvarez
FPO AP 84710",VERIFIED,70
7696,Cory Parker,1957-08-05,"842 Freeman Cape Suite 098
Port Joyport, VI 01935",VERIFIED,27
7697,Christopher Cross,1994-07-29,"8767 Margaret Place
South Dylan, WA 80067",VERIFIED,63
7698,Victoria Hale,2000-02-25,"736 Natasha Road Apt. 811
Bridgesside, OK 31251",PENDING,83
7699,Timothy Hood,1998-02-27,"7825 Baker Mills
North Paulfurt, WV 74169",VERIFIED,72
7700,Kelli Hernandez,2000-08-01,"58234 Gonzalez Stravenue
North Michellechester, MP 66342",VERIFIED,37
7701,Claudia West,1967-04-30,"5833 Woods Inlet Suite 485
Tapiaport, OK 31905",PENDING,60
7702,Elizabeth Ortiz,1989-02-09,"PSC 1156, Box 9037
APO AP 76787",VERIFIED,12
7703,Andrew Jones,1966-01-29,"39463 Kyle Overpass Suite 502
North Thomasbury, MN 87786",VERIFIED,41
7704,Mark Mccarty,2007-12-08,"128 Barry View
Lake Elizabethfurt, AR 59995",VERIFIED,51
7705,Mario Taylor,1955-02-10,"935 Rangel Junction Apt. 508
West Donnaburgh, OR 35829",VERIFIED,61
7706,Michael Brown,1983-03-13,"Unit 2962 Box 2012
DPO AP 87763",VERIFIED,25
7707,Brian Miller,1975-10-04,"56183 Wilson Grove Suite 406
South Charlesport, DE 87769",PENDING,21
7708,Daniel Hill,1971-04-07,"67325 Mclean Summit
Port Whitney, PA 18741",VERIFIED,92
7709,Amanda Becker,2006-05-01,"6048 Davis Glen Apt. 710
Sanchezmouth, PW 41543",VERIFIED,22
7710,Amber Walker,1958-01-08,"741 Maria Common
Stevechester, TX 84881",VERIFIED,41
7711,Bonnie Morgan,1983-07-17,"98171 Johnson Shores Apt. 755
Lake Julie, UT 38703",PENDING,97
7712,Aaron Gutierrez,1984-01-13,"0804 Shane Union
North Karenshire, CA 15815",VERIFIED,29
7713,Melissa Gutierrez,2005-12-03,"Unit 2526 Box 1602
DPO AE 50514",VERIFIED,38
7714,Megan Torres,1968-04-05,"4976 Justin Islands Suite 732
South Joseph, ID 13981",PENDING,7
7715,Jesse Garner,1987-09-01,"375 Gilmore Hills
Powellview, NV 73477",PENDING,13
7716,Carlos Campbell,1966-08-24,"586 Crystal Station
Nelsonstad, WV 75301",VERIFIED,14
7717,Diane Ballard,1955-12-30,"5993 Frank Oval
Lesliefort, NE 12865",PENDING,4
7718,Alicia Campos,1958-11-11,"17976 Ford Plain
North Frankburgh, NY 57379",VERIFIED,64
7719,Mindy Chan,1987-02-04,"204 Brandon Neck
Andrewchester, VA 61887",PENDING,1
7720,Sherry Summers,1987-12-22,"74540 Jared Circles Suite 346
Lake Brandonberg, GA 36365",PENDING,8
7721,Samantha Buck,1969-03-17,"8944 Eric Rue Apt. 037
Parsonsfort, NM 31754",PENDING,86
7722,Brian Herrera,1950-06-10,"96431 Black Lights Suite 009
South Jeremytown, SC 91533",PENDING,47
7723,Erin Campbell,1988-05-28,"994 English Run
Thomasland, OK 11961",PENDING,60
7724,Jeanette Robinson,2001-01-16,"996 Angela Port
Brittanyhaven, NC 89369",PENDING,1
7725,Laura Carlson,1955-12-02,"596 Moore Crest
East Richardfort, MA 50088",PENDING,63
7726,Danielle Carr,1973-12-22,"3271 Lisa Shores
Thomaston, AL 02938",PENDING,66
7727,Dustin Mendez,1999-07-17,"64062 Jones Islands Suite 573
South Richardmouth, AL 20121",VERIFIED,23
7728,Alison Flores,1995-06-08,"348 Haley Station
Laurenville, AL 87972",PENDING,84
7729,James Briggs,1988-08-21,"USNS Scott
FPO AP 75682",PENDING,22
7730,Heather Taylor,1977-10-09,"883 Woodard Hollow
East Andrew, AS 70444",PENDING,16
7731,Kari Johnson,1984-12-31,"3310 Cameron Heights
Manuelmouth, MP 20148",PENDING,11
7732,Barbara Robbins,1978-08-28,"9138 Paul Court Suite 884
South Vincent, MP 61560",PENDING,75
7733,Shelly Bell,1950-09-05,"81164 Ortega Parks Apt. 897
Port Andrewborough, NM 91893",PENDING,7
7734,Shannon Walker,2004-09-28,"8888 Morgan Roads
Lake Stephen, IL 44133",VERIFIED,4
7735,James Hughes,2002-01-07,"85740 Gonzalez Shoal Suite 984
Heatherhaven, GU 82308",VERIFIED,5
7736,Kara Sanchez,1963-01-29,"271 Cindy Place
Patriciashire, PR 20851",VERIFIED,7
7737,Jackie Vargas MD,1965-10-14,"USCGC Vargas
FPO AE 57144",PENDING,84
7738,Pamela Clark,2001-11-29,"67506 Foster Crescent
Port Kim, RI 52850",PENDING,88
7739,Jane Banks,1970-09-06,"626 Duncan Walk Suite 199
North Tammyland, TN 30043",VERIFIED,77
7740,Meghan Evans,1972-11-26,"583 Roger Lights
Josephside, MT 82350",PENDING,18
7741,Robert Higgins,1976-10-21,"624 Jimenez Manors Suite 376
North Tamara, VA 77958",PENDING,69
7742,Heather Mcgee,1969-01-15,"8946 Antonio Village Suite 346
Kingbury, CA 03407",PENDING,40
7743,Chelsea Carey,2006-10-10,"2726 Hughes Extension Suite 690
Andersonmouth, PR 73989",VERIFIED,54
7744,Kenneth Fischer,1982-02-06,"0273 Daniel Ramp
Alexisbury, ND 18316",PENDING,80
7745,Christina Lyons,2007-05-16,"2257 Gary Islands Apt. 417
Harrishaven, WI 09146",VERIFIED,53
7746,Amy Perkins,1979-05-21,"360 Tamara Spurs Apt. 946
North Christinahaven, MA 13853",PENDING,82
7747,Nicholas Fletcher,1950-05-31,"8401 Dixon Walk Suite 182
Ricardoberg, ID 44427",VERIFIED,59
7748,Lisa Stephens,1960-08-25,"084 Mary Harbors
North Xavierview, PA 14234",VERIFIED,83
7749,Cole Delgado,1952-12-10,"00199 Joel Mission Apt. 874
North Darrylborough, FM 42690",PENDING,36
7750,John Dunn,1956-02-16,"PSC 8861, Box 4331
APO AA 35725",PENDING,79
7751,Nicole Osborne,1980-08-02,"7010 Jones Plain
West Zacharyshire, AS 65852",VERIFIED,48
7752,Laura Boone,1980-12-19,"5208 Sandra Trafficway Apt. 524
North Ronnie, WV 74067",VERIFIED,25
7753,Elijah White,1960-01-21,"96363 Poole Junctions
East Nathanhaven, CT 19120",VERIFIED,59
7754,Nathan Hester,1974-01-16,"4201 Dwayne Cove
Brownberg, PW 12651",VERIFIED,76
7755,Tammy Hansen,1992-11-10,"163 Nicole Centers
Perkinsland, OR 39230",PENDING,17
7756,Nicholas Thompson,1986-03-19,"732 Nancy Street
East Alfredland, VT 92204",VERIFIED,90
7757,Colton Herrera,2000-02-01,"USNS Irwin
FPO AE 61583",VERIFIED,76
7758,Barbara Moore,1991-04-18,"271 Holland Landing Apt. 001
East Natalieborough, WA 46417",PENDING,88
7759,Cheryl Riley,1978-03-24,"345 Castro Creek
Robertview, DC 57972",PENDING,59
7760,Bryan Anderson,1981-06-02,"582 Ball Run Apt. 887
Emilyfort, IL 25333",VERIFIED,39
7761,Madeline Gill,1986-08-20,"PSC 4033, Box 2361
APO AP 65811",PENDING,68
7762,Mrs. Kimberly Waters,1991-11-12,"330 Amanda Plains Apt. 038
Port Mirandaton, PA 02913",VERIFIED,8
7763,Benjamin Long PhD,1985-09-16,"47116 Kim Ville Apt. 547
New Alex, FL 73432",PENDING,39
7764,Ronnie Madden,1992-09-08,"6301 Castro Track
Meyerland, SD 53711",PENDING,5
7765,Sean Moore,1974-11-28,"750 Clark Groves Apt. 839
Dianaburgh, NC 97136",PENDING,95
7766,Michaela Jones,1972-03-08,"73359 Steven Village
Port Brenda, GU 45895",PENDING,96
7767,Eddie Pierce,1955-01-10,"12523 Brian Centers Suite 566
Lake Timothy, VI 09076",VERIFIED,73
7768,Rebekah Simmons,1982-11-14,"USNS Flores
FPO AA 21277",PENDING,59
7769,Jennifer Beck,1967-12-28,"698 Edwards Brooks
Lake Megan, GU 88428",VERIFIED,53
7770,Lori Gonzalez,1975-08-14,"8507 Carrie Neck
Cookton, IL 54274",PENDING,71
7771,Sara Webb,1999-10-09,"82246 Natasha Fork Suite 204
Toddbury, GA 94234",VERIFIED,7
7772,Sherry Lewis,1981-08-20,"622 Harris Fields Apt. 270
Tapiahaven, VI 65958",VERIFIED,19
7773,Eric Leblanc,2004-08-12,"003 Eric Pine
Port Jessebury, FM 49541",PENDING,40
7774,Kayla Nicholson,1989-10-26,"312 Troy Views
New Scott, OH 01439",VERIFIED,22
7775,Colleen Costa,1989-06-29,"69836 Sanchez Track Suite 884
South Joshuaport, NY 13989",VERIFIED,32
7776,Jenna Anderson,1952-09-10,"66107 Collins Crescent Suite 752
Janetland, TN 96913",VERIFIED,83
7777,Robert Sanford,1967-07-11,"0872 Choi Place Apt. 757
Porterstad, MN 42953",VERIFIED,32
7778,Brent Lee,1995-01-05,"58388 Kelley Falls
West Bob, UT 54718",VERIFIED,12
7779,Karen Fisher,1953-07-19,"3035 Rachel Mall
North Brandon, AZ 10679",PENDING,35
7780,Bruce Hale,1961-09-25,"3336 Harrison Manor Apt. 356
Jenningshaven, VA 17478",VERIFIED,42
7781,Kevin Bradley,2007-06-15,"USCGC Peterson
FPO AA 64770",VERIFIED,86
7782,Jacqueline Byrd,1963-05-23,"673 Anthony Lakes Suite 235
Curtismouth, WI 42229",PENDING,1
7783,Joshua Gray,1985-07-13,"6078 Kennedy Drive Apt. 729
Mikeport, FM 01804",PENDING,85
7784,Matthew Mcclure,1961-06-12,"6753 Armstrong Route Apt. 320
Port Brandonview, VA 59491",VERIFIED,2
7785,William Tyler,2000-04-24,"36975 Brittany Viaduct
Anthonytown, IL 07698",PENDING,71
7786,Douglas Chambers,1983-12-05,"55417 Reed Branch Suite 621
Carsonchester, SC 15613",VERIFIED,61
7787,Geoffrey Maxwell,1979-09-22,"945 John Passage Suite 769
South Jeffrey, VI 86168",VERIFIED,88
7788,Erin Marquez,1991-01-16,"533 Richard Trafficway Apt. 989
South Jason, PA 46844",VERIFIED,66
7789,Karen Nguyen,1968-08-07,"916 Jacobs Turnpike Apt. 607
North Wesley, KY 60093",VERIFIED,34
7790,Emily Gamble,2001-05-12,"37473 Hernandez Underpass
New Ronald, GU 70760",VERIFIED,49
7791,Larry Cervantes,1987-06-10,"9575 Reilly Glens
Kevinberg, DE 13066",VERIFIED,35
7792,Stephanie Short,1968-02-16,"0255 Gonzales Crest Suite 887
East Davidfort, CA 11604",VERIFIED,31
7793,Danielle Blake,2004-04-28,"059 Potts Extensions
Charlesmouth, NE 47803",VERIFIED,100
7794,Ashley Medina,1969-08-20,"PSC 6424, Box 9950
APO AE 21795",VERIFIED,10
7795,Julia Frazier,1956-10-06,"8728 Watson Well Apt. 281
Adamland, AK 47931",PENDING,50
7796,Daniel Hansen,1979-10-21,"9989 Donald Plaza Apt. 162
Haleychester, GU 07238",PENDING,31
7797,Jennifer Moran,1961-08-12,"77278 Hayes Summit
Samanthashire, NC 70229",PENDING,30
7798,Jeffrey Frye,1984-07-30,"PSC 3308, Box 3511
APO AP 59457",PENDING,24
7799,Raymond Martinez,1969-03-27,"1181 Christian Squares
Rogersmouth, IL 08427",PENDING,22
7800,Stephanie Lamb,1974-08-17,"5522 Rodriguez Forest Suite 150
Lake Richardmouth, CO 03829",VERIFIED,37
7801,Jason Trevino,1953-09-02,"6637 Tate Walk Suite 256
West Cindybury, MT 39388",VERIFIED,25
7802,Terry Johnson,1975-12-01,"748 Clarke Forest Apt. 198
North Shane, IL 61757",PENDING,22
7803,Matthew Sanchez,1990-12-09,"62567 Brandon Oval
Lake Robert, ID 65683",VERIFIED,88
7804,David Berg,2000-03-24,"7063 Reyes Estates Apt. 283
Michelleshire, AL 97749",VERIFIED,70
7805,James Flores,2007-01-29,"5647 James Underpass
West Ashleyport, MT 04269",PENDING,69
7806,Julian Martinez,2005-10-08,"5487 Alison Road
Joneshaven, WV 31180",VERIFIED,95
7807,Eric Schwartz,2002-12-07,"616 Bernard Pines Apt. 552
East Cody, TN 90086",PENDING,91
7808,Angela Thompson,1980-08-19,"65439 Carol Camp Suite 824
North Logan, MH 76019",VERIFIED,37
7809,Jonathan Miller,1962-02-19,"832 Hayes Islands
Howellview, PR 48404",VERIFIED,7
7810,Scott Waters,2004-01-19,"2289 David Hill Apt. 947
Christopherchester, VA 23739",PENDING,28
7811,Lauren Bowman,1980-03-15,"983 Parker Villages Apt. 954
Matthewshire, MA 19095",VERIFIED,52
7812,Rebecca Hernandez,2002-12-18,"6038 Chelsea Fort Apt. 441
South Michael, PA 40454",VERIFIED,96
7813,Kaitlyn Sparks,2007-02-28,"02214 Heather Forges Suite 707
New Ashleytown, PR 00571",PENDING,97
7814,Erica White,1951-02-05,"53648 Thompson Extensions
Pierceville, NC 05237",VERIFIED,5
7815,Oscar Garza,1998-01-28,"94983 Matthew Cliff Suite 495
Lake Johnmouth, TN 76641",PENDING,10
7816,Patricia Macias,1973-07-20,"345 Jackie Plaza Suite 463
Pruittland, MI 64934",PENDING,36
7817,Ronald Roberts,1976-10-25,"05252 Brown Route Apt. 833
Port Kristopherberg, ME 13860",PENDING,87
7818,Holly Smith,1959-11-22,"USNS Harris
FPO AA 52913",VERIFIED,48
7819,Mariah Case,1953-01-16,"657 Mack Curve
Barretthaven, GA 14026",VERIFIED,32
7820,Michael Miller,2001-01-18,"08147 Boyd Stravenue Suite 374
North Daniel, ND 01664",VERIFIED,61
7821,Jason Ward,1986-04-28,"82430 Ryan Greens Suite 895
Lake Deannaview, TN 04347",PENDING,7
7822,Nicole Cox,2001-02-06,"USS Williams
FPO AP 45437",PENDING,2
7823,Jose Smith,1995-08-07,"7601 Madison Fort
West David, WA 54380",VERIFIED,17
7824,Benjamin Miranda,1956-10-28,"PSC 7463, Box 7952
APO AA 57118",PENDING,26
7825,Natasha Martinez,1980-01-23,"6866 Heather Harbors
Morrishaven, MN 43702",PENDING,48
7826,Taylor Rocha,1959-07-17,"2378 Allen Keys
Reedport, HI 83798",VERIFIED,91
7827,Trevor Miller,1960-08-26,"62002 Hudson Junctions Suite 818
North Kimberlyland, WV 80633",PENDING,38
7828,Darryl Adams,1973-11-21,"45750 William Rue
Harrisside, GU 39501",PENDING,1
7829,Patricia Moody,1974-04-11,"557 Randall Streets
East Dorothy, FM 58400",PENDING,7
7830,Dr. Eric Gallegos,2006-06-01,"USNS Zavala
FPO AA 43141",VERIFIED,95
7831,Jonathan Pierce,2001-01-20,"4553 Mullen Villages Apt. 900
Port Daniel, FL 41909",PENDING,85
7832,Benjamin Torres,1954-10-28,"3557 Miller Ramp
Port Jessica, VA 77787",VERIFIED,15
7833,Thomas Smith,1966-02-23,"6234 Sean Curve
Katelynton, WI 90418",PENDING,63
7834,Christopher Williams,1961-06-29,"515 Ivan Cliff Suite 821
Port Brandonmouth, WI 11477",VERIFIED,80
7835,Dustin Fisher,1956-02-05,"11576 Ward Village Apt. 889
Lake Michaelberg, NJ 90026",VERIFIED,32
7836,Matthew Adams,1967-07-14,"50356 Justin Ford
Port Austinshire, NV 34420",PENDING,75
7837,Jessica Larson,1956-03-15,"54954 Catherine Island Apt. 293
Kelseyberg, WY 64930",VERIFIED,37
7838,Kevin Ford,1966-12-01,"5205 Solis Estate Apt. 459
Lake Tonybury, MP 75707",VERIFIED,44
7839,Laura Manning,1954-06-17,"6112 Jackson Plains
Jacksonbury, PW 57715",PENDING,15
7840,Rhonda Stanton,1964-08-31,"639 Anna Pine Suite 887
South Eric, TX 93333",VERIFIED,4
7841,Chad Mullins,1968-05-03,"USCGC Bradley
FPO AA 10698",PENDING,69
7842,Jennifer Perkins,1979-01-16,"80964 Candice River
Rebeccaland, CA 31010",PENDING,22
7843,Angela Jones,1959-09-02,"3839 Tracy Haven Suite 569
South Sarahview, AS 33527",PENDING,39
7844,Allison Hunter,2004-11-10,"3412 Gabriel Village Suite 910
Meyerfort, NH 21090",PENDING,17
7845,Sydney Smith,1976-12-26,"22875 Emily Ports
South Michael, OR 79415",VERIFIED,69
7846,George Richardson,1966-11-14,"28638 Shawna Street
Glennborough, CA 04921",PENDING,12
7847,Thomas Stevenson,1974-01-26,"321 Elizabeth Creek Suite 313
South Bradley, ND 66427",VERIFIED,21
7848,Gregory Robinson,1982-09-30,"932 Ray Circles Suite 910
Brownmouth, TN 23587",VERIFIED,76
7849,Shannon Campbell,2001-07-15,"Unit 4969 Box 9013
DPO AP 49990",VERIFIED,9
7850,Bryan Reynolds,1984-05-19,"58189 Carter Forest
Vincentside, NH 11295",PENDING,94
7851,Austin Robinson,1964-08-03,"6215 Schmidt Fort Suite 614
South Jacqueline, MO 66302",VERIFIED,40
7852,Jonathon Steele,1963-06-14,"Unit 5454 Box 6239
DPO AA 31380",VERIFIED,12
7853,Eric Gonzalez,1975-05-19,"84341 Jasmine Loop Suite 271
Nguyenmouth, MO 60430",PENDING,33
7854,Jeffery Carlson,1998-01-19,"PSC 0931, Box 2480
APO AE 93505",VERIFIED,56
7855,Shannon Garcia,1966-05-06,"96911 Emily Forks Suite 078
New Hannahstad, MS 15586",VERIFIED,60
7856,Danielle Anderson,1987-11-20,"PSC 0393, Box 5087
APO AA 00999",PENDING,58
7857,John Cameron,1978-03-17,"94917 Emily Burg Apt. 528
South Cindy, TX 85671",VERIFIED,1
7858,Michael Oconnor,1977-06-13,"51369 Megan Ford
Davismouth, CO 89227",VERIFIED,51
7859,Christine Cook,1956-07-21,"79925 Jeffrey Locks
Blackfort, NH 69144",VERIFIED,99
7860,Dr. Gloria Gonzalez MD,1982-11-15,"911 Tanya Mews Suite 554
North Juanport, WY 39076",PENDING,6
7861,Stephen Carlson,1962-07-22,"8683 Kevin Fords
West Laura, NY 51415",VERIFIED,48
7862,Kelsey Ball,1968-12-29,"16024 Larsen Mills
East Jasonhaven, VA 84242",PENDING,3
7863,Patricia Meyer,1985-08-12,"164 Mary Valley Apt. 417
Henryfurt, NV 78678",PENDING,83
7864,David Evans,1983-06-10,"615 Todd Roads Suite 338
Alexton, ME 50244",VERIFIED,59
7865,Victoria Rhodes,2005-12-21,"4369 James Grove Suite 939
Lake Victoria, MS 62471",PENDING,5
7866,John Bray,1960-10-23,"1552 Shari Run
East Leslieside, SC 67209",VERIFIED,1
7867,John Thompson,1996-02-12,"8263 Amber Cliff
Brettburgh, TX 95736",VERIFIED,74
7868,John Evans,1988-07-07,"071 Dawson Burg Suite 430
Lake Seanborough, AK 49424",PENDING,31
7869,Tracy Khan,1959-03-17,"Unit 9274 Box 4224
DPO AA 67666",VERIFIED,100
7870,Christopher Horne,1970-12-31,"0674 Haley Summit Suite 098
Port Krista, HI 08681",VERIFIED,23
7871,Katherine Salas,1977-02-18,"2120 Anthony Isle Suite 662
Brownmouth, DE 88983",PENDING,81
7872,Austin Herman,1973-06-21,"6262 Megan Bypass Suite 850
South Philliphaven, MP 48235",VERIFIED,94
7873,Bruce Haynes,1994-04-21,"34142 Destiny River Apt. 179
East Dustin, FM 97625",VERIFIED,59
7874,Samantha Maxwell,1978-06-26,"8640 Dawson Radial
Smithmouth, FL 02739",PENDING,75
7875,Ruth Boyle,1971-04-22,"508 Hubbard Avenue Suite 288
Laurenfort, MO 92853",PENDING,22
7876,Tammy Cohen,2005-04-23,"2899 Michael Camp
Lake Michaelfurt, CO 86702",VERIFIED,75
7877,Curtis Rogers,1987-09-01,"980 Chad Dale
South Brianbury, TX 04353",VERIFIED,60
7878,Paul West,1976-11-09,"08574 Adriana Islands Suite 576
Port Cassandrashire, NE 11845",VERIFIED,61
7879,Jorge Alvarado,1998-10-25,"58226 Amanda Road Suite 209
East Lawrencemouth, AZ 46648",PENDING,68
7880,Jennifer Adams,1991-11-10,"213 Dennis Ridges Apt. 991
North John, FM 17370",VERIFIED,31
7881,Jeffrey Thompson,2004-01-03,"USCGC Robertson
FPO AA 35869",VERIFIED,2
7882,Heather Martinez,1972-01-08,"519 Jill Skyway Apt. 460
South Hollyville, GA 60649",PENDING,21
7883,Malik Sanchez,1984-10-04,"87026 Henry Hills
New Bryanmouth, RI 82085",VERIFIED,23
7884,Steven Brown,2003-11-27,"0594 Nathan Harbors Apt. 171
North Traci, MN 58936",VERIFIED,98
7885,Monica Vasquez,1972-04-28,"979 Velez Mount Suite 741
Watkinsburgh, CA 37620",VERIFIED,97
7886,Kimberly Macdonald,2004-10-24,"580 Ian Underpass Suite 700
Newmanchester, VI 57107",VERIFIED,52
7887,Jerry Wyatt II,1964-05-29,"091 Powers Shores Apt. 052
South Justinshire, NJ 97929",PENDING,39
7888,Antonio Carlson,1988-04-09,"2733 White Groves
Hernandezborough, MI 51416",VERIFIED,93
7889,Allison Wright,1955-07-14,"631 Sosa Road Apt. 024
South Samuelstad, NC 00978",PENDING,88
7890,Lisa Butler,1975-12-21,"35936 Katrina Garden Suite 424
North Cynthiatown, TX 71083",VERIFIED,90
7891,Stephanie Hanna,1982-04-01,"53792 Brown Alley Apt. 279
Jonesside, MP 65175",PENDING,88
7892,Jacob Hudson,1993-01-02,"USNV Johnson
FPO AE 58588",VERIFIED,42
7893,Kevin Lawrence,1996-06-11,"5285 Brittany Forge
Tiffanymouth, VA 30474",VERIFIED,7
7894,Rebecca Anthony,1973-01-27,"156 Rodney Underpass Apt. 573
Port Rachel, OH 69085",PENDING,61
7895,Julie Melton,1967-01-03,"PSC 7199, Box 6408
APO AP 93398",VERIFIED,71
7896,James Taylor,1989-09-12,"061 Carl Squares
North Chadburgh, RI 64607",PENDING,60
7897,Robert Davis,1978-03-12,"3338 Hill Fords
Griffinmouth, TX 56729",PENDING,42
7898,Jennifer Bennett,2002-10-02,"USCGC Warren
FPO AP 02538",PENDING,28
7899,Catherine Martinez,1978-12-24,"1157 Tammy Stream
Lisamouth, NM 98108",VERIFIED,31
7900,Kim Hall,1966-01-29,"1746 Jennifer Ranch
West Michael, HI 93573",VERIFIED,75
7901,Samantha Ross,1965-02-23,"0954 Kenneth Via Suite 545
Garzaburgh, MI 65679",VERIFIED,30
7902,Jennifer Martinez,1973-08-10,"80645 Wendy Mills
West Kennethland, MI 01966",VERIFIED,17
7903,David Moore,1964-10-19,"780 Gray Stravenue Suite 951
East Jeffreyfurt, VA 50072",PENDING,74
7904,Alexander Smith,1995-02-24,"26105 Kelly Forge
New Stacyshire, LA 21870",PENDING,87
7905,Michael Diaz,1964-08-18,"246 Dunlap Road
North Kelly, CO 02049",VERIFIED,30
7906,Joanne Baker,1979-11-12,"039 Jessica Bypass Suite 123
Evansburgh, DE 13225",VERIFIED,67
7907,Melissa Morrison,1961-01-01,"557 Melody Stravenue Suite 679
Angelicafurt, WA 83499",VERIFIED,44
7908,Kelly Ellis,1999-05-25,"77617 Leblanc Tunnel Apt. 192
South Brian, VA 90626",PENDING,18
7909,Barbara Day,1969-07-19,"71687 Timothy Meadow Suite 550
Chenmouth, CA 76304",PENDING,83
7910,Patricia Dickson,1980-05-01,"03137 Haley Flats Suite 805
Kingborough, VA 59778",PENDING,51
7911,William Hawkins,1988-01-27,"87866 Ruiz Meadows Suite 146
Bettyside, MT 39935",VERIFIED,33
7912,Ronald Smith,1988-12-18,"7735 Jennifer Mountains
West Kevin, HI 25131",VERIFIED,30
7913,Arthur Cain,2008-03-25,"4321 Kramer Bridge Apt. 364
Mckeefort, RI 04042",VERIFIED,18
7914,Colleen Johns,1961-07-27,"72996 Mason Forge Apt. 253
Burnettchester, CO 72619",VERIFIED,82
7915,Patricia Patterson,1984-07-23,"0646 Lowery Point Suite 469
Susantown, NE 34098",PENDING,24
7916,Nathan Dudley,1998-12-19,"31297 Daniels Squares
Markberg, RI 73409",VERIFIED,93
7917,Richard Willis,1991-08-22,"14777 Rojas Trail Apt. 865
Moodychester, NY 92786",PENDING,94
7918,Rodney Cruz,1990-10-21,"5685 Cruz Summit Apt. 296
Willieville, ID 12516",VERIFIED,3
7919,Christina Nielsen,1993-03-11,"450 Tran Mall
Randallview, IA 87476",VERIFIED,30
7920,Brandon Deleon,1988-01-21,"43816 Andrew Green
Turnermouth, MN 68169",VERIFIED,63
7921,Eddie Wallace,1989-08-08,"2543 Michele Dale
Lake Lisa, CT 08481",VERIFIED,11
7922,Benjamin Santos,1954-01-30,"91467 Mosley Centers Apt. 094
North Leon, FM 74247",PENDING,38
7923,Anna Smith,1982-02-04,"17832 Andrew Trafficway Suite 461
Port Williamport, MH 60503",PENDING,88
7924,Heather Murray,1989-03-28,"93811 Kimberly Bypass Suite 817
North Jaclyn, KS 05870",VERIFIED,92
7925,Joshua Powers,1978-04-16,"PSC 4176, Box 3379
APO AP 77516",PENDING,4
7926,Cody Hamilton,1997-08-08,"5776 Gonzalez Cliffs Apt. 024
Port Kathrynchester, MN 38653",VERIFIED,29
7927,Anna Luna,1977-09-30,"0321 Cross Street
Robinbury, WI 69290",PENDING,79
7928,Anthony Harris,2000-03-08,"17728 Ortiz Motorway
East Ashley, ID 59767",VERIFIED,23
7929,Lisa Williams,1983-12-24,"USNV Cameron
FPO AP 03516",VERIFIED,33
7930,Michael Mccoy,1974-10-29,"Unit 8409 Box 9992
DPO AA 56755",VERIFIED,54
7931,Michael Perry,1974-07-28,"59981 Sandra Drive
New Kylefurt, CO 38384",PENDING,98
7932,Nicholas Walls,1980-03-13,"681 Eddie Dam Apt. 235
New Jessica, WY 33398",PENDING,81
7933,Donald Hayden,2004-07-26,"PSC 1742, Box 1497
APO AA 27912",PENDING,59
7934,Jeffrey Maynard,1989-09-02,"31249 Espinoza Prairie
Moodymouth, CO 19181",PENDING,26
7935,Dr. Jennifer Gallegos MD,2000-02-12,"1855 Murray Circle Apt. 091
Michelleland, VA 38481",PENDING,7
7936,James Ramirez,1995-12-19,"1926 Kayla Cliffs
South Christine, OR 98517",VERIFIED,83
7937,Wesley Bruce,1951-01-07,"167 Patterson Shores
Bellview, AL 61889",PENDING,54
7938,Wayne Robertson,1964-04-10,"USCGC Mitchell
FPO AE 43932",VERIFIED,56
7939,Mark Scott,1964-08-23,"95798 Stephen Inlet Apt. 100
Lewisville, AS 25834",PENDING,52
7940,Chelsea Thomas,1973-02-10,"3692 Mora Spurs
Marioborough, MI 85258",VERIFIED,24
7941,Yvonne Callahan,2005-06-13,"USNV Roberson
FPO AA 54950",PENDING,48
7942,David Ortega,1958-03-14,"PSC 2131, Box 1575
APO AE 78505",PENDING,6
7943,Katherine Ryan,1993-06-28,"3170 Monica Stream
Lake Kariberg, PR 61358",VERIFIED,59
7944,Amanda Moyer,1964-01-12,"4736 Hammond Parkways Suite 505
Port Josephtown, AR 05973",PENDING,79
7945,Angela Cunningham,1966-04-21,"63440 Thomas Parks
North Derekland, AK 13700",PENDING,35
7946,Mark Martin,1996-12-24,"60038 Owen Path Suite 508
Mirandafort, PW 42144",PENDING,31
7947,Brian Davis,1998-12-25,"7183 Lawson Forks
Grossshire, NC 40016",PENDING,33
7948,Mrs. Tina Cordova,1989-06-25,"200 James Squares
Andersonhaven, IA 08273",VERIFIED,64
7949,Sheryl Decker,1980-03-21,"Unit 6671 Box 9415
DPO AA 79835",PENDING,93
7950,James York,1984-08-19,"59989 Buckley Haven Apt. 088
Craigshire, AL 71702",VERIFIED,14
7951,Kevin Ellis,1972-01-02,"4904 Yang Locks
Port Mathewberg, VA 73253",PENDING,78
7952,Leslie Morgan,2004-04-01,"2282 Nancy Estate
Brownville, NY 94062",PENDING,10
7953,William Molina,1960-10-06,"4991 Allison Ridge Apt. 195
East Michael, AR 74867",VERIFIED,77
7954,James Lewis,1979-01-24,"0345 Huff Green
Richardville, ID 89222",VERIFIED,79
7955,Terry Mitchell,2001-05-28,"319 Curtis Extensions Apt. 098
South Amandaberg, SD 20089",PENDING,47
7956,Mark Mcfarland,1986-10-16,"Unit 5466 Box 9986
DPO AA 72010",PENDING,37
7957,Guy Byrd,1953-12-29,"46543 Wade Garden Suite 052
Merrittstad, NY 00738",PENDING,86
7958,Loretta Hubbard,1977-03-25,"9314 John Fort
Stephenmouth, WI 93568",VERIFIED,73
7959,Ashley Acosta,1989-10-20,"00625 Owens Stravenue Suite 167
Michaelbury, AK 48999",PENDING,96
7960,Angela Blair,1950-12-06,"7019 Reginald Turnpike Apt. 421
Thomaschester, KY 80352",PENDING,43
7961,Vanessa Estes,1993-05-31,"495 Foster Hollow Apt. 893
South Mathew, PA 58947",VERIFIED,57
7962,Jeanette Gonzalez,1952-06-07,"4972 Hernandez Curve Suite 464
North Heatherton, MP 26179",VERIFIED,22
7963,Rebecca Jacobson,1983-04-26,"USCGC Mclaughlin
FPO AP 82445",PENDING,85
7964,Franklin French,1957-06-09,"8752 Williams Point Suite 484
Nelsonstad, DE 91580",VERIFIED,23
7965,Jeremy Dunn,1998-06-10,"4439 Rhonda Forges Suite 787
Thomastown, NH 64087",PENDING,82
7966,Dale Rose MD,1960-03-11,"173 Christian Forges
North Sierra, PA 23888",PENDING,83
7967,James Tucker,1966-03-29,"Unit 3337 Box 5066
DPO AA 76017",PENDING,96
7968,Michael Moyer,1999-08-30,"Unit 3918 Box 9342
DPO AA 34849",VERIFIED,53
7969,Jason Tucker,1999-05-13,"51952 Jeffery Island
New Jeffreyfurt, FM 57336",PENDING,27
7970,Michaela Gonzales,1982-08-26,"577 Jesse Lakes Apt. 153
Chavezview, MO 93564",PENDING,65
7971,Amber Tucker,1975-08-31,"22307 Gina Drive Suite 671
North Spencerfurt, LA 41489",PENDING,85
7972,April Brown,1957-04-17,"7467 Dawson Gardens
New Briana, MD 15200",VERIFIED,73
7973,Billy Pratt DVM,1986-12-08,"986 Tammy Plains
New Willie, KS 72789",PENDING,59
7974,Leslie Griffin,1997-10-04,"598 Thomas Island Suite 419
Jacksonfort, IA 29649",VERIFIED,62
7975,Nicholas Morgan,1990-02-16,"286 Tracy Turnpike
Justinberg, TX 86704",PENDING,7
7976,Mark Schmidt,2001-08-26,"20032 Williams Pines
Lake Sharonfort, MH 14721",VERIFIED,84
7977,Stephanie Valdez,2003-04-27,"26951 Philip Flat Suite 297
Jonesshire, WV 81816",PENDING,25
7978,Melanie White,1956-03-18,"666 Juan Square
Lake Ronaldfort, GU 36895",VERIFIED,94
7979,Ronald Bartlett,1999-11-09,"3407 Stone Extensions
Davidland, DE 76905",VERIFIED,85
7980,Jamie Logan,1971-03-12,"58780 Young Island
East Gloriaview, VA 23172",PENDING,74
7981,Courtney Estrada DVM,1984-03-09,"10073 Zuniga Ford
West Susanborough, AS 71542",VERIFIED,40
7982,Nancy Sharp,1970-02-06,"36087 Griffith Meadows Apt. 332
East Henry, MA 05911",PENDING,1
7983,Jessica Mejia,1994-07-22,"8861 Betty Loop Suite 849
Port Annborough, PW 95966",VERIFIED,8
7984,Whitney Morales,1979-07-10,"596 Cox Key Apt. 526
Clementsport, TX 88461",VERIFIED,21
7985,Michael Horn,1952-11-16,"8596 Johnson Streets
Grahamview, NM 12803",PENDING,1
7986,Matthew Taylor,1998-01-23,"848 James Manor Suite 947
East Jesse, MH 94283",PENDING,63
7987,Margaret Little,1972-03-09,"03401 Marc Inlet
Triciaborough, LA 81431",VERIFIED,16
7988,William Freeman,2001-01-29,"500 Davies Track
Robertfort, ID 29242",PENDING,18
7989,Kelly Padilla,2007-04-22,"709 Johnson Junction Suite 002
North Jimmyland, DE 27784",VERIFIED,94
7990,Sharon Jackson,1974-03-21,"1874 Murray Glen
Joannafort, NV 14963",PENDING,96
7991,Sergio Wallace,1969-03-03,"58246 Megan Parks
Markmouth, SD 90095",VERIFIED,3
7992,Mariah Villa,2004-05-18,"8542 Jessica Mountains
West Samuel, KY 11104",VERIFIED,34
7993,Ann Carpenter,1963-04-02,"528 Robinson Mall Apt. 059
Brownborough, UT 72023",VERIFIED,13
7994,Anne Sullivan,2002-06-16,"70842 Williams Vista
North Michael, CT 47184",PENDING,61
7995,Alexander Harris,1986-04-28,"PSC 9230, Box 2379
APO AE 81597",PENDING,41
7996,Nicholas Cortez,1960-06-30,"9649 Tina Brooks
New Lauren, IL 64115",VERIFIED,46
7997,Mary Green,1998-11-26,"533 Galloway Unions
West Karenborough, MN 29181",PENDING,83
7998,Dwayne Ramos MD,1980-06-20,"Unit 9763 Box 7650
DPO AP 07824",PENDING,65
7999,Kyle Poole,1992-04-12,"94150 Hannah Parkway Suite 592
Woodhaven, TX 64928",VERIFIED,85
8000,Catherine Beard,1952-03-25,"6158 Villegas Plaza
West Kathrynmouth, MD 45716",PENDING,33
8001,Charles Carrillo,1991-01-28,"79082 Samantha Lane Apt. 569
Curtisside, CT 51341",PENDING,87
8002,Deanna White,1959-12-18,"2714 Craig Viaduct
Jillmouth, HI 36830",VERIFIED,20
8003,Karen Mcbride,2002-10-08,"73496 Martin Rest
Lake Christinechester, WV 46007",VERIFIED,61
8004,James White,1953-01-01,"47013 Preston Garden
South Cameronstad, MP 13347",VERIFIED,70
8005,David Jones,1967-10-05,"51625 Lisa Crest
Lake Carlbury, SC 65299",VERIFIED,12
8006,Kristen Douglas,2007-05-15,"81463 Cohen Forges Apt. 095
Lake Donaldchester, RI 96012",VERIFIED,78
8007,Timothy Washington,1996-09-02,"PSC 2721, Box 0799
APO AP 57783",VERIFIED,79
8008,Emily Gordon,1975-06-12,"USNS Huffman
FPO AE 42216",PENDING,39
8009,James Riley,2000-02-07,"321 Allen Pine Apt. 666
West Eric, VT 49636",PENDING,53
8010,Curtis Green,2004-09-08,"4695 Douglas Summit
Davidmouth, VI 98054",VERIFIED,74
8011,Amanda Ruiz,2001-08-13,"76750 Chelsea Lane
New Jerry, IL 38223",VERIFIED,19
8012,Lisa Gordon,1962-02-06,"Unit 7356 Box 1549
DPO AP 63939",VERIFIED,76
8013,Heather Sanders,1995-07-22,"492 Robinson Ville
Frankstad, VT 03195",VERIFIED,89
8014,James Estes,1950-12-14,"85869 Robinson Parks Apt. 746
South Eric, NV 93359",PENDING,75
8015,Mackenzie Martinez,2000-03-19,"690 Denise Valleys Apt. 453
New Jeffreyborough, MP 42827",VERIFIED,94
8016,Geoffrey Lopez,2006-02-21,"1607 Eric Plains Apt. 614
East Kimberly, NY 29821",PENDING,50
8017,Crystal Gibson,1953-01-31,"66878 Kristi Square
Aprilfurt, UT 13732",PENDING,5
8018,Todd Williams,1969-08-11,"USNS Grant
FPO AE 85932",PENDING,57
8019,Ashley Yang,2006-06-10,"USNS Holland
FPO AA 09548",VERIFIED,23
8020,Dr. Walter Murray,1977-02-19,"19432 Williams Mountain
Chadland, PR 18300",PENDING,85
8021,Jacob Nelson,1973-05-19,"8741 Henderson Estate
North Anna, SD 92489",VERIFIED,100
8022,Brian Daniels,1990-08-28,"USNV Mooney
FPO AA 73844",PENDING,12
8023,Henry Mercado,1994-07-14,"80313 Melanie River Suite 385
West Jasminemouth, FM 27931",VERIFIED,25
8024,Dan Garza,1994-08-21,"Unit 7925 Box 1283
DPO AP 80418",VERIFIED,14
8025,Lee Wiley,1976-04-01,"6020 Williams Burgs Suite 813
Jessicafort, GA 51611",VERIFIED,100
8026,Corey Lee,1983-10-09,"95904 Mcbride Hill
Hunterberg, CA 57136",VERIFIED,9
8027,Monica Fisher,1968-12-10,"9305 Mann Crossroad Apt. 964
Danamouth, MN 37865",VERIFIED,75
8028,Kelly Thomas,1974-05-24,"205 Ramirez Inlet
Port Christopher, MS 44751",PENDING,21
8029,Sharon Johnson,1988-05-08,"527 Conway Harbor Suite 208
South John, NM 35672",PENDING,18
8030,Melissa Ford,1977-02-27,"789 Schneider Locks Suite 829
Roweville, NC 34981",PENDING,9
8031,Lori Boyd,1976-05-29,"Unit 6568 Box 0212
DPO AA 01319",PENDING,82
8032,Dawn Smith,1981-03-31,"3443 Martin Keys Suite 465
North Johnburgh, NC 81680",PENDING,50
8033,Brittany Matthews,1977-02-02,"06931 Timothy Glens Apt. 548
South Patriciachester, SC 30105",VERIFIED,49
8034,Shari Wallace,1990-10-04,"496 Martinez Pines
Gonzalezfurt, MS 46686",PENDING,26
8035,Jamie Morales,1956-08-05,"8193 Christina Ramp Suite 426
South Annside, AK 46184",VERIFIED,9
8036,Jose Burton,2002-12-14,"379 Stewart Ville Apt. 577
Robertchester, AS 78632",VERIFIED,19
8037,Dawn Smith DDS,1970-05-31,"PSC 9476, Box 0620
APO AE 72383",PENDING,12
8038,Joshua Hatfield DVM,1951-10-11,"811 Terry Locks Suite 800
Caldwellport, OR 44777",PENDING,49
8039,Justin Bailey,1959-12-04,"259 King Crescent Apt. 716
North Thomas, CT 82593",VERIFIED,68
8040,Lisa Jones,2000-02-28,"7625 Jessica Alley Apt. 749
Paulland, MS 21206",VERIFIED,21
8041,Thomas Ball,1960-04-07,"07575 Clarke Ramp Apt. 433
Barrerafurt, TN 02826",VERIFIED,23
8042,Christopher Byrd,1982-06-08,"422 Andrew Dam Suite 163
Boonefurt, GU 90357",PENDING,9
8043,Mary Zuniga,1960-01-08,"4773 Phyllis Forks
West Mariaport, AZ 26336",VERIFIED,87
8044,Brandon Mcguire,1950-11-07,"878 Wright Drives Apt. 855
South Derekland, NH 61499",PENDING,71
8045,Courtney Thompson,1956-09-10,"5249 Caitlin Square Suite 907
Floreston, AL 19901",PENDING,38
8046,Vincent Stevens,1960-08-18,"763 Christine Crescent Suite 204
New Judy, TX 97610",PENDING,76
8047,Karen Bartlett,2000-01-24,"2492 Samantha Knolls
Lake Joshua, MH 08268",PENDING,58
8048,Terry Poole,1974-12-12,"681 Joseph Rue Apt. 352
Bellville, SC 06882",VERIFIED,45
8049,Kimberly Phillips,1957-02-17,"13172 Andrews Rapid Suite 484
Lindsayland, AR 90407",PENDING,18
8050,Caleb Fitzgerald,1988-04-30,"748 Martin Corner Suite 583
Kingside, ND 97245",PENDING,98
8051,Daniel Anderson,2000-07-23,"469 Megan Harbors
Port Peterberg, SD 69769",PENDING,32
8052,Jimmy Padilla,1982-04-24,"PSC 2768, Box 8321
APO AP 09332",VERIFIED,25
8053,Mark Holmes,1973-10-19,"10688 Espinoza Summit Suite 593
West Jacquelinetown, KY 25907",PENDING,84
8054,Joel King,1952-03-05,"606 Hall Harbor Suite 308
Port Clairehaven, AZ 49412",PENDING,31
8055,Scott French,1959-02-20,"3557 Rivera Glens Suite 990
Jenniferview, KY 33675",VERIFIED,15
8056,Samuel Weaver,2004-05-02,"32952 Simmons Pine Apt. 444
North Emily, MH 33088",PENDING,27
8057,Angela Choi,1981-01-18,"PSC 3250, Box 8448
APO AE 67454",VERIFIED,63
8058,Amanda Jones,1964-11-11,"USNV Green
FPO AP 26586",VERIFIED,1
8059,Katherine Cummings,1979-02-20,"176 White Branch Suite 875
East Reginahaven, SD 22918",VERIFIED,81
8060,Adam Sanchez,1999-11-10,"1461 Gabriella Pass
West Heatherfurt, NM 85202",VERIFIED,35
8061,Theresa Williams,1985-04-30,"566 Valdez Mountain Suite 982
Griffinbury, FM 26203",PENDING,98
8062,John Snyder,1992-06-08,"305 Laura Green Suite 190
Kimberlybury, MI 91023",PENDING,19
8063,April Gray,1979-04-19,"284 April Trafficway
East Danabury, CO 83811",VERIFIED,76
8064,Matthew Jones,1985-05-07,"92876 Joanna Junction
East Jessica, OR 29455",PENDING,53
8065,Mary Schaefer,1963-06-01,"14663 Kathryn Ferry Apt. 422
Thorntonborough, OH 08814",PENDING,4
8066,Paul Anderson,1976-06-15,"2058 Gonzalez Mountains Apt. 488
Port Maryburgh, CA 34229",VERIFIED,46
8067,Andrew Foster,1984-09-10,"32810 David Summit Suite 551
New April, MP 59151",VERIFIED,87
8068,Lisa Nash,1978-12-15,"35881 Rebecca Ramp Suite 084
East Nicholas, NE 61913",PENDING,50
8069,Dwayne Mcdonald,1993-08-17,"6845 Griffin Road Apt. 784
New Jessica, NC 33656",VERIFIED,53
8070,Adam Tucker,1987-05-27,"7167 Kathryn Canyon
Ruthmouth, ND 09233",VERIFIED,84
8071,Heather Becker,1984-08-08,"721 Kevin Fords Apt. 979
Bakerburgh, AR 22895",VERIFIED,76
8072,Daniel Odonnell,2004-03-24,"690 Roger Avenue
New Ryantown, LA 88568",VERIFIED,32
8073,Katherine Potts,1971-06-19,"USNV Hansen
FPO AP 59183",PENDING,17
8074,Javier Rivera,2004-01-24,"68196 Bates Pine Suite 151
Matthewview, AZ 10248",VERIFIED,54
8075,Linda Ryan,2001-03-11,"874 Gray Manors Apt. 454
East Jill, AK 56324",VERIFIED,51
8076,Mark Booth,2003-09-09,"677 David Loaf Apt. 254
Torresbury, WV 25832",PENDING,34
8077,Ronald Kennedy,1985-12-25,"082 Green Spur Apt. 399
Port Alan, PR 24315",PENDING,55
8078,Justin Owens,1966-05-29,"4924 Bowen Lodge Apt. 880
Haileyfurt, MP 15046",VERIFIED,40
8079,James Terrell,2002-01-25,"427 Mary Rue Suite 077
Port Michelle, NJ 50919",PENDING,68
8080,Rodney Taylor,1997-04-18,"5384 Rich Rapids
Port Lawrenceside, MH 83059",PENDING,83
8081,Tracey Olsen,1985-07-06,"PSC 0114, Box 6491
APO AE 62819",PENDING,48
8082,Christopher Lutz,1990-07-01,"40652 Paige Spring
New Heather, SC 17971",VERIFIED,60
8083,Sara Watkins,1951-10-27,"8769 Daniel Curve Suite 995
Port Maryfurt, MI 12439",PENDING,75
8084,Ashley Harvey,1990-01-14,"80509 Mcdaniel Springs Suite 769
Port Deniseburgh, AK 96518",VERIFIED,65
8085,Jennifer Ford,1954-04-10,"Unit 7975 Box 6787
DPO AA 84313",VERIFIED,88
8086,Blake Parks,1956-01-04,"12264 Jamie Port Suite 730
Barnesport, PR 60547",PENDING,43
8087,Deborah Wilkinson,1955-12-31,"PSC 5804, Box 8844
APO AP 89196",VERIFIED,25
8088,Logan Michael,1969-12-18,"Unit 6436 Box 8410
DPO AP 53136",VERIFIED,43
8089,Holly Ware,1997-11-24,"631 Jenkins Mountain Apt. 899
Kristinport, OK 59974",VERIFIED,25
8090,Jesus Bolton,1958-02-27,"37267 Matthew Creek Suite 948
North David, GU 54915",VERIFIED,77
8091,Andrew Lopez,1977-04-08,"88687 Malik Ways
North Shane, WA 76877",PENDING,53
8092,Todd Brewer,1991-10-09,"3615 Day Court Apt. 916
West Jessica, AL 66377",PENDING,28
8093,Jennifer Jones,1974-02-14,"14269 Brian Turnpike Apt. 593
Camposborough, WY 47605",VERIFIED,96
8094,George Higgins,1992-06-17,"PSC 1120, Box 1039
APO AP 93458",PENDING,71
8095,Mark Briggs,1966-02-23,"23129 Castillo Dam Apt. 968
Jenniferport, VT 23125",PENDING,57
8096,Larry Allen,2004-01-16,"869 Chavez Walk Apt. 265
South Jessicaview, WY 37859",PENDING,8
8097,Samuel Ramirez,1957-04-19,"186 Jane Drives Apt. 283
Miastad, NY 75885",PENDING,83
8098,Hannah Simpson,1987-11-15,"73525 Vaughan Haven Apt. 294
East Jacquelineton, LA 09771",PENDING,94
8099,Jerry Williams,1988-10-11,"6200 Kendra Tunnel Suite 951
West Markbury, SC 78215",VERIFIED,98
8100,Natalie Ellison,1999-07-29,"16648 Hooper Street
South Jenniferbury, MA 05211",VERIFIED,37
8101,Kimberly Nguyen,1983-08-14,"USCGC Wilkins
FPO AA 04944",PENDING,68
8102,Angela Parker,1980-09-27,"717 Pamela Streets Apt. 086
Cynthiaview, VI 00730",PENDING,80
8103,Jason Hart,1974-07-09,"59518 Clements Burgs
South David, VA 16028",VERIFIED,49
8104,Brandon Collins,1996-06-08,"99634 Beard Inlet
Port Yvonneberg, AS 08239",PENDING,1
8105,Joseph Jones,1959-09-21,"6672 Camacho Inlet Suite 220
Mirandabury, OR 89623",VERIFIED,84
8106,Becky Jacobson,1998-11-01,"5507 Henry Street
Stevensstad, SC 43650",VERIFIED,50
8107,Jennifer Jackson,1987-02-13,"2216 Jessica Manors Suite 731
Davidchester, TN 30377",PENDING,82
8108,Aaron Brown,1979-05-16,"924 Jonathan Ridge Apt. 827
East Theresa, AS 21350",VERIFIED,30
8109,Kenneth Jackson,1962-09-21,"44020 Smith Via
Port Johnnyburgh, CT 19129",PENDING,32
8110,Megan Morris,1961-01-12,"886 Joshua Lakes Suite 934
Carloshaven, TN 95240",VERIFIED,67
8111,Joseph Morrison,1966-01-15,"8505 Victoria Crossing
South Kathyburgh, AK 78710",PENDING,66
8112,Alfred Roy,1959-08-16,"85975 Castillo Rapid
Ortegamouth, WI 59537",VERIFIED,51
8113,John Weber,1961-08-02,"48937 David Vista
Haleystad, HI 80925",PENDING,98
8114,Bryan Davis,1964-02-08,"799 Parrish Viaduct Suite 836
South Renee, ID 43400",VERIFIED,71
8115,Barbara Lopez,2001-05-06,"51726 Mathis Falls
Maryberg, CA 34573",PENDING,77
8116,Tiffany Ramos,1962-04-13,"PSC 3734, Box 9257
APO AP 46746",PENDING,69
8117,William Day,1989-12-21,"51417 Barker Manor Apt. 640
New Megan, CA 43911",VERIFIED,78
8118,John Brown,1963-05-04,"95167 Johnson Point Suite 145
Espinozaview, RI 79507",PENDING,82
8119,Brittany Edwards,1995-09-15,"260 Lane Plaza
Ramosberg, VT 51295",VERIFIED,83
8120,Joshua Gonzalez,1960-05-15,"03681 Clark Passage Apt. 577
Marktown, NM 79166",PENDING,35
8121,Kelly Thomas,2006-04-27,"83146 Matthew Crossing Apt. 251
East Kevin, MI 61170",VERIFIED,37
8122,Anthony Singh,1975-03-24,"98421 Melissa Crescent Suite 798
North Paul, NJ 07553",VERIFIED,49
8123,Jessica Allen,2004-02-17,"83810 Jose Lakes Suite 853
New Shawnhaven, AK 97374",VERIFIED,88
8124,Thomas Holt,1961-03-28,"98614 Camacho Plain Apt. 236
Marilynville, PA 46646",PENDING,51
8125,Victoria Chang,1954-11-05,"44283 Miller Hill
West Michael, DE 37072",PENDING,9
8126,Jeffrey Jenkins,1952-02-13,"650 Amanda Flats
West Bradley, OR 18267",PENDING,12
8127,David Huber,1978-03-18,"65000 Jason Fords
Ashleyview, VI 50789",PENDING,82
8128,Kenneth Foster,1973-07-31,"420 Richard Radial Suite 507
North Andrewton, AS 40321",VERIFIED,59
8129,Cody Evans,1953-08-26,"96450 Walsh Locks
Hudsonton, CO 37978",VERIFIED,16
8130,Robert Brown,1993-07-24,"214 Shea Mall Apt. 428
Jeffreytown, KS 54956",PENDING,46
8131,Paul Campbell,1984-04-15,"058 Daniel Drive Apt. 609
West Edwardshire, FM 45294",VERIFIED,39
8132,John Gibbs,2000-05-18,"210 Danny Manor
New Tami, VA 98624",VERIFIED,59
8133,David Dominguez,2004-07-31,"032 Michael Greens Apt. 207
Dayview, KY 57440",PENDING,29
8134,Zachary Jones,1985-08-15,"793 Butler Camp Apt. 335
Port Michaelville, NM 69258",VERIFIED,25
8135,Nancy Reeves,2003-12-21,"3596 Francisco Keys
West Robin, NY 72546",VERIFIED,49
8136,Natalie Richards,1974-07-11,"24249 Bush Roads Apt. 940
Port Brittany, MI 92312",PENDING,86
8137,Tyler Spears,1955-01-05,"663 April Springs Suite 319
Yvonnefurt, MO 29000",VERIFIED,2
8138,Walter Medina,1972-02-26,"546 Howard Loaf Apt. 107
Williamsmouth, MO 58372",VERIFIED,37
8139,Crystal Vega,1982-04-02,"07232 Jerome Extensions Apt. 178
West Meganbury, MS 69452",PENDING,93
8140,Jordan Thomas PhD,1970-05-28,"2747 Murray Loop Apt. 051
Kathleenbury, NC 52454",PENDING,34
8141,Ms. Susan Calderon,1972-06-21,"70320 Poole Cove Suite 493
Elizabethberg, NY 12819",PENDING,2
8142,Rebecca Miller,1953-04-11,"1030 Nguyen Ramp
Millerburgh, NV 95822",VERIFIED,25
8143,Dana Gomez,2005-12-25,"701 Anderson Plaza
Lake Amy, MP 09140",PENDING,91
8144,Miguel Lawrence,1960-07-26,"62960 Vargas Extensions
Daybury, VI 88805",PENDING,60
8145,Kathryn Daniels,1953-06-17,"8874 Harris Coves
Kruegerfort, VT 80602",PENDING,1
8146,Vincent Sandoval,1996-02-16,"Unit 9587 Box 5547
DPO AE 62195",VERIFIED,15
8147,Ruben Henry,1974-03-10,"0956 Perkins Grove
Randyport, VT 35571",VERIFIED,39
8148,Antonio Jones,1997-01-10,"977 Johnson Fork Suite 616
Christinafurt, CT 21371",PENDING,40
8149,Michele Huber,1987-01-07,"Unit 8609 Box 4502
DPO AE 45756",PENDING,93
8150,Courtney Thomas,2003-05-11,"940 Catherine Rue
Lake Shawn, TX 60237",VERIFIED,43
8151,Christopher Hines,1982-08-03,"2934 Francisco Gardens Suite 833
Wilsonfurt, MI 19614",VERIFIED,44
8152,Paul Chase,1979-06-24,"63507 Gregory Estate Apt. 914
North Jennifer, NE 60911",PENDING,100
8153,Brandon Frost,1966-10-26,"49603 Lori Burgs Suite 709
Clarkberg, FL 00612",VERIFIED,8
8154,Danielle Brown,1998-06-23,"76536 Charles Spurs Apt. 597
Marilynburgh, KY 25144",PENDING,8
8155,Holly Irwin,2004-07-22,"5204 Carolyn Junctions
Smallberg, OR 66790",VERIFIED,76
8156,Tammy Stone,1993-06-14,"389 Joseph Unions
Kurtfort, MH 05718",VERIFIED,1
8157,Nicole Oneal,1955-12-15,"5117 Pamela Villages Suite 296
Warrenberg, MP 38286",PENDING,94
8158,Jessica Lozano,1984-09-16,"2292 Rodriguez Station Suite 075
Brandonburgh, MP 66059",VERIFIED,38
8159,Anna Caldwell,1980-07-31,"356 Cindy Causeway
Richardsonmouth, AS 90989",VERIFIED,93
8160,Christine Clark,1970-06-15,"9129 Coleman Valleys
Davidview, NE 25794",PENDING,82
8161,Traci Anderson,1982-12-07,"512 Lisa Radial
Brownchester, FM 96723",PENDING,66
8162,Eric Grant,1952-10-29,"96831 Kathryn Mount Apt. 321
South Amy, IA 76413",PENDING,95
8163,John Martin,1953-06-28,"369 Young Key Apt. 751
New Sarah, KS 14567",PENDING,8
8164,Carol Caldwell,1996-01-22,"733 Heather Junction Suite 067
Brownstad, OH 40659",VERIFIED,23
8165,Nicholas Perry,1977-09-30,"USNV Guerrero
FPO AA 77430",VERIFIED,68
8166,Mallory Kramer,1958-12-12,"0791 Robert Locks Apt. 777
West Glenshire, NM 44356",VERIFIED,84
8167,Kelly Park,1950-08-27,"384 Jessica Circle Suite 853
Lake Timothy, MI 97960",PENDING,58
8168,Christopher Cooper,1967-01-29,"PSC 1640, Box 5875
APO AP 52285",PENDING,34
8169,Amanda Church,1963-10-16,"012 Christopher Expressway
Joshuaburgh, OK 84706",VERIFIED,71
8170,David Shaw,1986-09-17,"117 Holt Ranch Apt. 855
Deleonmouth, NC 89591",PENDING,37
8171,Stacy Ellis,1999-07-03,"9519 Deborah Causeway
Savageside, LA 06114",PENDING,23
8172,James Maldonado,1958-11-07,"63620 Franklin Tunnel Apt. 700
North Annaton, NV 20054",PENDING,20
8173,Jonathan Bailey,1969-10-04,"308 Burke Fork
Barreramouth, RI 10235",PENDING,82
8174,Daniel Hunt MD,1963-07-08,"284 Johnson Lodge Apt. 730
New Shawnton, IL 49972",VERIFIED,71
8175,Marissa Reed,1959-09-10,"860 Short Prairie
North Jason, GA 40567",PENDING,74
8176,Samuel Green,1997-10-01,"1135 Christine Course
Jasonhaven, AS 89542",VERIFIED,98
8177,Sandra Taylor,1993-08-02,"996 Jenkins Street Suite 861
Ortizchester, ME 33707",PENDING,68
8178,Linda Brown,2006-09-18,"78347 Michael Pines Apt. 467
Brooksville, MO 69256",PENDING,95
8179,Jacob Frazier,1988-02-04,"6313 Duncan Manors
South Jackson, ND 97344",VERIFIED,13
8180,Frank Simpson,1975-06-01,"00500 Allison Burgs
Lake Anthony, KS 66507",PENDING,62
8181,Dr. Sarah King,2000-10-13,"33473 Wilson Track
Lisamouth, IL 85216",VERIFIED,42
8182,Lindsey Gonzalez,1970-03-25,"USNS Klein
FPO AA 06989",PENDING,35
8183,Kevin Snow,2007-04-24,"52104 Tonya Plains Suite 109
Port Gary, WY 06755",VERIFIED,94
8184,Courtney Anderson,1961-11-26,"USCGC Jones
FPO AE 48133",PENDING,19
8185,Hannah Brown,1952-08-24,"02508 Lee Road Apt. 049
Kimberlyport, KY 24992",VERIFIED,42
8186,Dawn Thomas,1994-11-03,"957 Tucker Landing Apt. 107
Gilmoretown, GA 57188",PENDING,96
8187,Sergio Brandt,1975-05-29,"72645 Collins Drive
West Robertmouth, WA 10768",PENDING,87
8188,Stephanie Moore,1999-06-09,"345 Robert Center
Emilymouth, VA 92084",PENDING,88
8189,Johnny Stevens,2000-02-28,"4191 Harper Mountain Apt. 447
New Emily, IL 26419",VERIFIED,6
8190,Jerome West,1968-12-23,"848 Ramirez Lake
South Katelynland, FL 78836",PENDING,43
8191,Crystal Lewis,1994-07-18,"USNS Noble
FPO AP 83654",PENDING,83
8192,Ryan Hammond,1998-12-20,"77580 Bailey Hills Apt. 413
East Jason, MO 55350",PENDING,91
8193,Kevin Walsh,1994-01-06,"701 Matthew Fort
Port John, MI 97589",PENDING,53
8194,Willie Garcia,1973-08-07,"20471 Justin Cliffs
Rileyfort, TX 80873",PENDING,34
8195,Renee Harris,1959-04-26,"9240 Lozano Pike
Joshuamouth, TX 54252",PENDING,80
8196,Dawn White,2000-11-10,"Unit 0522 Box 4146
DPO AA 04816",PENDING,76
8197,James Hester,2008-03-06,"7490 Patrick Glens Suite 536
Lake Rachelmouth, MN 04790",VERIFIED,24
8198,Eric Hartman,1954-05-23,"534 Mark Meadow Suite 101
Scottville, MT 73959",PENDING,64
8199,Katrina Park,1994-08-26,"Unit 7958 Box 0239
DPO AE 96038",VERIFIED,60
8200,Jennifer Ibarra,2005-08-03,"2366 Patrick Spring
Lake Kyleville, KS 66969",PENDING,36
8201,Michael Jones,1952-01-31,"746 Ramirez Meadows Suite 969
Johnsonton, UT 28782",PENDING,92
8202,Michael Miller,1977-05-19,"84475 Rowland Place
Port Mark, TN 37689",VERIFIED,47
8203,Phillip Abbott,1987-05-06,"5298 Dodson Tunnel
Jordantown, DC 48516",VERIFIED,75
8204,Valerie Clark,1978-03-08,"166 William Bridge
New Codyborough, WY 51769",VERIFIED,91
8205,Bethany Simpson,1961-09-10,"54653 Brian Springs
New Amanda, CA 51997",VERIFIED,27
8206,Michael Rangel,2005-07-12,"803 Stacey Light Suite 882
Michaelmouth, VI 36634",VERIFIED,74
8207,Robin Barr,1971-12-11,"19989 Kimberly Brooks Suite 244
Lake Kristina, WV 29004",PENDING,77
8208,Cesar Sanchez,1955-01-16,"68499 Clark Summit Apt. 501
South Janetburgh, ND 02409",VERIFIED,12
8209,Michael Taylor,2003-06-26,"85373 Snyder Union Suite 681
South Kristenfort, WV 52517",PENDING,17
8210,Valerie Bennett,1974-07-26,"7281 Allison Groves
Hudsonside, AL 92625",PENDING,85
8211,Lance Garcia,1976-04-19,"Unit 6813 Box 1011
DPO AE 23508",VERIFIED,89
8212,Mr. James Summers,2002-06-20,"5384 Lisa Underpass
South Lauren, NM 88908",PENDING,17
8213,Kenneth Johns Jr.,1951-01-23,"33192 James Causeway Apt. 364
Lake Cheryl, DE 70158",PENDING,61
8214,Jessica Horton,2006-04-24,"3494 Jones Underpass
Pacefurt, VT 69405",VERIFIED,32
8215,Jeff Hunt,1994-08-07,"PSC 1242, Box 4825
APO AE 65726",PENDING,86
8216,Michelle Ortega,1998-11-02,"7812 Jeffrey Rapids
Lake Donald, NV 30919",VERIFIED,78
8217,Melissa Taylor,1979-01-16,"093 Robin Road Suite 763
North Henryport, FM 21308",VERIFIED,22
8218,Neil Jones,1965-04-16,"1033 Paula Turnpike Apt. 013
West Troymouth, OH 12222",VERIFIED,45
8219,Andrea Williams,1991-09-11,"22257 Emily Stravenue Apt. 044
Patrickbury, NY 95207",PENDING,31
8220,John Turner,1988-04-10,"6115 Rivera Lodge Apt. 407
Lake Mathewberg, CO 75960",VERIFIED,38
8221,Gary Garcia,1957-12-27,"0310 Chavez Point
New Josephville, MH 61921",VERIFIED,80
8222,Lawrence Sanders,1986-04-17,"9213 Shawn Street
Christopherport, TX 23279",PENDING,47
8223,Shelby Cameron,1951-03-04,"PSC 3200, Box 2246
APO AP 65090",PENDING,45
8224,Ethan Fischer,1986-04-06,"USNV David
FPO AE 41339",PENDING,57
8225,Juan Pierce,1972-11-01,"2245 Allison Meadow Suite 000
South Lindsayborough, NH 71563",VERIFIED,56
8226,Jennifer Perry,1950-07-28,"95239 Green Streets Apt. 175
East Arthurstad, MS 37684",VERIFIED,69
8227,Johnny Collins,1988-11-10,"771 Rogers Rue
New Darrellberg, FM 23247",VERIFIED,67
8228,Malik Gray,1964-01-25,"3121 Deborah Inlet
Lake Stacy, VA 82968",PENDING,99
8229,Diana Hansen,1997-12-10,"42172 Adam Rapid Suite 738
North Lancebury, WI 24167",PENDING,30
8230,Austin Johnson,1971-05-22,"335 Robert Road Apt. 956
Lake Elizabeth, WV 68600",VERIFIED,5
8231,Kimberly Kennedy,1997-06-23,"8520 Morgan Summit
Port Matthewport, NV 15286",VERIFIED,76
8232,Rachael Knight,1972-10-10,"49480 Stephanie Forges
Williamsonville, OK 45751",PENDING,39
8233,Joshua Patrick,1984-12-31,"421 West Island
North Patriciaburgh, NJ 45297",VERIFIED,25
8234,Kelly Davis,1957-03-30,"8677 Sims Islands
New Jacob, OK 15987",PENDING,25
8235,Tammy Wright,1999-01-24,"46262 Monique Terrace Suite 627
Lake Carolview, TX 83505",VERIFIED,15
8236,Dana Decker,1964-07-14,"37419 Terry Centers Suite 378
Martinezmouth, LA 58715",VERIFIED,11
8237,Stephen Walton,1969-10-14,"5719 Howard Valley Suite 586
Floreston, SC 23941",VERIFIED,46
8238,Heather Gregory,1979-08-05,"532 Kyle Island
Randalltown, NY 84990",VERIFIED,77
8239,Matthew Carroll,1957-02-02,"208 Chambers Drive Suite 930
North Johnport, CO 60880",PENDING,56
8240,Megan Clark,1989-01-01,"Unit 1915 Box 5862
DPO AA 78598",PENDING,85
8241,Ian Keith,2007-12-30,"3406 Megan Locks
North Maria, OH 42174",VERIFIED,65
8242,Tamara Miller,1950-08-30,"Unit 8416 Box 0325
DPO AE 31946",VERIFIED,62
8243,Laura Oliver,1963-01-04,"2437 Richardson Junctions
New Sabrina, SD 98520",PENDING,44
8244,Mr. Jonathan Gibson MD,1965-06-10,"PSC 8699, Box 5162
APO AE 10914",PENDING,10
8245,Kevin Diaz,1997-08-18,"472 Tran Lake Apt. 899
Thomasfort, ID 25772",PENDING,45
8246,Nathaniel Riddle,1950-11-27,"587 Kirk Coves Apt. 548
New Tammy, MN 34906",VERIFIED,15
8247,Peter Fuller,1992-08-06,"PSC 8075, Box 2207
APO AE 44619",VERIFIED,88
8248,Sean Martinez,2000-05-03,"813 Adams Coves Apt. 820
West Brianshire, NV 25976",PENDING,86
8249,Todd Dunlap,1953-08-16,"16458 Jackson Alley Suite 513
Lake Matthewhaven, MD 62976",VERIFIED,30
8250,Christopher Smith,1974-05-21,"06228 Blankenship Corners
West Lauren, PA 52474",VERIFIED,96
8251,Devin Cabrera,1969-11-12,"5746 Daniel Lakes Apt. 180
Bruceview, MS 45251",PENDING,61
8252,Justin Rodgers,2002-08-07,"951 Briggs Courts
South Charleston, IN 46734",PENDING,72
8253,Audrey Drake,2007-08-09,"6110 Moore Ville
Port Gloria, MI 79277",VERIFIED,76
8254,Richard Johnson,1981-02-24,"6746 Campbell Cliffs
Lake Jesse, ID 34731",VERIFIED,80
8255,Joshua Rivera,1980-01-07,"PSC 2650, Box 7219
APO AE 58772",VERIFIED,32
8256,Betty Maynard,1963-06-13,"238 Steven Unions Apt. 269
New Michaelshire, ME 48191",VERIFIED,46
8257,Bobby Bell,2006-05-14,"Unit 5475 Box 6228
DPO AA 27455",PENDING,31
8258,Brittany Carter,1999-12-24,"68852 Riley Forges Apt. 150
Collinsburgh, MN 34076",VERIFIED,79
8259,Amber Walker,1984-08-05,"33040 Allen Loop
South Carlmouth, VI 37748",PENDING,72
8260,Calvin Ruiz,2006-07-22,"05753 Barker Trail
New Susan, AS 24792",VERIFIED,37
8261,Eric Pollard,2006-05-13,"9906 Walker Summit Apt. 239
Port Christophertown, MA 17595",VERIFIED,8
8262,Elizabeth Mclaughlin,1992-05-03,"0667 Wiggins Forest Suite 732
New Juanview, PA 56201",PENDING,53
8263,Christopher Hall,1975-09-20,"740 Berger Prairie Apt. 071
Lisamouth, MP 45028",VERIFIED,66
8264,Brenda Bennett,2004-11-24,"457 Kyle Forge Suite 871
Port Blake, SC 59713",VERIFIED,98
8265,Jesse Smith,1998-12-01,"980 Wanda Plaza
Arellanostad, AZ 06311",VERIFIED,8
8266,Ryan Golden,1994-09-07,"042 David Drive
North Brian, PW 66251",VERIFIED,87
8267,Nathan Johnson,1985-11-12,"0880 Brian Manor Suite 543
Mcintyreton, DC 46031",PENDING,30
8268,Sabrina Jones,1954-02-25,"070 Carlos Wells
Tylerville, PR 61690",PENDING,10
8269,Stephen Smith,2000-03-23,"USNV Kaufman
FPO AE 18061",PENDING,42
8270,Ashley Wilson,1992-08-15,"16940 Clark Well
Grayton, WV 50272",VERIFIED,2
8271,Brittany Hendrix,1980-06-28,"11994 Jeremiah Court Suite 176
West Elizabeth, MO 73995",PENDING,35
8272,Richard Mcbride,1985-03-24,"36628 Jenkins Prairie
New Michaelburgh, ID 07685",VERIFIED,78
8273,Cassandra Patterson,1988-06-25,"064 Sawyer Orchard
Craigton, OK 78520",VERIFIED,54
8274,Steven Cunningham,2006-04-20,"48142 Leah Dam
Bethport, MO 92422",VERIFIED,9
8275,Amanda Young,1956-01-15,"6038 Joseph Parks Apt. 042
Barrettport, ND 95309",PENDING,56
8276,Sandra Hernandez,1985-09-19,"534 Mcguire Ports Apt. 896
Josephburgh, CA 36543",PENDING,37
8277,Nancy Cooper,1991-12-19,"2391 Jessica Port
Ashleyland, NH 68785",VERIFIED,15
8278,Donald Smith,1960-08-12,"9861 Hudson Port Apt. 482
Joyceside, VI 82658",VERIFIED,10
8279,Daniel Murphy,1951-11-13,"5434 Michael Fields
Lake David, KY 32112",VERIFIED,61
8280,Tiffany Downs,1972-11-05,"25217 Pearson Highway Suite 900
New Christopher, NJ 55738",PENDING,43
8281,John Wall,1979-04-27,"629 Morales Islands Apt. 780
Martinville, FL 47711",VERIFIED,38
8282,Sarah Dean,1964-06-13,"25045 Diaz Turnpike Suite 570
West Andrehaven, IA 83233",PENDING,36
8283,Nicole Krause,1994-05-31,"885 Swanson Islands Apt. 670
Lake Johnnyborough, AK 30359",VERIFIED,42
8284,Debbie Vasquez,2007-07-08,"7979 Chandler Glens
Walkerland, WY 36676",PENDING,24
8285,Jade Shea,1999-02-11,"59726 Porter Heights
Port Andreland, VT 25297",PENDING,87
8286,Melinda Bryant,1980-01-26,"0350 Timothy Summit
Jacobview, PR 66037",VERIFIED,29
8287,Donald Hawkins,2002-06-15,"159 Sonya Crossroad Suite 676
Marialand, MT 52088",VERIFIED,90
8288,Mary Cummings,1959-06-24,"865 Fisher Village
Kevinshire, DC 28067",VERIFIED,87
8289,Robert Le,1983-05-17,"66537 Patricia Springs Suite 973
South Joseph, HI 29930",VERIFIED,63
8290,Sean Henderson,1970-03-09,"17699 Thomas Circle
Tylerstad, MT 54235",VERIFIED,52
8291,Victoria Lee,1985-10-17,"935 Brenda Light Apt. 387
Hollandbury, DC 18821",VERIFIED,26
8292,Teresa Merritt,1995-11-04,"951 Irwin Gardens Apt. 087
Port Katietown, CA 64531",VERIFIED,94
8293,Fred Gray,2005-07-20,"449 Margaret Springs
Cooperbury, MT 46886",PENDING,20
8294,Mark Lin,1955-11-15,"394 Flores Flats
New Susan, MH 46659",PENDING,15
8295,Aaron Conner,1972-12-26,"74818 Jamie Springs Apt. 266
Brooksland, OH 71644",PENDING,81
8296,Lauren West,1967-07-20,"2415 Diane Fort Suite 354
Thomasshire, MN 33763",PENDING,2
8297,Stephen Hunter,1956-04-27,"374 Fisher Street Apt. 626
Amymouth, CO 78985",VERIFIED,15
8298,Wayne Gillespie,1979-11-29,"857 Williams Mountains
Lake Curtisville, OH 72712",VERIFIED,89
8299,Gina Mitchell,1987-08-01,"USCGC Williamson
FPO AA 95211",VERIFIED,78
8300,Brandon Andrade,1969-07-30,"209 Jennifer Valley
South Evan, NY 87265",VERIFIED,81
8301,Christopher Moore,1967-08-23,"696 Salinas Center
West Andrea, CO 50763",VERIFIED,87
8302,Tyler Austin,2005-08-21,"76969 Danielle Shore Suite 597
South Amberchester, VA 19225",PENDING,35
8303,David Alexander,1959-04-23,"PSC 3186, Box 7675
APO AP 13477",VERIFIED,73
8304,Joseph Benton,1956-10-02,"677 Elizabeth Forks
Port Jenniferberg, RI 73644",PENDING,54
8305,Tyler Jacobson,1952-09-05,"PSC 0147, Box 7850
APO AA 16157",PENDING,51
8306,Cameron Johnson,1999-10-17,"16140 Christian Lakes
Lake Robinburgh, IL 04506",PENDING,15
8307,Laura Torres,1962-06-04,"6196 Charles Forks
Stuartville, MD 98292",PENDING,25
8308,James Bright,1984-11-08,"57949 Marshall Heights
East Seth, TN 80214",VERIFIED,88
8309,Donna Hudson,1984-07-03,"11812 Gregory Burgs
Jimenezbury, AS 17373",VERIFIED,45
8310,Cindy Alvarado,1976-10-01,"56107 Gill Light
Aimeeburgh, GU 12554",VERIFIED,84
8311,Dennis Freeman,2000-02-28,"585 Michael Street Apt. 899
East Nicolestad, WY 24398",VERIFIED,39
8312,Brett Thomas,1987-06-21,"32671 Herrera Prairie Suite 996
Connieview, NJ 60692",PENDING,27
8313,Lisa Burnett,1987-01-17,"3515 Amanda Roads Apt. 767
Kevintown, SC 54532",VERIFIED,89
8314,Matthew Aguilar,1964-06-04,"Unit 6572 Box 4972
DPO AE 12766",PENDING,95
8315,Timothy Lewis,1976-04-30,"80078 William Parkways
Riceville, AZ 04510",VERIFIED,17
8316,Ann Henderson,1997-05-30,"0297 Stone Ramp
Lake Megan, MI 36646",PENDING,89
8317,Vincent Craig,1963-05-17,"092 Logan Trace
Fergusonburgh, OK 63028",PENDING,80
8318,Megan Williams,1956-09-14,"0269 Rachel Ville
Port Malloryland, DE 49445",VERIFIED,67
8319,Jenny Roberts,1987-05-01,"9775 Johnson Burgs
West Christopher, ND 71523",PENDING,20
8320,Peter Thomas,1988-08-14,"7416 Patricia Route
Randallberg, ME 68839",PENDING,65
8321,Francisco Owen,1968-03-09,"31958 Wallace Port Apt. 037
West Melissa, NH 85893",VERIFIED,59
8322,Joshua Powers,2004-11-24,"8692 Alvarado Spur
North Barbaramouth, AL 69611",VERIFIED,81
8323,Ms. Leah Randolph MD,1969-03-07,"800 Susan Ways Suite 905
North Elizabethburgh, SC 02057",PENDING,67
8324,Brent Williams,1979-10-22,"28657 Calderon Pass Apt. 535
Copelandberg, NY 67269",PENDING,52
8325,Jill Long,1974-11-26,"74686 William Branch Suite 967
Lake Karenfort, AR 25756",VERIFIED,60
8326,Russell Morgan,1994-05-14,"8874 Ortiz Cliffs
South Tylerfurt, MD 49116",VERIFIED,3
8327,Francis Perry,1953-04-16,"9003 Jenkins Meadow Suite 672
West Tracyshire, TN 42690",VERIFIED,76
8328,Jody Kelley,1970-07-14,"49710 Reginald Point
Frankfort, VT 74902",PENDING,17
8329,Krystal Graham,1998-03-02,"26058 Dalton Rapids
Port Andrewview, WY 25669",PENDING,72
8330,Thomas Wiggins,1999-05-08,"703 Campbell Spur
Donaldfort, RI 76652",PENDING,49
8331,Tyler Lawson,1954-12-22,"17048 Collier Circles Apt. 214
Cookburgh, WA 51123",VERIFIED,87
8332,Katrina Holden,1974-03-12,"017 Carlos Mills Suite 622
Jensenborough, NE 13519",VERIFIED,34
8333,James Martin,1954-10-21,"15525 Ramsey Locks Suite 283
North Michaelton, MH 37472",VERIFIED,5
8334,Jason Johnson,1954-11-04,"89374 Paige Hill Apt. 248
West Ashley, GA 38173",VERIFIED,36
8335,Tara Cabrera,1975-06-30,"592 Hernandez Walks
New Adamville, CA 17236",VERIFIED,84
8336,Tyler Rice,1952-04-10,"4074 Orr Dale Apt. 921
Colinside, MS 18545",VERIFIED,34
8337,Dennis Barajas,1954-06-10,"242 Bradshaw Brooks Apt. 002
Justinside, NE 22166",PENDING,32
8338,Kevin George,1978-12-05,"7441 Jeremiah Oval Suite 328
Kingchester, WY 35149",PENDING,36
8339,Stephanie Espinoza DDS,1987-03-15,"4140 Shepherd Spurs Apt. 888
Lake Marystad, CA 80495",PENDING,73
8340,Patricia Kidd,1962-08-06,"719 Rush Forest
Rachelmouth, SD 80708",VERIFIED,21
8341,Jacob Young,1974-07-18,"045 Denise Key Apt. 824
New Clifford, VI 07076",PENDING,33
8342,Bryan Romero,2005-08-27,"8842 Moss Fort Apt. 857
Kristinborough, AK 88614",VERIFIED,54
8343,Amy Wood,1998-05-13,"57856 Becker Prairie
Port Jenniferberg, IA 31203",VERIFIED,87
8344,Kathryn Cruz,1972-08-17,"5319 Kelly Square
North Tammy, AR 04141",PENDING,40
8345,Stephen Gill,1965-01-18,"53956 Mario Shoals Apt. 849
Paulview, NY 30630",VERIFIED,14
8346,Daniel Navarro,1999-02-08,"249 Kelly Ports Suite 201
East Tamara, MI 70926",PENDING,2
8347,Shelia Johnson,1971-08-30,"071 Smith Viaduct
North Shannon, TX 89675",PENDING,96
8348,Amber Lewis DDS,1963-12-06,"9758 Tina Mews
West Justin, AR 39685",PENDING,100
8349,Brianna Moore,2000-07-17,"17737 Richard Roads
Julieton, MI 09238",VERIFIED,37
8350,William Salazar,1956-03-11,"Unit 0542 Box 2006
DPO AE 20352",VERIFIED,62
8351,Eric Ross,2004-08-19,"3346 Thomas Cliff Suite 473
Priceview, WY 10132",PENDING,69
8352,Stephen Morgan,1984-07-30,"855 Lisa Ports Apt. 586
Allentown, MN 98935",VERIFIED,90
8353,Danny Parks,1961-09-02,"18231 Perry Path
South Elizabeth, LA 82454",PENDING,40
8354,Kenneth Williams,1957-05-06,"1336 Robert Locks Suite 163
Shannonside, MI 20512",VERIFIED,90
8355,Angela Shea,1963-07-05,"717 Ryan Views Suite 403
Katherineville, KY 83863",PENDING,57
8356,Garrett Mejia,1993-07-03,"6474 Davis Stream Suite 899
Willisville, FM 59951",VERIFIED,55
8357,Anthony Richards,1985-11-21,"04596 Wright Valley Apt. 722
South Kayla, NE 45235",PENDING,64
8358,Dr. Jason Rivera,1954-03-06,"3820 Sandra River Apt. 801
East Robertview, NY 92992",VERIFIED,71
8359,Patrick Robinson,1988-12-14,"16309 Kim Tunnel
Smithbury, DE 42367",VERIFIED,99
8360,James Gentry,1964-06-10,"PSC 4141, Box 6962
APO AA 65146",PENDING,45
8361,Mandy Scott,1993-08-20,"4055 Gardner Island Suite 948
Melindachester, NC 12196",VERIFIED,26
8362,Dawn Townsend,1962-07-07,"118 Julian Hill
Lake Aprilside, TX 84512",PENDING,60
8363,Daniel Cruz,2002-07-15,"6044 Ross Squares
New Sean, MO 35346",VERIFIED,27
8364,Debbie Hughes,1954-11-03,"2768 Brittany Squares Suite 174
North Rebeccaview, UT 43314",VERIFIED,89
8365,Matthew Duran,1996-12-17,"06167 Brown Corner
New Dawn, VT 07294",VERIFIED,8
8366,Clayton Flores,1978-10-12,"7084 Brenda Fields Apt. 634
New Kevin, IN 39561",VERIFIED,37
8367,Erica Bass,1984-05-17,"USS Lynch
FPO AP 88424",VERIFIED,79
8368,Amber Lyons,1980-03-08,"83402 Suzanne Haven
Benjaminmouth, PW 03267",VERIFIED,59
8369,Debra Holt,1958-04-02,"2350 Zachary Unions
West John, FL 75266",VERIFIED,72
8370,Diana Ford,1955-04-20,"71885 Melissa Flat Suite 546
Stephaniemouth, SD 32449",PENDING,76
8371,Matthew Watson,1952-09-20,"54857 Thomas Expressway Apt. 907
Port Elizabethhaven, NE 04173",VERIFIED,32
8372,Clifford Davis,1984-09-05,"44486 Lucas Fork
East Elizabeth, NY 28241",PENDING,39
8373,Jordan Smith,1994-03-10,"PSC 3055, Box 7841
APO AE 82283",VERIFIED,93
8374,Juan Malone,1959-05-27,"6968 Horne Club
Coreyton, FM 93964",PENDING,56
8375,Douglas Arnold,1991-03-13,"822 Woods Pine Apt. 008
Joelfurt, GA 43026",VERIFIED,5
8376,John Castro,1973-01-25,"91903 Mack Coves Suite 958
Barnettland, PA 52465",VERIFIED,8
8377,Tonya Carlson,1993-09-27,"146 Doyle Freeway
Hannahmouth, OR 91336",VERIFIED,4
8378,Kenneth Gardner,1959-06-27,"USCGC Walls
FPO AP 27162",VERIFIED,62
8379,Leonard Nunez,1994-10-03,"127 Thomas Walk Suite 256
Fordshire, ID 83635",PENDING,60
8380,Kimberly Mcmahon,1974-06-07,"USNV Gill
FPO AP 60508",PENDING,54
8381,Sarah Moran,1966-12-03,"241 Emma Gateway Suite 526
West Aaron, DE 39583",VERIFIED,91
8382,Lynn Sullivan,1975-08-03,"226 Hunt Circle
Woodsfort, ID 94944",PENDING,26
8383,Rhonda Bowman,1978-03-07,"75027 Davila Viaduct Suite 813
East Erica, SD 04460",VERIFIED,96
8384,Jennifer Peck,1973-04-11,"790 Debra Inlet Apt. 325
East Nicholasfort, TX 55582",VERIFIED,43
8385,Lisa Long,1983-08-03,"15803 Tate Creek
Williammouth, VA 54533",VERIFIED,62
8386,Jonathan Blair,1990-06-12,"3670 George Ports Apt. 894
West Ryan, DE 68295",PENDING,70
8387,Shannon Ponce,1978-11-20,"681 Ryan Plaza
Port Curtisville, MH 56015",VERIFIED,53
8388,Kevin Young,1988-11-19,"49200 Aaron Views
Kristenview, OR 34003",PENDING,43
8389,Kurt Parker,1956-04-02,"092 Jonathan Fort
Lisafort, MD 66351",PENDING,45
8390,Jordan Walsh,1989-06-06,"USCGC Hale
FPO AE 07151",VERIFIED,27
8391,Cassidy Horton,1980-08-24,"44218 Christopher Isle
West Amanda, AK 98265",PENDING,50
8392,Julie Allen,1955-11-13,"29405 Sloan Ferry
Sarahbury, NE 68516",VERIFIED,44
8393,Charles Ortiz,2006-02-07,"39890 Amy Mill
Baileychester, SD 94007",VERIFIED,74
8394,Wendy Black,1950-07-31,"9791 Jeffrey Locks
Jenniferport, AR 40614",VERIFIED,66
8395,Tiffany Mccann,1958-04-16,"9869 Avila Park Apt. 566
West Lorraine, PR 91278",PENDING,21
8396,Julie Poole,1973-02-12,"346 Laura Loop Apt. 284
South Wandaland, OR 82493",PENDING,2
8397,Rachel Meyers,1957-06-04,"7286 Richardson Roads Suite 035
Pattyport, PR 04329",VERIFIED,55
8398,Nicolas Jones,1998-06-05,"96130 Todd Harbor
East Garrettfort, NC 44005",VERIFIED,42
8399,Robert Greene,1985-04-10,"96528 Brandt Underpass
West William, ID 49474",PENDING,16
8400,Robert Lyons,1972-09-28,"64372 Christina View
East Mary, ME 24513",PENDING,87
8401,Alexandra Walters,1994-12-19,"3678 Palmer Tunnel
South Markchester, FM 81414",VERIFIED,90
8402,Debra Allen,1984-11-16,"34732 Joanna Street Suite 049
Clarkberg, WY 22231",PENDING,73
8403,David Washington,2000-08-08,"33876 Tracy Plaza
Kimberlyton, IA 91077",VERIFIED,20
8404,Jermaine Ortiz,1972-10-25,"758 Denise Rest Suite 127
Port Desiree, CT 34297",VERIFIED,9
8405,Timothy Schmidt,1986-04-10,"6398 Stewart Streets Suite 412
Lake Sabrinastad, OK 82791",PENDING,90
8406,William Cooke,1967-01-06,"1737 Werner Corner
Kingfurt, AR 24811",PENDING,69
8407,Lawrence Williams,1957-05-11,"13058 Michael Meadows Apt. 892
East Carol, KS 96486",VERIFIED,54
8408,Ricardo Carroll,1997-04-07,"7437 Howard Fall Apt. 958
Paulmouth, NV 59977",PENDING,33
8409,Mr. Mark Sullivan,1956-06-24,"48281 Kyle Turnpike
East Davidport, MD 16879",PENDING,86
8410,Joshua Trevino,1986-09-18,"9833 Cynthia Springs
Smithland, WI 26532",PENDING,91
8411,Michelle Bennett,1963-11-02,"37990 Jodi Canyon Apt. 499
Lake Pedroshire, GA 25368",VERIFIED,17
8412,Mary Garcia,1996-01-27,"82714 Lisa Junctions Apt. 110
Port Nicoleborough, SC 26505",PENDING,84
8413,Ann James,2006-09-16,"82637 Christine Port Suite 653
Patrickfurt, IN 67706",VERIFIED,10
8414,Fernando Martin,1976-01-04,"045 Rachel Plains
Port Andreamouth, OK 68015",VERIFIED,41
8415,John Hall,1979-08-07,"8592 Nathan Springs
East Michael, IN 26846",PENDING,82
8416,Michael Dawson,1974-10-06,"3899 Amanda Square Apt. 309
Howellville, NY 33196",VERIFIED,9
8417,Edward Wells,1971-05-23,"8282 Tammy Plains
Barbershire, MS 19195",VERIFIED,91
8418,Brandi Patel,2007-11-14,"393 Eric Union Suite 672
Port Andrew, KY 20572",VERIFIED,38
8419,Sandra Miller,2007-03-12,"1663 Richard Ridges Apt. 894
East Josephstad, CA 12156",VERIFIED,8
8420,Joyce Diaz,2002-02-11,"6303 Kenneth Mission
North Christopher, KY 68140",VERIFIED,51
8421,Scott Shaw,1980-03-28,"PSC 8435, Box 6343
APO AA 30591",VERIFIED,55
8422,Michael Rush,1986-05-25,"560 Jeffrey Isle
Ramirezburgh, KS 67711",PENDING,93
8423,Joshua Aguilar,2005-05-03,"80595 Simmons Fields
North Lee, IA 71901",PENDING,43
8424,Angela Gardner,1982-06-03,"PSC 4069, Box 5165
APO AP 90600",PENDING,8
8425,Patricia King,1966-10-03,"9740 Fitzpatrick Mills Apt. 369
West Ashleymouth, ME 62308",VERIFIED,91
8426,Jennifer Garcia,1966-12-31,"966 Angela Glen
Morseshire, TN 87949",PENDING,43
8427,Emily Wheeler,1975-10-25,"789 Castro Court
Lindseystad, AR 35589",VERIFIED,63
8428,Mr. Matthew Cortez,1989-09-27,"2712 Mckenzie Coves Suite 877
Jennifermouth, VT 66279",VERIFIED,61
8429,Tina Silva,1991-09-29,"5767 Ray Courts
Alanberg, IL 44850",PENDING,98
8430,Stacy Bell,1954-02-25,"47182 Craig Divide Apt. 012
New Daniel, NM 90294",VERIFIED,33
8431,Corey King,1973-08-02,"249 Taylor Villages Suite 771
Nicholsmouth, NY 66389",PENDING,12
8432,Michael Harris,1959-02-06,"53407 Atkinson Row
New Vanessa, MD 78123",VERIFIED,97
8433,Christian Thompson,1964-04-02,"5955 Rivera Parkway Suite 545
Port Jennifertown, SD 89780",PENDING,66
8434,Barbara Thomas,1984-05-18,"81009 Haley Fort
Huffstad, MD 73638",PENDING,100
8435,Joseph Byrd,1961-02-13,"657 Tony Mission Suite 772
West Lauren, NY 78877",PENDING,40
8436,Pamela Patterson,1961-03-15,"34200 Jeffrey Drive Suite 846
West Virginiafort, AZ 56796",VERIFIED,24
8437,Molly Murray,1965-11-08,"60945 Alison Flat Apt. 001
Amandahaven, ME 17810",VERIFIED,89
8438,Cody Villanueva,1967-08-13,"7746 Robinson Estates Suite 334
Jamesfort, GU 23494",VERIFIED,54
8439,Sara Little,1962-04-02,"87801 Angela Mill
Jamesshire, TN 62413",PENDING,87
8440,Peter Sims,1969-09-28,"46986 Brian Court
New Brian, MP 25205",VERIFIED,42
8441,Charles Weber,1951-10-11,"Unit 9784 Box 7270
DPO AA 77594",PENDING,52
8442,Marcus Patton,1978-06-04,"00928 Mcguire Knoll Suite 254
North Jessica, TN 74243",VERIFIED,81
8443,Jeremy Lee,1971-01-08,"988 Lawson Fort
Mercermouth, MI 90826",PENDING,93
8444,Gina Woods,1988-05-16,"55821 Gardner Groves Apt. 720
Smithton, MD 25843",PENDING,35
8445,Brandon Moore,1976-08-31,"1258 Buchanan Green Suite 471
Manningside, FM 27507",VERIFIED,73
8446,David Lambert,1956-10-19,"103 Ashley Crossing
New Veronica, CA 55951",PENDING,70
8447,Benjamin Patel,1956-12-10,"51878 Howard Trail Suite 678
Rebeccabury, AR 90892",PENDING,32
8448,Joseph Singh,1975-06-22,"7776 Barber Stream
Lake Drewfurt, WY 71709",VERIFIED,15
8449,Steven Jones,1987-06-06,"18692 Coleman Bridge Apt. 538
Johnmouth, NC 28625",VERIFIED,41
8450,Anna Gonzalez,1960-07-25,"58572 Downs Rue
Greenmouth, MD 72464",VERIFIED,61
8451,Daniel Brady,2005-07-24,"Unit 5747 Box 9237
DPO AP 85431",PENDING,36
8452,Anthony Hodges,1991-11-16,"08388 Rebecca Landing
South Philip, VI 44462",VERIFIED,93
8453,Richard Long,1989-12-23,"33096 Kelly Lakes
Lake Tricia, AZ 79215",VERIFIED,36
8454,Francis Hill,1974-06-13,"150 Johnson Wall Apt. 753
South Gregoryfurt, FL 66394",VERIFIED,84
8455,Ryan Pierce,1969-05-03,"8626 Alexander Haven Suite 662
South Ronaldfort, CA 21834",PENDING,89
8456,Tracy Miller,1979-01-31,"36243 Jessica Fields Apt. 186
Daniellemouth, LA 49167",VERIFIED,8
8457,Dawn Estrada,1987-01-27,"5612 Miller Throughway Apt. 447
Beststad, NE 17238",VERIFIED,76
8458,Madeline Cline,1980-04-30,"38743 Shaun Center
Ellisville, NY 61070",VERIFIED,56
8459,James Jones,1985-10-30,"85423 Wall Lodge
South Julie, SC 22633",VERIFIED,43
8460,Kerri Cline,1960-12-22,"033 Brennan Highway Apt. 275
East April, MI 14244",VERIFIED,19
8461,Ricky Johnson,1957-04-15,"6985 Dana Hill
Cervantesburgh, VA 36666",PENDING,16
8462,Katherine Boyd,2002-01-31,"360 Johnson Plains
South Nicole, TN 53505",PENDING,65
8463,Kimberly Garcia,1964-02-07,"360 Martin Mill
Gainesfort, IA 47564",PENDING,88
8464,Heather Allen,2006-05-23,"61642 Fisher Viaduct
North Jeremyside, TN 04477",VERIFIED,69
8465,James Gonzales MD,1982-11-05,"41936 Hancock Estates
Lake Scottport, AL 05204",VERIFIED,75
8466,Tina Garcia,1966-05-19,"277 Andre Trafficway
Vegaland, AR 55498",VERIFIED,29
8467,Cindy Sparks,1998-07-15,"1189 Spencer Mill Apt. 922
Frenchburgh, SD 70848",VERIFIED,89
8468,Denise Webb,1958-03-26,"933 Johnson Terrace Suite 924
East Alanmouth, CO 16282",VERIFIED,58
8469,Sherri Little,1952-10-25,"37337 Perez Village Suite 961
West Angela, MA 94718",VERIFIED,46
8470,Kelly Nguyen,1961-03-16,"984 Mary Mount Apt. 030
Pearsonville, ID 05730",VERIFIED,23
8471,Lucas Ho,1976-01-14,"64825 Robinson Knolls Apt. 001
Andersonburgh, NY 42641",VERIFIED,97
8472,Kristin Bates,1997-03-04,"0722 Jennifer Park
East Mark, GA 52153",PENDING,96
8473,Rachael Holloway,2007-09-21,"4965 Justin Valley
Laurenview, NC 32718",VERIFIED,88
8474,Monique Myers,1982-03-07,"08797 Anna Orchard Apt. 146
Jenningsfort, AR 21708",VERIFIED,5
8475,Eric Mendez,1951-01-20,"566 Kathy Haven
Smithton, VI 81402",VERIFIED,34
8476,Johnny Hughes,1984-04-07,"PSC 9323, Box 6445
APO AP 66082",VERIFIED,55
8477,Rebecca Farrell,1954-11-27,"591 Kenneth Station
Christopherview, MA 64700",PENDING,98
8478,Steven Payne,2006-08-12,"6262 Smith Route Suite 270
South Belindamouth, LA 73801",PENDING,23
8479,Elizabeth Hunter,1963-12-01,"55763 Michelle Green
Martinezbury, NH 18583",VERIFIED,98
8480,Isaac Cook,1999-01-27,"USCGC Levine
FPO AA 19033",PENDING,54
8481,Todd Avila,1951-10-01,"564 Gonzalez Ways Suite 940
New Matthewborough, IL 72591",VERIFIED,54
8482,Jeremiah Murphy,1981-03-15,"774 Durham Coves Apt. 326
North Karen, NC 37357",VERIFIED,46
8483,Mary Bullock,1991-03-01,"219 Steven Street
Port William, IN 48932",VERIFIED,92
8484,Regina Ruiz,1996-06-23,"554 Hill Gardens
Port Philip, LA 72996",PENDING,43
8485,Matthew Mathis,1961-12-08,"389 Johnson Island
East Kathyville, GU 35274",PENDING,24
8486,William Reyes,1996-04-12,"Unit 8124 Box 6128
DPO AE 72524",PENDING,23
8487,April Smith,2004-12-26,"207 Jerry Plaza
Clairemouth, AS 75891",PENDING,51
8488,Julia Ford,1993-12-04,"29829 Emily Vista
Nathanmouth, HI 51787",VERIFIED,92
8489,Christine Berry,2007-02-06,"22169 Rodgers Locks
New Catherineside, MS 10787",PENDING,92
8490,Victor Owen,2006-08-23,"22898 Linda Port
New Stevefort, NJ 81027",PENDING,38
8491,Adrian Russell,1994-01-19,"02411 Johnson Villages Apt. 736
North Ambertown, RI 43161",PENDING,92
8492,Amy Frye,1953-07-25,"PSC 6793, Box 0719
APO AP 13202",PENDING,71
8493,Daniel Olson,2007-01-30,"6917 Shane Terrace Apt. 279
Lopezfort, VA 34421",PENDING,26
8494,Mr. Ryan Carpenter,1972-05-04,"9111 Angela Fall Apt. 212
Seanland, MP 57311",PENDING,22
8495,Alyssa Mendez,2000-12-20,"4143 Jimenez Overpass Suite 116
Ericfort, OH 30370",PENDING,57
8496,Rachael Wilkins,1960-01-10,"PSC 4655, Box 2164
APO AP 58000",VERIFIED,41
8497,Brett Miller,1989-05-19,"577 Holly Burgs Apt. 181
New Hunter, FL 68594",VERIFIED,78
8498,Brandy Burnett,1975-09-04,"282 Butler Shoals
Samanthaland, NJ 43404",PENDING,71
8499,Michael Morton,1974-03-25,"3591 Jones Cliffs Suite 539
South Annaport, WI 92254",VERIFIED,27
8500,Melissa Holden,1958-02-05,"5431 Peters Island
West Andrew, AR 60111",PENDING,39
8501,Henry Hernandez,2006-10-13,"13306 Sims Hollow Apt. 858
East Crystalland, OK 89656",VERIFIED,29
8502,Michael Martinez,1975-01-09,"Unit 1311 Box 6140
DPO AA 00769",VERIFIED,51
8503,Thomas Maddox,1976-06-08,"PSC 3054, Box 4293
APO AP 55147",PENDING,67
8504,Austin Diaz,1975-11-15,"143 Oneal Pike
Cindyfort, TX 72392",VERIFIED,65
8505,Nicole Miller,1977-08-11,"940 Miller Spur Apt. 485
Coryton, SC 46848",PENDING,91
8506,Mackenzie Bryant,1957-02-17,"51640 Heather Ford Apt. 376
North Daniellechester, NC 04334",VERIFIED,3
8507,Jimmy Romero,1978-07-18,"6679 Mcintosh Ville
South Tonya, PR 22644",VERIFIED,61
8508,Brenda Campbell,1997-12-09,"105 Johnson Plains Apt. 143
Byrdbury, OH 74137",VERIFIED,75
8509,Rebecca Lee,2001-03-06,"Unit 8783 Box 6026
DPO AP 83028",PENDING,77
8510,Kaylee Mendez,1990-03-02,"661 George Junctions Suite 983
Mariahstad, SD 80745",PENDING,94
8511,Zachary Stewart,1953-06-04,"USNS Smith
FPO AP 59051",PENDING,91
8512,Deborah Mccann,1971-06-26,"602 Smith Wall Apt. 799
South Shane, DC 57066",VERIFIED,2
8513,Ashley Mcpherson,1981-02-02,"PSC 1438, Box 9050
APO AA 47949",PENDING,38
8514,Ian Reed,1953-02-05,"3392 Cynthia Junction Suite 115
Joshuaside, MS 31231",VERIFIED,53
8515,Carl Jones,1961-08-25,"4138 Kelly Canyon Apt. 335
Lake Ashleyland, CO 67166",PENDING,11
8516,Jason Byrd,1995-10-12,"1763 Day Heights
Lindaview, AL 76698",VERIFIED,67
8517,Joseph Bradley,1984-04-09,"209 Jacobs Freeway
Port Benjamin, ND 65113",VERIFIED,50
8518,Joel Bennett,1991-01-01,"4374 Brandon Falls
Meganville, SD 51036",VERIFIED,59
8519,Ruben Wilson,2004-02-03,"48704 Sims Highway Apt. 576
Lake Johnmouth, MO 87598",VERIFIED,67
8520,Jenny Mathis,1961-06-10,"1372 Marissa Crescent
Lake Linda, AR 10216",PENDING,71
8521,Carol Collier,2007-05-31,"0149 Gilbert Trail
East Anthonystad, MH 48666",PENDING,22
8522,James Russell,2002-06-20,"04389 Daniel Pine
Vickimouth, VT 79816",PENDING,100
8523,Curtis Mclaughlin,1972-08-05,"83094 Thomas Heights
Hicksborough, UT 28730",VERIFIED,54
8524,Colin Lambert,1980-02-01,"076 Huynh Forest Apt. 111
East Victoria, MN 53426",VERIFIED,24
8525,Bethany Edwards,2008-03-08,"396 Nicole Shoal
Lake Lisamouth, MT 74370",VERIFIED,15
8526,Briana Lopez,1960-10-09,"633 Rhonda Underpass
Brendamouth, PA 65650",PENDING,36
8527,Corey Moody,1977-06-21,"728 Lewis River Apt. 555
East Lisa, VA 31182",VERIFIED,59
8528,Michele Smith,1969-01-14,"136 Amanda Junctions Apt. 635
Port Cheyennehaven, CT 71551",PENDING,98
8529,Stephanie Myers,1987-06-15,"22431 Herrera Ramp
North Kelsey, FL 31684",PENDING,41
8530,Bryan Jones,1982-07-24,"636 Kyle Ridge Apt. 453
Lisaside, NY 22306",PENDING,28
8531,Brandon Duran,1998-02-06,"3288 Angela Summit
Lake Courtneyberg, PA 23291",VERIFIED,41
8532,Kimberly Santos,2006-06-22,"074 Bell Meadow
Kristinbury, WI 25760",PENDING,66
8533,Thomas Ray,1993-11-26,"632 Williams Grove Apt. 303
South Sabrinaville, NE 63076",VERIFIED,36
8534,Barry Gonzalez,1998-06-02,"684 Timothy Glen Suite 995
East Ashleyshire, TN 73356",PENDING,69
8535,Timothy Douglas,1959-06-06,"45673 Deborah Glens
East Gregoryberg, MH 37464",VERIFIED,13
8536,Clayton Bentley,1958-06-03,"4695 Gregory Stravenue Suite 197
Lake Anthony, AL 49558",PENDING,77
8537,Patricia Wilson,2003-08-05,"63882 George Neck Apt. 929
Sarahberg, LA 05358",PENDING,80
8538,Michael Gray,1957-02-10,"792 Tucker Expressway
Michaelside, ID 91093",PENDING,3
8539,Amy Mclaughlin,1976-05-04,"596 Hill Isle Suite 028
Thomaston, OK 29102",VERIFIED,96
8540,Mrs. Kim Williams,1953-11-09,"541 Warner Knolls
Williamsbury, IA 30734",VERIFIED,26
8541,Luke Smith,1991-05-06,"PSC 9399, Box 6600
APO AP 73393",VERIFIED,42
8542,Chad Dean,1979-03-31,"04556 Smith Lake Suite 935
South Feliciaview, VT 87245",PENDING,71
8543,Jennifer Butler,1956-08-15,"USNV Ortega
FPO AA 08708",VERIFIED,14
8544,Jacqueline Baker,1960-06-12,"USS Torres
FPO AA 83200",PENDING,18
8545,Timothy Lewis,2005-10-17,"487 Kyle Forest
North Williamfurt, WI 22627",VERIFIED,28
8546,Kaitlin Hughes,1956-10-20,"9084 Elizabeth Island Suite 029
Mariatown, IN 82590",VERIFIED,4
8547,John Meyer,1976-04-10,"70717 Charles Rest Apt. 703
Wallmouth, TN 83626",PENDING,9
8548,Debra Kim,1969-09-14,"62288 Stein Ville Apt. 909
Lake Jamie, NV 35981",VERIFIED,40
8549,William Powers,1999-07-01,"6362 Brown Locks Suite 568
New Sherri, MS 01235",PENDING,28
8550,Rodney Smith,2004-05-02,"1145 Teresa Tunnel Apt. 598
South Davidport, KS 95418",PENDING,73
8551,Adam Harrison,1991-10-26,"PSC 0374, Box 0251
APO AP 10341",VERIFIED,58
8552,Jeffrey White,1973-07-28,"47111 Danny Fords
Owensberg, MN 66389",VERIFIED,14
8553,Julie Jackson,1983-05-26,"0169 Cordova Loop
Port Christianberg, PW 88010",PENDING,35
8554,Gabriela Carr,1975-05-30,"PSC 3107, Box 1726
APO AA 59480",VERIFIED,61
8555,Christina Lynch,2007-05-23,"507 Kevin Plaza Suite 557
West Scottmouth, MN 12029",VERIFIED,52
8556,Jessica Wilson,1957-03-29,"9775 Tom Gardens
Olsonport, NJ 36188",PENDING,19
8557,Karen Shaw,1969-03-30,"8126 Bennett Pine Apt. 174
Port Lindsey, MT 27354",PENDING,83
8558,Julie Gonzalez,1957-09-21,"5693 Wendy Cape Apt. 987
Ramirezborough, OK 02197",PENDING,70
8559,Stephen Zamora,1989-11-28,"1240 Robinson Crest
Lake Sandra, MH 42739",VERIFIED,25
8560,Marissa Rivera,1968-04-15,"9087 Mccann Gardens Suite 663
Lake Nicoleview, DE 44392",VERIFIED,33
8561,Justin Stephens,1973-08-19,"052 Brandi Summit Apt. 252
South Stephen, MS 08706",PENDING,68
8562,John Best,1952-05-22,"USNS King
FPO AE 06423",PENDING,23
8563,Susan Griffin,1962-06-15,"01375 Sabrina Station
South Jeremiah, NM 11739",PENDING,38
8564,Alyssa Stephens,1954-06-22,"332 Lyons Pine Apt. 257
Lake Carolynstad, OH 30389",VERIFIED,80
8565,Elijah Gonzalez,1985-12-28,"487 Kevin Hollow Apt. 652
East Jamesstad, AL 88557",PENDING,67
8566,Felicia Young,1986-02-16,"72643 David Loop Suite 768
East Nicoleshire, CO 96007",VERIFIED,46
8567,Tracy Smith,1973-06-07,"USCGC Mitchell
FPO AP 62274",PENDING,78
8568,Glen Harmon,1956-04-25,"PSC 4095, Box 7925
APO AA 65202",VERIFIED,25
8569,Kimberly Lewis,1997-04-23,"6684 Brianna Dam Suite 804
West Danielview, UT 25363",PENDING,66
8570,Theresa Hamilton,2002-06-01,"71876 Shelly Crescent
Port Brendahaven, MD 54284",VERIFIED,16
8571,Rebekah Williams,1967-09-30,"8179 Carolyn Junctions
Lake Nathanton, NM 20363",PENDING,58
8572,Michelle Lopez,1991-05-29,"133 Simmons Station
West Joshuachester, KY 28186",VERIFIED,75
8573,Sarah Oconnor,2000-11-20,"9557 Jackson Road Apt. 719
North Cassandra, MN 04698",PENDING,79
8574,Tammy Martinez,1982-04-02,"048 Caitlin Trafficway
Port Cole, NH 79235",VERIFIED,30
8575,Michael Young,1986-01-20,"935 Estes Radial
New Laurenmouth, SC 42904",PENDING,90
8576,Christopher Gallegos,1966-06-16,"1332 Owens Plains
Wilsonstad, DC 31154",PENDING,79
8577,James Gilmore,2007-04-12,"983 Weaver Field Suite 676
Rhodesport, RI 97075",PENDING,60
8578,Brenda Gibson MD,1982-04-05,"989 Ashley Mountain Suite 975
Lake Meganmouth, RI 41545",VERIFIED,8
8579,Joseph Brandt,1964-08-01,"135 Warren Causeway
East Dawnland, NV 25252",VERIFIED,83
8580,Mr. Eugene Mitchell PhD,1998-06-07,"889 Hannah Bypass
Lake Tim, DE 95322",VERIFIED,80
8581,Stanley Davis,2004-12-04,"8739 Blanchard Forest
Cortezfort, MN 90157",VERIFIED,76
8582,Curtis Young,1955-05-27,"55315 Shelby Hill
Lake Theresaland, ID 22722",VERIFIED,93
8583,John Valencia,1993-01-25,"44675 James Village
Millerstad, AZ 72330",PENDING,34
8584,Andrew Ware,1998-06-26,"066 Guerra Mount
Juliehaven, ID 45148",PENDING,67
8585,Justin Cain Jr.,1996-01-08,"99158 Megan Flat
Stephaniehaven, WV 87858",VERIFIED,12
8586,James Grant,2001-04-11,"88053 Neal Groves
Laurenside, SD 43309",PENDING,84
8587,Shane Davis,1993-09-06,"04395 Molina Landing Apt. 734
Port Austinberg, GU 82167",PENDING,100
8588,Rebecca Underwood,1972-03-06,"2735 Salazar Causeway Suite 629
Davisburgh, AK 26327",PENDING,52
8589,Tina Murray,1977-09-12,"49148 Robert Extensions
West Amanda, WI 71957",VERIFIED,63
8590,Gregory Ramirez,1971-04-09,"36788 Carrie Plaza Suite 936
East Ashley, LA 56072",VERIFIED,69
8591,Amanda Dunn,1969-03-17,"50892 Tammy Fort
Georgemouth, AK 44736",PENDING,4
8592,Trevor Webb,1973-11-14,"28356 Snyder Flat Apt. 166
South Maria, PR 29536",VERIFIED,78
8593,Victoria Andrews,1998-07-21,"PSC 8671, Box 5670
APO AA 61292",PENDING,12
8594,Daniel Villanueva,2002-09-24,"617 Bennett Rest Apt. 119
Elijahburgh, ME 90851",PENDING,53
8595,Jeffrey Todd,1952-10-19,"7533 Dale Garden Apt. 085
Beverlyhaven, OH 12942",VERIFIED,75
8596,Frank Pope,1953-04-09,"97296 Berry Heights
East Tyler, DE 96498",VERIFIED,81
8597,Robert Young,1978-03-16,"79366 Delgado Place Suite 025
Port Crystal, AZ 90611",PENDING,55
8598,Michael Henderson,1997-04-25,"23559 Watson Turnpike Apt. 827
Adkinsfurt, WI 66980",VERIFIED,29
8599,Amy Lopez,1969-03-16,"2684 Juan Wall Suite 716
West Courtneyland, NE 68367",VERIFIED,89
8600,Christian Bell,1973-03-02,"USNV Brown
FPO AE 45541",PENDING,29
8601,Joseph Mullen,1963-04-25,"665 Tamara Fork
Brockmouth, ME 52867",PENDING,33
8602,Jonathan Evans,2000-06-19,"0157 White Street
Atkinsfort, MA 06867",VERIFIED,60
8603,Mr. Patrick Crawford,1959-03-30,"13263 Allison Street Suite 053
Justinbury, AR 45235",VERIFIED,71
8604,Gabrielle Wood,1971-09-12,"Unit 0239 Box 6364
DPO AE 98499",PENDING,22
8605,Eric Thomas,1988-09-23,"29171 Chad Circles
East Barryview, MA 05985",VERIFIED,18
8606,Stephanie Pugh,1972-04-08,"03634 Gray Parkway
Kristinafort, VT 67867",VERIFIED,18
8607,Jessica Roach,1963-05-02,"7730 Weaver Island
Lake Jason, ND 57649",PENDING,87
8608,Tyler Miller,1990-03-19,"19053 Cain Gardens
Millerfort, LA 29660",VERIFIED,94
8609,Janice Reyes,1972-11-03,"17614 Cheryl Corner Suite 803
West Scottmouth, LA 17902",VERIFIED,71
8610,William Taylor,1982-01-25,"2758 William Terrace
East Hollyfort, MP 33927",VERIFIED,24
8611,Christine Thompson,1966-09-16,"10915 Jackson Track
New Kelly, IL 25401",VERIFIED,61
8612,William Watkins,2007-10-15,"63278 Richard Rue Suite 377
West Timothyburgh, ME 75341",PENDING,7
8613,Emily Brown,1964-08-04,"1061 Taylor Inlet
Wayneside, MD 40094",VERIFIED,19
8614,Christopher Stephens,1950-08-23,"828 Byrd Prairie
Molinaview, OH 97508",PENDING,99
8615,Brianna Fitzgerald,1962-10-02,"Unit 1407 Box 1708
DPO AA 44788",PENDING,84
8616,Jared Griffith,1966-01-31,"046 Brown Spring Suite 591
Tracihaven, AS 99933",VERIFIED,81
8617,Nicholas Richardson,1964-10-19,"8239 William Mews
Jamestown, ND 11797",PENDING,89
8618,Kathryn Goodwin,1958-09-02,"8357 Tyler Way
Patricktown, WI 21031",PENDING,13
8619,John Larson,1964-02-06,"1320 Mann Stravenue Suite 123
New Angelaside, OK 33093",PENDING,58
8620,Tammy Simpson,1981-12-14,"73364 Campbell Passage Apt. 318
South Brian, OR 53588",VERIFIED,42
8621,Bobby Choi,1983-11-19,"Unit 5436 Box 7063
DPO AP 34572",PENDING,11
8622,Zachary Cole,1969-05-03,"6801 Mason Via
Jasonmouth, TN 90526",PENDING,7
8623,Connor Pope,1978-10-13,"9470 Nicholas Cove
Jacobston, OK 10978",VERIFIED,73
8624,Katrina Walsh,2004-03-06,"341 Sheryl Parks Suite 670
Deniseport, NM 45275",PENDING,73
8625,Joshua Murphy,1995-06-20,"26814 Abigail Centers Suite 217
New Amy, ND 47435",VERIFIED,31
8626,Douglas Davis,1974-02-15,"PSC 9865, Box 1791
APO AP 90603",PENDING,57
8627,Katelyn Erickson,2007-01-24,"9175 Roberto Light
East Richardshire, WA 67052",PENDING,89
8628,Bryan Jackson,2007-12-22,"9057 Cory Club Apt. 547
Lake Paul, WI 14784",VERIFIED,37
8629,Janet Dunlap,1988-07-15,"5329 Emily Junction
Rodriguezport, TX 63214",PENDING,33
8630,Emily Miller,1997-03-25,"682 Jennifer Land
Port Ryanberg, TX 05325",PENDING,27
8631,Amy Barr,1970-01-09,"0788 Harrington Well Apt. 182
East Lindastad, WY 01597",PENDING,99
8632,Janet Sparks,1999-05-24,"77708 Cuevas Islands Apt. 513
Lindafurt, OK 98950",VERIFIED,31
8633,Roberto Reynolds,1979-07-26,"Unit 9687 Box 9049
DPO AP 36335",PENDING,44
8634,Jenny Smith,1957-07-28,"324 King Land
Port Diana, FM 60937",VERIFIED,45
8635,April Leblanc,1995-10-13,"24948 Karen Forks
South Holly, IN 43879",VERIFIED,85
8636,Brittany Williams,1997-10-03,"687 Sabrina Cliffs
Michaelhaven, OH 82731",VERIFIED,74
8637,Dylan Johnson,1996-12-11,"999 Norton Villages Suite 529
Adkinsside, MP 62069",PENDING,32
8638,Joseph Lara,1972-08-27,"2674 Bates Valley Apt. 449
Ramirezbury, MS 54705",PENDING,97
8639,Sherry Lee,1953-03-15,"933 Moore Crest
Port Valerie, TX 77090",PENDING,66
8640,Heather Ramirez,1982-02-01,"13223 Patrick Island Suite 326
Ronaldborough, WY 35316",VERIFIED,50
8641,Susan Russell,1984-09-20,"2643 Davidson Via
Morrisborough, KY 59581",PENDING,57
8642,Hannah Hill,1992-05-09,"92062 Rogers Place
Port Joyce, WI 05770",PENDING,62
8643,Tammy Simmons,1994-03-15,"478 Emily Turnpike
Aguilarfurt, AZ 71050",VERIFIED,17
8644,Suzanne Thompson,1951-02-20,"53568 Lowe Ford
Port Jerry, NC 28306",VERIFIED,28
8645,David Diaz,2003-01-08,"Unit 9843 Box 0198
DPO AA 89651",PENDING,36
8646,Laura Jordan,1980-09-15,"34695 William Square
Fisherhaven, VA 24932",PENDING,20
8647,Edward Moss,1991-08-31,"14520 Anna Groves
Robertstad, NE 85267",VERIFIED,72
8648,Isaac Watson,1998-05-22,"54925 Kenneth Heights Apt. 365
Allenfort, CO 75395",PENDING,90
8649,Gary Taylor,1995-03-06,"41426 Kevin Ford
Lisaland, LA 22903",VERIFIED,2
8650,Todd Fletcher,1951-02-24,"73955 Brady Groves
North Joseph, MO 57473",VERIFIED,60
8651,Rose Hill,1960-04-21,"3212 Sanchez Glen
South Jerrychester, NV 23165",PENDING,89
8652,Juan Howard,1985-03-13,"076 Summers Crescent
East Stephaniebury, PW 42008",PENDING,84
8653,Mark Murray,1958-02-03,"891 Williams Shores
Carlsontown, HI 30981",PENDING,72
8654,Vanessa Braun MD,1963-07-11,"99277 James Branch
Hinesstad, PA 40477",VERIFIED,14
8655,William Bailey,1978-09-17,"95730 Patricia Trace Apt. 361
Hallview, NE 81261",PENDING,100
8656,Adam Robinson,1974-01-12,"4069 James Estates Apt. 537
West Lori, KS 17240",PENDING,82
8657,Dylan Coleman,1967-10-30,"93577 Kyle Walks
East Gary, RI 17678",VERIFIED,18
8658,Michael Hayes,2004-03-17,"USCGC Ward
FPO AE 76735",VERIFIED,40
8659,David Adams,1993-09-24,"93727 Kaufman Square
Taylormouth, NV 62476",PENDING,11
8660,Margaret Martin,1962-12-25,"0847 Katherine Ports
Lewisview, VI 86978",VERIFIED,46
8661,Kristina Daniel MD,1972-05-19,"4592 Serrano Plaza Suite 143
East Melissa, KS 97178",VERIFIED,47
8662,Amanda Holder MD,1997-09-10,"26743 Sanders Views
Monroeport, PW 92602",VERIFIED,38
8663,Regina West,1984-05-30,"30891 Austin Via Apt. 431
Gilmorefurt, MH 11966",PENDING,63
8664,Walter Willis,1979-02-01,"97197 Joseph Bridge Apt. 707
Sandraport, FM 57813",PENDING,55
8665,Lisa Mills,2004-02-04,"2451 Kenneth Station Suite 658
Martinezfurt, GA 60976",VERIFIED,70
8666,Timothy Herrera,1962-09-02,"951 Michael Mountain
New Joelfurt, DC 62335",PENDING,42
8667,Michelle Mason,1979-04-27,"320 Fleming Lodge
North Philipview, PR 84481",PENDING,21
8668,Erik Watts,1972-10-30,"303 Garza Greens Suite 440
Loriville, ND 16686",VERIFIED,86
8669,Felicia Perez,1963-03-01,"1398 Mendez Mission
Jasonland, GU 99081",PENDING,82
8670,Richard Reed,1966-10-30,"18678 Ford Wells
Santoshaven, VA 01939",PENDING,16
8671,Kristina King,1973-07-21,"6434 Heidi Forges
Colechester, SC 43516",PENDING,99
8672,Justin Weiss,1953-11-17,"Unit 3066 Box 7053
DPO AE 46095",VERIFIED,5
8673,Henry Berger,2003-07-11,"5234 Mcguire Shores Suite 156
Lake Aaron, AS 54075",VERIFIED,56
8674,Matthew Flores,1958-03-11,"21461 David Gardens
Port Michaelview, MS 91154",VERIFIED,44
8675,Shannon Wilson,1979-03-02,"85415 Ellison Landing
Michaelburgh, LA 97508",PENDING,60
8676,Thomas Brown,1983-07-23,"7303 Yoder Turnpike
East Timothy, WY 74695",PENDING,42
8677,David Hardin,1998-09-07,"7582 Ramirez Mission Suite 461
North Kristen, TX 41658",PENDING,91
8678,Donald Jones,1955-04-29,"Unit 0574 Box 9434
DPO AP 73394",VERIFIED,66
8679,Kyle Williams,1997-01-29,"8768 Juarez Route Apt. 942
Hannahborough, VT 74821",VERIFIED,80
8680,Hayden Cooley,1984-04-29,"73907 Ruiz Landing
New Jenniferburgh, NM 75267",PENDING,98
8681,William Burch,1953-01-30,"6226 Tiffany Viaduct
West Bryanburgh, OH 26910",VERIFIED,34
8682,Christine Hill,1987-12-03,"199 Wolfe Landing Suite 450
Wallacefurt, DE 70165",PENDING,35
8683,Matthew Kelly,1957-10-11,"022 Rodney Spring Suite 714
New Joshuamouth, MO 06246",PENDING,91
8684,Danielle Jones,1989-02-01,"695 Victoria Station
South Christianshire, MD 82320",VERIFIED,49
8685,Lauren Peters,1992-07-26,"Unit 9958 Box 6675
DPO AA 64255",VERIFIED,62
8686,Timothy Summers,1967-10-15,"Unit 0588 Box 0887
DPO AE 79614",VERIFIED,34
8687,Lacey Barker,1953-10-15,"1138 Alvarado Canyon Apt. 088
North Michaelberg, WY 18398",PENDING,53
8688,James Alvarado,1956-02-16,"Unit 4144 Box 9748
DPO AP 46989",VERIFIED,76
8689,James Williams,1966-12-28,"6615 Matthew Wells Suite 166
Taylorton, NH 09753",PENDING,30
8690,Jack Jackson,1985-09-21,"0019 Juarez Curve Apt. 233
Kaitlynfurt, MS 64957",PENDING,77
8691,Robert Gonzales,2004-02-15,"8092 Thomas Ridge
Williamsstad, HI 92141",PENDING,31
8692,Robert Warren,1975-04-18,"499 Jennifer Junctions Suite 094
Paigeville, PA 28836",PENDING,81
8693,Michaela Valentine,1995-06-29,"0336 Jeremy Crest
East Matthewmouth, AS 32555",PENDING,56
8694,David Mcdaniel,1965-07-17,"98650 Davenport Shoals Suite 699
Ginamouth, MA 48104",VERIFIED,19
8695,Lisa Clark,1996-10-05,"97758 Harper Oval
Jotown, VT 63111",VERIFIED,52
8696,Michael Wu,2003-11-01,"0245 Hood Well Apt. 199
New Timothy, FL 73614",PENDING,89
8697,Tyler Lin,1985-03-18,"8760 Margaret Crossing Suite 978
Myerstown, AL 81864",VERIFIED,24
8698,Lee Foster,1998-02-07,"7733 Turner Extension Suite 642
New Angelaburgh, AR 44507",VERIFIED,31
8699,Anthony Campbell,1997-02-25,"9544 Frost Streets
Sharonshire, MP 21295",VERIFIED,68
8700,Lance Potter,1975-01-02,"5052 Roman Loaf Suite 432
New Dennisborough, DC 08345",VERIFIED,59
8701,Arthur Young,1980-10-23,"154 Hall Knoll
Lake Karenshire, SC 24773",VERIFIED,60
8702,Karen Buck,1981-01-31,"5532 Lopez Prairie
North Christine, DC 53633",PENDING,28
8703,Thomas Weaver,1951-09-25,"5129 Dixon Ferry Apt. 083
Nashfort, SD 96721",PENDING,7
8704,Rachel Moreno,1967-04-18,"7622 Gerald Shoal
South Melissafurt, NC 19433",VERIFIED,91
8705,Katie Salazar,1976-02-05,"2203 Cheryl Stravenue Suite 888
West Christinaburgh, MS 72252",PENDING,91
8706,Gary Miller,1952-04-29,"PSC 3685, Box 8084
APO AA 60441",VERIFIED,50
8707,Madeline Hicks,1984-03-16,"56903 Bryant Spur
Brittneymouth, CO 35207",VERIFIED,14
8708,Crystal Rocha,2003-12-07,"27034 Williams Centers
Sullivanchester, NC 84204",VERIFIED,23
8709,Beth Knight,1969-11-19,"629 Lawrence Lane Apt. 576
North Shannon, MN 99063",PENDING,46
8710,Sean Giles,2005-05-03,"589 Jimenez Lodge Suite 946
Rosaleschester, WA 94627",VERIFIED,27
8711,Maria Grant,1986-02-10,"Unit 3178 Box 9277
DPO AA 66417",PENDING,99
8712,Leonard Strong,1987-11-18,"0023 Ortiz Mission
Trevorfort, MS 28753",PENDING,22
8713,Matthew Wilson,1975-04-03,"7979 Holmes Village
Annbury, HI 05121",VERIFIED,3
8714,Melissa Schroeder,1977-04-26,"983 Gamble Station
North Veronica, CA 72600",PENDING,62
8715,Kayla Martin,1992-09-30,"90252 Daniel Pike
Caseychester, WY 95841",VERIFIED,53
8716,Dustin Rhodes,1956-12-17,"6990 Freeman Stream
Pruittshire, HI 89034",PENDING,96
8717,Heather Stanton,1956-11-26,"6416 Devin Trafficway Apt. 364
Kennedymouth, OH 56438",PENDING,69
8718,Karen Green,1978-06-10,"3613 Caldwell Parkway
South Lisa, WV 03688",VERIFIED,34
8719,Brandon Marsh,1954-01-10,"693 Cameron Pike
New Jennifer, CO 95772",PENDING,41
8720,Michele Nguyen,1972-01-09,"2782 White Stravenue Apt. 273
Paulton, WA 86664",VERIFIED,37
8721,Debra Jones,1993-08-04,"38640 Taylor Fort
North Mike, ME 47417",VERIFIED,87
8722,Stefanie Nelson,2007-07-23,"84085 Shields Ports Apt. 932
Mitchellstad, MD 90567",PENDING,7
8723,Curtis Baker,2008-04-22,"63109 Rogers Fall
West Sarah, WI 50676",PENDING,47
8724,Mr. Darren Knight,1971-01-07,"3364 Stone Camp
South Christopherhaven, TX 41287",PENDING,36
8725,Kara Hendrix,1970-07-01,"00555 Hill Lock Suite 657
Briannastad, DE 50051",VERIFIED,17
8726,Chad Oliver,1989-10-12,"740 Jennifer Landing
Phillipsberg, VA 81743",VERIFIED,66
8727,Courtney Moore,1984-01-13,"743 Peter Shoal
Lake Jerrymouth, VA 68011",PENDING,70
8728,Kristin Hawkins,1986-07-02,"8509 Edwards Trail
Lake Michaeltown, CA 17846",PENDING,8
8729,Martin Hurst,1989-09-23,"8226 Santiago Pine Apt. 776
Davisport, PR 00883",PENDING,21
8730,Kurt Young,1961-11-15,"148 Marilyn Point
East Kellyside, OR 50379",PENDING,100
8731,Steven Campbell,2006-09-14,"4384 Martin Turnpike Apt. 608
Seanton, ND 32649",VERIFIED,57
8732,Paul Parks,1982-10-16,"USNV Weeks
FPO AP 87093",PENDING,64
8733,Mrs. Caitlin Chapman DVM,2002-01-12,"48821 Ian Fall
Jacksonville, MD 58150",VERIFIED,73
8734,Gina Wagner,1981-06-21,"3522 Gary Green Apt. 323
South Joeton, OH 70071",PENDING,7
8735,Kevin Gutierrez,1969-07-21,"353 Morris Canyon
New Christopherfurt, MT 86453",PENDING,83
8736,Jordan Baldwin,2004-02-21,"245 Regina Flat
Port Peggy, ID 66802",PENDING,78
8737,Amber Moran,2005-12-19,"70373 Paige Bridge Apt. 721
New Kimtown, MS 02408",VERIFIED,47
8738,Duane Young,2005-08-28,"PSC 9516, Box 9313
APO AE 61751",VERIFIED,99
8739,Alexandra Liu,1977-08-27,"933 Sandoval Islands Suite 584
Ryanland, KS 24697",PENDING,59
8740,Richard Prince,1963-11-30,"4414 Vaughan Crossroad Suite 443
North Paul, HI 67800",VERIFIED,19
8741,Michael Andrews,1968-08-06,"Unit 3747 Box 1830
DPO AE 09797",VERIFIED,94
8742,Erika Mcdowell,1981-09-11,"307 Charles Ramp
Port Dominic, WY 08804",VERIFIED,37
8743,Mary Hopkins,2002-11-27,"709 Philip Ramp Apt. 953
East Carrie, IN 08122",VERIFIED,30
8744,Jessica Bates,1965-10-14,"4962 Morris Brooks
Baileystad, GA 60828",VERIFIED,7
8745,Latoya Carlson,1973-08-13,"43479 Jill Walks
Shannonville, MN 54017",PENDING,33
8746,Eric Anderson,1981-12-05,"7428 Holly Burgs Apt. 102
East Bethany, FL 94372",PENDING,8
8747,Jason Davies,1971-11-15,"8395 King Mount Apt. 141
Reginachester, AL 19844",VERIFIED,19
8748,Andrew Mcintosh,1984-09-29,"USNV Daniels
FPO AP 66599",VERIFIED,94
8749,Christopher Gould,2004-09-07,"101 Bobby Street
Hornville, GU 58265",PENDING,77
8750,Kelly Martin,2001-12-10,"06845 Brandon Bypass Apt. 118
West John, NC 59685",PENDING,98
8751,Kenneth Perez,2007-08-15,"38171 Campos Vista
Port Charleshaven, VT 61450",PENDING,97
8752,Andrew Hernandez,2002-01-27,"34625 Carter Meadow
Parkschester, GU 65248",PENDING,25
8753,Joshua Garcia,1959-11-01,"3706 Brady Branch
Rossside, DC 04882",VERIFIED,38
8754,Tamara Newton,1985-01-23,"355 Anderson Valley Suite 704
Gillespieside, GA 61939",VERIFIED,47
8755,Glenn James,1953-02-20,"9119 Penny Street Suite 102
Port Alex, WY 76723",VERIFIED,11
8756,David Shelton,2004-03-15,"7432 Steven Crossroad Apt. 586
Jimfurt, HI 50709",PENDING,88
8757,Rachel Weaver,1957-06-07,"990 Gregory Loaf Apt. 028
South Frederick, CO 88118",PENDING,92
8758,Clinton Young,1998-11-27,"5619 Michelle Ports
Heatherport, MI 74819",VERIFIED,57
8759,Lisa Rodriguez,2000-12-29,"06143 Shannon Tunnel
Taylorfort, WI 20427",PENDING,13
8760,William Hess,1985-05-17,"03979 Ross Skyway Apt. 609
Port Debbie, IL 04391",PENDING,91
8761,Steven Smith,1991-08-19,"75419 Ferrell Via Suite 397
Victorbury, OR 44792",VERIFIED,52
8762,Annette Clayton,1996-05-29,"479 Carlson Plain Suite 841
North Taylor, VI 17093",PENDING,68
8763,Andre Jenkins,1959-05-23,"9427 Michael Knolls
Theresaberg, WY 73025",PENDING,64
8764,Richard Wilkerson,1976-02-14,"1309 Irwin Vista Suite 586
Davidmouth, CT 03500",VERIFIED,85
8765,Brandon Bradshaw,1964-11-14,"PSC 8643, Box 1972
APO AA 45304",VERIFIED,21
8766,Emma Drake,2001-04-08,"998 Gay Forge Apt. 862
East Marvin, MS 98941",PENDING,7
8767,Jamie Ortiz,1996-01-25,"487 Paul Divide Suite 105
Nicholsside, AS 10896",PENDING,60
8768,Zachary Rogers,1968-07-14,"PSC 9123, Box 0277
APO AE 32802",PENDING,66
8769,Jacob Horn,1978-10-24,"39169 Jones Terrace
Klineton, HI 83894",VERIFIED,75
8770,Elizabeth Morales,1954-10-25,"3974 James Summit Apt. 359
Myerstown, MI 29082",VERIFIED,25
8771,Sarah Warner,1986-06-13,"376 Mack Spurs
Brookston, IN 00699",VERIFIED,13
8772,Kelly Myers,1969-08-08,"33082 Stephen Gateway Apt. 367
Langbury, SD 71714",PENDING,89
8773,Cynthia Quinn,1969-09-20,"2428 Lin Flat
Savannahbury, FM 51280",PENDING,56
8774,Courtney Cole,1979-01-05,"2237 Michael Station
Rosalesburgh, MH 47223",VERIFIED,45
8775,Roy Hart,1987-10-31,"4508 John Plaza
South Brian, MS 18342",VERIFIED,23
8776,Lisa Ferguson,1964-06-23,"91314 Steven Square Apt. 566
West Robert, IL 82848",VERIFIED,71
8777,William Welch,2001-11-03,"USNS Burns
FPO AP 38619",PENDING,60
8778,Jonathan Wright,1987-09-26,"84118 Williams Forges
West Emma, VA 61646",VERIFIED,41
8779,Jared Williams,1972-12-24,"3878 Perez Forest
Leslieborough, WI 45375",VERIFIED,60
8780,Sheila Wang,1964-08-01,"Unit 9837 Box 7572
DPO AP 58743",VERIFIED,52
8781,Barbara Clarke,1951-02-21,"5685 Chandler Station
North Eric, MH 62286",PENDING,33
8782,Dr. Samuel Crawford,1980-07-18,"86786 Martinez Knolls
West Brandon, UT 92296",VERIFIED,53
8783,Dylan Miller,1966-09-28,"8634 James Club
East Traceyville, WA 71902",PENDING,37
8784,Matthew Pennington,1952-12-11,"286 Shelia Parks Suite 743
Valerieport, HI 44353",PENDING,63
8785,Michelle Wolfe,1966-11-20,"264 Zavala Plains
Danielland, AL 83796",VERIFIED,57
8786,John Park,2005-01-26,"441 Jacob Ville
Douglastown, RI 13614",PENDING,24
8787,Melanie Davis,2005-12-24,"20549 Juan Ways Suite 069
Chanberg, PW 37933",VERIFIED,34
8788,Jennifer Becker,1952-01-19,"0694 Powell Course Apt. 067
Carlmouth, MT 96284",VERIFIED,9
8789,Angel Pitts,2002-07-11,"51481 Karen Glens Apt. 676
New Linda, NY 29463",VERIFIED,75
8790,Douglas Lowe,1994-07-14,"108 Erica Avenue Apt. 692
South Philip, WI 86557",VERIFIED,74
8791,Zachary Henson,1982-11-16,"539 Karen Keys
Vazquezmouth, WY 86894",VERIFIED,75
8792,Ricky Cortez,1986-07-23,"1568 Kelsey Turnpike Suite 967
New Eric, NH 88652",PENDING,94
8793,Ronald Owens,1955-12-08,"87443 Torres Burg
Simsborough, NC 03916",VERIFIED,83
8794,Elizabeth Perez,1962-09-24,"6296 Hebert Shore
Kathrynville, LA 40481",VERIFIED,67
8795,Kristen Castillo,1984-12-30,"045 Steven Parkway
Port Dwayneville, HI 03391",PENDING,61
8796,Pamela Nelson,1999-06-07,"199 Elizabeth Underpass Suite 816
Sharontown, CT 46493",PENDING,39
8797,Anna Jordan,1967-07-16,"35175 Kristin Court
North Bradleyton, RI 46644",VERIFIED,35
8798,Rachel Haley,2003-11-15,"46691 Roberts Mall Apt. 481
Alexandraland, VT 61291",VERIFIED,24
8799,Michael Hughes,1996-07-17,"908 Silva Drive Suite 543
East Haley, CT 65791",VERIFIED,20
8800,Mark Martinez,1973-01-28,"93500 Maria Drives Apt. 995
Carlosfurt, ND 71918",PENDING,13
8801,Norman Harrison,1993-09-17,"3153 John Square
Dominguezmouth, ME 01850",VERIFIED,84
8802,Louis Chandler,1951-06-30,"79379 Bryce Rapids Apt. 513
Lake Robin, MP 48230",VERIFIED,53
8803,Sandra Jacobs,1997-07-07,"923 Brewer Gateway Suite 198
Ernestville, TN 67892",VERIFIED,38
8804,Charles Nguyen,1996-02-02,"831 Macias Drive Apt. 255
New Jennifer, MA 19676",PENDING,69
8805,Jeffrey Rivera,1983-03-09,"6626 Allen Fall Apt. 601
Fitzpatrickstad, DE 55830",VERIFIED,49
8806,Jennifer Reynolds,1990-03-05,"97806 Rich Glens
New Jasonport, MA 59216",PENDING,19
8807,Gloria Hoffman,1998-04-30,"USNV Campbell
FPO AP 98080",PENDING,87
8808,Latoya Zuniga,1966-07-12,"930 Wagner Glen
Jeremychester, MS 89750",PENDING,11
8809,Jorge Reid,1975-12-02,"8276 Kerri Route Suite 481
Port Robert, MH 50055",PENDING,27
8810,Sean Boyd,2004-11-09,"40015 Cruz Hills
West Daniellechester, NJ 89457",PENDING,32
8811,Tyler Harper,1986-07-29,"646 Monica Cliffs Apt. 226
South Claytonport, MD 15569",VERIFIED,57
8812,Lawrence Martin,2007-10-03,"55711 Mcfarland Mill Apt. 282
Shawntown, DC 61186",PENDING,96
8813,Jennifer Edwards,1975-06-16,"6854 Campos Junctions
Justinport, KS 33513",PENDING,40
8814,Emily Wiggins,2001-11-30,"8120 William Parkway Apt. 016
Jasonchester, PR 27007",VERIFIED,71
8815,Deanna Chase,1956-10-11,"0424 Michael Harbor
South Anthonybury, WI 73183",PENDING,70
8816,Nathaniel Contreras,1992-01-26,"23841 Victor Crest Suite 768
Amandastad, RI 24163",PENDING,28
8817,Chase Glenn,1981-09-08,"19248 Marcus Highway
New Erikborough, NJ 84784",VERIFIED,6
8818,Jason Rivera,2003-04-13,"006 Smith Hill Apt. 979
East Shawn, AZ 64524",PENDING,1
8819,Bob Collins,1953-05-11,"26270 Cooper Pike Suite 813
Thompsontown, AZ 87245",PENDING,88
8820,Jenna Esparza DDS,1971-08-27,"610 Keith Village
West Glen, OH 59426",PENDING,77
8821,Zachary Woods,1956-10-27,"Unit 3853 Box 3381
DPO AP 58481",PENDING,20
8822,Valerie Farmer,1952-06-10,"5221 Ward Rapid
Lake Michelle, GA 77219",PENDING,72
8823,Brian Tapia,1969-06-13,"2723 Robert Key Apt. 741
East Connorview, CT 22452",VERIFIED,5
8824,Richard Smith,2004-10-22,"127 Reilly Summit
North Caseyside, ID 60891",PENDING,15
8825,Joel Medina,1979-07-16,"166 Christensen Streets Suite 252
Deanberg, TX 30575",PENDING,73
8826,Cody Campbell,1964-06-10,"37820 Williams Rapids Apt. 452
Kirbyport, SC 93422",VERIFIED,97
8827,Melissa Avery,2004-06-08,"5374 Miller Mews
Paulport, NE 14875",PENDING,66
8828,Derek Jackson,2003-09-20,"386 Erin Plains
South Janet, MH 83802",PENDING,83
8829,Michael Ayala,1998-04-15,"6775 Debra Fields
Gabriellamouth, KY 26051",PENDING,88
8830,Justin Wright Jr.,1990-08-09,"PSC 6432, Box 9238
APO AE 36442",VERIFIED,75
8831,Kenneth Burton,1950-06-12,"0090 Rebecca Fork Apt. 397
East Julieport, MD 96494",PENDING,11
8832,Thomas Owens,1967-10-10,"USCGC Ferrell
FPO AP 16392",VERIFIED,61
8833,Austin Wise,1980-10-20,"983 Brooks Tunnel Apt. 038
North Justin, NV 59642",VERIFIED,67
8834,Jenny Richardson,1975-07-20,"1587 Woods Prairie Suite 289
Jessicaton, DE 50833",VERIFIED,15
8835,Adrian Nguyen,1979-12-04,"510 Susan Drives
North Coreyland, WI 50570",PENDING,12
8836,Jim Grant,2007-05-20,"0861 Salinas Villages Suite 278
Heathfort, NM 62006",PENDING,57
8837,Samuel Carter,2002-06-24,"31668 Christina Estates Suite 844
Holmestown, VA 68399",VERIFIED,29
8838,Devin Johnson,1967-01-29,"980 James Estate
East Rosechester, WA 45191",PENDING,25
8839,Curtis Taylor,1997-09-29,"238 Cathy Cliff Apt. 179
North Nicholas, OH 04622",VERIFIED,29
8840,Paul Ali,1994-12-11,"137 Juarez Harbors
Port Catherine, WA 89182",VERIFIED,99
8841,Michelle Carlson,1978-08-04,"1496 Brandi Islands Suite 465
East Dylanchester, AL 70555",VERIFIED,95
8842,Katelyn Luna,1962-07-22,"4238 Valdez Crest Apt. 745
New Matthewland, KY 91173",VERIFIED,88
8843,Jessica Lynn,1961-03-23,"4051 Warner Manor
Troyburgh, PW 13578",PENDING,15
8844,Kelsey Esparza,1996-04-13,"1188 Kathy Well
North Juliaborough, PW 64066",PENDING,5
8845,Tiffany Schwartz,1971-07-08,"420 Shannon Hill
North Corey, MI 50005",VERIFIED,88
8846,Leslie Clark,1978-12-12,"36139 Timothy Brook
South Stevenfort, NJ 54468",VERIFIED,37
8847,Cody Smith,1972-05-31,"36691 Lewis Parkways Apt. 943
South Lauren, TX 76093",PENDING,55
8848,Mary Mitchell,1971-04-25,"01684 Mora Ridge Apt. 868
Jacquelineville, MH 40605",PENDING,86
8849,Randall Marshall,2002-03-30,"737 Jessica Rest
Christianville, AR 62432",PENDING,33
8850,Gene Campos,1955-06-22,"75186 Porter Drives Suite 664
Lisaport, NH 62916",VERIFIED,7
8851,Christian Schwartz,1993-05-01,"891 Mary Field Suite 932
Emmaside, MA 52789",PENDING,94
8852,Andrea Bryan,1977-03-13,"61930 Sims Mill Suite 417
Thorntonfort, AL 42199",VERIFIED,25
8853,Richard Hill,2004-10-22,"340 Judith Summit Apt. 645
Aaronland, OK 84429",PENDING,60
8854,Troy Miller,1985-04-17,"56592 Kathy Junction
New William, NY 84245",PENDING,20
8855,Daniel Garcia,1999-07-05,"5888 Sanchez Way
Smithside, UT 15634",PENDING,28
8856,Scott Alexander,1965-07-25,"727 Brown Centers
Jamesville, OR 19778",VERIFIED,44
8857,Kevin Moore,1981-06-17,"2996 Miller Cliff Apt. 337
Pierceburgh, NE 71513",VERIFIED,60
8858,Daniel Christian,1990-01-27,"219 Anderson Plains
Millerchester, MA 19421",PENDING,28
8859,Angela Rodriguez,1990-07-06,"381 Anna Points
North Andrewberg, IN 20955",PENDING,67
8860,Michael Green IV,1985-12-25,"815 Morgan Junction
West Gregoryland, WI 71365",PENDING,83
8861,Charles Morales,1974-01-27,"56465 Brenda Union Suite 000
Lake Andremouth, MT 63281",PENDING,11
8862,Leah Andrews,1964-03-13,"4338 Bates Expressway Suite 911
North Charlesport, GU 49316",PENDING,42
8863,Cory Smith,1965-04-09,"57912 Brady Mountains Suite 276
New Kyle, WA 40722",PENDING,60
8864,Ashley Thompson,1959-06-17,"2027 Donald Village
Rossside, IN 48529",PENDING,14
8865,Robert Miller,1985-07-02,"USNS Lucas
FPO AP 03482",VERIFIED,41
8866,Courtney Williams,2003-02-04,"02684 Owens Well Apt. 335
Port William, IN 03024",PENDING,41
8867,Jessica Hays,2007-02-16,"338 Sherry Road Apt. 340
Blairview, GU 82421",PENDING,39
8868,Katrina Mitchell,1989-01-11,"Unit 1292 Box 3829
DPO AP 97800",PENDING,74
8869,Courtney Bryant,1954-07-09,"8869 Angel Villages
Reyestown, ME 52281",VERIFIED,70
8870,Natalie Hubbard,2008-04-28,"21444 Curtis Plains
West Albertmouth, MA 28972",VERIFIED,89
8871,Sheila Odom,1963-11-25,"8577 James Via Apt. 102
East Joseph, IL 73017",PENDING,75
8872,Michael Lopez,1997-02-28,"119 Shaffer Cove
New Williammouth, ME 85665",PENDING,13
8873,Tina Jimenez,2002-10-24,"521 Felicia Underpass Suite 449
Virginiafort, OH 34900",PENDING,9
8874,Mr. Christopher Thomas,1952-10-18,"4359 Parker Vista
Port Edwardland, NM 22444",PENDING,89
8875,Priscilla Schmidt,1982-08-08,"447 Daniel Motorway Suite 659
West Tara, SD 24266",PENDING,33
8876,Eric Jones,1954-03-25,"444 Richard Mall Apt. 556
East Juanfort, VI 25956",VERIFIED,58
8877,Bryan Zhang,1956-02-06,"6610 Zachary Ports Suite 539
Jamesbury, NM 93765",VERIFIED,56
8878,Jeffery Sanchez,1995-02-05,"6006 Christopher Radial Apt. 026
Michaelborough, CA 70829",PENDING,29
8879,Walter Bowman,1973-08-02,"683 Murphy Squares Suite 486
North Tylerchester, TX 47597",PENDING,81
8880,Michael Fernandez,1961-07-30,"PSC 9815, Box 0146
APO AA 96241",PENDING,26
8881,Kelly Peterson,1982-08-08,"403 Williams Place Suite 989
Williamsberg, MT 64659",VERIFIED,15
8882,Beth Oliver,1952-02-13,"094 Roy Points Apt. 151
Coryview, UT 59595",PENDING,55
8883,Anna Alexander,2004-07-25,"5857 Chad Plains
Port Dawnchester, CO 87678",PENDING,40
8884,Angela Hall,1952-02-20,"5483 Kari Drive
Franciscoberg, MO 06478",PENDING,12
8885,Anita Ortega,2005-10-15,"38529 Knight Glens
Ayersborough, NC 91735",VERIFIED,94
8886,Stephanie Cole,1997-04-17,"PSC 6541, Box 2695
APO AE 37010",VERIFIED,75
8887,Tyler Clark,1952-10-12,"575 Lowe Wells Apt. 160
Port Charlesland, FM 85489",VERIFIED,16
8888,Sherri Schwartz,1988-06-29,"389 Susan Tunnel Suite 896
Cookeside, PW 05595",VERIFIED,21
8889,Andrew Gonzales,1970-10-12,"780 Aguirre Via
Jenniferburgh, TN 06083",VERIFIED,15
8890,Antonio Richardson,1966-10-22,"867 Katherine Ports
New Shaneburgh, DC 41551",VERIFIED,62
8891,Jessica Tucker,1958-07-14,"048 Patrick Lane
Caitlinberg, AR 12191",VERIFIED,39
8892,Joshua Conley,1969-11-26,"638 Knight Pike Suite 299
Carolynstad, OK 90169",VERIFIED,36
8893,David Simon,1972-10-03,"0241 Cook Islands Apt. 626
Huertaview, ND 89440",PENDING,49
8894,Jacob Williams,1988-07-14,"49977 Hannah Plaza Apt. 311
Camachohaven, IL 35826",VERIFIED,86
8895,Brett Elliott,1991-12-13,"1496 Leslie Plains
Lauramouth, CT 29968",PENDING,85
8896,Jennifer Bolton,1954-09-18,"728 Crystal Trail
North Caitlin, PR 22652",VERIFIED,19
8897,Christina Roberts,1998-11-17,"93237 Veronica Road
North Meredithshire, MA 75488",VERIFIED,74
8898,William Ramos,1980-04-26,"1183 Ross Ridges
New Diana, VI 39234",VERIFIED,23
8899,Anthony Johnson,1964-05-09,"89221 Burton Throughway Apt. 633
Andersonmouth, NM 88524",VERIFIED,78
8900,Sara Williams,1956-06-03,"5013 Douglas Mall
West Deborah, NH 23704",PENDING,26
8901,Teresa Dawson,2006-05-20,"50991 Owen Mill
North Jamesview, MA 32056",PENDING,67
8902,Cindy Stanley,1985-04-01,"92396 Castaneda Forks
Thomasside, AK 08706",VERIFIED,84
8903,Elizabeth Oneal,1995-03-05,"998 Joshua Springs
Hinesberg, KS 09556",PENDING,73
8904,Veronica Thomas,1964-08-18,"Unit 5994 Box 2839
DPO AE 62308",PENDING,55
8905,Michelle Harrison,1995-11-07,"00916 James Walks
Sarahchester, GU 12222",PENDING,82
8906,Mr. Daniel Baker,1971-11-26,"180 Garza Streets
Robertville, NY 95369",PENDING,45
8907,Daniel Perez,1959-05-29,"6647 Tran Isle Suite 551
Kristinview, AL 20340",VERIFIED,75
8908,Jennifer Olson,1989-05-24,"068 Romero Valleys Suite 979
Port Lisa, AZ 12698",PENDING,25
8909,Gary King,2004-01-09,"2718 Bowman Forges
Williamton, CT 31006",VERIFIED,9
8910,David Hayes,1963-12-15,"230 Laurie Route Apt. 262
Brianastad, GA 61957",VERIFIED,15
8911,Shelly Bowers,2007-09-11,"724 James Via
New Luis, VI 37245",PENDING,69
8912,William Lewis,1984-07-30,"979 Abigail Prairie Suite 936
North Benjaminshire, LA 62561",VERIFIED,100
8913,Jeff Castro,1953-07-22,"PSC 3181, Box 0874
APO AP 25352",VERIFIED,85
8914,Jason Brown,1974-06-27,"2079 Marcus Parkways Suite 090
Alexanderport, VT 60512",PENDING,47
8915,Jacob Bowman,2003-03-27,"42118 Ware Divide
Port Cynthia, SD 97043",PENDING,43
8916,Stephen Andrade,1987-11-24,"294 Jose Canyon Suite 947
Port Geoffrey, IA 87752",VERIFIED,91
8917,Bryan Brown,1992-08-05,"22225 Conrad Grove
South Crystal, OK 78424",PENDING,28
8918,Karen Winters,1973-02-24,"04123 Velez Burg
New Cheryl, VA 43547",PENDING,29
8919,Michael Kelly MD,2002-04-28,"29899 Lee Trail Suite 124
Rodgersmouth, TX 79866",VERIFIED,39
8920,Raymond Alvarez,1970-08-13,"21601 Guzman Summit Suite 394
Christinachester, SD 72446",PENDING,99
8921,Mary Pollard,1969-05-31,"0534 William River Apt. 165
Reynoldsbury, DE 49446",VERIFIED,10
8922,Teresa English,1963-05-19,"664 Knight Camp Suite 342
Josephburgh, DE 12422",PENDING,64
8923,Heather Ellis,1984-12-16,"135 Sally Drive Apt. 027
Patrickburgh, MP 22167",VERIFIED,32
8924,Travis Stewart,1959-04-24,"0090 Bruce Skyway
East Steven, KS 12341",VERIFIED,27
8925,Charles Mullins,1982-03-06,"10302 Debra Mission
Glennstad, VT 55541",PENDING,92
8926,Eric White,1986-11-08,"87253 Silva Oval Apt. 669
Kimberlybury, IA 88652",VERIFIED,77
8927,Herbert Davis Jr.,2003-05-25,"26281 Morales Via Apt. 782
Ericabury, NE 22599",PENDING,26
8928,Julia Rodriguez,1968-01-30,"11399 John Corners
East Tammie, WI 84676",PENDING,61
8929,Andrea Smith,1966-04-12,"9625 Robert Fork Suite 259
North Toddport, PA 20756",VERIFIED,75
8930,Travis Shelton,1995-06-21,"817 Rivera Mountain Apt. 052
Lake Daniel, IA 92683",PENDING,68
8931,Steven Reid DDS,1991-10-02,"1754 Natalie Port Suite 589
Nathanview, NH 06863",VERIFIED,94
8932,Mary Huff,1955-04-29,"93023 Thomas Shore
Yolandamouth, NH 78864",PENDING,84
8933,Melissa Brown,1990-07-25,"16728 Cheryl Circle Apt. 717
West Davidchester, WI 14213",PENDING,73
8934,Emily Coffey,1972-01-04,"9300 Spencer Valleys
Christineville, AR 77285",VERIFIED,29
8935,Mark Harper,1973-03-17,"0176 Schneider Island Suite 793
Meganview, CT 41581",PENDING,25
8936,Nicholas Bell,1978-06-01,"5332 Lisa Square
Andreabury, VT 12428",PENDING,2
8937,Manuel Bishop,1991-04-13,"8402 Annette Spur
West Anthony, MI 99754",VERIFIED,74
8938,Steven Campbell,1966-01-13,"4959 Reed Estate
Port Haley, UT 78027",VERIFIED,22
8939,Joseph Miller,1999-08-10,"417 Debra Stravenue Apt. 515
Roberttown, MD 65971",PENDING,67
8940,Crystal Harris,1998-02-18,"92944 Smith Plaza
New Patrickstad, NH 98687",VERIFIED,66
8941,Jonathan Collins,1980-06-07,"USNS Williams
FPO AE 73093",PENDING,52
8942,Larry Johnson,1965-10-30,"3683 Michael Squares
North Jenniferhaven, CT 46925",PENDING,5
8943,Donald Fuller,1982-07-11,"75631 Mays Tunnel Apt. 765
New Brandy, ME 17073",VERIFIED,37
8944,David Martin,1950-08-08,"9207 Jonathon Dam
Hawkinschester, ME 26220",VERIFIED,4
8945,Jason Davis,1955-08-17,"14818 Blake Ferry Apt. 540
Port Jessicatown, VT 22219",PENDING,56
8946,Richard Choi,2007-12-27,"4238 Blankenship Hill
Ramirezport, RI 44765",PENDING,1
8947,Monique Wilson,2007-08-02,"80287 Skinner Points Apt. 783
West Natasha, CT 69621",VERIFIED,8
8948,Michael Myers,1979-04-28,"953 Kathleen Spurs Suite 653
West Nicholas, UT 66083",PENDING,26
8949,Joshua Lewis,1967-08-18,"116 Matthew Stravenue Apt. 801
Lewismouth, DC 57399",VERIFIED,100
8950,Larry Mcmahon,1972-05-09,"8040 Holden Hill
Port Larrymouth, UT 71799",VERIFIED,95
8951,Melissa Lee,1970-01-22,"43356 Galvan Wells Apt. 873
Millermouth, IL 82193",VERIFIED,25
8952,Kerri Reynolds,2006-12-02,"5752 Santana Rapid Apt. 803
South Danielborough, MT 19241",PENDING,81
8953,Eric Hill,1999-06-11,"05095 Williamson Isle
Jonesland, FL 10970",VERIFIED,5
8954,Tina Thomas,1997-06-18,"35371 Wood Throughway Apt. 673
New Josephstad, MI 96809",PENDING,30
8955,Ariel Collins,1976-11-05,"07537 Le Mews
North Alexandraport, SC 29055",PENDING,98
8956,Ashley Mckenzie,1991-03-21,"2578 Horton Ports Apt. 114
Schmidtland, CA 71672",VERIFIED,66
8957,Ryan Torres,1983-08-13,"1614 Jessica Lodge
Jamesmouth, PW 10222",VERIFIED,6
8958,Casey Thompson,1957-08-17,"Unit 8323 Box 4627
DPO AA 08165",PENDING,47
8959,Billy Wolf,1961-07-30,"1475 Abigail Extension
Luismouth, FL 02234",VERIFIED,45
8960,Ellen Johnson,1981-02-02,"2677 Maureen Port
East Pamela, MA 89763",PENDING,76
8961,Karen Bright,1995-01-23,"58776 Cory Pine Suite 570
West Joseph, NC 09434",VERIFIED,91
8962,Yesenia Lane,1956-08-12,"Unit 9113 Box 0820
DPO AP 87471",PENDING,2
8963,Jacqueline Johnson,1972-07-28,"52590 Stephens Views
East Sheila, ND 93495",VERIFIED,13
8964,Teresa Flynn,2008-03-11,"01415 Lee Divide
Michaelberg, DE 08308",PENDING,73
8965,Gwendolyn Brown,1986-05-08,"207 Christina Cliff
South Rachelside, NV 86484",VERIFIED,12
8966,Briana Mcbride,1957-02-04,"8357 Kelsey Coves Suite 281
Charlesland, PW 19438",VERIFIED,12
8967,Kimberly Barnes,1982-04-27,"PSC 8808, Box 9260
APO AE 68264",VERIFIED,97
8968,Maria Wong,1958-03-15,"18819 Kathy Springs Suite 549
East Kimberly, AR 91380",VERIFIED,45
8969,David Hunter,1978-09-16,"329 Kenneth Mountain
West Kellyfurt, CA 37474",PENDING,53
8970,Mary Thompson,1998-07-11,"USNV Taylor
FPO AP 68937",VERIFIED,12
8971,David Vance,1995-10-25,"USS Thornton
FPO AP 62390",VERIFIED,26
8972,Douglas Moran,1977-07-21,"906 Stone Ridges Apt. 911
Luisborough, WA 39445",PENDING,7
8973,Brittany Pacheco,1999-07-13,"9842 Sherry Tunnel Suite 390
East Stephenshire, ME 99442",VERIFIED,34
8974,Daniel Williams,1952-10-13,"30254 Ernest Grove
South Amber, MS 69658",VERIFIED,72
8975,Monica Pratt,2005-11-25,"6694 Jason Unions Suite 053
Garciahaven, KS 65267",VERIFIED,76
8976,David Fisher,2002-02-27,"6146 Jones Keys
Roberthaven, FM 76734",PENDING,2
8977,Terry Huerta,2003-05-07,"990 Nielsen Throughway
Port Nicholaschester, ME 17142",PENDING,73
8978,Rickey Hanson,2001-02-16,"USS Smith
FPO AE 86791",VERIFIED,79
8979,Jennifer Roberts,1986-12-29,"642 Harmon Tunnel Suite 932
West Benjaminport, VA 24074",VERIFIED,85
8980,Monica Morton,1995-03-17,"526 Courtney Locks
Lake Scottbury, AK 57425",PENDING,10
8981,Jeffrey Marquez,1956-10-02,"424 Thomas Course Suite 647
South Kathy, SD 65142",PENDING,28
8982,Christina Vazquez,1971-11-13,"3005 Brandon Islands
Timothymouth, MT 83848",PENDING,9
8983,Erin Stevenson,1999-10-25,"1765 Karen Terrace
East Luis, MO 22534",PENDING,69
8984,Willie Houston,2001-01-15,"8414 Jose Villages Suite 946
New Laura, NC 44938",PENDING,98
8985,Nathaniel Medina,1962-04-15,"1314 Sullivan Station Apt. 993
Deannashire, NJ 14020",VERIFIED,94
8986,Tiffany Kemp,2002-04-09,"55118 Nicole Bypass
Lake Paul, WV 75137",PENDING,35
8987,James Schneider,1960-11-18,"2693 Margaret Knoll
Port Matthewhaven, UT 26220",PENDING,17
8988,Zachary Russell,1983-03-16,"038 Stewart Wells
Lake Keithfurt, WV 64218",PENDING,29
8989,Charles Williams,1978-09-02,"640 Steven Spurs
Sotostad, SD 18354",VERIFIED,59
8990,Kristen Gutierrez,1990-12-30,"897 Moyer Street Apt. 604
West Samuelport, MI 52334",PENDING,31
8991,Valerie Munoz PhD,1954-06-08,"343 Teresa Dale Suite 397
New Samuelville, NH 80168",PENDING,91
8992,Scott Graham,1974-08-18,"8223 Jones Pass Suite 334
Edwinshire, DE 90843",VERIFIED,26
8993,Scott Buchanan,1971-06-10,"76368 Barker Ferry
South Bryan, TX 67221",VERIFIED,67
8994,Rebecca Moore,1985-05-05,"16586 Collier Meadows Apt. 737
Sandramouth, RI 42909",PENDING,68
8995,Aaron Ramirez,1990-01-16,"2888 Walter Wall Suite 912
Weaverland, IN 20109",PENDING,64
8996,Rhonda Lynch,2004-05-09,"73590 Benjamin Forge
Joshuahaven, AS 24766",VERIFIED,17
8997,Debra Davis,2006-12-14,"3635 Chambers Vista Suite 202
Carolburgh, PR 32579",VERIFIED,5
8998,John Rice,1980-02-15,"Unit 2465 Box 2273
DPO AA 21330",PENDING,55
8999,Catherine Barnes,1986-01-26,"3231 Cunningham Plains Apt. 010
Port Shannonhaven, TN 30679",VERIFIED,6
9000,Pamela Hester,1982-05-21,"9864 Callahan Camp Suite 518
Lake Grantbury, PR 32922",VERIFIED,27
9001,James Goodwin,1982-08-19,"426 Pamela Trace
South Joshua, NV 70109",PENDING,71
9002,Kyle Key,1990-03-29,"614 Ortiz Glen Apt. 218
South Kaitlyn, IL 34133",PENDING,33
9003,Brett Rowe,1964-10-28,"69872 Brianna Court
Charlesside, IA 66800",PENDING,21
9004,Bradley Ochoa,1970-03-16,"5030 Schmidt Road Apt. 526
Port Victoriamouth, AL 54212",PENDING,32
9005,Ronald Johnston,1983-02-05,"290 Russell Throughway Suite 050
Amberland, VA 37794",PENDING,27
9006,Bradley Price,2008-03-05,"17780 Kimberly Forge Apt. 710
Elizabethton, IN 90327",PENDING,63
9007,Nathan Murphy,1987-07-13,"4957 Mcdowell Points Suite 405
Morrisland, TX 73157",VERIFIED,62
9008,Elaine Cain,2006-02-14,"995 Henry Run
Lake Connie, MO 77395",VERIFIED,81
9009,Jordan Fowler,1992-07-12,"PSC 2192, Box 9538
APO AA 71630",VERIFIED,82
9010,Zachary Sullivan,1972-01-04,"34501 William Cape
Westview, KS 96310",PENDING,91
9011,Barbara Cortez,1974-05-07,"7692 Weiss Squares
West Matthewmouth, DE 84729",VERIFIED,39
9012,Larry Parker,1957-01-28,"2282 Brown Track
North Kimberlyburgh, MD 97827",VERIFIED,8
9013,Michael Anderson,1990-08-31,"05434 Green Row
Bobbybury, NM 73377",VERIFIED,45
9014,Tony Sloan,1987-04-22,"317 Sierra River Apt. 220
Michelleborough, VI 36161",VERIFIED,45
9015,Alicia Garcia,1996-12-04,"00626 Kyle Oval
Pattersonchester, CO 98340",VERIFIED,59
9016,Julie Sullivan,1978-02-01,"71629 Heather Island Suite 711
Port Kenneth, NY 20952",PENDING,41
9017,Carlos Payne,1970-03-14,"427 Benjamin Isle
East Susanburgh, WI 62877",VERIFIED,2
9018,Steven Berry,1987-11-23,"438 Vicki Station
Bryantmouth, ID 17897",PENDING,6
9019,Todd Poole,2007-06-20,"55511 Allen Forks
East Vernonshire, VA 29533",PENDING,59
9020,Jason Smith,1960-03-26,"305 Vazquez Point Apt. 931
Jeremyborough, DC 86955",PENDING,57
9021,Erik Jenkins,1951-06-19,"673 Morrison Avenue Apt. 803
Hallborough, AL 45608",PENDING,43
9022,Carrie Lopez,1954-07-05,"304 Avila Valleys Suite 681
West Yvonne, GA 35314",PENDING,54
9023,Shannon Schultz,1985-01-27,"392 Rodriguez Hollow
Joneshaven, FM 16044",VERIFIED,59
9024,Wesley Price,1987-03-05,"0128 Moore Ways
Erinhaven, ID 20456",PENDING,96
9025,Tyler Johnston,1980-07-28,"6947 Torres Lock Apt. 601
Wardport, SD 63327",PENDING,40
9026,Tracy Chaney,1972-08-06,"899 Cynthia Mountain Apt. 786
Normanport, AZ 72451",VERIFIED,70
9027,Matthew Jacobs,2002-09-15,"59916 Cline Spurs Suite 133
East Wendystad, KY 68637",PENDING,12
9028,Tamara Benjamin,1993-11-07,"131 Christine Place Apt. 273
New Gerald, ND 02289",PENDING,40
9029,Molly Livingston,1960-09-01,"330 Haney Run
Williamsfurt, IA 11127",VERIFIED,48
9030,Brenda Hayes,2004-12-05,"01900 Robert Junction Suite 872
Garzaland, MP 38347",PENDING,93
9031,Steven Fernandez,1962-09-08,"499 Sandra Summit Apt. 494
Joshuashire, MS 98520",PENDING,50
9032,Sara Farrell,1972-06-18,"7619 Jones Highway Apt. 428
Alexfort, AZ 61400",PENDING,37
9033,Angelica Pham,1976-06-08,"43465 Timothy Walk Apt. 829
Hopkinsbury, LA 82809",PENDING,31
9034,Lance Glover,1975-01-01,"49926 Watson Skyway
Michaelchester, PR 08315",VERIFIED,8
9035,Joshua Johnston,1999-11-24,"4940 Barker Isle
West Joshuamouth, TN 50561",PENDING,67
9036,Sabrina Mendez,1953-10-22,"476 Casey Trail Suite 863
Carpenterfurt, RI 59262",PENDING,88
9037,Susan Anderson,1976-03-16,"00120 Allen Pine Suite 261
North Kimberly, PA 73286",VERIFIED,95
9038,Aaron Paul,1985-01-09,"26665 Jodi Forks Apt. 609
Kristinastad, PA 44413",PENDING,75
9039,Jennifer King,1957-04-01,"65280 Greg Walks
Barrtown, AZ 11364",VERIFIED,54
9040,Anthony Davis,1951-06-04,"USCGC Finley
FPO AE 80582",VERIFIED,13
9041,Abigail White,2000-11-08,"4555 Kathleen Summit
Mendezside, MO 93874",VERIFIED,7
9042,Vanessa Hobbs,1967-03-24,"961 Christopher Underpass Suite 042
Perezbury, WA 75665",VERIFIED,77
9043,Joshua Burton,1981-06-15,"81991 Phillips Forest
East Stephanie, NM 37166",VERIFIED,4
9044,Gina Hancock,1977-02-19,"1269 Christine Forest Suite 632
East Heatherhaven, AS 62240",VERIFIED,2
9045,Angela Harris,1997-08-11,"808 Thompson Street Apt. 780
Carlosmouth, ID 30427",VERIFIED,15
9046,Ronald Mcclure,1975-02-18,"093 Tiffany Points Suite 112
Ruizfort, FM 06847",VERIFIED,88
9047,Kyle Johnson,1974-08-19,"Unit 6593 Box 4987
DPO AE 08729",VERIFIED,36
9048,Alexandra Estrada,1972-02-29,"0752 Jerome View
Maryton, AS 34778",VERIFIED,39
9049,Kathryn Cruz,1961-01-21,"USS Ashley
FPO AE 68185",PENDING,46
9050,Adrian Smith,1980-02-07,"886 David Squares
South Josephburgh, OH 18890",VERIFIED,48
9051,John Humphrey,1986-04-20,"4799 Kelly Mall
Tuckerville, FL 74207",VERIFIED,59
9052,Tracy Salazar,1988-07-15,"1738 Keith Union
Burnettside, CA 38850",VERIFIED,43
9053,Meghan Snow,1997-06-03,"21044 Lisa Unions
Port Tammy, PA 97175",VERIFIED,41
9054,Johnathan Stevenson,1987-12-29,"837 Jeff Dale Apt. 555
East Traceymouth, WA 50518",VERIFIED,85
9055,John Bishop,1968-02-06,"62685 Courtney Village
Port David, VI 31492",PENDING,19
9056,Raymond Bradley,1977-08-01,"USCGC Young
FPO AE 24816",VERIFIED,4
9057,Sara Long,2007-03-29,"90420 Spencer Roads
Serranoland, OH 80482",VERIFIED,74
9058,James Mann,1991-08-30,"373 Gonzalez Locks Suite 857
Lake Melissabury, MT 24871",PENDING,37
9059,Ronnie Sanchez,1994-03-12,"653 Walters Place Apt. 067
Pruittview, SD 75987",PENDING,88
9060,David Davis,1951-10-05,"PSC 0771, Box 8777
APO AE 80879",PENDING,25
9061,Kevin Garcia,1965-11-20,"5681 Daniel Stream Suite 837
West Sarah, KY 89815",PENDING,47
9062,Michael Everett,2004-11-30,"873 Fritz Flats Apt. 636
East Crystal, SC 07440",PENDING,86
9063,Justin Prince,2005-03-30,"604 Shannon Camp Apt. 942
Valentineside, WI 08768",VERIFIED,63
9064,Bradley Perkins,1993-09-21,"Unit 7372 Box 9418
DPO AP 68395",VERIFIED,15
9065,Nancy Conrad,1978-05-25,"61541 Lewis Run
Christopherville, NM 06915",PENDING,18
9066,Steven Edwards,1984-03-11,"682 Shawn Park
Lake Gabriela, NJ 83690",PENDING,1
9067,Trevor Smith,1960-08-05,"931 Dennis Neck
Christopherberg, OK 68908",PENDING,60
9068,Mr. Brian Black PhD,2007-11-27,"0207 Karen Street
Jennaberg, MH 75926",VERIFIED,45
9069,Teresa Richards DVM,1993-06-14,"1787 Lynn Plain
South Gabriel, LA 54108",PENDING,37
9070,Ivan Atkins,1976-05-25,"82199 Ashley Path Suite 872
Victoriaville, IL 79832",PENDING,56
9071,Danielle Roberts,1961-09-08,"2382 Bryan Extension
South John, PA 15978",PENDING,57
9072,Christopher Chavez,1971-12-18,"463 Carolyn Branch
Wardfort, MO 96039",PENDING,16
9073,Makayla Pena,1977-03-04,"916 Fields Cape Suite 503
Johnsonchester, MA 63156",VERIFIED,57
9074,Jonathan Woodward,1984-12-14,"066 Harris Stravenue Apt. 339
Lake Johnfort, MP 12880",VERIFIED,99
9075,Victor Martinez,1999-02-25,"5211 John Throughway
North Matthewfurt, KY 27674",PENDING,96
9076,Eric Miller,1974-08-10,"755 Matthew Radial Apt. 776
Brandonport, CA 62637",VERIFIED,3
9077,Natalie Payne,2001-07-05,"8456 Avila Estate Apt. 346
East Andreaburgh, MH 23615",VERIFIED,97
9078,William Collins,1980-04-16,"072 Woods Point
South Chelsea, AK 25552",VERIFIED,67
9079,Chad Holder,1965-01-03,"4459 Lewis Vista Apt. 337
Micheleton, TN 42114",VERIFIED,77
9080,Danielle Shelton,2006-12-30,"34790 Amanda Mountains Apt. 082
Leachfort, SC 24709",VERIFIED,38
9081,Anna Owen,2004-06-13,"4802 Stephen Cove Suite 596
Port Dominique, DE 79863",PENDING,57
9082,Robert Hawkins,1981-10-17,"89971 Crystal Drive Suite 775
Port Cheryl, FM 64611",PENDING,76
9083,Allen Allen,1975-10-06,"582 Sawyer Square
South Jeff, MA 99289",PENDING,23
9084,Jacqueline Davis,1959-04-05,"21476 Day Ranch Suite 209
East Timothy, VA 52680",VERIFIED,27
9085,Stephanie Patel,1986-01-03,"4366 Christina Course
Perryberg, WI 95530",VERIFIED,60
9086,Joseph Castro,1959-08-07,"58270 Anthony Summit
Lake Maurice, KY 18207",PENDING,10
9087,Sherry Hamilton,1999-09-26,"675 Sanders Union
Adamstad, CO 21053",VERIFIED,70
9088,Michael Parker,2001-11-07,"PSC 4501, Box 1638
APO AA 10451",VERIFIED,22
9089,Shelby Campbell,1991-11-14,"6422 Phelps Grove Apt. 870
Michaelhaven, ME 62619",VERIFIED,65
9090,Chase Hammond,1996-03-24,"125 Russell Turnpike
Greenehaven, VI 79397",PENDING,3
9091,Adam Joyce,1991-08-06,"708 Wilson Brooks Apt. 392
Port Michael, MD 46819",PENDING,92
9092,Julie Mccoy,1967-10-30,"5969 Myers Lake
Traviston, WY 64086",VERIFIED,31
9093,Chase Turner,1976-08-08,"6684 Reyes Springs
Port Jenniferside, GA 71803",PENDING,94
9094,Ashley Patel,1963-02-16,"PSC 7358, Box 1238
APO AA 48257",VERIFIED,60
9095,Aaron Davis,1970-08-11,"631 Ryan Corners
East Jacquelineview, MA 40351",PENDING,90
9096,Ana Green,1981-07-25,"744 Autumn Mountains Suite 786
Pamelaland, KY 53921",VERIFIED,52
9097,Brent Hamilton,1990-01-03,"Unit 2830 Box 9348
DPO AE 09866",PENDING,49
9098,Robert Alvarez,1993-04-27,"9778 Wells Canyon
East Julia, OH 07970",VERIFIED,33
9099,Peter Murray,1966-07-26,"0325 Hannah Cliffs Apt. 079
East Amanda, VT 13436",PENDING,15
9100,Laura Powell,1986-12-12,"523 Brendan Lane
Lake Lacey, ID 45779",PENDING,52
9101,Matthew Hernandez,2003-07-23,"Unit 5314 Box 5257
DPO AA 57187",PENDING,90
9102,Ellen Turner,1958-08-19,"68366 Kristin Manor Apt. 352
Nelsonmouth, FL 32436",PENDING,96
9103,Michael Gonzalez,1968-02-26,"2067 Mario Point Suite 696
Kaufmanview, ND 51630",VERIFIED,60
9104,Kendra Walsh,1977-12-17,"203 Little Hollow
Greenstad, OR 52456",VERIFIED,9
9105,Anthony Harris,1952-05-29,"0647 Christopher Route
West Thomasfort, NE 46536",PENDING,61
9106,David Lopez,1970-12-23,"559 Estes Port Suite 717
South Melinda, AK 50076",VERIFIED,42
9107,Joseph Smith,1956-11-30,"9855 Williams Station
Port John, MI 91919",VERIFIED,100
9108,Adam Marquez DVM,1955-03-30,"627 Mann Orchard Apt. 264
Stewartborough, OK 10871",PENDING,37
9109,Rhonda Taylor,1971-05-13,"96673 Decker Underpass
Port Noahfort, LA 31732",VERIFIED,45
9110,Benjamin Vega,1976-08-22,"653 Richard Field
Lake Crystalview, VT 53221",PENDING,19
9111,Raven Douglas,1995-07-27,"99409 Chavez Summit Apt. 953
North James, NC 68524",VERIFIED,93
9112,Pamela Waters,2007-11-14,"38117 Cassandra Ferry
Lake Brendaland, FM 93753",VERIFIED,98
9113,Logan Lambert,2003-03-28,"080 Banks Branch
Lake Lori, WA 32899",VERIFIED,97
9114,Tammy Cannon,2008-05-20,"3361 Hunter Island Apt. 580
Weaverville, CA 85102",VERIFIED,19
9115,Ryan Johnson,1975-12-04,"Unit 6642 Box 1627
DPO AP 39260",PENDING,21
9116,Tonya Wright,1969-11-24,"723 William Pines
North Amberville, OK 80581",VERIFIED,86
9117,Jeffrey Rodriguez,1979-01-22,"672 Danielle Forks
Markstad, OK 14613",PENDING,82
9118,Thomas Mitchell,1973-11-18,"68736 Christina Rest Apt. 251
Hunterfort, MT 01118",PENDING,86
9119,Paul Larsen,2005-09-30,"45977 Candice River Apt. 059
Grahamburgh, VI 80821",VERIFIED,13
9120,Samantha Durham,2001-07-03,"PSC 2974, Box 6092
APO AE 21920",PENDING,57
9121,Evelyn Bowen,2005-09-14,"2494 Mary Skyway
Jasminemouth, DE 95169",VERIFIED,30
9122,Autumn Reese,1989-01-10,"USNV Lopez
FPO AA 97984",VERIFIED,66
9123,Mr. Patrick Garcia,1959-08-19,"USCGC Kennedy
FPO AP 32550",PENDING,72
9124,Molly Booth,1960-11-12,"737 Brown Plains
West Kevinburgh, MH 35538",VERIFIED,39
9125,Charles Hahn,1967-09-26,"21223 Kaitlyn Square
South Thomasville, MD 04777",VERIFIED,17
9126,Sherri Thomas,1989-08-29,"976 Monroe Port
Jacobfort, VT 23127",PENDING,29
9127,Kelly Brown,1951-11-15,"78120 Shaw Field Suite 155
Wilsonshire, NY 19085",VERIFIED,52
9128,Margaret Young,1977-04-12,"34170 Elaine Mill
East Thomas, HI 67584",PENDING,55
9129,Angela Kirby,1955-05-14,"3597 Freeman Valley Apt. 578
New Joanna, ME 88996",PENDING,84
9130,Patricia Wagner,1971-06-15,"8931 Matthew Unions
North Shannon, ME 24923",PENDING,81
9131,Mrs. Sherry Alexander MD,1955-12-23,"872 Kenneth Rest
Lake Jacob, PW 24835",PENDING,27
9132,Chelsea Young,1961-09-03,"968 Michael Forges
Lake Juanland, ID 20031",VERIFIED,39
9133,Timothy Mcintyre,2004-02-02,"PSC 2349, Box 3656
APO AE 71901",PENDING,45
9134,Jared Shepherd,1965-11-10,"6042 Harris Landing
South Brian, PR 44951",VERIFIED,83
9135,Dana Bell,1994-06-29,"599 Wise Grove
South Lindsayside, OK 56946",PENDING,58
9136,Michael Santos,1969-09-28,"65043 Crawford Estates
North Markborough, VT 78721",VERIFIED,58
9137,Jeremy Bradley,1971-06-22,"94112 Rhodes Stream Suite 949
Thomasburgh, PW 19634",VERIFIED,95
9138,Jamie Avila,1991-04-09,"934 Hernandez Common Suite 847
West Robertport, MH 01344",PENDING,95
9139,Kathleen Moore,1967-03-01,"190 Michael Plaza Apt. 518
Robertville, VI 00942",PENDING,41
9140,Heather Baker,1954-01-16,"78226 Taylor Union
New Janet, MP 75140",VERIFIED,19
9141,Dakota Patterson,1953-10-11,"460 Jared Islands
Harringtonport, AZ 93634",PENDING,1
9142,Eric Martin,1968-06-03,"2117 Michelle River Suite 031
West Guyburgh, MO 35188",PENDING,82
9143,Daniel Gray,1961-07-19,"Unit 6786 Box 4790
DPO AA 11102",VERIFIED,88
9144,Joanne Oconnor,1965-12-21,"7298 Daniel Plains
Lake Ericton, MT 26483",PENDING,84
9145,Janet Humphrey,1977-05-14,"13412 Javier Lodge
Adamsfurt, NH 84680",PENDING,41
9146,John Macdonald,1976-04-13,"700 Gonzales Keys
Jasonville, NV 14698",PENDING,14
9147,Joseph Ferrell,1964-03-01,"5681 Caldwell Meadows
North Annetteberg, NM 44240",VERIFIED,86
9148,William Romero,1960-11-15,"059 Spencer Ramp
East Thomas, AR 66327",PENDING,96
9149,Timothy Powell,1993-06-01,"296 Martinez Stream
Conradmouth, ND 73109",VERIFIED,65
9150,Pamela Gibson,1976-06-23,"07961 Porter Gateway
West Michellechester, MN 23623",VERIFIED,26
9151,Dr. Aaron Mason,1972-04-08,"89795 Kim Mission
East Rachel, VA 58182",VERIFIED,2
9152,Mrs. Monica Wright,1987-07-12,"62471 Ann Fall Suite 604
Stephanieville, OK 68067",PENDING,61
9153,Amy Gentry,1990-04-06,"PSC 4771, Box 8413
APO AP 29975",PENDING,54
9154,Kathy Fuentes,1960-04-26,"61477 Zachary Well Suite 267
Smithview, AK 14342",VERIFIED,42
9155,Emily Johnson,1963-05-23,"895 Burnett Trafficway
Buchananstad, DC 40794",PENDING,42
9156,Rodney Delgado,1961-01-03,"3081 Mcintyre Village
Huynhport, ID 88241",PENDING,34
9157,Victoria Myers,1952-07-13,"7671 Jones Ports Suite 490
East Dawn, KS 45792",PENDING,19
9158,Jessica Jones,1982-09-12,"01516 May Way
West Kathleenborough, ID 51584",PENDING,60
9159,Allison Pineda,1959-03-22,"33420 Yang Crossing
Georgefurt, WI 91467",VERIFIED,6
9160,Brittany Hughes,1966-01-29,"35128 Evan Point Suite 223
Barnettfurt, HI 96105",VERIFIED,50
9161,Jill Taylor,2006-09-27,"637 Kathryn Highway Suite 151
South Jamie, DC 77871",PENDING,27
9162,Alvin Cunningham,1972-08-26,"6128 Diane Pike
East Kevin, NJ 75604",PENDING,89
9163,Jennifer Bradshaw,1966-09-18,"733 Andrea Corners Apt. 380
North Patrick, AS 33939",VERIFIED,7
9164,Dr. Scott Sullivan,1976-10-09,"26257 Heather Stream
Johnview, NE 52898",VERIFIED,58
9165,Shane Gibson,1995-08-13,"927 Ashley Circle
Lake Christopherside, DE 36301",VERIFIED,25
9166,Philip Edwards,2004-11-07,"743 Poole Courts
Suttonfurt, PA 30459",PENDING,63
9167,Jimmy Hernandez,1971-08-28,"88380 Henderson Causeway
Michaelville, NY 66583",PENDING,29
9168,Linda Diaz,1962-05-19,"USS Alvarado
FPO AP 18732",VERIFIED,34
9169,Catherine Carter,1983-08-07,"8023 Nicholas Coves Suite 431
Cooperville, FM 50599",PENDING,58
9170,Melissa Smith,1974-05-17,"Unit 3079 Box 9152
DPO AP 59569",PENDING,19
9171,Tracy Rodriguez,1950-09-10,"062 Allen Via
South Alexandra, IL 61179",PENDING,30
9172,Allen Young,2001-03-13,"789 Monique Village
New Beth, NJ 47466",VERIFIED,100
9173,James Diaz,1955-08-24,"Unit 1257 Box 9492
DPO AA 95753",PENDING,35
9174,Peter Sanchez,1969-07-06,"8250 Meyer Extension
East Danielleland, VT 96183",VERIFIED,70
9175,Mr. Thomas Warren,1963-04-17,"Unit 7585 Box 4166
DPO AA 74086",PENDING,18
9176,William Evans,1967-12-19,"225 Johnson Walks Apt. 606
New Robinbury, HI 00608",PENDING,98
9177,Sharon Fuentes,1991-07-31,"2359 Andrew Mall
New Grant, MN 15239",VERIFIED,55
9178,Brandon Morris,2000-06-26,"52272 Darren Mountains Apt. 341
Alyssaville, LA 56876",VERIFIED,59
9179,Kevin Smith,1989-11-16,"78151 Zavala Shoals Apt. 929
Davismouth, AZ 58136",VERIFIED,95
9180,Megan Reyes MD,2001-08-17,"USNS Scott
FPO AE 26343",VERIFIED,4
9181,Heather Sanders,1970-01-04,"95580 Roger Corners
South Michellefort, ND 32601",VERIFIED,64
9182,Nicole Williams,1984-12-03,"15332 Gonzales Drive
East Thomaschester, PA 74164",VERIFIED,47
9183,Julie Vargas,1980-01-07,"9854 Christopher Rapid
South Sarahbury, SC 94264",VERIFIED,56
9184,Patrick Sutton,1978-06-03,"55965 Davis Glens
East Christophershire, KS 57768",VERIFIED,86
9185,Denise Johnson,1987-07-05,"07552 Martinez Throughway Apt. 682
East Jeff, MI 42277",VERIFIED,24
9186,David Martinez,2002-04-27,"PSC 4667, Box 0900
APO AE 63910",PENDING,1
9187,Keith Mccarty,1962-12-20,"1305 Brian Estate
Weavermouth, IN 96901",VERIFIED,67
9188,Amy Smith,1976-06-24,"091 Lori Park Suite 733
East Anna, TN 76906",VERIFIED,88
9189,Richard Gutierrez,1989-07-11,"499 Raymond Summit
East Mariastad, WV 67363",VERIFIED,11
9190,James Williams,1992-10-02,"8027 Lin Hill
Port Yvonne, TN 34884",VERIFIED,16
9191,Jay Richardson,1950-08-11,"Unit 8558 Box 6144
DPO AP 14714",PENDING,96
9192,Dawn Smith,1986-02-17,"8418 Murphy Lodge
Maxfort, CT 12914",VERIFIED,63
9193,Mr. George Perez,1987-12-18,"717 Samuel Ville Suite 495
New Steven, UT 91467",VERIFIED,23
9194,Robert Weiss,1965-04-21,"8331 Tammy Courts Suite 098
South Kurt, MT 30818",PENDING,64
9195,Brittany Reid,1997-01-18,"54007 Roach Villages Suite 420
Larrytown, MS 21163",PENDING,31
9196,Kevin Cummings,1979-11-26,"2384 James Crest Apt. 692
West Maryville, IL 53699",VERIFIED,5
9197,Dustin Huynh,1983-10-13,"5247 Hill Groves Suite 960
New Mariamouth, ID 95980",VERIFIED,63
9198,Samantha Boyle,1991-01-30,"6849 Stewart Dale
Bonillamouth, ME 09700",PENDING,16
9199,Kelsey Wilson,1993-04-11,"76106 Moody Valleys
South Jessica, SD 35039",PENDING,47
9200,Abigail Jones,1978-10-24,"19635 David Drive
Port Anne, AR 41920",VERIFIED,94
9201,Justin Smith,1993-03-04,"745 Coleman Forges
Port Cynthialand, NE 36610",PENDING,3
9202,Scott Woodard,2005-10-29,"0864 Andrew Ford
Port Kevinside, VA 84312",PENDING,37
9203,Ashley Jackson,2003-02-16,"410 Torres Vista Suite 812
Malloryside, NV 73523",VERIFIED,50
9204,Danielle Tucker,1967-11-16,"8493 Patel Road Suite 507
Port Danielshire, KY 42482",VERIFIED,11
9205,Stacie Santos,1964-02-18,"57413 Monica Lane Suite 767
Maryside, CT 49420",VERIFIED,28
9206,Lisa Patel,1965-07-07,"3028 Farmer Ville Apt. 981
West Nicholasshire, TX 94409",PENDING,66
9207,Jessica Simon,1966-08-29,"958 Lawson Ridges
Josephville, MN 08975",VERIFIED,37
9208,Kimberly Pineda,1996-11-10,"96734 Yvonne Lodge
Sandrashire, SD 42510",VERIFIED,71
9209,Beth Taylor,1978-04-05,"84591 Sarah Burgs
Shepherdfurt, SD 29191",PENDING,41
9210,Dylan Lloyd,1978-08-28,"5007 Kristin Rue
Andersontown, AZ 64575",PENDING,3
9211,Randall Estrada,1991-05-09,"8214 Burke Ports Apt. 227
Laurenmouth, SC 33032",VERIFIED,10
9212,Terri Hanson,1976-12-26,"841 Johnson Springs Suite 695
North Lisa, OK 97876",PENDING,84
9213,Lisa Cannon,1956-09-14,"21197 Zimmerman Light Apt. 224
Johnview, RI 90669",VERIFIED,95
9214,Melissa Lee,1986-02-07,"91185 Huang Meadows Suite 141
South Lisaport, MP 61114",PENDING,29
9215,Richard Reed,1965-07-18,"83128 Watson Knoll
Lake Sara, IA 31186",VERIFIED,74
9216,Blake Nicholson,1999-12-03,"7030 Franklin Rest
Heidimouth, DC 80632",VERIFIED,54
9217,Melissa Owens,2002-02-15,"9593 Nguyen Way
East Donna, KY 15846",PENDING,40
9218,Kyle Figueroa,1980-06-03,"29828 Tammy Brook Apt. 653
Andrewport, WY 06954",PENDING,100
9219,Evan Mack,1972-11-25,"52785 Anthony Junctions Suite 527
Douglastown, CA 07594",VERIFIED,16
9220,Brianna Montoya,1989-03-20,"3412 Wilson Glen Apt. 078
Calderonfort, DE 47283",PENDING,15
9221,Kevin Miller,1994-06-13,"30898 Carter Green Apt. 009
Williamsbury, KS 77304",VERIFIED,82
9222,Robert Cruz,1977-08-05,"5912 Mark Passage
North Kara, VI 12999",PENDING,43
9223,Mrs. Joanna Stewart,2006-04-18,"703 Carter Club Apt. 490
Wagnerberg, VI 81351",VERIFIED,82
9224,Erik Harris,1986-02-15,"65785 Watson Spurs
Lake Lucaston, ID 81066",VERIFIED,11
9225,William Hamilton,1979-11-21,"708 Powers Prairie Apt. 047
Port Rachelberg, DE 20686",PENDING,4
9226,Daniel Escobar,1994-12-27,"438 Cohen Forks Suite 796
New Christinaville, UT 30137",PENDING,85
9227,Victor Nelson,1958-11-29,"85920 Montgomery Terrace Apt. 079
Kingstad, AL 43813",VERIFIED,44
9228,Vanessa Conner,1953-09-30,"00453 Martin Flats Apt. 070
Sarahstad, MN 23579",PENDING,34
9229,Richard Berger,1994-06-01,"428 Victoria Passage Apt. 579
Shepherdberg, ID 06704",VERIFIED,54
9230,Gerald Weber,1976-03-17,"30997 White Causeway Apt. 018
Anthonyhaven, OH 04799",PENDING,11
9231,Shawn Noble,2008-02-20,"23907 Kara Branch Apt. 898
South Katherine, TN 67710",VERIFIED,96
9232,Hunter Brown,1951-07-02,"492 Robert Branch Apt. 274
Haydenland, DE 40929",PENDING,20
9233,Darryl Miller PhD,2007-12-24,"USNV Rodgers
FPO AA 40453",PENDING,69
9234,Brandon Griffin,1964-11-01,"8979 Justin Light
Leonardburgh, IL 61271",PENDING,37
9235,Justin Yang,1985-09-20,"PSC 5816, Box 2166
APO AE 40892",VERIFIED,66
9236,Paul Miller,1997-01-23,"348 Nicholas Glens
Brandonbury, UT 08904",VERIFIED,76
9237,Alexa King,2006-12-22,"53691 Alexander Field
West Suzanneside, WI 99565",VERIFIED,54
9238,Alex Ramirez,1989-03-23,"USS Bass
FPO AP 36377",VERIFIED,39
9239,Amanda Wilkins,1959-02-18,"0815 Lacey Mountains
Kristinatown, FM 34175",PENDING,40
9240,Michael Moreno,1968-02-21,"817 Ward Gardens
Oconnellstad, NV 53488",VERIFIED,12
9241,Martha Carr,1992-05-25,"07611 Todd Islands
Carlsonbury, WI 70014",PENDING,87
9242,Brandon Martinez,1970-10-19,"USCGC West
FPO AA 90800",PENDING,9
9243,Ashley Baird,1995-06-11,"73155 Hunter Dam
West Cynthiaberg, MS 21742",PENDING,3
9244,Tammy Rosales,1966-08-11,"9907 Teresa Station Suite 496
Chadhaven, PA 64537",VERIFIED,91
9245,Kim Bryant,1971-08-15,"7658 Cooke Cliffs
South Kristyview, CT 25573",PENDING,82
9246,Elizabeth Davis,1967-11-15,"02917 James Stravenue Suite 687
Port Maxwellbury, DC 86409",PENDING,9
9247,Peggy King,2004-08-20,"92784 Daniel Path Suite 418
East Rachelberg, MO 69337",VERIFIED,41
9248,Natalie Harper,1966-12-25,"8204 Mccarthy Streets
Port Daniel, KY 94692",PENDING,88
9249,Erika Smith,1997-05-28,"90339 Spencer Alley
New Tracie, MH 59360",PENDING,50
9250,Bobby Garrison,1967-02-09,"33989 Raymond Motorway Suite 877
Harringtonland, ND 27983",VERIFIED,9
9251,Steven Novak,1971-09-20,"609 Holly Tunnel
Kathleenhaven, AL 96865",VERIFIED,61
9252,Patricia Obrien,1971-04-26,"83364 William Locks Apt. 420
Lake Jeffreyhaven, VA 27301",PENDING,95
9253,Keith Hill,1965-06-27,"27549 Miller Isle
Lake Linda, TX 88914",VERIFIED,36
9254,Dwayne Cox,1957-09-21,"59084 Ann Ridges Apt. 673
Goodwinfort, UT 52244",VERIFIED,77
9255,Michael Cunningham,1951-12-08,"219 Miller Lock Apt. 998
Silvaland, TX 60783",PENDING,71
9256,Shane Gonzalez,1978-08-25,"68610 Hernandez Cliff Apt. 839
Martinberg, VA 40495",PENDING,43
9257,Richard Floyd,1963-06-10,"760 Vargas Branch Apt. 706
Ariasside, WA 80526",PENDING,37
9258,Ronnie Marsh,1988-04-11,"93701 Roberts Spur
East Jeremy, MH 87060",VERIFIED,39
9259,Sarah Williams,1970-03-21,"USNV Sanchez
FPO AA 54396",PENDING,17
9260,Selena Smith,1951-03-22,"7546 Dominic Walks Suite 489
Port Carolyn, GU 17791",PENDING,73
9261,Stacey Patel,1956-11-29,"08837 Garcia Rapids Suite 081
West Andrewtown, ME 17142",PENDING,11
9262,Melinda Bryant,1956-06-15,"7209 Schaefer Burg
Rodriguezside, DE 56490",PENDING,18
9263,Lauren Williams,1952-10-27,"75883 Fisher Parks
North Victor, UT 63452",VERIFIED,41
9264,Nathan Gardner,1983-11-12,"86591 Gabriel Ville
Lake Hannahchester, IA 78171",PENDING,49
9265,Rebekah Le,1985-05-16,"7807 Michael Neck
Lake Johnport, KS 76495",VERIFIED,77
9266,Chad Woodward,1997-05-18,"198 Eric Coves Suite 485
Matthewchester, FM 43363",VERIFIED,31
9267,Phillip Thomas III,1992-02-04,"66482 Gibson Courts Suite 457
Lopezborough, TN 98964",VERIFIED,88
9268,Tammy Evans,2000-12-15,"PSC 9839, Box 8625
APO AE 32792",PENDING,7
9269,Gloria Charles,1957-07-21,"698 Carolyn Estate
East Kelseyhaven, VT 03820",PENDING,67
9270,Carly Sullivan,1961-01-22,"8115 Kimberly Plain Suite 427
West Paulafurt, AZ 24170",PENDING,19
9271,Joshua Hood,1964-11-24,"4667 Elizabeth Pine
Santanaview, DC 31881",VERIFIED,91
9272,Martha Bowers,2006-11-21,"9474 Jennifer Trail
Victorberg, MN 78847",VERIFIED,37
9273,Annette Roberts,2007-11-30,"Unit 6182 Box 4629
DPO AE 95701",VERIFIED,66
9274,Holly Barker,1968-06-20,"82920 Dustin Springs
Sanderstown, HI 44980",PENDING,51
9275,Ryan Davila,1961-12-25,"4830 Black Bridge
Jacobton, MH 13369",VERIFIED,51
9276,Tammy Barrett,1969-08-22,"559 Miranda Tunnel
South Barryfort, MT 38308",PENDING,29
9277,Mark Mann,1966-05-22,"969 Randolph Union Apt. 289
Port Dustin, CT 56106",VERIFIED,16
9278,Christopher Shaw,1966-11-13,"10238 Deanna Court Suite 785
Jamesborough, MN 89072",VERIFIED,65
9279,Richard Johnson,1970-08-24,"85208 Grant Road
South Shawnshire, GU 99499",PENDING,57
9280,Derek Torres,1955-05-05,"088 Cross Branch Suite 293
West Maryburgh, MT 76646",PENDING,61
9281,Donald Black,1957-03-26,"166 Rogers Pine Suite 540
Aguirreside, KS 02512",PENDING,46
9282,Kelsey Bishop,1995-09-19,"8043 Samantha Lake Apt. 552
Davidchester, NH 39778",VERIFIED,51
9283,Juan Thomas,2002-07-20,"3793 Cox Drives Suite 718
New Richard, WY 45915",PENDING,73
9284,David White,1970-05-29,"7813 Nelson Cape
North Kimberlyport, AR 06894",PENDING,3
9285,Tabitha Mcintosh,1952-11-29,"9235 Martin Street
North Cynthia, WI 81709",VERIFIED,53
9286,Christopher Erickson,1982-04-17,"501 Jack Greens Suite 008
North Timothy, IA 88555",PENDING,1
9287,Laurie Acevedo,2003-10-15,"1702 Wang Isle
Jamesshire, VT 96318",PENDING,54
9288,Mark Young,1995-07-15,"5714 Navarro Crescent Suite 660
Lake Jenniferview, MI 63581",VERIFIED,9
9289,Karen Schneider,1957-01-03,"0384 Salinas Streets
New Gregory, MI 85121",VERIFIED,12
9290,William Lewis,2000-07-31,"27837 Moran Plains
Cynthiashire, MO 69222",VERIFIED,83
9291,Jeffrey Ayers,1954-10-26,"22469 Melanie Gardens
New Christopher, MH 93662",PENDING,15
9292,Jeremy Grant,1989-12-10,"9650 King Prairie
Edwardsberg, OR 74406",VERIFIED,2
9293,Alex Johnson,1961-02-27,"33062 Donna Lakes
Johnsonfurt, NC 62820",VERIFIED,56
9294,Seth Duke,1989-05-15,"594 Fuller Estates Suite 925
Heatherhaven, WI 11465",VERIFIED,33
9295,Lisa Alexander,1951-06-06,"777 Martinez Rest
Christopherton, TX 76086",PENDING,54
9296,Ashley Brown,1974-07-08,"72867 Jessica Forks Suite 171
South Justinfurt, AZ 14340",VERIFIED,55
9297,Stephanie Snyder,1986-10-10,"23482 Larry Lane
West Mariotown, ME 38782",VERIFIED,27
9298,Dustin Raymond,1985-12-05,"47633 Phillips Valleys
Mccarthyport, ME 18674",PENDING,12
9299,Curtis Moore,1975-05-29,"53413 Samuel Junctions Suite 727
South Felicia, NM 99813",VERIFIED,36
9300,Joshua Morrison,1952-02-20,"658 Craig Rapids Suite 617
Tracyfurt, NY 86463",PENDING,54
9301,Elizabeth Sosa,1995-07-28,"0360 Howard Tunnel Apt. 275
New Mark, NM 59261",VERIFIED,14
9302,Christopher Gregory,1953-10-07,"406 Edward Prairie Apt. 318
Ashleyton, CA 30196",VERIFIED,7
9303,Anthony Acosta,1951-10-05,"287 Travis Unions
New Alfredborough, MS 92208",VERIFIED,14
9304,Eric Hale,1958-12-28,"23920 Smith Passage
West Anthonyview, IL 34296",VERIFIED,86
9305,Jeffrey Reyes,2000-12-15,"81938 Lane Points Apt. 988
New Jeanstad, NJ 72862",VERIFIED,12
9306,Carlos Powell,1976-09-02,"921 Christopher Meadows Apt. 565
Lake Jasonview, AZ 50495",PENDING,67
9307,Ray Alvarado,2007-03-30,"3755 Underwood Plain Suite 117
South Carlos, VA 67159",VERIFIED,16
9308,Sheri Roman,1973-02-03,"181 Anthony Spurs
North Devintown, KS 89923",PENDING,59
9309,Kristine Dunn,1980-12-19,"305 Christopher Mission
New Dawnland, GA 67879",PENDING,27
9310,Christine Finley,1972-08-12,"38104 Cole Burg Apt. 651
New Annettemouth, AK 03169",VERIFIED,93
9311,Sabrina Wade,1958-03-25,"869 Middleton Drives
Mariaview, MP 51553",PENDING,69
9312,Elizabeth Rodgers,1960-08-31,"66771 Darrell Port Suite 431
Silvahaven, AR 62400",PENDING,40
9313,Adrian Ray,1956-09-03,"52430 Hubbard Key Suite 962
Johnfurt, IL 12456",PENDING,70
9314,Tammy Andersen,2003-11-16,"040 Lopez Key Apt. 128
Dixonport, NY 63674",PENDING,15
9315,Mr. John Mendez,1954-05-19,"4877 Cynthia Square
Lake Kristine, CA 70220",PENDING,2
9316,Beverly Gibson,1994-05-24,"1646 Black Turnpike
South Madelinetown, DC 69350",VERIFIED,1
9317,Nicole Roberts,1997-05-13,"627 Chan Glens
West Jamesport, VA 58955",PENDING,80
9318,Kristin Diaz,1987-07-10,"781 Nguyen Common
New Alex, AS 10306",PENDING,78
9319,Valerie Montgomery,2007-02-22,"03610 Kimberly Locks
East Charlesmouth, DE 86725",PENDING,85
9320,Nathan Lawrence,1952-07-10,"719 Curtis Islands
Knightmouth, FL 97380",VERIFIED,62
9321,Kelly Bryant,1977-02-12,"Unit 8587 Box 3465
DPO AP 29119",VERIFIED,2
9322,Mark Madden,1964-12-09,"731 Mariah Drive Suite 478
Jacquelineview, CO 63456",VERIFIED,36
9323,Alice Smith,1974-03-28,"80997 Moss Avenue
Santanabury, PW 89472",VERIFIED,34
9324,William Anderson,1951-02-23,"5973 Hill Place Apt. 257
Johnstad, MO 22659",VERIFIED,46
9325,Jerry Stanley,1972-07-25,"134 Gomez Court
Marymouth, VT 82953",VERIFIED,30
9326,Michael Lopez,1966-11-08,"53376 Jackson Mount Suite 197
Lake Brandon, CO 81110",VERIFIED,9
9327,Lauren Le,1966-08-22,"2875 Gregory Forge Suite 848
Amychester, MS 64957",VERIFIED,83
9328,Kevin Cochran,1992-02-19,"65794 Vazquez Street
South Kenneth, TN 74181",VERIFIED,66
9329,Benjamin Dougherty DVM,1977-10-24,"11829 Aaron Stream
East Linda, TN 92112",VERIFIED,70
9330,David Lee,2007-06-13,"2656 Denise Burg Suite 333
South Henrymouth, SD 65162",PENDING,98
9331,Matthew Fernandez,1959-02-07,"03830 Mendoza Mount Suite 908
Josephshire, WI 74100",VERIFIED,30
9332,Lisa Gardner,2007-08-01,"922 Taylor Mountain
Davisstad, IA 40670",VERIFIED,6
9333,Mariah Ryan,1955-03-17,"48357 Ricky Lock
Jonesfort, NC 21396",VERIFIED,67
9334,Ashley Gomez,1991-10-04,"83172 Jeffrey Villages Suite 085
Port Theresafurt, OH 44022",VERIFIED,7
9335,James Harris,2006-07-16,"9384 George Mountains
Castillomouth, FM 21980",VERIFIED,11
9336,Terry Gilbert,1997-02-28,"29739 Clarke Springs Apt. 088
South Steven, WA 88175",VERIFIED,92
9337,Abigail Lewis,1963-06-09,"4064 Moore Mountain Apt. 600
West Michele, HI 75448",PENDING,23
9338,Heather Campbell,1972-12-01,"56560 Louis Lodge Apt. 985
Mooreview, DE 23298",PENDING,90
9339,Kimberly Zimmerman,1974-12-23,"6869 Steven Path Suite 185
East Andreamouth, MO 85229",VERIFIED,57
9340,Brandon Reeves,1953-05-20,"6388 Miller Flats
Tonitown, MS 34739",PENDING,34
9341,Melissa Small,1994-05-04,"12390 Curtis Ways
West James, IN 24637",PENDING,68
9342,Sarah Williams,2000-08-01,"8532 Khan Glens Suite 715
West Philipburgh, IA 52284",PENDING,43
9343,Lawrence Wilson,1973-08-22,"1459 Daniel Village Suite 164
Erichaven, DE 73312",PENDING,28
9344,Gary Robertson,1981-07-17,"6904 Harper Mill
Brianbury, GA 92502",VERIFIED,40
9345,Justin Tate,1994-04-01,"6857 Clark Extensions Apt. 226
Port Kathrynstad, NV 19717",PENDING,32
9346,Martin Kennedy,1951-06-22,"8234 Marquez Drive Suite 309
New Ericmouth, RI 70113",VERIFIED,49
9347,Daniel Riley,1960-10-08,"022 Pham Glen Apt. 688
South Jennifertown, CO 35609",PENDING,82
9348,Dwayne Diaz,1958-04-04,"6886 Timothy Harbors Suite 559
New Angelabury, FL 77579",VERIFIED,63
9349,Erica Bowman,1955-11-11,"PSC 6253, Box 3868
APO AE 55953",PENDING,64
9350,Robin Sandoval,1978-01-24,"Unit 5833 Box 6272
DPO AE 25748",PENDING,3
9351,Karen Sanders MD,1995-04-17,"511 Thomas Fall Apt. 912
Lake Melissahaven, MT 93544",VERIFIED,24
9352,Nathan Wright,1977-04-17,"89150 Lyons Route Apt. 237
Howardchester, GA 40316",PENDING,24
9353,Justin Sanders,1970-10-17,"Unit 4506 Box 0345
DPO AP 80662",VERIFIED,96
9354,Daisy Simmons,1952-05-21,"807 Carolyn Shores
Zacharyland, PW 52708",VERIFIED,65
9355,Dominic Garcia,1954-11-02,"832 Owens Cape
New Anthony, PR 19176",VERIFIED,95
9356,Anthony Taylor Jr.,1965-12-04,"USNV Diaz
FPO AP 28503",VERIFIED,77
9357,Jason Gomez,1980-03-02,"12606 Shannon Ways Apt. 859
North Linda, MO 67397",PENDING,44
9358,Michael Humphrey,1978-01-15,"671 Christine Union Apt. 561
Jayview, PA 83779",PENDING,80
9359,Ronald Boyd,1975-07-05,"3822 Todd Run
Port Robert, AK 78553",PENDING,15
9360,Michelle Ferrell,1964-03-23,"030 Underwood Crossing
New James, MA 82285",PENDING,20
9361,Duane Smith,1988-03-17,"34421 Bruce Point
Lake Sierra, NH 50819",VERIFIED,1
9362,Matthew James,1988-01-13,"762 Hart Meadow
North Timothy, FM 05218",VERIFIED,63
9363,Kenneth Murphy,1973-08-15,"3484 James Vista
West Kayleeside, NE 08592",PENDING,35
9364,Jack Wise,1966-04-01,"001 Beck Drive
Lake Allison, PR 05101",VERIFIED,95
9365,Brandy King,1959-05-17,"433 Breanna Islands
Navarrohaven, RI 41713",VERIFIED,45
9366,Rebecca Johnson,1984-09-17,"4773 Gray Shores Apt. 530
Loweview, NH 87904",VERIFIED,81
9367,Austin Ramos,1966-11-11,"7557 Phillips Square
South Petermouth, HI 41496",VERIFIED,100
9368,Nicole Harris,1966-09-30,"093 Crystal Shoal
South Brandibury, HI 22956",VERIFIED,17
9369,Caitlin Wallace MD,2002-03-22,"1915 John Mission
New Thomas, FL 86560",PENDING,12
9370,Elizabeth Gutierrez,1999-06-27,"481 Jennifer Meadows Apt. 323
West Jeffrey, MD 13605",VERIFIED,49
9371,Michelle Walker,1992-04-26,"62119 Karen Lights
Michellemouth, AS 32352",VERIFIED,84
9372,Brenda Davis,1956-04-18,"17589 Chavez Trail Suite 325
Longshire, AZ 88843",PENDING,100
9373,Elizabeth Rivera,1983-01-08,"042 Cynthia Cliff
North Joseph, LA 16913",VERIFIED,51
9374,Eric Herrera,1959-02-14,"Unit 0239 Box 0199
DPO AA 93265",PENDING,72
9375,Kimberly Santos,1993-11-27,"PSC 4147, Box 5901
APO AA 35771",VERIFIED,8
9376,Gary Frazier,1961-02-02,"3401 Nicholas Loaf
West Melissamouth, PW 84109",PENDING,56
9377,Jeffrey Salazar,1975-09-04,"6960 Nancy Unions Suite 444
Christinemouth, ID 62795",PENDING,15
9378,Michael Nguyen,1953-11-15,"3590 Dodson Prairie
Lake Adam, KS 05113",VERIFIED,37
9379,Jonathan Case,1982-04-27,"45299 Cook Alley Suite 085
North Kennethfort, PW 52736",VERIFIED,76
9380,Cameron Whitaker,1959-01-21,"487 Bryan Rue Apt. 008
South Tarashire, WI 80937",VERIFIED,27
9381,Danielle Hobbs,1950-08-13,"6300 Meagan Street
Nelsonmouth, PA 93284",PENDING,88
9382,Lauren Porter,1976-09-09,"67543 Macdonald Bridge
Port Julie, MT 50649",VERIFIED,56
9383,Roberto Hernandez,1988-10-23,"57443 Baker Dale
Rodriguezton, AZ 66618",PENDING,81
9384,Larry Vasquez,1984-07-15,"1526 Rebekah Union Suite 988
Parkerbury, ND 56208",PENDING,47
9385,Elizabeth Russell,1989-10-22,"703 Nelson Rapids
North Bryanside, MD 80780",VERIFIED,53
9386,Erin Sheppard,1993-04-12,"044 Patrick Streets Suite 686
Port Bradfort, NH 81782",PENDING,56
9387,Ryan Santos,2000-03-02,"4487 Michelle Well
Port Walterton, NC 66669",VERIFIED,72
9388,James Newton,2008-04-04,"58505 Emily Courts Suite 285
East Jeremy, FM 13785",PENDING,12
9389,Raymond Allen,1989-11-06,"31273 Collins Ramp
Levifort, VI 32228",VERIFIED,68
9390,William Miller,1957-12-04,"084 Rojas Land Apt. 861
Pagefort, OH 82498",VERIFIED,67
9391,Brad Martin,1955-05-01,"PSC 0064, Box 3193
APO AP 01106",PENDING,37
9392,Teresa Crawford,1980-01-28,"0872 Adriana Lakes
Austinfurt, CO 65236",VERIFIED,32
9393,Scott Abbott,1956-11-09,"3943 Franco Mill
Jamesstad, WY 92245",VERIFIED,35
9394,Dr. Nicole Thomas DDS,1958-06-21,"58160 Kevin Glens Suite 332
Davidland, NC 39891",VERIFIED,73
9395,Allen Tanner,1993-10-29,"5229 Page Well Apt. 070
West Williammouth, GA 33775",VERIFIED,62
9396,Jessica Scott,1963-11-10,"32552 Washington Branch Apt. 693
Port Leslietown, OK 79802",VERIFIED,26
9397,Ashley Lewis,1970-11-27,"5411 Holly Plaza
Fernandezport, NC 82599",PENDING,47
9398,Deborah Mendez,1968-10-21,"383 Hines Way
East Tamichester, NM 15324",VERIFIED,18
9399,Casey Taylor,1985-08-25,"420 Middleton Corners
South Tammy, FM 91220",VERIFIED,31
9400,Tara Garcia,1974-05-13,"27194 Munoz Terrace Apt. 001
Walshland, PA 19025",VERIFIED,82
9401,Monique Hull,1961-07-06,"811 Cory Shores
Clarkton, VT 41994",PENDING,43
9402,Ronald Kennedy,1986-08-27,"1224 Garza Street
North Williamburgh, WY 35913",VERIFIED,30
9403,Whitney Wright,1973-05-16,"75572 Rodriguez Passage
New Cathyfort, PW 92265",VERIFIED,81
9404,Tiffany Garcia,1981-08-19,"76910 Lucas Mews Suite 638
North Coreyview, MP 04727",VERIFIED,22
9405,Lori Long,1962-06-11,"021 Jessica Oval
Taylorhaven, ND 70163",VERIFIED,11
9406,Kimberly Carrillo,1982-02-02,"30410 Morris Pass
Jenkinsport, ME 52213",PENDING,49
9407,Brenda Murphy,1989-10-08,"6164 Carrie Ridges Apt. 663
South Timothy, VA 35227",VERIFIED,98
9408,Jason Lynn,1995-06-16,"Unit 4020 Box 3058
DPO AE 66371",PENDING,75
9409,Thomas Myers,1970-05-25,"872 Flores Via
North Joshuaport, WV 36649",VERIFIED,22
9410,Thomas Johnson,1991-06-20,"986 Kevin Plains Apt. 574
Mcdonaldland, WA 13597",VERIFIED,96
9411,Nicholas Morgan,1998-04-14,"00880 Ramirez Extension Suite 311
South Olivia, WI 39882",PENDING,24
9412,Robert Burgess,1984-08-22,"PSC 6438, Box 8101
APO AA 16177",VERIFIED,43
9413,Aaron Cooper,1975-12-10,"29990 Mark Isle Suite 412
Stevenmouth, NE 78214",PENDING,61
9414,Amber Johnson,1995-04-23,"5678 Kari Throughway
East Toddside, MH 15727",PENDING,42
9415,Chad Velasquez,1964-12-04,"4804 Tracey Port Suite 015
Haleyshire, GU 12281",VERIFIED,59
9416,Angela Hunt,2008-02-23,"2738 Edward Hills Suite 576
Turnerstad, UT 27443",VERIFIED,80
9417,Charles Davis,1969-09-22,"275 Cameron Underpass
New James, WA 76857",PENDING,14
9418,Michael Castro,1952-05-15,"Unit 4474 Box 0712
DPO AP 97192",PENDING,59
9419,David Washington,2001-07-08,"936 Wheeler Ferry
Huntville, TX 53464",PENDING,89
9420,Paul Kelly,1991-11-13,"5548 Troy Lodge Apt. 448
Chentown, SC 12345",PENDING,69
9421,Emily Sanchez,1960-07-02,"USNV King
FPO AP 51024",VERIFIED,86
9422,Adam Charles,1956-06-22,"4552 Russell Lights Suite 293
North Amyberg, WI 61489",PENDING,75
9423,Donald Johnston,1952-08-22,"13097 Anderson Brook Apt. 153
North Sharon, VI 18543",PENDING,87
9424,Suzanne Boyle,1982-05-03,"4791 Brown Roads Apt. 153
Ericfurt, CA 24240",VERIFIED,51
9425,Michael Hebert,1979-05-02,"25509 Lloyd Tunnel
North Paige, MI 46752",PENDING,18
9426,Nathan Johnston,1989-05-15,"9327 Tracy Plains
West Cameron, GU 67728",PENDING,38
9427,Elizabeth Kirby,1966-10-09,"756 Brianna Trail Suite 884
Cruzbury, KS 77274",VERIFIED,13
9428,Laurie Wolfe,1960-09-10,"7749 Whitney Passage
Jessicafort, IA 69361",PENDING,23
9429,Pedro Rivera,2005-04-26,"1269 Benson Crossroad
West Aaron, AZ 91142",PENDING,2
9430,Joshua Rodgers,1953-09-22,"31435 Jack View Apt. 937
Port Sarahchester, MT 46233",VERIFIED,18
9431,Russell Scott,1963-01-09,"13344 William Rest Apt. 444
Wiseton, VI 10754",PENDING,32
9432,Whitney Kemp,1977-03-08,"432 Sharon Islands Apt. 889
Port Jonview, AS 97811",VERIFIED,4
9433,Paul Wheeler,1959-09-28,"334 Dennis Mountains Suite 621
Nelsonville, NV 20927",VERIFIED,34
9434,Rebecca Douglas,2005-05-07,"USCGC Marks
FPO AP 78270",PENDING,62
9435,Michael Ramirez,1970-12-18,"0409 Shelby Valleys
Lake Tonyahaven, SC 36866",PENDING,4
9436,Kimberly Mccann,1986-05-02,"88319 Bailey Corner Suite 544
South Charles, CT 94679",PENDING,86
9437,Kimberly Lane,1965-11-19,"81799 Fernandez Port
Eugenestad, ND 39935",PENDING,58
9438,Gregory White,1964-11-20,"6992 Jennifer Port
South Adamburgh, MN 96924",VERIFIED,54
9439,Trevor Contreras,1991-10-13,"PSC 4624, Box 3730
APO AE 81125",PENDING,27
9440,Miss Robin Smith PhD,1996-09-14,"66269 Edward Hill Suite 369
Port Markberg, MO 64188",PENDING,54
9441,Madison Brown,1959-12-12,"8456 Boone Parks
East Patrickmouth, CT 41278",PENDING,56
9442,Nancy Bailey,1953-04-10,"7111 Roberson Heights Suite 403
Sotoshire, SD 33147",PENDING,12
9443,Jamie Stuart,1958-04-10,"68097 Chelsea Field
Oscarberg, NE 75334",PENDING,33
9444,Sandra Rodriguez,1990-04-04,"248 William Lights
Smithstad, AS 81679",PENDING,62
9445,Monica Miller,1998-09-06,"40090 Erin Summit
Zamoraside, AL 11730",VERIFIED,88
9446,Kayla Pena,2007-03-20,"5913 Justin Trafficway Suite 206
Port Dylan, NM 26298",PENDING,3
9447,Amy Poole,2001-03-25,"448 Mitchell Groves
North Vanessafort, NM 66179",PENDING,49
9448,Mark Hodges,1980-08-04,"5370 Torres Bypass Apt. 615
Christianhaven, ID 72514",PENDING,94
9449,Victoria Garcia,1981-06-02,"81231 Valdez Glen Suite 124
North Richardhaven, AK 84889",VERIFIED,60
9450,Cynthia Frost,1999-12-19,"Unit 8100 Box 0259
DPO AA 78335",VERIFIED,9
9451,Jennifer Ford DDS,1990-03-06,"USS Hudson
FPO AA 12776",VERIFIED,83
9452,Brandon Lewis,1957-11-08,"995 Andrews Via
Wolfburgh, PW 41070",PENDING,83
9453,Tiffany Barr,1977-05-27,"5294 Vincent Hills
West Stephanie, SD 09198",VERIFIED,48
9454,William Brown,1984-01-05,"03679 Cassandra Expressway
Port Hannah, ID 50061",VERIFIED,74
9455,Karla Young,1971-09-09,"363 Burnett Lodge
Dayport, CT 80334",VERIFIED,15
9456,Mary Romero,1993-05-30,"295 Cuevas Crossing
East Robin, MN 46346",PENDING,84
9457,Jerry York,1997-06-18,"29576 Randall Divide
Randyborough, CA 34030",VERIFIED,98
9458,David Mendoza,2004-07-22,"70021 John Grove Apt. 058
Brianville, MI 48250",PENDING,62
9459,Lisa Palmer,1980-09-13,"1627 Ray Parkways Apt. 224
Lake Anthony, KY 08497",PENDING,58
9460,Ashley Johnson,1980-09-01,"97908 Victor Ford
Christianside, IL 87865",PENDING,43
9461,Jonathan Salas,1973-06-25,"8265 Richardson Squares Apt. 551
Floresview, TN 95186",VERIFIED,32
9462,John Goodman Jr.,1985-08-22,"238 Orozco Common
Michaelchester, RI 72825",VERIFIED,31
9463,Duane Brown,1998-08-23,"70603 Angel Curve Suite 530
North Kristina, SD 02516",VERIFIED,91
9464,Todd Gonzalez,1973-03-28,"81702 Nelson Rest Suite 630
West Michaelstad, GA 80763",VERIFIED,94
9465,Christina Brown,1983-08-07,"932 Sanchez Courts Suite 572
Tracymouth, ND 79670",VERIFIED,37
9466,Kayla Turner,1991-12-08,"95472 Conner Overpass Suite 400
Johnchester, OH 87894",VERIFIED,63
9467,Steven Young,1955-03-22,"582 Sara Village Suite 234
Millerbury, WV 57834",VERIFIED,91
9468,Jordan Potts,1985-11-10,"725 Jessica Via
Floresfort, NC 33857",PENDING,46
9469,Jordan Phillips,2000-10-19,"2647 Laura Path Apt. 569
Port Logan, AK 91991",VERIFIED,54
9470,Tim Smith,2003-08-23,"89097 Mark Squares Apt. 876
Port Hannahmouth, AL 83226",VERIFIED,51
9471,Vanessa Larson,2000-11-21,"71633 Mullins Lodge Apt. 671
Garyport, NE 95351",PENDING,22
9472,Caleb Cross,1959-05-25,"3923 William Drive Apt. 388
East Kim, WY 57907",PENDING,38
9473,Antonio Whitehead,1989-07-13,"89590 Gibbs Ridges
South Carl, ID 03716",PENDING,94
9474,Joseph Keller,2003-07-29,"574 Tonya Flats
West Anthonychester, OR 74354",VERIFIED,92
9475,Jennifer Morgan,1987-07-21,"715 Aguilar Burg
Anthonyview, IN 12297",VERIFIED,44
9476,Andrew Baker,1962-10-21,"Unit 9887 Box 3311
DPO AA 25061",VERIFIED,21
9477,Ashlee Guerrero,2002-03-08,"03654 Adams Ville
Williamchester, FM 73815",PENDING,13
9478,Jackson Green,2001-01-22,"843 Claudia Junctions Suite 677
North Michael, WY 29396",VERIFIED,35
9479,Deborah White,1997-05-29,"4097 Wilson Route Suite 443
Adamsland, VT 70577",VERIFIED,55
9480,Natalie Gordon,1994-10-22,"179 Sanchez Freeway
West Cory, WV 70558",VERIFIED,25
9481,Tara Howell,1974-04-07,"0025 Kirk Parkways Suite 549
Priceshire, KY 00959",VERIFIED,67
9482,Stacey Russell,1985-09-30,"587 Mark View
Ryanshire, MN 61329",VERIFIED,86
9483,Scott Grant,1983-01-27,"77036 John Trail
Williamsbury, CA 58992",VERIFIED,74
9484,Jason Rivera,2005-12-17,"PSC 1597, Box 7129
APO AE 54181",PENDING,12
9485,Todd Rodriguez,1985-08-20,"PSC 0449, Box 1376
APO AE 94742",VERIFIED,29
9486,Lisa Santiago,1988-07-14,"4551 Michael Orchard
Kimside, PR 86828",VERIFIED,33
9487,Madison Robertson MD,1965-05-27,"1269 Jake Dam
South Sandraport, MS 70111",PENDING,82
9488,Jesse Kelly,1976-11-20,"678 Kayla Via
Elijahshire, TN 41234",VERIFIED,85
9489,Eric Hood,1952-03-11,"USCGC Williams
FPO AP 87375",PENDING,88
9490,Heather Carroll,1952-02-16,"77600 Marissa Pines
East Samantha, NE 71720",PENDING,72
9491,Joseph Thomas,1965-01-19,"89288 Bonnie Passage
East Arielmouth, MP 63363",PENDING,38
9492,James Livingston,1994-07-28,"27060 Jennings Mount
Diamondville, MI 03276",VERIFIED,98
9493,Philip Mitchell,1981-05-03,"004 Lori Row
Kruegerside, OK 27463",PENDING,92
9494,Jasmine Phillips,1994-10-10,"928 Graham Drives
Lake Christophertown, AR 59028",VERIFIED,29
9495,Christopher Ford,1971-06-28,"0247 Tony Prairie
Mckenziefurt, CA 62296",PENDING,79
9496,Samuel Goodman,2008-01-26,"Unit 8103 Box 8317
DPO AP 20708",VERIFIED,37
9497,David Rose,1991-02-07,"2189 Sawyer Court
West Cheryl, TN 84380",PENDING,98
9498,Derrick Williams DDS,1997-07-29,"4051 Emily Fall
North Gabriellemouth, GU 59609",VERIFIED,69
9499,Hannah Fisher,1989-09-24,"07684 John Row Suite 160
Vaughanmouth, WA 97158",VERIFIED,62
9500,Taylor Arias,1952-08-31,"62081 Rhonda Circles
Daniellechester, UT 59768",PENDING,10
9501,Jenna Scott,1998-04-02,"050 Sullivan Fork
Norrishaven, UT 22970",PENDING,16
9502,Travis Santana,1952-07-06,"8168 Parsons Gardens Suite 837
Port Eric, OK 59629",PENDING,68
9503,Christopher Moon,2000-02-25,"Unit 2636 Box 0896
DPO AP 22654",VERIFIED,43
9504,Melanie Hanson,1985-05-14,"3849 Eric Gardens Apt. 328
South Alyssaborough, OH 98167",VERIFIED,20
9505,Anne Nguyen,1957-01-31,"720 Pennington Gateway
Mcintoshborough, GU 37896",VERIFIED,92
9506,Logan Hawkins,1993-04-01,"PSC 8827, Box 9094
APO AE 53484",PENDING,67
9507,Stacy Martin,1981-06-08,"69126 Charles Dale Apt. 015
South Dennisport, GU 73868",VERIFIED,14
9508,Albert Reynolds,1983-12-24,"64658 Knight Circles
Thomasborough, IA 85193",PENDING,72
9509,Brian Robinson,1972-12-09,"48881 Nicholas Common
Wayneton, RI 35704",PENDING,41
9510,Andrea Little,1966-09-06,"002 Acosta Burgs
Walkerville, WI 51071",VERIFIED,3
9511,Marc Reynolds,1966-02-20,"69572 Estrada Path Apt. 305
West Lauren, TX 94851",VERIFIED,4
9512,Tina Manning,1980-08-25,"4214 Johnson Green
Edwardside, FM 12273",PENDING,71
9513,Sheena Le,2005-04-20,"015 Hall Vista Apt. 676
North Robertport, SC 26596",PENDING,72
9514,Shelby Roberson,1951-02-19,"032 Potter Route
Berryfurt, KY 34466",VERIFIED,59
9515,Alyssa Stephens,1975-12-07,"6482 Rodriguez Manor
Port Rebecca, NH 27779",VERIFIED,97
9516,Tina Bailey,1952-03-27,"66058 Jessica Street
North Suehaven, CT 01611",VERIFIED,2
9517,Sharon Lloyd,1956-08-30,"28287 May Ville
Carlsonville, LA 68993",PENDING,70
9518,Benjamin Barry,2003-09-28,"02399 Nicole Place
Sandersland, VA 55769",VERIFIED,84
9519,Jennifer Hurley,1984-08-21,"6797 English Village Apt. 006
Parsonsshire, VT 91536",VERIFIED,29
9520,Tracy Phillips,1991-10-02,"17878 Alexander Burg Apt. 282
Brianfort, MO 25708",VERIFIED,38
9521,Daniel Green,1950-09-14,"192 Clark Haven
Port Tammystad, AZ 49182",PENDING,100
9522,Benjamin Harvey,2007-01-19,"56555 Robinson Mission Suite 330
Mitchellchester, AS 73343",VERIFIED,24
9523,Deborah Nichols,1998-09-12,"12288 Patrick Junction
South Angelica, CO 87255",PENDING,93
9524,Penny Vazquez,1958-09-22,"5990 Pearson Row
South Nicole, MH 55486",VERIFIED,13
9525,Joshua Johnson,2007-11-13,"85703 Brittany View Suite 912
North Thomasville, OH 37714",PENDING,51
9526,Michelle Lewis,1988-08-19,"1134 Darryl Viaduct
Lake Kevin, ME 34831",PENDING,62
9527,Kathryn Gutierrez,1957-10-02,"7869 Mckee Orchard Apt. 418
West David, DC 68984",VERIFIED,10
9528,Monica Reese,1951-01-18,"51674 White Crescent Apt. 520
West Jorge, MO 49013",VERIFIED,42
9529,Karina Atkinson,1951-02-05,"81079 Garrison Greens Suite 266
Port Susan, WA 29293",VERIFIED,34
9530,Nathan Martin,2006-06-15,"2481 James Field
Port Melissa, ME 95526",VERIFIED,29
9531,Kelly Robinson,1985-11-20,"100 Larry Prairie Suite 787
North Elizabeth, ND 36040",VERIFIED,38
9532,Christina Vasquez,1973-08-22,"Unit 2087 Box 6679
DPO AA 69105",VERIFIED,45
9533,Hector Rojas,1977-04-19,"78552 Thompson Motorway Suite 893
Jamesland, MO 02977",VERIFIED,82
9534,Vincent Farrell,1996-06-15,"USS Daniel
FPO AP 80322",PENDING,62
9535,Tanya Washington,1993-03-15,"175 Bush Loop Apt. 075
East Kathryn, SC 81374",PENDING,77
9536,Evan Reed,1997-08-11,"250 Eric Crest
East Michael, PW 23843",VERIFIED,25
9537,Jeffrey Larson,1954-04-24,"Unit 9064 Box 4715
DPO AP 34075",PENDING,94
9538,Eileen Edwards,1995-02-01,"19013 Delgado Avenue
New James, OH 95554",VERIFIED,9
9539,Michael Smith,1983-01-06,"806 Zavala Union Apt. 087
Port Josephmouth, IL 12588",PENDING,2
9540,Amanda Lopez,2006-04-15,"614 Steven Avenue
South Margaret, ID 33413",VERIFIED,79
9541,Kristina Evans,2002-08-30,"75599 Johnson Way
Lake Amberfurt, VI 96935",VERIFIED,35
9542,Ronald Cole,1960-11-28,"4803 Rachel Valleys
South Christopherstad, TN 49676",VERIFIED,14
9543,Anthony Glenn,1976-02-19,"98548 Rita Track
Robertberg, WV 84710",PENDING,83
9544,Angela Hale,1984-05-31,"6835 Edwin Square
Port Rachelshire, ND 50292",PENDING,62
9545,Mrs. Tracy Ross,1954-09-27,"345 Brittany Square Apt. 505
North Jasonburgh, ME 25823",VERIFIED,87
9546,Joy Woods,2001-04-08,"44341 John Causeway
Bradleyside, DE 38114",PENDING,24
9547,Linda Nielsen,1988-12-04,"77237 Jacqueline Streets Suite 436
Greeneview, GU 07431",PENDING,68
9548,Carlos Ryan,1992-05-14,"56431 Daniel Gardens Suite 267
Marktown, WV 28242",VERIFIED,79
9549,Tracy Brown,1951-05-04,"89298 Matthew Turnpike
Matthewside, FM 10566",VERIFIED,17
9550,Audrey Reyes,1977-10-20,"905 Thomas Lock Apt. 234
Amyberg, TN 96934",VERIFIED,48
9551,Micheal Miller,1963-09-24,"2150 Bryce Ridge
Noahview, PA 15068",PENDING,18
9552,Angie Chavez,2002-09-18,"93101 Mack Via
North Kristopher, RI 25673",PENDING,20
9553,Sharon Hart,1957-12-05,"8887 Sullivan Ramp
Reynoldsville, AZ 43783",VERIFIED,7
9554,Charles Ferrell,1964-10-22,"1961 Kennedy Loaf
South Alyssa, WY 47952",PENDING,10
9555,Elizabeth Ryan,1953-12-27,"606 Clarke Crossroad Suite 642
Melissahaven, VA 90023",VERIFIED,18
9556,Neil Robinson,1955-10-15,"6396 Stephanie Plain
Ryanland, NC 75784",VERIFIED,31
9557,Cynthia Miller,1992-07-23,"29168 Tracy Curve Suite 577
Ryanville, WI 11798",VERIFIED,65
9558,Zachary Villa,2000-05-05,"00989 Julie Mill Suite 490
Amandaberg, NY 37925",VERIFIED,31
9559,Sarah Rose,1978-12-04,"1533 Davis Trafficway
Sarahberg, WA 11016",PENDING,100
9560,Jorge Murphy,1955-05-13,"0067 Tonya Views
New Patrickburgh, AR 49581",VERIFIED,63
9561,Steve Duffy DDS,1963-12-10,"8777 Sherman Dam
New Vickieview, CA 57639",VERIFIED,93
9562,Debra Robinson,1960-01-29,"3298 Mark Dam
North Elizabethside, MA 17087",VERIFIED,70
9563,Sherry Williams,1955-05-13,"90162 Micheal Plain Apt. 373
West Jeremy, TX 31929",VERIFIED,65
9564,Patrick Levy,1986-03-23,"73874 Bradley Tunnel Apt. 981
Jessicabury, MS 29028",PENDING,8
9565,Brandon Dennis,1953-11-15,"993 Alexandra Court
Kellyborough, CA 10817",VERIFIED,35
9566,Kristen Weber,1959-04-17,"8299 Butler Springs
South Michaelfurt, MD 34646",PENDING,74
9567,Sydney Knight,1971-09-29,"3411 Caitlin Highway
West Matthewport, PR 63915",PENDING,32
9568,Teresa Glover,1979-11-02,"230 Stacy Street
North Sheena, LA 37161",VERIFIED,64
9569,Dr. Allen Malone,2004-09-25,"42941 Carmen Park Apt. 211
Michaelmouth, MS 25610",VERIFIED,12
9570,William Dixon,1999-09-19,"5628 Susan Grove
Montgomeryside, NC 81567",VERIFIED,23
9571,Francisco Spears,1994-06-10,"57277 Julie Station
Crossstad, NV 88746",PENDING,25
9572,Stephen Wright,2008-02-06,"3344 Alvin Isle
East Miguel, RI 22774",PENDING,93
9573,Daniel Booth,1960-12-21,"9257 Richardson Turnpike Suite 628
West Antonio, CO 17749",VERIFIED,26
9574,Guy Harris,1959-01-06,"91247 Oliver Neck
Marissaland, CO 30772",PENDING,40
9575,William Taylor,1951-10-22,"9971 Alan Passage Suite 588
South Helen, MO 13157",PENDING,82
9576,Angela Gonzales,1996-09-29,"275 Emily Manor Suite 062
Sullivantown, AS 27029",VERIFIED,52
9577,Alexander Byrd,1953-05-01,"412 Cunningham Lock
New Markburgh, TX 69516",VERIFIED,24
9578,Tyler Holmes,1989-11-06,"86392 Thomas Route Suite 884
North Matthew, MT 02096",VERIFIED,55
9579,Richard Reed,2005-01-14,"053 Mcconnell Parks Apt. 557
South Sean, OR 02571",PENDING,60
9580,Jill Gardner,1975-07-25,"39808 Steven Land Suite 083
Caseyport, DE 25107",PENDING,51
9581,Allen Pena,1982-02-28,"17094 Clark Summit
South Bonnieview, UT 17095",PENDING,72
9582,Bryan Barnes,2001-09-17,"89071 Ashley Islands Suite 272
Jameston, MO 83606",PENDING,84
9583,Rebecca Scott MD,1979-02-25,"097 Rocha River
South Diane, MN 38562",PENDING,21
9584,Mr. Shane Jackson,1993-01-13,"0282 Gomez Hill Suite 617
Taylorburgh, AR 37496",VERIFIED,80
9585,Jose Ortiz,1950-08-31,"9335 Joseph Station
South Corey, CO 13671",PENDING,11
9586,Karen Phillips,1963-12-05,"62513 Reed Brook
Buchananbury, KS 73521",PENDING,10
9587,Colleen Thomas,1957-04-14,"571 Ashley Landing Suite 050
West Johnchester, UT 58512",VERIFIED,74
9588,Joseph Mann,1956-08-25,"PSC 6657, Box 3848
APO AA 68058",PENDING,19
9589,David Martin,2004-08-22,"2702 Villarreal Springs
Lake Josephmouth, VT 58653",VERIFIED,66
9590,Stephen Richardson,1961-11-21,"2806 Houston Roads
West Allisonborough, WY 58596",PENDING,41
9591,Walter Hardin,1998-04-07,"69966 Clark Spurs
Rodriguezshire, NH 98157",PENDING,60
9592,Troy Kelly Jr.,2004-06-09,"421 John Square Apt. 394
South Andrewshire, SC 68270",VERIFIED,74
9593,Timothy Gray,1970-04-19,"910 Jones Islands
North Bradley, OK 19938",VERIFIED,22
9594,Tanya Gonzalez,1984-05-31,"65469 Brown Mall
New Kevin, RI 27608",PENDING,65
9595,Robert Salazar,1967-11-21,"1410 Carney Court
South Rick, MP 47938",PENDING,53
9596,Crystal Brown,1961-07-16,"754 Robert Rest Suite 931
South Kevinmouth, ID 58507",PENDING,40
9597,Danny Townsend,1952-08-17,"28924 Melinda Island Suite 368
Lake Lisaside, WI 19876",VERIFIED,71
9598,Rodney Vazquez,1975-03-04,"5371 Jerry Drives
Davisport, GA 06916",VERIFIED,80
9599,Brandy Miller,1952-06-15,"8254 Kevin Avenue
Reedville, LA 69409",VERIFIED,69
9600,Charles Conley,1962-03-31,"992 Roberts Hills
Alexanderside, ME 80831",PENDING,83
9601,Ashley Patterson,1989-06-06,"7827 Campbell Flat
Desireestad, WV 45552",PENDING,83
9602,Jessica Owens,1971-04-19,"Unit 2600 Box 3456
DPO AE 30724",VERIFIED,24
9603,Meredith Mahoney,1998-08-08,"0549 Cooper Path
Erinbury, AZ 91692",VERIFIED,74
9604,Erin Warren,1989-11-01,"6963 Howe Shores
North Aaron, OR 32046",VERIFIED,61
9605,Carla Perry,1964-09-01,"PSC 8039, Box 0522
APO AP 87596",VERIFIED,10
9606,Amanda Morales,1988-09-03,"4396 Colleen Rapid Suite 301
Travischester, PR 04693",VERIFIED,6
9607,Felicia Sharp,1978-04-05,"410 Cortez Mountains
New James, NM 72200",VERIFIED,80
9608,Tiffany Carpenter,1980-05-05,"2412 Ellis River Suite 719
Rogersland, OK 85544",VERIFIED,56
9609,Rachel Phelps,1982-05-22,"559 Fields Center
Adamstad, OR 62840",PENDING,44
9610,Elizabeth Cook,2008-03-02,"3382 Shaun Groves
Matthewport, MI 49495",PENDING,79
9611,Sierra Thomas,2004-04-12,"5839 Miles Trace
Tommyport, MH 77857",PENDING,83
9612,Diane Owens,1979-01-03,"33769 Robin Circle Suite 361
Chapmanstad, VT 63331",PENDING,32
9613,Brittany Mathews,1960-09-06,"042 Russell Village Suite 424
Colemanland, NH 97294",VERIFIED,21
9614,Adam Wong,1976-04-13,"153 Bradley Isle Suite 213
West Kevin, SD 02409",PENDING,5
9615,Sarah Robinson,1990-12-21,"USNS Cowan
FPO AA 97651",PENDING,34
9616,Michael Johnson,1954-02-19,"35958 William Canyon Suite 802
Jenniferton, GA 97412",VERIFIED,99
9617,Daniel Johnson,1950-11-24,"491 Robert Plain Suite 478
West Deanland, MS 59373",VERIFIED,47
9618,Ann Miller,1975-02-11,"53313 Nelson Courts
Donnaborough, GA 47925",VERIFIED,2
9619,Christopher Goodwin,1965-06-23,"37065 Jaime Mount
Lake Markberg, MT 69951",VERIFIED,67
9620,Christina Johns,1999-01-16,"0599 Carolyn Expressway Suite 614
East Charles, HI 55219",VERIFIED,65
9621,Drew Wade,2004-09-01,"Unit 1158 Box 0436
DPO AA 05056",PENDING,5
9622,Kimberly Liu,1974-02-08,"869 Rivera Key Suite 950
East Sydneyview, UT 32651",PENDING,42
9623,Roger Yoder,1965-11-10,"4989 Morse Mountain Suite 120
East Micheleland, FL 24899",VERIFIED,8
9624,David Peters,1968-08-04,"25269 Michael Port
Tammyport, WV 90953",VERIFIED,17
9625,Jerry James,2005-08-15,"513 Duncan Way Suite 892
Blairview, MD 35050",PENDING,49
9626,Michael Simon,1978-01-02,"8126 West Viaduct
Port Joseph, PA 43447",VERIFIED,89
9627,Peter Wilson,1970-05-01,"356 Garner Shoals Apt. 956
East Lawrence, FL 69970",VERIFIED,41
9628,Mr. Jerome Pearson Jr.,1993-10-26,"2589 Victoria Spring
Lake Toddmouth, OR 37845",VERIFIED,51
9629,Mrs. Heather Moon,1977-02-07,"7236 Morgan Forks Apt. 684
Colemanland, CO 90281",VERIFIED,36
9630,Abigail Hardy,1997-03-16,"9067 Skinner Knoll
South Robert, AL 53206",PENDING,23
9631,Jessica Cochran,1982-11-01,"76054 Suzanne Terrace Suite 383
West Tammytown, NY 76127",PENDING,24
9632,Kimberly Hoffman,1959-12-03,"3191 Latasha Manors Suite 870
New Valerie, NM 02165",VERIFIED,9
9633,Amy Turner,1969-01-12,"475 Mann Islands
Kristenmouth, NH 54845",PENDING,100
9634,Anthony Thomas,1974-10-19,"7096 Catherine Glen
Craigside, KY 62887",PENDING,9
9635,Eric Russell,1961-08-31,"8508 Kayla Rapids Suite 972
Zunigamouth, DE 15800",PENDING,74
9636,Luis Cohen,1981-05-04,"3197 Meyer Divide
North Sarah, NJ 21629",VERIFIED,71
9637,Lori Hall,2003-12-27,"6119 Joseph Rapids
Kimberlystad, MO 16899",VERIFIED,93
9638,Aaron Keller,1955-06-06,"693 Lisa Manors
Jaimeport, GA 10841",VERIFIED,49
9639,Kelsey Hernandez,1970-05-04,"441 Johnson Shore Apt. 528
Grayfort, CO 95650",VERIFIED,78
9640,Richard Horn,1980-05-12,"6168 Sara Spurs
Haysborough, LA 63916",PENDING,48
9641,Paul Browning,1991-09-11,"318 Jacobs Burg
Davidchester, SD 79062",VERIFIED,53
9642,Lisa Sanders,1958-04-30,"4176 Eric View
New Cassandratown, FL 50585",PENDING,89
9643,Matthew Lewis,1983-05-25,"83338 Tracy Mountains
Nicholehaven, AR 95373",PENDING,9
9644,Terri Murray,1966-12-27,"Unit 3039 Box 1821
DPO AA 62477",VERIFIED,23
9645,John Reed,1990-08-20,"PSC 7445, Box 9212
APO AA 79310",PENDING,91
9646,Jack Peck,2004-11-16,"4554 Blackwell Circles Suite 124
Angelabury, MD 02288",VERIFIED,66
9647,Kathleen Rasmussen,1977-05-10,"807 Lopez Cape Apt. 230
Hawkinsmouth, FM 48991",VERIFIED,48
9648,Robert Bailey,1984-04-17,"7107 Moses Ports Suite 116
East Parkerhaven, VI 16015",VERIFIED,82
9649,Jessica Martinez,2003-10-29,"8251 Vincent Spring
Port Austin, TX 28198",VERIFIED,22
9650,Connie White,1950-08-16,"27006 Sanders Crest Suite 532
Port Marymouth, PA 42924",PENDING,39
9651,Hayley Williams,1979-05-01,"Unit 6258 Box 6681
DPO AA 11008",PENDING,19
9652,Brittany Cuevas,2005-03-31,"496 Garcia Stream Suite 601
South Stevenborough, GU 47255",VERIFIED,95
9653,Angela Stewart,1972-07-17,"05870 Allen Fords
Collinsside, GU 75521",VERIFIED,87
9654,Deborah Pitts,2004-05-01,"989 Ashley Rest Apt. 394
Montgomerybury, LA 24664",VERIFIED,50
9655,Kenneth Torres,1965-03-24,"5211 Pierce Park
North Patricia, OR 51326",PENDING,24
9656,Daisy Clark,2001-01-04,"10621 Huerta Villages Apt. 781
Robertborough, NH 23278",VERIFIED,22
9657,Lori Shannon,1991-11-11,"5419 Wayne Station Suite 731
Simmonshaven, PW 42209",VERIFIED,100
9658,Miranda Ortiz,1955-12-02,"212 Aaron Forest Suite 985
South Benjamin, SC 36144",PENDING,2
9659,Andrew Wilson,1997-03-24,"6877 Kyle Rapids Suite 497
Feliciaview, DC 65024",VERIFIED,47
9660,Robert Schneider DDS,1990-01-11,"2294 Julie Ports Apt. 031
Carmenton, MO 35435",PENDING,51
9661,Jeremiah Miller,1983-06-30,"472 Alyssa Course Apt. 434
Burtonmouth, UT 74337",VERIFIED,64
9662,Matthew Griffin,1985-04-24,"69283 Jacobs Point Apt. 915
West Andrew, MT 69407",VERIFIED,42
9663,Jennifer Moore,2004-06-04,"1080 Robert Rapid Suite 043
Watsonhaven, TX 50389",VERIFIED,50
9664,David Lewis,1954-12-13,"6180 Vanessa Points
Reedchester, MD 25880",PENDING,69
9665,Tom Wells,1994-08-28,"000 Parks Islands
Lake Hector, MD 51465",VERIFIED,13
9666,Laura Wells,1996-02-15,"5876 Phillips Underpass
Blevinsberg, NV 87951",PENDING,38
9667,Mckenzie Jones,1970-05-28,"1059 Dana Forest Suite 182
Adamview, NC 48417",PENDING,32
9668,Samuel Ramirez Jr.,1959-07-15,"4267 Miller Vista
West Tammyfurt, CT 87806",PENDING,98
9669,David Williams PhD,2004-10-25,"316 Brittney Via Apt. 576
Alvarezville, MT 66765",PENDING,55
9670,Kathryn Adams,1968-12-19,"6186 Allen River Suite 537
Sullivanfort, OH 49917",VERIFIED,67
9671,Jacob Martinez,2008-01-26,"59619 Benjamin Keys
Port Gabriela, AR 66910",VERIFIED,90
9672,Jon Camacho,1992-03-15,"28758 Alvarez Fall Suite 844
Jameshaven, MO 95474",VERIFIED,75
9673,Manuel Alvarez,1953-09-30,"3275 Berry Squares Apt. 690
Sharonville, CA 39979",PENDING,33
9674,Jenny Martin,1994-10-01,"924 Christina Cliffs
Deleonborough, IL 63134",PENDING,23
9675,Michael Wilson,1995-04-04,"1231 Mary Turnpike Apt. 551
East Charlesport, CO 13709",VERIFIED,80
9676,Joe King,1964-03-05,"379 Frye Manors
Lynnview, DE 14704",PENDING,58
9677,Ryan Higgins,2001-12-22,"USS Mccarthy
FPO AP 21515",PENDING,12
9678,Jessica Johnson,1964-12-18,"74291 Chapman Crest
Ortegafort, IL 05783",PENDING,46
9679,Anthony Cox,1986-02-03,"1296 James Crossroad
Haynesstad, MP 93008",PENDING,98
9680,Tammy Thompson,1983-03-13,"645 Moss Park
Lake Johnathantown, IA 70356",VERIFIED,17
9681,Larry Duncan,1956-11-27,"8947 Troy Stravenue
Spencertown, IN 79345",PENDING,11
9682,Julia Pacheco,1976-11-02,"511 Rodriguez Turnpike
New Hannahfurt, IN 08455",VERIFIED,92
9683,John Jackson,1996-07-26,"27411 Velasquez Crest
Welchfurt, HI 88125",PENDING,25
9684,Heather Johnson,1971-02-23,"31034 Duffy Well
Port Adam, ID 20589",VERIFIED,92
9685,Jessica Washington,1976-07-21,"04193 Sosa Walk
Sanchezland, OK 48009",VERIFIED,69
9686,Gregory Kim,1982-01-26,"41460 Sarah Plaza Apt. 329
Cunninghamtown, AK 60805",VERIFIED,14
9687,Mark Gibson,1999-08-14,"596 Glenn Forest
East Kristin, AR 46759",VERIFIED,46
9688,Ruth Moore,2003-03-15,"653 Thomas Estates
Port Shannon, IA 25338",PENDING,57
9689,Kelly Walters,1984-11-10,"Unit 4493 Box 2272
DPO AE 93791",PENDING,77
9690,Denise Fernandez MD,1951-12-25,"49964 Autumn Vista Suite 538
Sheilachester, IL 89095",PENDING,89
9691,Tyler Rodriguez,1995-03-03,"Unit 5393 Box 4512
DPO AE 21910",PENDING,81
9692,Vanessa Ibarra,1999-04-01,"9897 Beth Rapids Suite 491
North Jasonside, PR 21112",PENDING,81
9693,James Wilson,1968-05-31,"252 Douglas Pike
Ashleyfurt, NH 36433",VERIFIED,57
9694,Bryce Hart MD,1997-07-08,"192 Julie Curve Suite 572
Bryanland, VI 75929",PENDING,5
9695,Kelly Green,1997-12-17,"889 Wilson Estates
North Williamchester, PA 52504",PENDING,8
9696,Dr. Lisa Bishop,1966-10-15,"5677 Misty Shoals Apt. 961
Dianeview, NJ 50272",VERIFIED,38
9697,Lindsay Adams,1964-11-29,"124 Zachary Estates Suite 509
Ashleeshire, AR 29671",VERIFIED,55
9698,Amanda Diaz,1957-05-14,"200 Mario Villages
Glennland, DE 64829",PENDING,21
9699,Rebekah Chang,1975-04-20,"845 Michael Knoll Suite 438
New Kellie, NV 50056",VERIFIED,33
9700,Nicole Wright,1989-06-17,"441 Vickie Shoals Apt. 686
Lake Jennifer, FL 37404",PENDING,77
9701,Leah Shea,1999-09-29,"377 Christian Turnpike Suite 438
Warrenmouth, GA 32708",PENDING,25
9702,Steven Nguyen,1987-06-18,"2371 Harmon Station Apt. 573
North Casey, MN 50844",VERIFIED,30
9703,Jeffery Stewart,2000-06-11,"940 Wright Hills
Thomasmouth, PW 79813",VERIFIED,49
9704,David Foster,2001-11-16,"493 Norton Points
West Julie, FM 20100",VERIFIED,97
9705,Erika Walton,1957-12-23,"407 John Estate Suite 628
Whitneystad, DC 16748",PENDING,15
9706,Jaclyn Smith,1987-08-01,"154 Caldwell Flat
New Ryan, ND 57301",PENDING,86
9707,William Pierce,1989-07-19,"95199 Baker Mission
East Matthewmouth, UT 43756",PENDING,10
9708,Tracy Bowman MD,2000-02-01,"544 Gina Trafficway Suite 262
Susanbury, OR 60861",VERIFIED,60
9709,James Alexander,1999-11-28,"537 Michael Landing Apt. 578
Williammouth, NC 61716",VERIFIED,92
9710,Pamela Arnold,1972-10-19,"1098 Aguilar Locks Suite 891
West Lauraside, CT 80281",PENDING,33
9711,Stacey Zimmerman,1992-07-21,"PSC 8821, Box 3825
APO AP 60451",PENDING,39
9712,Ms. Amanda Parker,1969-07-02,"22926 Kevin Forks Apt. 210
Port Lisachester, MN 99397",VERIFIED,74
9713,Stephanie Rogers,1958-02-13,"398 Ryan Oval Suite 207
Lake Ashleyfurt, MA 64429",PENDING,25
9714,Shirley Rivas,1986-07-26,"20827 Reeves Turnpike Apt. 942
Ianmouth, CT 22720",PENDING,21
9715,Jenna Matthews,1975-09-05,"USCGC Knox
FPO AP 56587",VERIFIED,90
9716,Patricia Scott,2001-07-20,"67043 Joseph Viaduct Suite 822
North Meganmouth, MP 71300",PENDING,4
9717,Jon Powell,2003-04-17,"73455 Morris Drives Apt. 691
Andersonside, AR 90868",PENDING,80
9718,Tammy Murray,2008-01-17,"3433 Ellis Isle Apt. 134
Tanyamouth, ND 46423",VERIFIED,91
9719,Mark Patterson,1994-12-12,"4136 Travis Shoals
Julietown, VA 17761",PENDING,85
9720,Jeffrey Gibson,1982-01-06,"901 Pham Throughway Apt. 163
Harrisonfort, IN 43008",VERIFIED,83
9721,Mitchell Schmidt,1977-09-02,"514 Rebecca Plains
Kelleyville, AS 05934",PENDING,3
9722,Kevin Morris,1975-12-19,"5572 Ayers Club
New Angela, IL 16006",VERIFIED,11
9723,Ronald Rodriguez,1964-09-14,"392 Chen Drive
Moralesburgh, VI 48437",PENDING,18
9724,Bonnie Patel,1992-05-28,"5213 Kelly View
New Cameron, TX 42640",PENDING,57
9725,Angela Nguyen,2002-06-07,"1917 Clay Dale
South Brettview, NH 33408",PENDING,47
9726,Rebekah Keller,1956-09-12,"978 Spencer Points
Parkerhaven, LA 26816",PENDING,7
9727,Tommy Giles,2005-05-12,"586 Martinez Squares
Smithville, CO 71092",VERIFIED,71
9728,Scott Curtis,1994-11-22,"349 Raymond Harbor
South Cesarborough, TN 46000",PENDING,72
9729,Joseph Bradshaw,1956-02-09,"02608 Brian Shore Apt. 608
Port Jefferytown, AR 17494",VERIFIED,79
9730,Molly Rangel,2004-02-15,"789 Lori Village Apt. 718
West Andrew, NM 92270",VERIFIED,28
9731,Joseph Trevino,2007-01-04,"67693 Mary Ridges Apt. 878
Thomasberg, GA 29216",VERIFIED,74
9732,Dan Perez,1999-11-08,"9058 Johnson Square
New Elizabeth, CO 20548",PENDING,28
9733,Justin Marshall,1958-09-27,"6728 Crystal Via
Lake Marcus, MO 33238",PENDING,69
9734,Michele Williams,1979-08-03,"79963 Matthew Greens Apt. 726
Elizabethside, MT 90317",PENDING,53
9735,Alicia Thompson,1972-07-03,"2107 Williamson Viaduct Apt. 877
New Jessicaton, TX 81166",PENDING,99
9736,John Roth,1995-06-15,"69052 Palmer Mills Apt. 099
South Guy, MD 83718",PENDING,34
9737,Justin Sharp,2002-11-22,"57267 Wheeler Land Suite 495
West Davidshire, CT 59447",PENDING,16
9738,Shane Rowe,2006-05-24,"4933 Garcia Extensions Suite 308
Port Ianstad, OR 60558",VERIFIED,91
9739,Phillip Valencia,1952-04-07,"1273 Tina Park
Port Kimberly, CO 48890",VERIFIED,3
9740,Manuel Jones,2002-06-25,"298 Petersen Road Suite 110
South Calvinville, NC 09946",PENDING,42
9741,Austin Romero,1955-10-04,"2150 Ronald Valleys
Duncanfurt, VI 51561",VERIFIED,40
9742,Douglas Martinez,1963-08-26,"22377 Harper Court Apt. 629
East Andrew, MP 19886",VERIFIED,46
9743,Robert Gross,1987-11-10,"470 Joanne Club
Leehaven, MD 46711",PENDING,32
9744,James Cline,1996-08-18,"PSC 4914, Box 6423
APO AP 57645",PENDING,45
9745,Stephanie Smith,1999-03-26,"3235 Lee Ways Apt. 420
Floresmouth, WY 48586",VERIFIED,18
9746,Michelle Padilla,1986-03-31,"5693 Williams Forest
New Manuelside, ND 90613",VERIFIED,27
9747,Taylor Ramos,1962-06-08,"111 Davis Lake Apt. 867
Tinaborough, FM 22033",VERIFIED,17
9748,Lisa Shields,2006-05-26,"USS Payne
FPO AE 58754",PENDING,46
9749,Anthony Hudson,2006-02-08,"PSC 8975, Box 3147
APO AA 49992",VERIFIED,34
9750,Molly Moreno,1970-04-07,"55158 Mandy Forge Apt. 653
Davisborough, CO 55451",PENDING,55
9751,Allison Dunn,2006-03-21,"69837 Sergio Road
South Andreafurt, CA 06448",VERIFIED,74
9752,Rebecca Adams,1966-09-21,"302 Brooks Turnpike
Port Patrick, NY 42680",VERIFIED,26
9753,Kenneth Page,2006-01-07,"53373 Hughes Circle
North Michaelville, MD 46264",VERIFIED,76
9754,Jose Yoder,1983-11-23,"9506 Hart Court
Port Jasonburgh, TX 80270",VERIFIED,75
9755,Dominique Wilson,1953-03-22,"005 Savannah Meadows Apt. 170
Wilsonchester, DC 55474",PENDING,70
9756,Kendra Matthews,1970-07-16,"87071 Fischer Road Apt. 401
Lake Peggybury, MH 68331",PENDING,76
9757,Taylor Edwards,2004-11-25,"929 Natalie Vista
Matthewchester, MD 91697",PENDING,66
9758,Brian Ross,2001-01-30,"20039 Anna Squares
Katherineborough, UT 93544",VERIFIED,89
9759,Gina Morse,1960-08-20,"364 Baxter Land
East Scottfort, MD 48703",VERIFIED,89
9760,Brenda Padilla,1964-06-28,"0063 Russo Junctions Apt. 837
Lake Mary, PR 34552",PENDING,47
9761,Kelsey Tran,1995-09-23,"41243 Hill Knoll Suite 381
North Meganmouth, DE 55879",PENDING,34
9762,Ashley Johnson,1958-01-01,"832 Christopher Fork Apt. 861
Cliffordside, NJ 51867",PENDING,32
9763,Andrew King,1967-04-29,"932 Smith Ferry
West Angela, WY 54929",VERIFIED,60
9764,Wesley Byrd,1988-02-03,"PSC 4525, Box 2102
APO AP 58206",VERIFIED,60
9765,Steven Marshall,1985-12-22,"08782 Jennifer Mission Apt. 713
East Melissachester, NJ 19056",VERIFIED,99
9766,Francisco Palmer,1967-05-11,"USCGC Lam
FPO AE 65419",VERIFIED,14
9767,Trevor Williams,2005-08-25,"603 Jorge Court
East Kathleen, ME 83538",PENDING,30
9768,Crystal Ruiz,2008-01-28,"93342 Joe Well Suite 555
East Michaeltown, NC 92092",VERIFIED,27
9769,Sarah Rivera,1971-09-23,"995 Wall Circle
Theresaburgh, GA 42579",VERIFIED,53
9770,Michelle Randall,1958-02-15,"457 Hall Points
Millerberg, NH 23368",PENDING,17
9771,Daniel Bryant,1955-03-10,"1698 Gabriel Pass Suite 089
Wilsonbury, ME 49757",VERIFIED,6
9772,Caleb Murray Jr.,1958-08-30,"6857 Michael Villages
Schwartzfurt, NC 37984",VERIFIED,81
9773,Dan Gallegos,1959-07-09,"954 Erik Shoal Suite 008
North Shelley, VI 14931",PENDING,27
9774,Mary Bishop,1988-02-14,"5749 Katie Roads
North Laurenborough, FL 60399",VERIFIED,76
9775,Susan Bell,1991-03-31,"091 David Parkways
Daniellestad, IA 86698",VERIFIED,66
9776,Jennifer Williams,2005-11-16,"1696 Amy Village
South Crystal, FM 49426",PENDING,76
9777,Lisa Lyons,1993-08-15,"2495 Michael Parkways
Amandaton, PR 61658",VERIFIED,42
9778,Cheryl Hoffman,2004-05-22,"975 Karen Islands Apt. 867
Anntown, NM 53882",VERIFIED,3
9779,Luke Jackson,1968-07-27,"Unit 9949 Box 5495
DPO AA 86077",VERIFIED,31
9780,Thomas Branch,1963-09-02,"48297 Danielle Parkway
East Matthewchester, AL 74856",PENDING,67
9781,Dillon Taylor,1959-03-15,"28940 Lopez Via Suite 551
Stevenberg, MT 86637",VERIFIED,82
9782,Emily Johnson,1988-12-07,"40940 Obrien Harbors
New Brianville, MN 51421",VERIFIED,96
9783,John Ortiz,1987-03-05,"3108 Thomas Locks
Lake Susan, IL 75789",VERIFIED,37
9784,Stephanie Combs,1953-02-17,"42672 Anthony Hollow
Chaseport, WA 33159",VERIFIED,55
9785,Mr. Joshua Kelley,1999-06-13,"41937 Regina Gardens Suite 181
Petersonmouth, WA 45308",PENDING,94
9786,Ryan Brennan,1965-11-29,"8333 Hess Lock Suite 876
Kathrynside, FM 67735",VERIFIED,24
9787,Jennifer White,2000-06-09,"84466 Hendricks Lodge
Tylermouth, OH 11738",VERIFIED,64
9788,Dr. Audrey Mccann,1971-01-23,"28412 Hull Skyway Apt. 304
Port Kennethchester, DE 60084",VERIFIED,69
9789,Bradley Davis,1972-03-17,"7306 Daniel Manors Suite 205
Maryside, MD 49266",PENDING,45
9790,Brooke King,1988-11-07,"0233 Barnes Street
North Jamesburgh, AR 66481",PENDING,43
9791,Kelly Rodriguez,1979-03-18,"PSC 3618, Box 0753
APO AP 64991",VERIFIED,77
9792,Matthew Williams,1971-12-12,"6333 Becker Forges
West Maria, FL 08270",VERIFIED,28
9793,James Lee,1969-07-25,"61425 Hannah Forge Apt. 276
Wardshire, WY 28245",VERIFIED,69
9794,Nicholas Nelson,2000-07-28,"9509 Tapia Fort Suite 646
South Traceyview, IN 36387",PENDING,85
9795,Jennifer Rodriguez,1958-12-29,"1363 Wayne Mall
South Nicolechester, ND 08227",VERIFIED,61
9796,Michael Fuller,1972-11-22,"002 Walton Dam Apt. 410
Yeseniaburgh, UT 21875",PENDING,72
9797,George Bonilla,1973-11-10,"9747 Sandra Ville
North Desireefurt, MO 34387",VERIFIED,66
9798,Jerome Byrd,2000-09-27,"1704 Guerrero Corner
Kaylaberg, FM 43527",PENDING,13
9799,Jon Weiss,2004-09-25,"98003 Owens Turnpike Suite 075
Bennettfurt, DE 16442",PENDING,53
9800,Jonathan Daniels,2005-06-21,"14087 Eric Lodge Suite 256
Kimberlyview, UT 23905",VERIFIED,6
9801,James Bradford,1995-05-18,"601 Coleman Avenue
West Sherri, VT 29966",VERIFIED,64
9802,Melissa Spencer,2004-05-06,"USNV Graham
FPO AP 89619",PENDING,68
9803,Sara Pineda,1969-03-15,"72472 Murphy Roads Apt. 046
Stephaniefort, SC 30555",VERIFIED,48
9804,Michael Ross,1996-03-28,"563 Nicholas Forks
Turnerhaven, FM 75616",VERIFIED,80
9805,John Taylor,1997-09-02,"0463 Jennifer Throughway
New Colleen, VT 90801",VERIFIED,33
9806,Tonya Roberts,1952-02-20,"048 Adrian Square
Christyland, ND 08024",VERIFIED,68
9807,Molly Chaney,1978-12-11,"2299 Martinez Islands Apt. 494
Jessicachester, CA 55934",VERIFIED,48
9808,Morgan Mcconnell,1986-03-19,"935 Wolfe Trail Apt. 818
Lake Kylemouth, AZ 49258",VERIFIED,95
9809,Jordan Daugherty,1983-01-02,"9892 Michael Point
New Robin, AZ 85653",PENDING,99
9810,Catherine Thomas,1966-08-20,"189 Gibson Brook
Riveraberg, VT 45110",VERIFIED,61
9811,David Pham,1978-02-24,"8734 Richard Landing Suite 757
East Patricia, HI 19919",VERIFIED,27
9812,Cody Conrad,1971-05-03,"483 Stephen Haven Suite 251
North Joshuaberg, HI 61807",VERIFIED,92
9813,John Farrell,1987-07-06,"277 Richard Junction
Port Jeremytown, OH 94034",PENDING,80
9814,Patrick Owen,1985-11-01,"0274 Carpenter Tunnel
Jessicaport, CT 91631",VERIFIED,94
9815,Cameron Garcia,1973-09-12,"893 Elliott Mountains
Normanton, FM 24047",VERIFIED,65
9816,Erin Dorsey,2001-01-14,"73451 Cynthia Drive
Lake Christopherview, KS 50123",PENDING,99
9817,Vincent Mclean,1994-10-15,"305 Christopher Crossing
South Christopher, NC 42686",PENDING,71
9818,Christine Reeves,1999-05-06,"8224 Rivas Mission
West Oscarborough, VI 94665",PENDING,3
9819,Sierra Osborne,1962-04-13,"144 Amanda Extensions Apt. 099
Reidborough, PA 66854",VERIFIED,53
9820,Judith Tran,1985-06-15,"52612 Melissa Bridge Apt. 193
North Amyport, HI 75362",VERIFIED,20
9821,Amanda Gross,1968-10-01,"72581 Walsh Neck
Port Georgeland, VT 77442",PENDING,76
9822,Mark Rice,2002-05-30,"35270 James Meadow Apt. 268
Bestchester, UT 17610",PENDING,2
9823,Joseph Burns,2002-04-05,"806 Christopher Islands Apt. 805
Hollowaychester, NE 24658",PENDING,8
9824,Kenneth Green,1977-04-04,"PSC 7167, Box 5010
APO AE 40417",VERIFIED,61
9825,Destiny Giles,2007-07-15,"940 Sanchez Causeway
Stephensstad, MT 84754",VERIFIED,92
9826,Jenna Torres,1993-08-28,"69028 Tara Route
Gutierrezton, DC 90942",PENDING,90
9827,Cesar Mack,1983-11-22,"USNV Hanson
FPO AE 12136",VERIFIED,99
9828,Brittany Duncan,1982-02-18,"76471 Thomas Brooks
Hoffmanville, AZ 40267",VERIFIED,28
9829,Joshua Mendoza,1952-08-29,"542 Hannah Streets
Port Ronald, MI 24628",VERIFIED,6
9830,Daniel Walters,2003-08-20,"20222 Misty Valleys Suite 033
North Robertland, FL 29188",VERIFIED,73
9831,Derek Adams DDS,2008-01-01,"640 Fisher Lakes
Fitzgeraldmouth, NH 70883",PENDING,19
9832,Kimberly Frost,1963-02-14,"68105 Moore Oval
Lindashire, LA 91871",VERIFIED,10
9833,Rachel Holder,1987-01-06,"87024 Macdonald Squares
East Paulland, AK 92685",VERIFIED,47
9834,Max Howard,1980-08-12,"41102 Mcgrath Radial
Pattersonland, ME 51257",PENDING,47
9835,Tim Cruz,2004-04-24,"8029 Mitchell Cliff
Port Ryan, SC 37826",PENDING,95
9836,Keith Williams,1974-07-31,"1647 Peterson River Suite 501
New Stephen, NE 01283",VERIFIED,31
9837,Robin Thomas,1955-11-02,"PSC 6929, Box 0242
APO AA 14873",PENDING,20
9838,John Stein Jr.,2001-09-18,"7655 Brown Rest Apt. 786
Mathewsside, CO 63534",VERIFIED,12
9839,Anthony Stark,1981-06-20,"189 Garza Loop
Maddenfort, MA 84591",VERIFIED,14
9840,Marcus Odonnell,1955-04-13,"2858 Jared Rue Suite 199
Duncanview, MT 77553",PENDING,63
9841,Dawn Stark MD,1980-07-18,"20223 Davis Ville Suite 110
Crawfordview, MT 36453",VERIFIED,8
9842,Meghan Whitaker,2007-11-13,"Unit 5152 Box 1766
DPO AA 71903",VERIFIED,57
9843,Mrs. Donna Mata,1978-04-29,"1525 Caldwell Ranch
Estradafort, VA 33490",PENDING,100
9844,Susan Price,1978-01-04,"PSC 6195, Box 5301
APO AE 59516",PENDING,60
9845,Tammy Gomez,1998-07-15,"339 Smith Skyway
Smithton, ME 62918",PENDING,51
9846,Wesley Gillespie,1967-12-12,"3670 Dean Estates Suite 692
Markside, NC 24232",VERIFIED,9
9847,Randy Estes,1952-05-31,"339 Claudia Turnpike Apt. 500
Masonview, NC 51445",PENDING,78
9848,Steven Salazar,1958-09-08,"3187 Hamilton Squares
East Amber, CA 27029",PENDING,7
9849,Marc Gutierrez,1956-06-27,"USS Ramos
FPO AA 83325",PENDING,56
9850,Miss Gwendolyn Schwartz,1975-11-10,"30595 Patrick Court Apt. 542
West Tina, HI 32744",VERIFIED,49
9851,Robin Hunt,2001-12-03,"934 Brandon Plaza Suite 648
Kathleenborough, OR 18746",PENDING,56
9852,Joseph Williams,1969-08-14,"552 Jose Turnpike Apt. 470
Sancheztown, KS 25375",VERIFIED,38
9853,Donna Martinez,1957-11-22,"10344 Douglas Parkways Apt. 618
Lamberttown, PW 86706",PENDING,63
9854,Michael Costa,1968-12-22,"03067 Peter Inlet Suite 696
West Mitchell, CT 98242",PENDING,21
9855,Alexander Grimes,1959-05-07,"4273 Freeman Park
North Johnmouth, TX 05753",PENDING,32
9856,Tammy Chung,1964-03-22,"663 Good Roads Suite 685
Nicoleville, AR 86484",PENDING,90
9857,Julia Taylor,1995-09-24,"03908 Mejia Walk
Blevinsfurt, AS 43550",VERIFIED,19
9858,Darryl Reynolds,1989-02-18,"82212 Olivia Parkways Suite 952
Josephfurt, ID 91745",PENDING,38
9859,Noah Burgess,1991-03-20,"USS Coleman
FPO AE 75990",PENDING,89
9860,Erika Hart,1958-02-20,"50802 Ashley Ranch Suite 170
West Arthurhaven, GA 43496",PENDING,8
9861,Duane Cruz,1976-11-02,"050 Ryan Prairie
Port Sandra, KY 70646",VERIFIED,90
9862,Alyssa Salazar,1983-04-30,"PSC 9426, Box 2172
APO AE 13068",VERIFIED,31
9863,Billy Silva,1953-05-13,"076 Denise Shore Suite 969
Baldwinfort, CO 01320",VERIFIED,34
9864,Steven Holloway,1978-03-21,"694 Smith Station
Mcdowellland, NV 39464",PENDING,1
9865,Anita Miles,1969-11-15,"443 Bartlett Meadow Apt. 424
Port Lauraburgh, PA 79668",VERIFIED,60
9866,Vanessa Wilkinson,1986-10-18,"PSC 6494, Box 4749
APO AE 56867",PENDING,61
9867,Ashley Ellis,1955-05-25,"9357 Bowen Lights
Leefort, IA 82214",PENDING,23
9868,Denise Johns,1972-03-23,"987 Jones Trail
South Christopher, DC 33966",PENDING,88
9869,Tracey Santiago,1970-05-09,"525 Fowler Dale
Lutzburgh, TX 60634",VERIFIED,97
9870,David Gilmore,1999-09-24,"4533 Gonzalez Manors
West Caitlin, NY 90458",VERIFIED,67
9871,Jessica Stanley,2007-02-19,"989 Vincent Crest Suite 739
West Danielle, IA 70316",PENDING,32
9872,Taylor Garcia,1978-05-31,"46781 Marsh Mount Apt. 832
New Ericastad, FL 15121",PENDING,39
9873,Lisa Drake,1969-11-11,"37081 Matthew Wells Suite 011
Michaelfurt, ND 84713",PENDING,47
9874,Michael Buchanan,1971-07-09,"59557 Rhonda Drives
North Justin, OR 31453",PENDING,81
9875,Elizabeth Howell,2002-09-18,"34737 Sharp Avenue
Port Savannahhaven, NE 58482",PENDING,15
9876,Casey Caldwell,1976-03-09,"6443 Torres Mountain
Nunezfort, IN 59788",VERIFIED,86
9877,James Ward,1963-09-04,"9333 Jones Ridge Suite 724
Lyonsmouth, NH 56815",VERIFIED,42
9878,Rebecca Smith,1980-06-19,"021 Wang Landing Suite 652
Camachoview, MD 41705",PENDING,64
9879,Stacey Osborne,1996-10-21,"43542 Wells Gardens
Mooreside, MH 67797",VERIFIED,87
9880,Jessica Scott,1996-12-24,"68593 Laura Lodge
Blackmouth, NM 26610",VERIFIED,59
9881,Lori Pearson,1997-11-26,"PSC 3921, Box 9329
APO AP 69167",PENDING,91
9882,Paul Manning,1993-03-07,"596 Tracy Lake Apt. 903
Grantberg, SC 14978",PENDING,84
9883,Mary Ellis,1975-08-13,"153 Reid Brook
Braymouth, MP 32971",VERIFIED,16
9884,Kimberly Wolf,2001-03-21,"55670 Combs Points
Lake Mirandaport, DC 72117",PENDING,32
9885,Robert Richmond,2005-07-19,"81173 Kelly Orchard
South Travismouth, WA 54293",PENDING,17
9886,Miss Sharon Pacheco MD,1980-08-11,"45152 Kim Summit Suite 626
Thompsonfort, VA 73239",VERIFIED,12
9887,Christopher Sosa,1951-04-26,"7487 Moss Center
Lake Joshua, VI 72045",VERIFIED,84
9888,Craig Johnston Jr.,1950-10-14,"3909 Hester Shoals
North Laura, MO 96039",VERIFIED,13
9889,Cristian Delgado,1982-09-23,"64071 Chad Island
Nicholasmouth, ME 67301",VERIFIED,24
9890,Robert Wilson,1971-11-29,"87608 Wilson Valley Apt. 652
Mooreburgh, CA 62516",PENDING,12
9891,Bethany Bailey,1967-11-07,"Unit 2293 Box 6982
DPO AE 49641",PENDING,72
9892,Evelyn Davis,1968-02-13,"9852 Jessica Keys Suite 390
West Brian, NY 36527",VERIFIED,98
9893,Joseph Taylor,1993-08-16,"813 Shelton Station
South Johnathanburgh, FL 06262",VERIFIED,72
9894,Janet Smith,1989-10-16,"3846 Taylor Island
West Ana, DC 33654",VERIFIED,84
9895,Shawn Ramos,1993-08-18,"686 Russell Ports
Cabrerabury, NC 35783",VERIFIED,86
9896,William Long,1958-03-23,"67950 Jordan Squares Apt. 259
Danielfurt, IA 93715",PENDING,16
9897,Gregory Smith,1979-08-10,"397 Taylor Brooks
New Davidview, IN 41730",PENDING,41
9898,Jamie Hernandez,1970-05-29,"89407 Harris Crest
Davidmouth, HI 85536",PENDING,86
9899,Jennifer Benjamin,1967-12-23,"8818 Christian Spur Suite 161
North Jamesview, IL 01884",VERIFIED,85
9900,Kimberly Thompson,1998-07-26,"474 Wolfe Track
New Lisa, OR 77936",VERIFIED,97
9901,Timothy Flores,1969-06-10,"10911 Mary Overpass Suite 039
Rogersland, ME 58873",PENDING,68
9902,Julia Thompson,1957-01-12,"546 Mason Junctions
South Alexanderland, MA 72067",PENDING,63
9903,Lauren Arroyo,1954-09-07,"7389 Charles Neck Suite 949
South Ann, AZ 43356",PENDING,65
9904,John Burgess,1962-05-04,"76437 Snyder Terrace
Hinesborough, NE 09488",VERIFIED,29
9905,Katie Chavez,1981-05-11,"22294 Holland Mission
Barkerchester, NV 59894",PENDING,13
9906,David Wong,1972-10-06,"39329 Elizabeth Ville
Jessicafort, TN 87536",VERIFIED,39
9907,Stephen Lane,1982-05-23,"72773 Benton Islands Suite 756
New Nicoleberg, VI 62785",PENDING,15
9908,Luke Allen,1970-11-20,"32496 Jacob Walk
Henrybury, SC 10060",VERIFIED,34
9909,Jeffery Carter,2001-10-06,"7396 Joseph Rue Apt. 510
Larrymouth, ME 14954",PENDING,58
9910,Erica Lewis,1951-02-12,"42664 Nicholas Burg
Lake Rhondaberg, AK 65271",VERIFIED,10
9911,Melissa Davis,1963-07-06,"52806 Bishop Crossing Apt. 122
Jessicabury, VA 60494",VERIFIED,20
9912,Sara Moore,1987-07-18,"001 Watson Corner Apt. 747
Burnsborough, WY 68613",PENDING,54
9913,Donna Patrick,1956-12-09,"84333 Carter Lights
North Emilyfurt, NE 12188",VERIFIED,18
9914,Craig Snyder,1971-02-05,"18073 Smith Mountain Apt. 255
Monicachester, AR 45459",PENDING,68
9915,Michael Carlson,1963-08-21,"1361 Hernandez Drive Suite 330
Port Amyshire, PW 27659",VERIFIED,2
9916,Nicholas Yates,1983-03-06,"825 Martin Underpass Suite 899
North John, AL 42574",VERIFIED,78
9917,Craig Jones,1961-04-25,"079 Michelle Crest Apt. 403
Jessicafurt, IN 56815",PENDING,99
9918,Keith Brown,1976-09-14,"80689 Megan Circle Apt. 189
Port Nicholaston, NE 33490",PENDING,20
9919,Crystal Ramos,1985-06-19,"2278 Harris Spur
Lake Jennifer, IN 97128",PENDING,10
9920,Greg Ward,1998-01-20,"USNS Ruiz
FPO AE 04785",PENDING,54
9921,Kimberly Garcia,1969-08-03,"3025 Robles Extensions Apt. 553
South Antonioberg, KY 87413",VERIFIED,25
9922,Amy Lopez,2002-06-24,"99600 Barbara Valley Suite 460
New Johnchester, NE 09341",VERIFIED,9
9923,Samantha Roth,2001-10-31,"9453 Heather Key
Moyerburgh, MN 63875",VERIFIED,93
9924,Rebecca Little,1965-07-28,"540 Thomas Squares Apt. 904
Wheelermouth, OH 82459",PENDING,65
9925,Jacob Shaffer,1950-10-23,"9849 Billy Parks
Rodriguezfort, AZ 74411",VERIFIED,63
9926,Wesley Hughes,1993-02-06,"7958 Thomas Lock
South Keithchester, CT 56147",VERIFIED,43
9927,Kenneth Marshall,1978-09-16,"3414 Austin Mount
Davischester, HI 96721",PENDING,76
9928,Jennifer Garza,1985-06-23,"11487 Reed Forks
Taylortown, OH 00565",VERIFIED,66
9929,George Powers,1962-04-17,"9698 Adam Ridge Suite 387
Lake Patrick, WI 83042",VERIFIED,45
9930,Matthew Hammond,1987-12-28,"205 Jackson Street Apt. 472
Hallland, MT 92872",PENDING,46
9931,Brian Lewis,1982-11-09,"70908 Frank Ports
South Amberland, NY 60074",PENDING,60
9932,Michael Norris,1952-09-02,"83603 Stephen Pass
Port Jeffrey, WA 28483",PENDING,32
9933,Denise Davis,1960-06-14,"7256 Mills Road
Murraymouth, IA 25368",VERIFIED,11
9934,John Parker,1993-11-16,"Unit 4361 Box 7516
DPO AE 48161",VERIFIED,9
9935,Jessica Rogers,1990-12-10,"315 Jackson Crest Suite 917
North Markhaven, ID 45202",PENDING,61
9936,David Mcgrath,2002-09-14,"3766 Lindsey Inlet Apt. 403
Port Ryan, AS 12490",PENDING,94
9937,Aaron Sanders,1994-10-14,"PSC 7708, Box 2599
APO AA 85813",PENDING,65
9938,Sean Kelly,1963-07-29,"435 Rachel Manors
Leeberg, CO 77872",PENDING,52
9939,Bailey Baker,1955-05-29,"519 Vazquez Fort
Mezachester, WI 72842",PENDING,27
9940,Christy Hensley,1997-12-19,"517 Tina Unions Suite 620
Coxton, GU 05667",PENDING,26
9941,Erin Potter,1991-09-08,"PSC 8569, Box 0147
APO AP 80646",PENDING,97
9942,Kaitlyn Bruce,1970-03-20,"USNS Rangel
FPO AA 41263",VERIFIED,76
9943,Jessica Little,1961-01-30,"3014 Scott Drive
North Renee, MO 86883",PENDING,36
9944,Cody Garcia,1982-09-05,"1545 Young Drives
Petersonchester, TX 53551",VERIFIED,6
9945,Mr. Kevin Johnson,1979-07-07,"12740 Brewer Mountains
East Johnfort, MT 29033",PENDING,63
9946,Eric Hobbs,1994-06-19,"71314 Jared Burgs Suite 027
Andrewborough, KY 41527",VERIFIED,18
9947,Ronald Roman,1961-11-25,"41634 Liu Park Apt. 668
Lake Christophermouth, WI 82536",PENDING,47
9948,Sarah Doyle,1984-03-29,"6704 Durham Turnpike
Christopherfurt, VI 76814",VERIFIED,6
9949,Jason Sims,1987-03-23,"Unit 2037 Box 2539
DPO AA 90326",VERIFIED,65
9950,Michelle Church,1952-08-07,"15818 Chelsea Curve
East Richardfurt, AZ 37226",VERIFIED,8
9951,Andrew Cook,1995-05-31,"186 Christopher Crossing Apt. 581
New Ashley, TX 08435",PENDING,6
9952,Kristin Doyle,1979-01-14,"9061 Doyle Stream Apt. 309
New Kristenmouth, OK 50204",PENDING,45
9953,Matthew Wheeler,1990-06-18,"PSC 2480, Box 8738
APO AA 28624",VERIFIED,28
9954,Robert Johnson,1958-07-11,"7400 Jonathan Meadows
Lake Erikaburgh, IL 96691",VERIFIED,9
9955,Kathryn Jackson,1955-10-27,"591 Lin Estates Suite 350
Ryanport, HI 51351",PENDING,61
9956,Judy Luna,1958-10-29,"9636 Walker Keys
Lake Donnaside, OR 13875",VERIFIED,66
9957,Joy Martin,1962-02-09,"PSC 9700, Box 1791
APO AP 70761",VERIFIED,79
9958,Nicholas Patton,1990-12-13,"75274 Dana Summit Apt. 841
Lake Jayborough, OR 12627",VERIFIED,86
9959,Eric Gonzalez,1960-07-29,"USNV Wells
FPO AP 08947",PENDING,13
9960,Anna Stone,1986-03-26,"223 Pacheco Highway Apt. 767
Amybury, AZ 73088",PENDING,93
9961,Jason Williams,1962-08-18,"Unit 3655 Box 8630
DPO AE 45144",VERIFIED,97
9962,Tonya Perry,1990-10-31,"7922 Stout Pass
New Bryan, CT 48054",VERIFIED,50
9963,William Jones,1972-12-27,"5409 Lawrence River
Robertfort, MP 13892",PENDING,92
9964,Dr. Matthew Steele,1951-08-28,"274 Parker Plaza
Huffburgh, OK 67376",PENDING,43
9965,Savannah Alexander,1954-01-01,"3381 Paul Islands
North Katieberg, MD 30870",VERIFIED,57
9966,Lee Newman PhD,1970-05-03,"6589 Emily Fields Apt. 684
New Alexandra, PW 70917",VERIFIED,40
9967,Lori Campbell,1960-05-02,"967 Davis Dale
Villaside, GU 62176",VERIFIED,37
9968,Eric Taylor,1990-12-25,"USS Alexander
FPO AA 57137",PENDING,19
9969,Curtis Rice,1973-11-12,"7784 Raymond Crossing Suite 774
North Patricia, ME 68960",VERIFIED,87
9970,Benjamin Johnson,1978-12-29,"Unit 7310 Box 7465
DPO AP 43726",PENDING,45
9971,Terry White,1971-07-19,"2548 Collins Drive Suite 693
Port Carlborough, NC 85944",PENDING,46
9972,Joshua Ruiz,1955-09-03,"80658 Lindsay Walk Apt. 507
Crystalfurt, MO 64506",VERIFIED,66
9973,Dakota Dixon,1954-02-09,"28627 Aaron Path
Ritahaven, MI 93982",VERIFIED,87
9974,Rebecca Romero,1963-12-18,"013 Benson Mall
Moralesville, MT 37179",PENDING,19
9975,Ronald Macias,1969-07-17,"140 Chan Creek
New Amyside, MP 13843",PENDING,31
9976,Jamie Haynes,1989-03-17,"652 Moyer Well
Hudsonland, RI 97485",PENDING,34
9977,Katherine Collins,1950-08-25,"2749 Drake Ranch
Elliottview, UT 62351",PENDING,83
9978,Morgan Brown,2002-11-06,"3886 Whitehead Hollow
Port Donnaborough, OK 68221",PENDING,36
9979,Bryan Hall,1974-07-24,"988 Shannon Island Suite 266
North John, IA 65319",PENDING,20
9980,Ryan Barrera,1954-02-04,"1124 Lisa Track
Leeside, NY 08034",VERIFIED,71
9981,Nicholas Green,1953-02-23,"294 Lawrence Villages Apt. 046
Port Heathermouth, MS 80228",PENDING,35
9982,Donald Young,1986-06-23,"1409 Kaufman Brook Apt. 556
Staceytown, AZ 80763",VERIFIED,79
9983,Amanda Espinoza,1979-03-06,"PSC 1207, Box 2372
APO AP 09164",PENDING,24
9984,Amber Carney,2007-04-22,"0885 Gould Ranch Apt. 292
West Charles, FM 94927",VERIFIED,67
9985,Denise Donaldson,1974-08-28,"435 Eric Meadow Suite 814
Maryburgh, MD 34290",PENDING,28
9986,Erin Ortiz,1986-04-07,"6587 Martinez Parkways
Phillipsshire, GU 77562",PENDING,8
9987,Glenn Scott,2002-07-24,"41296 Walter Fork Suite 250
Lake Jerryland, TN 06332",PENDING,63
9988,Matthew Miller,1998-12-05,"6685 Martin Park Suite 718
Heathermouth, WI 50729",VERIFIED,54
9989,Michelle Strong,2006-03-26,"5174 Flores Shoal
Davisville, CT 65972",PENDING,34
9990,William Lee,1952-10-17,"0466 Long Groves
Hooverberg, NH 41973",PENDING,39
9991,Chad Parker,1954-02-17,"612 Sheila Path Suite 955
Pollardtown, OK 82186",VERIFIED,89
9992,Donald Thomas,2006-04-10,"0965 Joshua Mews Suite 068
West Ambermouth, WV 28712",PENDING,63
9993,Cindy Hampton,1998-12-25,"913 Juan Fields Suite 067
Jenkinsmouth, CO 09149",PENDING,25
9994,Stephanie Doyle,1954-07-17,"319 Jeffrey Loop
Joshuaton, MS 40355",PENDING,88
9995,Michael Salinas,1969-07-07,"8828 Wilson Cliffs Apt. 407
New Alyssa, MA 57659",VERIFIED,99
9996,Eugene Williams,1975-01-01,"914 Powell Run Suite 740
North Katie, NV 06639",PENDING,73
9997,Mark Burns,2007-12-22,"5632 Sandra Squares
Lake Alejandro, NC 79673",PENDING,7
9998,Christopher Freeman,1987-11-27,"99394 Nicole Roads
Danielside, ME 54500",PENDING,63
9999,Nancy Johnston,1972-11-24,"6079 Camacho Street
Dennisfort, GA 99645",PENDING,36
10000,James Williams,1977-11-27,"95430 Malone Harbors Suite 652
Clarkview, GA 48493",VERIFIED,16
